2026/06/05 14:26:05 [33mUpdated Go version in go.mod to 1.25[0m
2026/06/05 14:26:05 Run go mod tidy
2026/06/05 14:26:05 Start fuzzing in mode GoCRHB
2026/06/05 14:26:05 Run fuzzing on all tests
2026/06/05 14:26:05 Found 104 test files
2026/06/05 14:26:05 Processing file: /home/advocate/Advocate/Experiments/Advocate/helper/aplas/output/oocLength/4/blocking/cockroach/10214/cockroach10214_test.go
2026/06/05 14:26:05 Fuzzing Run:  1
2026/06/05 14:26:05 Create  /home/advocate/Advocate/Experiments/Advocate/helper/aplas/output/oocLength/4/advocateResult/file(1)-test(1)-cockroach10214_test-TestCockroach10214
2026/06/05 14:26:05 Execute Test
2026/06/05 14:26:06 Text executed
2026/06/05 14:26:06 Run the analyzer for /home/advocate/Advocate/Experiments/Advocate/helper/aplas/output/oocLength/4/blocking/cockroach/10214/advocateTrace
2026/06/05 14:26:06 Read trace with 23 elements in 3 routines
2026/06/05 14:26:06 Start Analysis
2026/06/05 14:26:06 Finished HB analysis
2026/06/05 14:26:06 Analysis finished
2026/06/05 14:26:06 Start rewrite
2026/06/05 14:26:06 Finished Rewrite
2026/06/05 14:26:06 Number Results:  1
2026/06/05 14:26:06 Successfully rewrites:  0
2026/06/05 14:26:06 No need/not possible to rewrite:  1
2026/06/05 14:26:06 Failed rewrites:  0
2026/06/05 14:26:06 Start guided execution
2026/06/05 14:26:06 Found 0 rewritten traces
2026/06/05 14:26:06 Create bug reports
2026/06/05 14:26:06 [32mFound Possible Cyclic Deadlock.[0m
2026/06/05 14:26:06 Create statistics
2026/06/05 14:26:06 Finished run for TestCockroach10214
2026/06/05 14:26:06 Parse recorded trace for fuzzing information
2026/06/05 14:26:06 Create mutations
2026/06/05 14:26:06 Create GoPie mutations
2026/06/05 14:26:06 Mutate 24 scheduling chains
2026/06/05 14:26:06 Write 20 mutations to file
2026/06/05 14:26:06 Create statistics
2026/06/05 14:26:06 Current fuzzing queue size: 20
2026/06/05 14:26:06 Remaining fuzzing time: 9:58 min
2026/06/05 14:26:06 Fuzzing Run:  2
2026/06/05 14:26:06 Execute Test
2026/06/05 14:36:06 [35mRecording timed out[0m
2026/06/05 14:36:06 Text executed
2026/06/05 14:36:06 Run the analyzer for /home/advocate/Advocate/Experiments/Advocate/helper/aplas/output/oocLength/4/blocking/cockroach/10214/advocateTrace
2026/06/05 14:36:06 Read trace with 11 elements in 1 routines
2026/06/05 14:36:06 Start Analysis
2026/06/05 14:36:06 Finished HB analysis
2026/06/05 14:36:06 Analysis finished
2026/06/05 14:36:06 Finished Rewrite
2026/06/05 14:36:06 Number Results:  0
2026/06/05 14:36:06 Successfully rewrites:  0
2026/06/05 14:36:06 No need/not possible to rewrite:  0
2026/06/05 14:36:06 Failed rewrites:  0
2026/06/05 14:36:06 Start guided execution
2026/06/05 14:36:06 Found 0 rewritten traces
2026/06/05 14:36:06 Create bug reports
2026/06/05 14:36:06 Create statistics
2026/06/05 14:36:06 Finished run for TestCockroach10214
2026/06/05 14:36:06 Parse recorded trace for fuzzing information
2026/06/05 14:36:06 Create mutations
2026/06/05 14:36:06 Create GoPie mutations
2026/06/05 14:36:06 Mutate 0 scheduling chains
2026/06/05 14:36:06 Write 0 mutations to file
2026/06/05 14:36:06 Create statistics
2026/06/05 14:36:06 Current fuzzing queue size: 0
2026/06/05 14:36:06 Finish fuzzing because maximum runtime for fuzzing (10 min) has been reached
2026/06/05 14:36:06 Processing file: /home/advocate/Advocate/Experiments/Advocate/helper/aplas/output/oocLength/4/blocking/cockroach/1055/cockroach1055_test.go
2026/06/05 14:36:06 Fuzzing Run:  1
2026/06/05 14:36:06 Create  /home/advocate/Advocate/Experiments/Advocate/helper/aplas/output/oocLength/4/advocateResult/file(2)-test(1)-cockroach1055_test-TestCockroach1055
2026/06/05 14:36:06 Execute Test
2026/06/05 14:40:07 Text executed
2026/06/05 14:40:07 Run the analyzer for /home/advocate/Advocate/Experiments/Advocate/helper/aplas/output/oocLength/4/blocking/cockroach/1055/advocateTrace
2026/06/05 14:40:07 Read trace with 39 elements in 5 routines
2026/06/05 14:40:07 Start Analysis
2026/06/05 14:40:07 Finished HB analysis
2026/06/05 14:40:07 Analysis finished
2026/06/05 14:40:07 Start rewrite
2026/06/05 14:40:07 Finished Rewrite
2026/06/05 14:40:07 Number Results:  2
2026/06/05 14:40:07 Successfully rewrites:  0
2026/06/05 14:40:07 No need/not possible to rewrite:  2
2026/06/05 14:40:07 Failed rewrites:  0
2026/06/05 14:40:07 Start guided execution
2026/06/05 14:40:07 Found 0 rewritten traces
2026/06/05 14:40:07 Create bug reports
2026/06/05 14:40:07 [32mFound Timeout.[0m
2026/06/05 14:40:07 [32mFound Actual Non-Cyclic Blocking Bug.[0m
2026/06/05 14:40:07 Create statistics
2026/06/05 14:40:07 Finished run for TestCockroach1055
2026/06/05 14:40:07 Parse recorded trace for fuzzing information
2026/06/05 14:40:07 Create mutations
2026/06/05 14:40:07 Create GoPie mutations
2026/06/05 14:40:07 Mutate 24 scheduling chains
2026/06/05 14:40:07 Write 0 mutations to file
2026/06/05 14:40:07 Create statistics
2026/06/05 14:40:07 Current fuzzing queue size: 0
2026/06/05 14:40:07 Remaining fuzzing time: 5:58 min
2026/06/05 14:40:07 Finish fuzzing after 1 runs
2026/06/05 14:40:07 Processing file: /home/advocate/Advocate/Experiments/Advocate/helper/aplas/output/oocLength/4/blocking/cockroach/10790/cockroach10790_test.go
2026/06/05 14:40:07 Fuzzing Run:  1
2026/06/05 14:40:07 Create  /home/advocate/Advocate/Experiments/Advocate/helper/aplas/output/oocLength/4/advocateResult/file(3)-test(1)-cockroach10790_test-TestCockroach10790
2026/06/05 14:40:07 Execute Test
2026/06/05 14:40:08 Text executed
2026/06/05 14:40:08 Run the analyzer for /home/advocate/Advocate/Experiments/Advocate/helper/aplas/output/oocLength/4/blocking/cockroach/10790/advocateTrace
2026/06/05 14:40:08 Read trace with 22 elements in 6 routines
2026/06/05 14:40:08 Start Analysis
2026/06/05 14:40:08 Finished HB analysis
2026/06/05 14:40:08 Analysis finished
2026/06/05 14:40:08 Start rewrite
2026/06/05 14:40:08 Finished Rewrite
2026/06/05 14:40:08 Number Results:  1
2026/06/05 14:40:08 Successfully rewrites:  0
2026/06/05 14:40:08 No need/not possible to rewrite:  1
2026/06/05 14:40:08 Failed rewrites:  0
2026/06/05 14:40:08 Start guided execution
2026/06/05 14:40:08 Found 0 rewritten traces
2026/06/05 14:40:08 Create bug reports
2026/06/05 14:40:08 [31mline number out of range[0m
2026/06/05 14:40:08 [32mFound Actual Non-Cyclic Blocking Bug.[0m
2026/06/05 14:40:08 Create statistics
2026/06/05 14:40:08 Finished run for TestCockroach10790
2026/06/05 14:40:08 Parse recorded trace for fuzzing information
2026/06/05 14:40:08 Create mutations
2026/06/05 14:40:08 Create GoPie mutations
2026/06/05 14:40:08 Mutate 0 scheduling chains
2026/06/05 14:40:08 Write 1 special mutation to file
2026/06/05 14:40:08 Write 0 mutations to file
2026/06/05 14:40:08 Create statistics
2026/06/05 14:40:08 Current fuzzing queue size: 0
2026/06/05 14:40:08 Remaining fuzzing time: 9:58 min
2026/06/05 14:40:08 Finish fuzzing after 1 runs
2026/06/05 14:40:08 Processing file: /home/advocate/Advocate/Experiments/Advocate/helper/aplas/output/oocLength/4/blocking/cockroach/13197/cockroach13197_test.go
2026/06/05 14:40:08 Fuzzing Run:  1
2026/06/05 14:40:08 Create  /home/advocate/Advocate/Experiments/Advocate/helper/aplas/output/oocLength/4/advocateResult/file(4)-test(1)-cockroach13197_test-TestCockroach13197
2026/06/05 14:40:08 Execute Test
2026/06/05 14:40:10 Text executed
2026/06/05 14:40:10 Run the analyzer for /home/advocate/Advocate/Experiments/Advocate/helper/aplas/output/oocLength/4/blocking/cockroach/13197/advocateTrace
2026/06/05 14:40:10 Read trace with 6 elements in 2 routines
2026/06/05 14:40:10 Start Analysis
2026/06/05 14:40:10 Finished HB analysis
2026/06/05 14:40:10 Analysis finished
2026/06/05 14:40:10 Start rewrite
2026/06/05 14:40:10 Finished Rewrite
2026/06/05 14:40:10 Number Results:  1
2026/06/05 14:40:10 Successfully rewrites:  0
2026/06/05 14:40:10 No need/not possible to rewrite:  1
2026/06/05 14:40:10 Failed rewrites:  0
2026/06/05 14:40:10 Start guided execution
2026/06/05 14:40:10 Found 0 rewritten traces
2026/06/05 14:40:10 Create bug reports
2026/06/05 14:40:10 [31mline number out of range[0m
2026/06/05 14:40:10 [32mFound Actual Non-Cyclic Blocking Bug.[0m
2026/06/05 14:40:10 Create statistics
2026/06/05 14:40:10 Finished run for TestCockroach13197
2026/06/05 14:40:10 Parse recorded trace for fuzzing information
2026/06/05 14:40:10 Create mutations
2026/06/05 14:40:10 Create GoPie mutations
2026/06/05 14:40:10 Mutate 0 scheduling chains
2026/06/05 14:40:10 Write 0 mutations to file
2026/06/05 14:40:10 Create statistics
2026/06/05 14:40:10 Current fuzzing queue size: 0
2026/06/05 14:40:10 Remaining fuzzing time: 9:58 min
2026/06/05 14:40:10 Finish fuzzing after 1 runs
2026/06/05 14:40:10 Processing file: /home/advocate/Advocate/Experiments/Advocate/helper/aplas/output/oocLength/4/blocking/cockroach/13755/cockroach13755_test.go
2026/06/05 14:40:10 Fuzzing Run:  1
2026/06/05 14:40:10 Create  /home/advocate/Advocate/Experiments/Advocate/helper/aplas/output/oocLength/4/advocateResult/file(5)-test(1)-cockroach13755_test-TestCockroach13755
2026/06/05 14:40:10 Execute Test
2026/06/05 14:40:11 Text executed
2026/06/05 14:40:11 Run the analyzer for /home/advocate/Advocate/Experiments/Advocate/helper/aplas/output/oocLength/4/blocking/cockroach/13755/advocateTrace
2026/06/05 14:40:11 Read trace with 6 elements in 2 routines
2026/06/05 14:40:11 Start Analysis
2026/06/05 14:40:11 Finished HB analysis
2026/06/05 14:40:11 Analysis finished
2026/06/05 14:40:11 Start rewrite
2026/06/05 14:40:11 Finished Rewrite
2026/06/05 14:40:11 Number Results:  1
2026/06/05 14:40:11 Successfully rewrites:  0
2026/06/05 14:40:11 No need/not possible to rewrite:  1
2026/06/05 14:40:11 Failed rewrites:  0
2026/06/05 14:40:11 Start guided execution
2026/06/05 14:40:11 Found 0 rewritten traces
2026/06/05 14:40:11 Create bug reports
2026/06/05 14:40:11 [31mline number out of range[0m
2026/06/05 14:40:11 [32mFound Actual Non-Cyclic Blocking Bug.[0m
2026/06/05 14:40:11 Create statistics
2026/06/05 14:40:11 Finished run for TestCockroach13755
2026/06/05 14:40:11 Parse recorded trace for fuzzing information
2026/06/05 14:40:11 Create mutations
2026/06/05 14:40:11 Create GoPie mutations
2026/06/05 14:40:11 Mutate 0 scheduling chains
2026/06/05 14:40:11 Write 0 mutations to file
2026/06/05 14:40:11 Create statistics
2026/06/05 14:40:11 Current fuzzing queue size: 0
2026/06/05 14:40:11 Remaining fuzzing time: 9:58 min
2026/06/05 14:40:11 Finish fuzzing after 1 runs
2026/06/05 14:40:11 Processing file: /home/advocate/Advocate/Experiments/Advocate/helper/aplas/output/oocLength/4/blocking/cockroach/1462/cockroach1462_test.go
2026/06/05 14:40:11 Fuzzing Run:  1
2026/06/05 14:40:11 Create  /home/advocate/Advocate/Experiments/Advocate/helper/aplas/output/oocLength/4/advocateResult/file(6)-test(1)-cockroach1462_test-TestCockroach1462
2026/06/05 14:40:11 Execute Test
2026/06/05 14:40:12 Text executed
2026/06/05 14:40:12 Run the analyzer for /home/advocate/Advocate/Experiments/Advocate/helper/aplas/output/oocLength/4/blocking/cockroach/1462/advocateTrace
2026/06/05 14:40:12 Read trace with 21 elements in 3 routines
2026/06/05 14:40:12 Start Analysis
2026/06/05 14:40:12 Finished HB analysis
2026/06/05 14:40:12 Analysis finished
2026/06/05 14:40:12 Start rewrite
2026/06/05 14:40:12 Finished Rewrite
2026/06/05 14:40:12 Number Results:  1
2026/06/05 14:40:12 Successfully rewrites:  0
2026/06/05 14:40:12 No need/not possible to rewrite:  1
2026/06/05 14:40:12 Failed rewrites:  0
2026/06/05 14:40:12 Start guided execution
2026/06/05 14:40:12 Found 0 rewritten traces
2026/06/05 14:40:12 Create bug reports
2026/06/05 14:40:12 [31mline number out of range[0m
2026/06/05 14:40:12 [32mFound Actual Non-Cyclic Blocking Bug.[0m
2026/06/05 14:40:12 Create statistics
2026/06/05 14:40:12 Finished run for TestCockroach1462
2026/06/05 14:40:12 Parse recorded trace for fuzzing information
2026/06/05 14:40:12 Create mutations
2026/06/05 14:40:12 Create GoPie mutations
2026/06/05 14:40:12 Mutate 24 scheduling chains
2026/06/05 14:40:12 Write 0 mutations to file
2026/06/05 14:40:12 Create statistics
2026/06/05 14:40:12 Current fuzzing queue size: 0
2026/06/05 14:40:12 Remaining fuzzing time: 9:58 min
2026/06/05 14:40:12 Finish fuzzing after 1 runs
2026/06/05 14:40:12 Processing file: /home/advocate/Advocate/Experiments/Advocate/helper/aplas/output/oocLength/4/blocking/cockroach/16167/cockroach16167_test.go
2026/06/05 14:40:12 Fuzzing Run:  1
2026/06/05 14:40:12 Create  /home/advocate/Advocate/Experiments/Advocate/helper/aplas/output/oocLength/4/advocateResult/file(7)-test(1)-cockroach16167_test-TestCockroach16167
2026/06/05 14:40:12 Execute Test
2026/06/05 14:40:13 Text executed
2026/06/05 14:40:13 Run the analyzer for /home/advocate/Advocate/Experiments/Advocate/helper/aplas/output/oocLength/4/blocking/cockroach/16167/advocateTrace
2026/06/05 14:40:13 Read trace with 7 elements in 2 routines
2026/06/05 14:40:13 Start Analysis
2026/06/05 14:40:13 Finished HB analysis
2026/06/05 14:40:13 Analysis finished
2026/06/05 14:40:13 Start rewrite
2026/06/05 14:40:13 Finished Rewrite
2026/06/05 14:40:13 Number Results:  1
2026/06/05 14:40:13 Successfully rewrites:  0
2026/06/05 14:40:13 No need/not possible to rewrite:  1
2026/06/05 14:40:13 Failed rewrites:  0
2026/06/05 14:40:13 Start guided execution
2026/06/05 14:40:13 Found 0 rewritten traces
2026/06/05 14:40:13 Create bug reports
2026/06/05 14:40:13 [31mline number out of range[0m
2026/06/05 14:40:13 Create statistics
2026/06/05 14:40:13 Finished run for TestCockroach16167
2026/06/05 14:40:13 Parse recorded trace for fuzzing information
2026/06/05 14:40:13 Create mutations
2026/06/05 14:40:13 Create GoPie mutations
2026/06/05 14:40:13 Mutate 24 scheduling chains
2026/06/05 14:40:13 Write 0 mutations to file
2026/06/05 14:40:13 Create statistics
2026/06/05 14:40:13 Current fuzzing queue size: 0
2026/06/05 14:40:13 Remaining fuzzing time: 9:58 min
2026/06/05 14:40:13 Finish fuzzing after 1 runs
2026/06/05 14:40:13 Processing file: /home/advocate/Advocate/Experiments/Advocate/helper/aplas/output/oocLength/4/blocking/cockroach/18101/cockroach18101_test.go
2026/06/05 14:40:13 Fuzzing Run:  1
2026/06/05 14:40:13 Create  /home/advocate/Advocate/Experiments/Advocate/helper/aplas/output/oocLength/4/advocateResult/file(8)-test(1)-cockroach18101_test-TestCockroach18101
2026/06/05 14:40:13 Execute Test
2026/06/05 14:40:14 Text executed
2026/06/05 14:40:14 Run the analyzer for /home/advocate/Advocate/Experiments/Advocate/helper/aplas/output/oocLength/4/blocking/cockroach/18101/advocateTrace
2026/06/05 14:40:14 Read trace with 19 elements in 4 routines
2026/06/05 14:40:14 Start Analysis
2026/06/05 14:40:14 Finished HB analysis
2026/06/05 14:40:14 Analysis finished
2026/06/05 14:40:14 Start rewrite
2026/06/05 14:40:14 Finished Rewrite
2026/06/05 14:40:14 Number Results:  1
2026/06/05 14:40:14 Successfully rewrites:  0
2026/06/05 14:40:14 No need/not possible to rewrite:  1
2026/06/05 14:40:14 Failed rewrites:  0
2026/06/05 14:40:14 Start guided execution
2026/06/05 14:40:14 Found 0 rewritten traces
2026/06/05 14:40:14 Create bug reports
2026/06/05 14:40:14 [31mline number out of range[0m
2026/06/05 14:40:14 [32mFound Actual Non-Cyclic Blocking Bug.[0m
2026/06/05 14:40:14 Create statistics
2026/06/05 14:40:14 Finished run for TestCockroach18101
2026/06/05 14:40:14 Parse recorded trace for fuzzing information
2026/06/05 14:40:14 Create mutations
2026/06/05 14:40:14 Create GoPie mutations
2026/06/05 14:40:14 Mutate 24 scheduling chains
2026/06/05 14:40:14 Write 0 mutations to file
2026/06/05 14:40:14 Create statistics
2026/06/05 14:40:14 Current fuzzing queue size: 0
2026/06/05 14:40:14 Remaining fuzzing time: 9:58 min
2026/06/05 14:40:14 Finish fuzzing after 1 runs
2026/06/05 14:40:14 Processing file: /home/advocate/Advocate/Experiments/Advocate/helper/aplas/output/oocLength/4/blocking/cockroach/2448/cockroach2448_test.go
2026/06/05 14:40:14 Fuzzing Run:  1
2026/06/05 14:40:14 Create  /home/advocate/Advocate/Experiments/Advocate/helper/aplas/output/oocLength/4/advocateResult/file(9)-test(1)-cockroach2448_test-TestCockroach2448
2026/06/05 14:40:14 Execute Test
2026/06/05 14:40:15 Text executed
2026/06/05 14:40:15 Run the analyzer for /home/advocate/Advocate/Experiments/Advocate/helper/aplas/output/oocLength/4/blocking/cockroach/2448/advocateTrace
2026/06/05 14:40:15 Read trace with 17 elements in 3 routines
2026/06/05 14:40:15 Start Analysis
2026/06/05 14:40:15 Finished HB analysis
2026/06/05 14:40:15 Analysis finished
2026/06/05 14:40:15 Start rewrite
2026/06/05 14:40:15 Finished Rewrite
2026/06/05 14:40:15 Number Results:  2
2026/06/05 14:40:15 Successfully rewrites:  0
2026/06/05 14:40:15 No need/not possible to rewrite:  2
2026/06/05 14:40:15 Failed rewrites:  0
2026/06/05 14:40:15 Start guided execution
2026/06/05 14:40:15 Found 0 rewritten traces
2026/06/05 14:40:15 Create bug reports
2026/06/05 14:40:15 [31mline number out of range[0m
2026/06/05 14:40:15 [32mFound Actual Non-Cyclic Blocking Bug.[0m
2026/06/05 14:40:15 [32mFound Actual Cyclic Deadlock.[0m
2026/06/05 14:40:15 Create statistics
2026/06/05 14:40:15 Finished run for TestCockroach2448
2026/06/05 14:40:15 Parse recorded trace for fuzzing information
2026/06/05 14:40:15 Create mutations
2026/06/05 14:40:15 Create GoPie mutations
2026/06/05 14:40:15 Mutate 0 scheduling chains
2026/06/05 14:40:15 Write 0 mutations to file
2026/06/05 14:40:15 Create statistics
2026/06/05 14:40:15 Current fuzzing queue size: 0
2026/06/05 14:40:15 Remaining fuzzing time: 9:58 min
2026/06/05 14:40:15 Finish fuzzing after 1 runs
2026/06/05 14:40:15 Processing file: /home/advocate/Advocate/Experiments/Advocate/helper/aplas/output/oocLength/4/blocking/cockroach/24808/cockroach24808_test.go
2026/06/05 14:40:15 Fuzzing Run:  1
2026/06/05 14:40:15 Create  /home/advocate/Advocate/Experiments/Advocate/helper/aplas/output/oocLength/4/advocateResult/file(10)-test(1)-cockroach24808_test-TestCockroach24808
2026/06/05 14:40:15 Execute Test
2026/06/05 14:44:16 Text executed
2026/06/05 14:44:16 Run the analyzer for /home/advocate/Advocate/Experiments/Advocate/helper/aplas/output/oocLength/4/blocking/cockroach/24808/advocateTrace
2026/06/05 14:44:16 Read trace with 4 elements in 1 routines
2026/06/05 14:44:16 Start Analysis
2026/06/05 14:44:16 Finished HB analysis
2026/06/05 14:44:16 Analysis finished
2026/06/05 14:44:16 Start rewrite
2026/06/05 14:44:16 Finished Rewrite
2026/06/05 14:44:16 Number Results:  3
2026/06/05 14:44:16 Successfully rewrites:  0
2026/06/05 14:44:16 No need/not possible to rewrite:  3
2026/06/05 14:44:16 Failed rewrites:  0
2026/06/05 14:44:16 Start guided execution
2026/06/05 14:44:16 Found 0 rewritten traces
2026/06/05 14:44:16 Create bug reports
2026/06/05 14:44:16 [31mline number out of range[0m
2026/06/05 14:44:16 [32mFound Actual Non-Cyclic Blocking Bug.[0m
2026/06/05 14:44:16 [32mFound Actual Cyclic Deadlock.[0m
2026/06/05 14:44:16 Create statistics
2026/06/05 14:44:16 Finished run for TestCockroach24808
2026/06/05 14:44:16 Parse recorded trace for fuzzing information
2026/06/05 14:44:16 Create mutations
2026/06/05 14:44:16 Create GoPie mutations
2026/06/05 14:44:16 Mutate 0 scheduling chains
2026/06/05 14:44:16 Write 0 mutations to file
2026/06/05 14:44:16 Create statistics
2026/06/05 14:44:16 Current fuzzing queue size: 0
2026/06/05 14:44:16 Remaining fuzzing time: 5:58 min
2026/06/05 14:44:16 Finish fuzzing after 1 runs
2026/06/05 14:44:16 Processing file: /home/advocate/Advocate/Experiments/Advocate/helper/aplas/output/oocLength/4/blocking/cockroach/25456/cockroach25456_test.go
2026/06/05 14:44:16 Fuzzing Run:  1
2026/06/05 14:44:16 Create  /home/advocate/Advocate/Experiments/Advocate/helper/aplas/output/oocLength/4/advocateResult/file(11)-test(1)-cockroach25456_test-TestCockroach25456
2026/06/05 14:44:16 Execute Test
2026/06/05 14:48:18 Text executed
2026/06/05 14:48:18 Run the analyzer for /home/advocate/Advocate/Experiments/Advocate/helper/aplas/output/oocLength/4/blocking/cockroach/25456/advocateTrace
2026/06/05 14:48:18 Read trace with 2 elements in 1 routines
2026/06/05 14:48:18 Start Analysis
2026/06/05 14:48:18 Finished HB analysis
2026/06/05 14:48:18 Analysis finished
2026/06/05 14:48:18 Start rewrite
2026/06/05 14:48:18 Finished Rewrite
2026/06/05 14:48:18 Number Results:  3
2026/06/05 14:48:18 Successfully rewrites:  0
2026/06/05 14:48:18 No need/not possible to rewrite:  3
2026/06/05 14:48:18 Failed rewrites:  0
2026/06/05 14:48:18 Start guided execution
2026/06/05 14:48:18 Found 0 rewritten traces
2026/06/05 14:48:18 Create bug reports
2026/06/05 14:48:18 [31mline number out of range[0m
2026/06/05 14:48:18 [32mFound Actual Non-Cyclic Blocking Bug.[0m
2026/06/05 14:48:18 Create statistics
2026/06/05 14:48:18 Finished run for TestCockroach25456
2026/06/05 14:48:18 Parse recorded trace for fuzzing information
2026/06/05 14:48:18 Create mutations
2026/06/05 14:48:18 Create GoPie mutations
2026/06/05 14:48:18 Mutate 0 scheduling chains
2026/06/05 14:48:18 Write 0 mutations to file
2026/06/05 14:48:18 Create statistics
2026/06/05 14:48:18 Current fuzzing queue size: 0
2026/06/05 14:48:18 Remaining fuzzing time: 5:58 min
2026/06/05 14:48:18 Finish fuzzing after 1 runs
2026/06/05 14:48:18 Processing file: /home/advocate/Advocate/Experiments/Advocate/helper/aplas/output/oocLength/4/blocking/cockroach/35073/cockroach35073_test.go
2026/06/05 14:48:18 Fuzzing Run:  1
2026/06/05 14:48:18 Create  /home/advocate/Advocate/Experiments/Advocate/helper/aplas/output/oocLength/4/advocateResult/file(12)-test(1)-cockroach35073_test-TestCockroach35073
2026/06/05 14:48:18 Execute Test
2026/06/05 14:52:19 Text executed
2026/06/05 14:52:19 Run the analyzer for /home/advocate/Advocate/Experiments/Advocate/helper/aplas/output/oocLength/4/blocking/cockroach/35073/advocateTrace
2026/06/05 14:52:19 Read trace with 44 elements in 3 routines
2026/06/05 14:52:19 Start Analysis
2026/06/05 14:52:19 Finished HB analysis
2026/06/05 14:52:19 Analysis finished
2026/06/05 14:52:19 Start rewrite
2026/06/05 14:52:19 Finished Rewrite
2026/06/05 14:52:19 Number Results:  3
2026/06/05 14:52:19 Successfully rewrites:  0
2026/06/05 14:52:19 No need/not possible to rewrite:  3
2026/06/05 14:52:19 Failed rewrites:  0
2026/06/05 14:52:19 Start guided execution
2026/06/05 14:52:19 Found 0 rewritten traces
2026/06/05 14:52:19 Create bug reports
2026/06/05 14:52:19 [31mline number out of range[0m
2026/06/05 14:52:19 [32mFound Actual Non-Cyclic Blocking Bug.[0m
2026/06/05 14:52:19 [32mFound Actual Cyclic Deadlock.[0m
2026/06/05 14:52:19 Create statistics
2026/06/05 14:52:19 Finished run for TestCockroach35073
2026/06/05 14:52:19 Parse recorded trace for fuzzing information
2026/06/05 14:52:19 Create mutations
2026/06/05 14:52:19 Create GoPie mutations
2026/06/05 14:52:19 Mutate 24 scheduling chains
2026/06/05 14:52:19 Write 0 mutations to file
2026/06/05 14:52:19 Create statistics
2026/06/05 14:52:19 Current fuzzing queue size: 0
2026/06/05 14:52:19 Remaining fuzzing time: 5:58 min
2026/06/05 14:52:19 Finish fuzzing after 1 runs
2026/06/05 14:52:19 Processing file: /home/advocate/Advocate/Experiments/Advocate/helper/aplas/output/oocLength/4/blocking/cockroach/35931/cockroach35931_test.go
2026/06/05 14:52:19 Fuzzing Run:  1
2026/06/05 14:52:19 Create  /home/advocate/Advocate/Experiments/Advocate/helper/aplas/output/oocLength/4/advocateResult/file(13)-test(1)-cockroach35931_test-TestCockroach35931
2026/06/05 14:52:19 Execute Test
2026/06/05 14:56:20 Text executed
2026/06/05 14:56:20 Run the analyzer for /home/advocate/Advocate/Experiments/Advocate/helper/aplas/output/oocLength/4/blocking/cockroach/35931/advocateTrace
2026/06/05 14:56:20 Read trace with 6 elements in 1 routines
2026/06/05 14:56:20 Start Analysis
2026/06/05 14:56:20 Finished HB analysis
2026/06/05 14:56:20 Analysis finished
2026/06/05 14:56:20 Start rewrite
2026/06/05 14:56:20 Finished Rewrite
2026/06/05 14:56:20 Number Results:  3
2026/06/05 14:56:20 Successfully rewrites:  0
2026/06/05 14:56:20 No need/not possible to rewrite:  3
2026/06/05 14:56:20 Failed rewrites:  0
2026/06/05 14:56:20 Start guided execution
2026/06/05 14:56:20 Found 0 rewritten traces
2026/06/05 14:56:20 Create bug reports
2026/06/05 14:56:20 [31mline number out of range[0m
2026/06/05 14:56:20 [32mFound Actual Non-Cyclic Blocking Bug.[0m
2026/06/05 14:56:20 [32mFound Actual Cyclic Deadlock.[0m
2026/06/05 14:56:20 Create statistics
2026/06/05 14:56:20 Finished run for TestCockroach35931
2026/06/05 14:56:20 Parse recorded trace for fuzzing information
2026/06/05 14:56:20 Create mutations
2026/06/05 14:56:20 Create GoPie mutations
2026/06/05 14:56:20 Mutate 0 scheduling chains
2026/06/05 14:56:20 Write 0 mutations to file
2026/06/05 14:56:20 Create statistics
2026/06/05 14:56:20 Current fuzzing queue size: 0
2026/06/05 14:56:20 Remaining fuzzing time: 5:58 min
2026/06/05 14:56:20 Finish fuzzing after 1 runs
2026/06/05 14:56:20 Processing file: /home/advocate/Advocate/Experiments/Advocate/helper/aplas/output/oocLength/4/blocking/cockroach/3710/cockroach3710_test.go
2026/06/05 14:56:20 Fuzzing Run:  1
2026/06/05 14:56:20 Create  /home/advocate/Advocate/Experiments/Advocate/helper/aplas/output/oocLength/4/advocateResult/file(14)-test(1)-cockroach3710_test-TestCockroach3710
2026/06/05 14:56:20 Execute Test
2026/06/05 14:56:21 Text executed
2026/06/05 14:56:21 Run the analyzer for /home/advocate/Advocate/Experiments/Advocate/helper/aplas/output/oocLength/4/blocking/cockroach/3710/advocateTrace
2026/06/05 14:56:21 Read trace with 19 elements in 4 routines
2026/06/05 14:56:21 Start Analysis
2026/06/05 14:56:21 Finished HB analysis
2026/06/05 14:56:21 Analysis finished
2026/06/05 14:56:21 Start rewrite
2026/06/05 14:56:21 Finished Rewrite
2026/06/05 14:56:21 Number Results:  2
2026/06/05 14:56:21 Successfully rewrites:  0
2026/06/05 14:56:21 No need/not possible to rewrite:  2
2026/06/05 14:56:21 Failed rewrites:  0
2026/06/05 14:56:21 Start guided execution
2026/06/05 14:56:21 Found 0 rewritten traces
2026/06/05 14:56:21 Create bug reports
2026/06/05 14:56:21 [31mline number out of range[0m
2026/06/05 14:56:21 [32mFound Actual Non-Cyclic Blocking Bug.[0m
2026/06/05 14:56:21 Create statistics
2026/06/05 14:56:21 Finished run for TestCockroach3710
2026/06/05 14:56:21 Parse recorded trace for fuzzing information
2026/06/05 14:56:21 Create mutations
2026/06/05 14:56:21 Create GoPie mutations
2026/06/05 14:56:21 Mutate 24 scheduling chains
2026/06/05 14:56:21 Write 0 mutations to file
2026/06/05 14:56:21 Create statistics
2026/06/05 14:56:21 Current fuzzing queue size: 0
2026/06/05 14:56:21 Remaining fuzzing time: 9:58 min
2026/06/05 14:56:21 Finish fuzzing after 1 runs
2026/06/05 14:56:21 Processing file: /home/advocate/Advocate/Experiments/Advocate/helper/aplas/output/oocLength/4/blocking/cockroach/584/cockroach584_test.go
2026/06/05 14:56:21 Fuzzing Run:  1
2026/06/05 14:56:21 Create  /home/advocate/Advocate/Experiments/Advocate/helper/aplas/output/oocLength/4/advocateResult/file(15)-test(1)-cockroach584_test-TestCockroach584
2026/06/05 14:56:21 Execute Test
2026/06/05 14:56:22 Text executed
2026/06/05 14:56:22 Run the analyzer for /home/advocate/Advocate/Experiments/Advocate/helper/aplas/output/oocLength/4/blocking/cockroach/584/advocateTrace
2026/06/05 14:56:22 Read trace with 4 elements in 2 routines
2026/06/05 14:56:22 Start Analysis
2026/06/05 14:56:22 Finished HB analysis
2026/06/05 14:56:22 Analysis finished
2026/06/05 14:56:22 Start rewrite
2026/06/05 14:56:22 Finished Rewrite
2026/06/05 14:56:22 Number Results:  2
2026/06/05 14:56:22 Successfully rewrites:  0
2026/06/05 14:56:22 No need/not possible to rewrite:  2
2026/06/05 14:56:22 Failed rewrites:  0
2026/06/05 14:56:22 Start guided execution
2026/06/05 14:56:22 Found 0 rewritten traces
2026/06/05 14:56:22 Create bug reports
2026/06/05 14:56:22 [31mline number out of range[0m
2026/06/05 14:56:22 [32mFound Actual Non-Cyclic Blocking Bug.[0m
2026/06/05 14:56:22 Create statistics
2026/06/05 14:56:22 Finished run for TestCockroach584
2026/06/05 14:56:22 Parse recorded trace for fuzzing information
2026/06/05 14:56:22 Create mutations
2026/06/05 14:56:22 Create GoPie mutations
2026/06/05 14:56:22 Mutate 0 scheduling chains
2026/06/05 14:56:22 Write 0 mutations to file
2026/06/05 14:56:22 Create statistics
2026/06/05 14:56:22 Current fuzzing queue size: 0
2026/06/05 14:56:22 Remaining fuzzing time: 9:58 min
2026/06/05 14:56:22 Finish fuzzing after 1 runs
2026/06/05 14:56:22 Processing file: /home/advocate/Advocate/Experiments/Advocate/helper/aplas/output/oocLength/4/blocking/cockroach/6181/cockroach6181_test.go
2026/06/05 14:56:22 Fuzzing Run:  1
2026/06/05 14:56:22 Create  /home/advocate/Advocate/Experiments/Advocate/helper/aplas/output/oocLength/4/advocateResult/file(16)-test(1)-cockroach6181_test-TestCockroach6181
2026/06/05 14:56:22 Execute Test
2026/06/05 14:56:23 Text executed
2026/06/05 14:56:23 Run the analyzer for /home/advocate/Advocate/Experiments/Advocate/helper/aplas/output/oocLength/4/blocking/cockroach/6181/advocateTrace
2026/06/05 14:56:23 Read trace with 17 elements in 5 routines
2026/06/05 14:56:23 Start Analysis
2026/06/05 14:56:23 Finished HB analysis
2026/06/05 14:56:23 Analysis finished
2026/06/05 14:56:23 Start rewrite
2026/06/05 14:56:23 Finished Rewrite
2026/06/05 14:56:23 Number Results:  4
2026/06/05 14:56:23 Successfully rewrites:  0
2026/06/05 14:56:23 No need/not possible to rewrite:  4
2026/06/05 14:56:23 Failed rewrites:  0
2026/06/05 14:56:23 Start guided execution
2026/06/05 14:56:23 Found 0 rewritten traces
2026/06/05 14:56:23 Create bug reports
2026/06/05 14:56:23 [31mline number out of range[0m
2026/06/05 14:56:23 [32mFound Actual Non-Cyclic Blocking Bug.[0m
2026/06/05 14:56:23 [32mFound Actual Cyclic Deadlock.[0m
2026/06/05 14:56:23 [32mFound Leak on Sync.WaitGroup.[0m
2026/06/05 14:56:23 [32mFound Leak on Sync.Mutex.[0m
2026/06/05 14:56:23 Create statistics
2026/06/05 14:56:23 Finished run for TestCockroach6181
2026/06/05 14:56:23 Parse recorded trace for fuzzing information
2026/06/05 14:56:23 Create mutations
2026/06/05 14:56:23 Create GoPie mutations
2026/06/05 14:56:23 Mutate 24 scheduling chains
2026/06/05 14:56:23 Write 0 mutations to file
2026/06/05 14:56:23 Create statistics
2026/06/05 14:56:23 Current fuzzing queue size: 0
2026/06/05 14:56:23 Remaining fuzzing time: 9:58 min
2026/06/05 14:56:23 Finish fuzzing after 1 runs
2026/06/05 14:56:23 Processing file: /home/advocate/Advocate/Experiments/Advocate/helper/aplas/output/oocLength/4/blocking/cockroach/7504/cockroach7504_test.go
2026/06/05 14:56:23 Fuzzing Run:  1
2026/06/05 14:56:23 Create  /home/advocate/Advocate/Experiments/Advocate/helper/aplas/output/oocLength/4/advocateResult/file(17)-test(1)-cockroach7504_test-TestCockroach7504
2026/06/05 14:56:23 Execute Test
2026/06/05 14:56:25 Text executed
2026/06/05 14:56:25 Run the analyzer for /home/advocate/Advocate/Experiments/Advocate/helper/aplas/output/oocLength/4/blocking/cockroach/7504/advocateTrace
2026/06/05 14:56:25 Read trace with 17 elements in 3 routines
2026/06/05 14:56:25 Start Analysis
2026/06/05 14:56:25 Finished HB analysis
2026/06/05 14:56:25 Analysis finished
2026/06/05 14:56:25 Start rewrite
2026/06/05 14:56:25 Finished Rewrite
2026/06/05 14:56:25 Number Results:  4
2026/06/05 14:56:25 Successfully rewrites:  0
2026/06/05 14:56:25 No need/not possible to rewrite:  4
2026/06/05 14:56:25 Failed rewrites:  0
2026/06/05 14:56:25 Start guided execution
2026/06/05 14:56:25 Found 0 rewritten traces
2026/06/05 14:56:25 Create bug reports
2026/06/05 14:56:25 [31mline number out of range[0m
2026/06/05 14:56:25 [32mFound Actual Cyclic Deadlock.[0m
2026/06/05 14:56:25 [32mFound Leak on Sync.Mutex.[0m
2026/06/05 14:56:25 [32mFound Leak on Sync.WaitGroup.[0m
2026/06/05 14:56:25 Create statistics
2026/06/05 14:56:25 Finished run for TestCockroach7504
2026/06/05 14:56:25 Parse recorded trace for fuzzing information
2026/06/05 14:56:25 Create mutations
2026/06/05 14:56:25 Create GoPie mutations
2026/06/05 14:56:25 Mutate 24 scheduling chains
2026/06/05 14:56:25 Write 0 mutations to file
2026/06/05 14:56:25 Create statistics
2026/06/05 14:56:25 Current fuzzing queue size: 0
2026/06/05 14:56:25 Remaining fuzzing time: 9:58 min
2026/06/05 14:56:25 Finish fuzzing after 1 runs
2026/06/05 14:56:25 Processing file: /home/advocate/Advocate/Experiments/Advocate/helper/aplas/output/oocLength/4/blocking/cockroach/9935/cockroach9935_test.go
2026/06/05 14:56:25 Fuzzing Run:  1
2026/06/05 14:56:25 Create  /home/advocate/Advocate/Experiments/Advocate/helper/aplas/output/oocLength/4/advocateResult/file(18)-test(1)-cockroach9935_test-TestCockroach9935
2026/06/05 14:56:25 Execute Test
2026/06/05 14:56:26 Text executed
2026/06/05 14:56:26 Run the analyzer for /home/advocate/Advocate/Experiments/Advocate/helper/aplas/output/oocLength/4/blocking/cockroach/9935/advocateTrace
2026/06/05 14:56:26 Read trace with 4 elements in 2 routines
2026/06/05 14:56:26 Start Analysis
2026/06/05 14:56:26 Finished HB analysis
2026/06/05 14:56:26 Analysis finished
2026/06/05 14:56:26 Start rewrite
2026/06/05 14:56:26 Finished Rewrite
2026/06/05 14:56:26 Number Results:  3
2026/06/05 14:56:26 Successfully rewrites:  0
2026/06/05 14:56:26 No need/not possible to rewrite:  3
2026/06/05 14:56:26 Failed rewrites:  0
2026/06/05 14:56:26 Start guided execution
2026/06/05 14:56:26 Found 0 rewritten traces
2026/06/05 14:56:26 Create bug reports
2026/06/05 14:56:26 [31mline number out of range[0m
2026/06/05 14:56:26 [32mFound Actual Non-Cyclic Blocking Bug.[0m
2026/06/05 14:56:26 Create statistics
2026/06/05 14:56:26 Finished run for TestCockroach9935
2026/06/05 14:56:26 Parse recorded trace for fuzzing information
2026/06/05 14:56:26 Create mutations
2026/06/05 14:56:26 Create GoPie mutations
2026/06/05 14:56:26 Mutate 0 scheduling chains
2026/06/05 14:56:26 Write 0 mutations to file
2026/06/05 14:56:26 Create statistics
2026/06/05 14:56:26 Current fuzzing queue size: 0
2026/06/05 14:56:26 Remaining fuzzing time: 9:58 min
2026/06/05 14:56:26 Finish fuzzing after 1 runs
2026/06/05 14:56:26 Processing file: /home/advocate/Advocate/Experiments/Advocate/helper/aplas/output/oocLength/4/blocking/etcd/10492/etcd10492_test.go
2026/06/05 14:56:26 Fuzzing Run:  1
2026/06/05 14:56:26 Create  /home/advocate/Advocate/Experiments/Advocate/helper/aplas/output/oocLength/4/advocateResult/file(19)-test(1)-etcd10492_test-TestEtcd10492
2026/06/05 14:56:26 Execute Test
2026/06/05 15:00:27 Text executed
2026/06/05 15:00:27 Run the analyzer for /home/advocate/Advocate/Experiments/Advocate/helper/aplas/output/oocLength/4/blocking/etcd/10492/advocateTrace
2026/06/05 15:00:27 Read trace with 6 elements in 1 routines
2026/06/05 15:00:27 Start Analysis
2026/06/05 15:00:27 Finished HB analysis
2026/06/05 15:00:27 Analysis finished
2026/06/05 15:00:27 Start rewrite
2026/06/05 15:00:27 Finished Rewrite
2026/06/05 15:00:27 Number Results:  5
2026/06/05 15:00:27 Successfully rewrites:  0
2026/06/05 15:00:27 No need/not possible to rewrite:  5
2026/06/05 15:00:27 Failed rewrites:  0
2026/06/05 15:00:27 Start guided execution
2026/06/05 15:00:27 Found 0 rewritten traces
2026/06/05 15:00:27 Create bug reports
2026/06/05 15:00:27 [31mline number out of range[0m
2026/06/05 15:00:27 [32mFound Actual Non-Cyclic Blocking Bug.[0m
2026/06/05 15:00:27 [32mFound Leak on Sync.Mutex.[0m
2026/06/05 15:00:27 Create statistics
2026/06/05 15:00:27 Finished run for TestEtcd10492
2026/06/05 15:00:27 Parse recorded trace for fuzzing information
2026/06/05 15:00:27 Create mutations
2026/06/05 15:00:27 Create GoPie mutations
2026/06/05 15:00:27 Mutate 0 scheduling chains
2026/06/05 15:00:27 Write 0 mutations to file
2026/06/05 15:00:27 Create statistics
2026/06/05 15:00:27 Current fuzzing queue size: 0
2026/06/05 15:00:27 Remaining fuzzing time: 5:58 min
2026/06/05 15:00:27 Finish fuzzing after 1 runs
2026/06/05 15:00:27 Processing file: /home/advocate/Advocate/Experiments/Advocate/helper/aplas/output/oocLength/4/blocking/etcd/5509/etcd5509_test.go
2026/06/05 15:00:27 Fuzzing Run:  1
2026/06/05 15:00:27 Create  /home/advocate/Advocate/Experiments/Advocate/helper/aplas/output/oocLength/4/advocateResult/file(20)-test(1)-etcd5509_test-TestEtcd5509
2026/06/05 15:00:27 Execute Test
2026/06/05 15:00:28 Text executed
2026/06/05 15:00:28 Run the analyzer for /home/advocate/Advocate/Experiments/Advocate/helper/aplas/output/oocLength/4/blocking/etcd/5509/advocateTrace
2026/06/05 15:00:28 Read trace with 15 elements in 2 routines
2026/06/05 15:00:28 Start Analysis
2026/06/05 15:00:28 Finished HB analysis
2026/06/05 15:00:28 Analysis finished
2026/06/05 15:00:28 Start rewrite
2026/06/05 15:00:28 Finished Rewrite
2026/06/05 15:00:28 Number Results:  5
2026/06/05 15:00:28 Successfully rewrites:  0
2026/06/05 15:00:28 No need/not possible to rewrite:  5
2026/06/05 15:00:28 Failed rewrites:  0
2026/06/05 15:00:28 Start guided execution
2026/06/05 15:00:28 Found 0 rewritten traces
2026/06/05 15:00:28 Create bug reports
2026/06/05 15:00:28 [32mFound Possible Mixed Deadlock.[0m
2026/06/05 15:00:28 [31mline number out of range[0m
2026/06/05 15:00:28 [32mFound Leak on Sync.Mutex.[0m
2026/06/05 15:00:28 Create statistics
2026/06/05 15:00:28 Finished run for TestEtcd5509
2026/06/05 15:00:28 Parse recorded trace for fuzzing information
2026/06/05 15:00:28 Create mutations
2026/06/05 15:00:28 Create GoPie mutations
2026/06/05 15:00:28 Mutate 24 scheduling chains
2026/06/05 15:00:28 Write 0 mutations to file
2026/06/05 15:00:28 Create statistics
2026/06/05 15:00:28 Current fuzzing queue size: 0
2026/06/05 15:00:28 Remaining fuzzing time: 9:58 min
2026/06/05 15:00:28 Finish fuzzing after 1 runs
2026/06/05 15:00:28 Processing file: /home/advocate/Advocate/Experiments/Advocate/helper/aplas/output/oocLength/4/blocking/etcd/6708/etcd6708_test.go
2026/06/05 15:00:28 Fuzzing Run:  1
2026/06/05 15:00:28 Create  /home/advocate/Advocate/Experiments/Advocate/helper/aplas/output/oocLength/4/advocateResult/file(21)-test(1)-etcd6708_test-TestEtcd6708
2026/06/05 15:00:28 Execute Test
2026/06/05 15:04:29 Text executed
2026/06/05 15:04:29 Run the analyzer for /home/advocate/Advocate/Experiments/Advocate/helper/aplas/output/oocLength/4/blocking/etcd/6708/advocateTrace
2026/06/05 15:04:29 Read trace with 2 elements in 1 routines
2026/06/05 15:04:29 Start Analysis
2026/06/05 15:04:29 Finished HB analysis
2026/06/05 15:04:29 Analysis finished
2026/06/05 15:04:29 Start rewrite
2026/06/05 15:04:29 Finished Rewrite
2026/06/05 15:04:29 Number Results:  4
2026/06/05 15:04:29 Successfully rewrites:  0
2026/06/05 15:04:29 No need/not possible to rewrite:  4
2026/06/05 15:04:29 Failed rewrites:  0
2026/06/05 15:04:29 Start guided execution
2026/06/05 15:04:29 Found 0 rewritten traces
2026/06/05 15:04:29 Create bug reports
2026/06/05 15:04:29 [31mline number out of range[0m
2026/06/05 15:04:29 [32mFound Actual Non-Cyclic Blocking Bug.[0m
2026/06/05 15:04:29 Create statistics
2026/06/05 15:04:29 Finished run for TestEtcd6708
2026/06/05 15:04:29 Parse recorded trace for fuzzing information
2026/06/05 15:04:29 Create mutations
2026/06/05 15:04:29 Create GoPie mutations
2026/06/05 15:04:29 Mutate 0 scheduling chains
2026/06/05 15:04:29 Write 0 mutations to file
2026/06/05 15:04:29 Create statistics
2026/06/05 15:04:29 Current fuzzing queue size: 0
2026/06/05 15:04:29 Remaining fuzzing time: 5:58 min
2026/06/05 15:04:29 Finish fuzzing after 1 runs
2026/06/05 15:04:29 Processing file: /home/advocate/Advocate/Experiments/Advocate/helper/aplas/output/oocLength/4/blocking/etcd/6857/etcd6857_test.go
2026/06/05 15:04:29 Fuzzing Run:  1
2026/06/05 15:04:29 Create  /home/advocate/Advocate/Experiments/Advocate/helper/aplas/output/oocLength/4/advocateResult/file(22)-test(1)-etcd6857_test-TestEtcd6857
2026/06/05 15:04:29 Execute Test
2026/06/05 15:04:30 Text executed
2026/06/05 15:04:30 Run the analyzer for /home/advocate/Advocate/Experiments/Advocate/helper/aplas/output/oocLength/4/blocking/etcd/6857/advocateTrace
2026/06/05 15:04:30 Read trace with 15 elements in 4 routines
2026/06/05 15:04:30 Start Analysis
2026/06/05 15:04:30 Finished HB analysis
2026/06/05 15:04:30 Analysis finished
2026/06/05 15:04:30 Start rewrite
2026/06/05 15:04:30 Finished Rewrite
2026/06/05 15:04:30 Number Results:  3
2026/06/05 15:04:30 Successfully rewrites:  0
2026/06/05 15:04:30 No need/not possible to rewrite:  3
2026/06/05 15:04:30 Failed rewrites:  0
2026/06/05 15:04:30 Start guided execution
2026/06/05 15:04:30 Found 0 rewritten traces
2026/06/05 15:04:30 Create bug reports
2026/06/05 15:04:30 [31mline number out of range[0m
2026/06/05 15:04:30 [32mFound Actual Non-Cyclic Blocking Bug.[0m
2026/06/05 15:04:30 Create statistics
2026/06/05 15:04:30 Finished run for TestEtcd6857
2026/06/05 15:04:30 Parse recorded trace for fuzzing information
2026/06/05 15:04:30 Create mutations
2026/06/05 15:04:30 Create GoPie mutations
2026/06/05 15:04:30 Mutate 24 scheduling chains
2026/06/05 15:04:30 Write 1 special mutation to file
2026/06/05 15:04:30 Write 0 mutations to file
2026/06/05 15:04:30 Create statistics
2026/06/05 15:04:30 Current fuzzing queue size: 0
2026/06/05 15:04:30 Remaining fuzzing time: 9:58 min
2026/06/05 15:04:30 Finish fuzzing after 1 runs
2026/06/05 15:04:30 Processing file: /home/advocate/Advocate/Experiments/Advocate/helper/aplas/output/oocLength/4/blocking/etcd/6873/etcd6873_test.go
2026/06/05 15:04:30 Fuzzing Run:  1
2026/06/05 15:04:30 Create  /home/advocate/Advocate/Experiments/Advocate/helper/aplas/output/oocLength/4/advocateResult/file(23)-test(1)-etcd6873_test-TestEtcd
2026/06/05 15:04:30 Execute Test
2026/06/05 15:04:31 Text executed
2026/06/05 15:04:31 Run the analyzer for /home/advocate/Advocate/Experiments/Advocate/helper/aplas/output/oocLength/4/blocking/etcd/6873/advocateTrace
2026/06/05 15:04:31 Read trace with 11 elements in 3 routines
2026/06/05 15:04:31 Start Analysis
2026/06/05 15:04:31 Finished HB analysis
2026/06/05 15:04:31 Analysis finished
2026/06/05 15:04:31 Start rewrite
2026/06/05 15:04:31 Finished Rewrite
2026/06/05 15:04:31 Number Results:  3
2026/06/05 15:04:31 Successfully rewrites:  0
2026/06/05 15:04:31 No need/not possible to rewrite:  3
2026/06/05 15:04:31 Failed rewrites:  0
2026/06/05 15:04:31 Start guided execution
2026/06/05 15:04:31 Found 0 rewritten traces
2026/06/05 15:04:31 Create bug reports
2026/06/05 15:04:31 [31mline number out of range[0m
2026/06/05 15:04:31 [32mFound Actual Non-Cyclic Blocking Bug.[0m
2026/06/05 15:04:31 [32mFound Actual Cyclic Deadlock.[0m
2026/06/05 15:04:31 Create statistics
2026/06/05 15:04:31 Finished run for TestEtcd
2026/06/05 15:04:31 Parse recorded trace for fuzzing information
2026/06/05 15:04:31 Create mutations
2026/06/05 15:04:31 Create GoPie mutations
2026/06/05 15:04:31 Mutate 24 scheduling chains
2026/06/05 15:04:31 Write 0 mutations to file
2026/06/05 15:04:31 Create statistics
2026/06/05 15:04:31 Current fuzzing queue size: 0
2026/06/05 15:04:31 Remaining fuzzing time: 9:58 min
2026/06/05 15:04:31 Finish fuzzing after 1 runs
2026/06/05 15:04:31 Processing file: /home/advocate/Advocate/Experiments/Advocate/helper/aplas/output/oocLength/4/blocking/etcd/7443/etcd7443_test.go
2026/06/05 15:04:31 Fuzzing Run:  1
2026/06/05 15:04:31 Create  /home/advocate/Advocate/Experiments/Advocate/helper/aplas/output/oocLength/4/advocateResult/file(24)-test(1)-etcd7443_test-TestEtcd7443
2026/06/05 15:04:31 Execute Test
2026/06/05 15:04:33 Text executed
2026/06/05 15:04:33 Run the analyzer for /home/advocate/Advocate/Experiments/Advocate/helper/aplas/output/oocLength/4/blocking/etcd/7443/advocateTrace
2026/06/05 15:04:33 Read trace with 29 elements in 4 routines
2026/06/05 15:04:33 Start Analysis
2026/06/05 15:04:33 Finished HB analysis
2026/06/05 15:04:33 Analysis finished
2026/06/05 15:04:33 Start rewrite
2026/06/05 15:04:33 Finished Rewrite
2026/06/05 15:04:33 Number Results:  3
2026/06/05 15:04:33 Successfully rewrites:  0
2026/06/05 15:04:33 No need/not possible to rewrite:  3
2026/06/05 15:04:33 Failed rewrites:  0
2026/06/05 15:04:33 Start guided execution
2026/06/05 15:04:33 Found 0 rewritten traces
2026/06/05 15:04:33 Create bug reports
2026/06/05 15:04:33 [31mline number out of range[0m
2026/06/05 15:04:33 [32mFound Actual Cyclic Deadlock.[0m
2026/06/05 15:04:33 Create statistics
2026/06/05 15:04:33 Finished run for TestEtcd7443
2026/06/05 15:04:33 Parse recorded trace for fuzzing information
2026/06/05 15:04:33 Create mutations
2026/06/05 15:04:33 Create GoPie mutations
2026/06/05 15:04:33 Mutate 24 scheduling chains
2026/06/05 15:04:33 Write 0 mutations to file
2026/06/05 15:04:33 Create statistics
2026/06/05 15:04:33 Current fuzzing queue size: 0
2026/06/05 15:04:33 Remaining fuzzing time: 9:58 min
2026/06/05 15:04:33 Finish fuzzing after 1 runs
2026/06/05 15:04:33 Processing file: /home/advocate/Advocate/Experiments/Advocate/helper/aplas/output/oocLength/4/blocking/etcd/7492/etcd7492_test.go
2026/06/05 15:04:33 Fuzzing Run:  1
2026/06/05 15:04:33 Create  /home/advocate/Advocate/Experiments/Advocate/helper/aplas/output/oocLength/4/advocateResult/file(25)-test(1)-etcd7492_test-TestEtcd7492
2026/06/05 15:04:33 Execute Test
2026/06/05 15:04:34 Text executed
2026/06/05 15:04:34 Run the analyzer for /home/advocate/Advocate/Experiments/Advocate/helper/aplas/output/oocLength/4/blocking/etcd/7492/advocateTrace
2026/06/05 15:04:34 Read trace with 155 elements in 29 routines
2026/06/05 15:04:34 Start Analysis
2026/06/05 15:04:34 Finished HB analysis
2026/06/05 15:04:34 Analysis finished
2026/06/05 15:04:34 Start rewrite
2026/06/05 15:04:34 Finished Rewrite
2026/06/05 15:04:34 Number Results:  3
2026/06/05 15:04:34 Successfully rewrites:  0
2026/06/05 15:04:34 No need/not possible to rewrite:  3
2026/06/05 15:04:34 Failed rewrites:  0
2026/06/05 15:04:34 Start guided execution
2026/06/05 15:04:34 Found 0 rewritten traces
2026/06/05 15:04:34 Create bug reports
2026/06/05 15:04:34 [31mline number out of range[0m
2026/06/05 15:04:34 Create statistics
2026/06/05 15:04:34 Finished run for TestEtcd7492
2026/06/05 15:04:34 Parse recorded trace for fuzzing information
2026/06/05 15:04:34 Create mutations
2026/06/05 15:04:34 Create GoPie mutations
2026/06/05 15:04:34 Mutate 24 scheduling chains
2026/06/05 15:04:34 Write 0 mutations to file
2026/06/05 15:04:34 Create statistics
2026/06/05 15:04:34 Current fuzzing queue size: 0
2026/06/05 15:04:34 Remaining fuzzing time: 9:58 min
2026/06/05 15:04:34 Finish fuzzing after 1 runs
2026/06/05 15:04:34 Processing file: /home/advocate/Advocate/Experiments/Advocate/helper/aplas/output/oocLength/4/blocking/etcd/7902/etcd7902_test.go
2026/06/05 15:04:34 Fuzzing Run:  1
2026/06/05 15:04:34 Create  /home/advocate/Advocate/Experiments/Advocate/helper/aplas/output/oocLength/4/advocateResult/file(26)-test(1)-etcd7902_test-TestEtcd7902
2026/06/05 15:04:34 Execute Test
2026/06/05 15:04:35 Text executed
2026/06/05 15:04:35 Run the analyzer for /home/advocate/Advocate/Experiments/Advocate/helper/aplas/output/oocLength/4/blocking/etcd/7902/advocateTrace
2026/06/05 15:04:35 Read trace with 14 elements in 5 routines
2026/06/05 15:04:35 Start Analysis
2026/06/05 15:04:35 Finished HB analysis
2026/06/05 15:04:35 Analysis finished
2026/06/05 15:04:35 Start rewrite
2026/06/05 15:04:35 Finished Rewrite
2026/06/05 15:04:35 Number Results:  2
2026/06/05 15:04:35 Successfully rewrites:  0
2026/06/05 15:04:35 No need/not possible to rewrite:  2
2026/06/05 15:04:35 Failed rewrites:  0
2026/06/05 15:04:35 Start guided execution
2026/06/05 15:04:35 Found 0 rewritten traces
2026/06/05 15:04:35 Create bug reports
2026/06/05 15:04:35 [31mline number out of range[0m
2026/06/05 15:04:35 [32mFound Actual Non-Cyclic Blocking Bug.[0m
2026/06/05 15:04:35 Create statistics
2026/06/05 15:04:35 Finished run for TestEtcd7902
2026/06/05 15:04:35 Parse recorded trace for fuzzing information
2026/06/05 15:04:35 Create mutations
2026/06/05 15:04:35 Create GoPie mutations
2026/06/05 15:04:35 Mutate 24 scheduling chains
2026/06/05 15:04:35 Write 0 mutations to file
2026/06/05 15:04:35 Create statistics
2026/06/05 15:04:35 Current fuzzing queue size: 0
2026/06/05 15:04:35 Remaining fuzzing time: 9:58 min
2026/06/05 15:04:35 Finish fuzzing after 1 runs
2026/06/05 15:04:35 Processing file: /home/advocate/Advocate/Experiments/Advocate/helper/aplas/output/oocLength/4/blocking/grpc/1275/grpc1275_test.go
2026/06/05 15:04:35 Fuzzing Run:  1
2026/06/05 15:04:35 Create  /home/advocate/Advocate/Experiments/Advocate/helper/aplas/output/oocLength/4/advocateResult/file(27)-test(1)-grpc1275_test-TestGrpc1293
2026/06/05 15:04:35 Execute Test
2026/06/05 15:04:36 Text executed
2026/06/05 15:04:36 Run the analyzer for /home/advocate/Advocate/Experiments/Advocate/helper/aplas/output/oocLength/4/blocking/grpc/1275/advocateTrace
2026/06/05 15:04:36 Read trace with 6 elements in 2 routines
2026/06/05 15:04:36 Start Analysis
2026/06/05 15:04:36 Finished HB analysis
2026/06/05 15:04:36 Analysis finished
2026/06/05 15:04:36 Start rewrite
2026/06/05 15:04:36 Finished Rewrite
2026/06/05 15:04:36 Number Results:  2
2026/06/05 15:04:36 Successfully rewrites:  0
2026/06/05 15:04:36 No need/not possible to rewrite:  2
2026/06/05 15:04:36 Failed rewrites:  0
2026/06/05 15:04:36 Start guided execution
2026/06/05 15:04:36 Found 0 rewritten traces
2026/06/05 15:04:36 Create bug reports
2026/06/05 15:04:36 [31mline number out of range[0m
2026/06/05 15:04:36 [32mFound Actual Non-Cyclic Blocking Bug.[0m
2026/06/05 15:04:36 Create statistics
2026/06/05 15:04:36 Finished run for TestGrpc1293
2026/06/05 15:04:36 Parse recorded trace for fuzzing information
2026/06/05 15:04:36 Create mutations
2026/06/05 15:04:36 Create GoPie mutations
2026/06/05 15:04:36 Mutate 0 scheduling chains
2026/06/05 15:04:36 Write 0 mutations to file
2026/06/05 15:04:36 Create statistics
2026/06/05 15:04:36 Current fuzzing queue size: 0
2026/06/05 15:04:36 Remaining fuzzing time: 9:58 min
2026/06/05 15:04:36 Finish fuzzing after 1 runs
2026/06/05 15:04:36 Processing file: /home/advocate/Advocate/Experiments/Advocate/helper/aplas/output/oocLength/4/blocking/grpc/1353/grpc1353_test.go
2026/06/05 15:04:36 Fuzzing Run:  1
2026/06/05 15:04:36 Create  /home/advocate/Advocate/Experiments/Advocate/helper/aplas/output/oocLength/4/advocateResult/file(28)-test(1)-grpc1353_test-TestGrpc1353
2026/06/05 15:04:36 Execute Test
2026/06/05 15:04:37 Text executed
2026/06/05 15:04:37 Run the analyzer for /home/advocate/Advocate/Experiments/Advocate/helper/aplas/output/oocLength/4/blocking/grpc/1353/advocateTrace
2026/06/05 15:04:37 Read trace with 15 elements in 4 routines
2026/06/05 15:04:37 Start Analysis
2026/06/05 15:04:37 Finished HB analysis
2026/06/05 15:04:37 Analysis finished
2026/06/05 15:04:37 Start rewrite
2026/06/05 15:04:37 Finished Rewrite
2026/06/05 15:04:37 Number Results:  2
2026/06/05 15:04:37 Successfully rewrites:  0
2026/06/05 15:04:37 No need/not possible to rewrite:  2
2026/06/05 15:04:37 Failed rewrites:  0
2026/06/05 15:04:37 Start guided execution
2026/06/05 15:04:37 Found 0 rewritten traces
2026/06/05 15:04:37 Create bug reports
2026/06/05 15:04:37 [31mline number out of range[0m
2026/06/05 15:04:37 [32mFound Actual Non-Cyclic Blocking Bug.[0m
2026/06/05 15:04:37 [32mFound Actual Cyclic Deadlock.[0m
2026/06/05 15:04:37 Create statistics
2026/06/05 15:04:37 Finished run for TestGrpc1353
2026/06/05 15:04:37 Parse recorded trace for fuzzing information
2026/06/05 15:04:37 Create mutations
2026/06/05 15:04:37 Create GoPie mutations
2026/06/05 15:04:37 Mutate 24 scheduling chains
2026/06/05 15:04:37 Write 0 mutations to file
2026/06/05 15:04:37 Create statistics
2026/06/05 15:04:37 Current fuzzing queue size: 0
2026/06/05 15:04:37 Remaining fuzzing time: 9:58 min
2026/06/05 15:04:37 Finish fuzzing after 1 runs
2026/06/05 15:04:37 Processing file: /home/advocate/Advocate/Experiments/Advocate/helper/aplas/output/oocLength/4/blocking/grpc/1424/grpc1424_test.go
2026/06/05 15:04:37 Fuzzing Run:  1
2026/06/05 15:04:37 Create  /home/advocate/Advocate/Experiments/Advocate/helper/aplas/output/oocLength/4/advocateResult/file(29)-test(1)-grpc1424_test-TestGrpc1424
2026/06/05 15:04:37 Execute Test
2026/06/05 15:04:38 Text executed
2026/06/05 15:04:38 Run the analyzer for /home/advocate/Advocate/Experiments/Advocate/helper/aplas/output/oocLength/4/blocking/grpc/1424/advocateTrace
2026/06/05 15:04:38 Read trace with 13 elements in 5 routines
2026/06/05 15:04:38 Start Analysis
2026/06/05 15:04:38 Finished HB analysis
2026/06/05 15:04:38 Analysis finished
2026/06/05 15:04:38 Start rewrite
2026/06/05 15:04:38 Finished Rewrite
2026/06/05 15:04:38 Number Results:  2
2026/06/05 15:04:38 Successfully rewrites:  0
2026/06/05 15:04:38 No need/not possible to rewrite:  2
2026/06/05 15:04:38 Failed rewrites:  0
2026/06/05 15:04:38 Start guided execution
2026/06/05 15:04:38 Found 0 rewritten traces
2026/06/05 15:04:38 Create bug reports
2026/06/05 15:04:38 [31mline number out of range[0m
2026/06/05 15:04:38 [31mline number out of range[0m
2026/06/05 15:04:38 [32mFound Actual Non-Cyclic Blocking Bug.[0m
2026/06/05 15:04:38 [32mFound Actual Cyclic Deadlock.[0m
2026/06/05 15:04:38 Create statistics
2026/06/05 15:04:38 Finished run for TestGrpc1424
2026/06/05 15:04:38 Parse recorded trace for fuzzing information
2026/06/05 15:04:38 Create mutations
2026/06/05 15:04:38 Create GoPie mutations
2026/06/05 15:04:38 Mutate 24 scheduling chains
2026/06/05 15:04:38 Write 0 mutations to file
2026/06/05 15:04:38 Create statistics
2026/06/05 15:04:38 Current fuzzing queue size: 0
2026/06/05 15:04:38 Remaining fuzzing time: 9:58 min
2026/06/05 15:04:38 Finish fuzzing after 1 runs
2026/06/05 15:04:38 Processing file: /home/advocate/Advocate/Experiments/Advocate/helper/aplas/output/oocLength/4/blocking/grpc/1460/grpc1460_test.go
2026/06/05 15:04:38 Fuzzing Run:  1
2026/06/05 15:04:38 Create  /home/advocate/Advocate/Experiments/Advocate/helper/aplas/output/oocLength/4/advocateResult/file(30)-test(1)-grpc1460_test-TestGrpc1460
2026/06/05 15:04:38 Execute Test
2026/06/05 15:04:39 Text executed
2026/06/05 15:04:39 Run the analyzer for /home/advocate/Advocate/Experiments/Advocate/helper/aplas/output/oocLength/4/blocking/grpc/1460/advocateTrace
2026/06/05 15:04:39 Read trace with 11 elements in 3 routines
2026/06/05 15:04:39 Start Analysis
2026/06/05 15:04:39 Finished HB analysis
2026/06/05 15:04:39 Analysis finished
2026/06/05 15:04:39 Start rewrite
2026/06/05 15:04:39 Finished Rewrite
2026/06/05 15:04:39 Number Results:  2
2026/06/05 15:04:39 Successfully rewrites:  0
2026/06/05 15:04:39 No need/not possible to rewrite:  2
2026/06/05 15:04:39 Failed rewrites:  0
2026/06/05 15:04:39 Start guided execution
2026/06/05 15:04:39 Found 0 rewritten traces
2026/06/05 15:04:39 Create bug reports
2026/06/05 15:04:39 [31mline number out of range[0m
2026/06/05 15:04:39 [31mline number out of range[0m
2026/06/05 15:04:39 [32mFound Actual Non-Cyclic Blocking Bug.[0m
2026/06/05 15:04:39 Create statistics
2026/06/05 15:04:39 Finished run for TestGrpc1460
2026/06/05 15:04:39 Parse recorded trace for fuzzing information
2026/06/05 15:04:39 Create mutations
2026/06/05 15:04:39 Create GoPie mutations
2026/06/05 15:04:39 Mutate 24 scheduling chains
2026/06/05 15:04:39 Write 0 mutations to file
2026/06/05 15:04:39 Create statistics
2026/06/05 15:04:39 Current fuzzing queue size: 0
2026/06/05 15:04:39 Remaining fuzzing time: 9:58 min
2026/06/05 15:04:39 Finish fuzzing after 1 runs
2026/06/05 15:04:39 Processing file: /home/advocate/Advocate/Experiments/Advocate/helper/aplas/output/oocLength/4/blocking/grpc/3017/grpc3017_test.go
2026/06/05 15:04:39 Fuzzing Run:  1
2026/06/05 15:04:39 Create  /home/advocate/Advocate/Experiments/Advocate/helper/aplas/output/oocLength/4/advocateResult/file(31)-test(1)-grpc3017_test-TestGrpc3017
2026/06/05 15:04:39 Execute Test
2026/06/05 15:08:41 Text executed
2026/06/05 15:08:41 Run the analyzer for /home/advocate/Advocate/Experiments/Advocate/helper/aplas/output/oocLength/4/blocking/grpc/3017/advocateTrace
2026/06/05 15:08:41 Read trace with 612 elements in 3 routines
2026/06/05 15:08:41 Start Analysis
2026/06/05 15:08:41 Finished HB analysis
2026/06/05 15:08:41 Analysis finished
2026/06/05 15:08:41 Start rewrite
2026/06/05 15:08:41 Finished Rewrite
2026/06/05 15:08:41 Number Results:  3
2026/06/05 15:08:41 Successfully rewrites:  0
2026/06/05 15:08:41 No need/not possible to rewrite:  3
2026/06/05 15:08:41 Failed rewrites:  0
2026/06/05 15:08:41 Start guided execution
2026/06/05 15:08:41 Found 0 rewritten traces
2026/06/05 15:08:41 Create bug reports
2026/06/05 15:08:41 [31mline number out of range[0m
2026/06/05 15:08:41 [31mline number out of range[0m
2026/06/05 15:08:41 [32mFound Actual Non-Cyclic Blocking Bug.[0m
2026/06/05 15:08:41 Create statistics
2026/06/05 15:08:41 Finished run for TestGrpc3017
2026/06/05 15:08:41 Parse recorded trace for fuzzing information
2026/06/05 15:08:41 Create mutations
2026/06/05 15:08:41 Create GoPie mutations
2026/06/05 15:08:41 Mutate 0 scheduling chains
2026/06/05 15:08:41 Write 0 mutations to file
2026/06/05 15:08:41 Create statistics
2026/06/05 15:08:41 Current fuzzing queue size: 0
2026/06/05 15:08:41 Remaining fuzzing time: 5:58 min
2026/06/05 15:08:41 Finish fuzzing after 1 runs
2026/06/05 15:08:41 Processing file: /home/advocate/Advocate/Experiments/Advocate/helper/aplas/output/oocLength/4/blocking/grpc/660/grpc660_test.go
2026/06/05 15:08:41 Fuzzing Run:  1
2026/06/05 15:08:41 Create  /home/advocate/Advocate/Experiments/Advocate/helper/aplas/output/oocLength/4/advocateResult/file(32)-test(1)-grpc660_test-TestGrpc660
2026/06/05 15:08:41 Execute Test
2026/06/05 15:08:42 Text executed
2026/06/05 15:08:42 Run the analyzer for /home/advocate/Advocate/Experiments/Advocate/helper/aplas/output/oocLength/4/blocking/grpc/660/advocateTrace
2026/06/05 15:08:42 Read trace with 11 elements in 4 routines
2026/06/05 15:08:42 Start Analysis
2026/06/05 15:08:42 Finished HB analysis
2026/06/05 15:08:42 Analysis finished
2026/06/05 15:08:42 Start rewrite
2026/06/05 15:08:42 Finished Rewrite
2026/06/05 15:08:42 Number Results:  2
2026/06/05 15:08:42 Successfully rewrites:  0
2026/06/05 15:08:42 No need/not possible to rewrite:  2
2026/06/05 15:08:42 Failed rewrites:  0
2026/06/05 15:08:42 Start guided execution
2026/06/05 15:08:42 Found 0 rewritten traces
2026/06/05 15:08:42 Create bug reports
2026/06/05 15:08:42 [31mline number out of range[0m
2026/06/05 15:08:42 [31mline number out of range[0m
2026/06/05 15:08:42 [31mline number out of range[0m
2026/06/05 15:08:42 [32mFound Actual Non-Cyclic Blocking Bug.[0m
2026/06/05 15:08:42 Create statistics
2026/06/05 15:08:42 Finished run for TestGrpc660
2026/06/05 15:08:42 Parse recorded trace for fuzzing information
2026/06/05 15:08:42 Create mutations
2026/06/05 15:08:42 Create GoPie mutations
2026/06/05 15:08:42 Mutate 0 scheduling chains
2026/06/05 15:08:42 Write 0 mutations to file
2026/06/05 15:08:42 Create statistics
2026/06/05 15:08:42 Current fuzzing queue size: 0
2026/06/05 15:08:42 Remaining fuzzing time: 9:58 min
2026/06/05 15:08:42 Finish fuzzing after 1 runs
2026/06/05 15:08:42 Processing file: /home/advocate/Advocate/Experiments/Advocate/helper/aplas/output/oocLength/4/blocking/grpc/795/grpc795_test.go
2026/06/05 15:08:42 Fuzzing Run:  1
2026/06/05 15:08:42 Create  /home/advocate/Advocate/Experiments/Advocate/helper/aplas/output/oocLength/4/advocateResult/file(33)-test(1)-grpc795_test-TestGrpc795
2026/06/05 15:08:42 Execute Test
2026/06/05 15:12:43 Text executed
2026/06/05 15:12:43 Run the analyzer for /home/advocate/Advocate/Experiments/Advocate/helper/aplas/output/oocLength/4/blocking/grpc/795/advocateTrace
2026/06/05 15:12:43 Read trace with 4 elements in 2 routines
2026/06/05 15:12:43 Start Analysis
2026/06/05 15:12:43 Finished HB analysis
2026/06/05 15:12:43 Analysis finished
2026/06/05 15:12:43 Start rewrite
2026/06/05 15:12:43 Finished Rewrite
2026/06/05 15:12:43 Number Results:  3
2026/06/05 15:12:43 Successfully rewrites:  0
2026/06/05 15:12:43 No need/not possible to rewrite:  3
2026/06/05 15:12:43 Failed rewrites:  0
2026/06/05 15:12:43 Start guided execution
2026/06/05 15:12:43 Found 0 rewritten traces
2026/06/05 15:12:43 Create bug reports
2026/06/05 15:12:43 [31mline number out of range[0m
2026/06/05 15:12:43 [31mline number out of range[0m
2026/06/05 15:12:43 [31mline number out of range[0m
2026/06/05 15:12:43 [32mFound Actual Non-Cyclic Blocking Bug.[0m
2026/06/05 15:12:43 [32mFound Actual Cyclic Deadlock.[0m
2026/06/05 15:12:43 Create statistics
2026/06/05 15:12:43 Finished run for TestGrpc795
2026/06/05 15:12:43 Parse recorded trace for fuzzing information
2026/06/05 15:12:43 Create mutations
2026/06/05 15:12:43 Create GoPie mutations
2026/06/05 15:12:43 Mutate 24 scheduling chains
2026/06/05 15:12:43 Write 0 mutations to file
2026/06/05 15:12:43 Create statistics
2026/06/05 15:12:43 Current fuzzing queue size: 0
2026/06/05 15:12:43 Remaining fuzzing time: 5:58 min
2026/06/05 15:12:43 Finish fuzzing after 1 runs
2026/06/05 15:12:43 Processing file: /home/advocate/Advocate/Experiments/Advocate/helper/aplas/output/oocLength/4/blocking/grpc/862/grpc862_test.go
2026/06/05 15:12:43 Fuzzing Run:  1
2026/06/05 15:12:43 Create  /home/advocate/Advocate/Experiments/Advocate/helper/aplas/output/oocLength/4/advocateResult/file(34)-test(1)-grpc862_test-TestGrpc862
2026/06/05 15:12:43 Execute Test
2026/06/05 15:12:49 Text executed
2026/06/05 15:12:49 Run the analyzer for /home/advocate/Advocate/Experiments/Advocate/helper/aplas/output/oocLength/4/blocking/grpc/862/advocateTrace
2026/06/05 15:12:49 Read trace with 164646 elements in 28 routines
2026/06/05 15:12:49 Start Analysis
2026/06/05 15:12:49 Finished HB analysis
2026/06/05 15:14:05 Analysis finished
2026/06/05 15:14:05 Start rewrite
2026/06/05 15:14:05 Finished Rewrite
2026/06/05 15:14:05 Number Results:  3
2026/06/05 15:14:05 Successfully rewrites:  0
2026/06/05 15:14:05 No need/not possible to rewrite:  3
2026/06/05 15:14:05 Failed rewrites:  0
2026/06/05 15:14:05 Start guided execution
2026/06/05 15:14:05 Found 0 rewritten traces
2026/06/05 15:14:05 Create bug reports
2026/06/05 15:14:05 [31mline number out of range[0m
2026/06/05 15:14:05 [31mline number out of range[0m
2026/06/05 15:14:05 [31mline number out of range[0m
2026/06/05 15:14:05 [32mFound Actual Cyclic Deadlock.[0m
2026/06/05 15:14:05 [32mFound Block on select.[0m
2026/06/05 15:14:05 Create statistics
2026/06/05 15:14:06 Finished run for TestGrpc862
2026/06/05 15:14:06 Parse recorded trace for fuzzing information
2026/06/05 15:14:06 Create mutations
2026/06/05 15:14:06 Create GoPie mutations
2026/06/05 15:14:06 Mutate 0 scheduling chains
2026/06/05 15:14:06 Write 0 mutations to file
2026/06/05 15:14:06 Create statistics
2026/06/05 15:14:07 Current fuzzing queue size: 0
2026/06/05 15:14:07 Remaining fuzzing time: 8:36 min
2026/06/05 15:14:07 Finish fuzzing after 1 runs
2026/06/05 15:14:07 Processing file: /home/advocate/Advocate/Experiments/Advocate/helper/aplas/output/oocLength/4/blocking/hugo/3251/hugo3251_test.go
2026/06/05 15:14:07 Fuzzing Run:  1
2026/06/05 15:14:07 Create  /home/advocate/Advocate/Experiments/Advocate/helper/aplas/output/oocLength/4/advocateResult/file(35)-test(1)-hugo3251_test-TestHugo3251
2026/06/05 15:14:07 Execute Test
2026/06/05 15:18:08 Text executed
2026/06/05 15:18:08 Run the analyzer for /home/advocate/Advocate/Experiments/Advocate/helper/aplas/output/oocLength/4/blocking/hugo/3251/advocateTrace
2026/06/05 15:18:08 Read trace with 185 elements in 51 routines
2026/06/05 15:18:08 Start Analysis
2026/06/05 15:18:08 Finished HB analysis
2026/06/05 15:18:08 Analysis finished
2026/06/05 15:18:08 Start rewrite
2026/06/05 15:18:08 Finished Rewrite
2026/06/05 15:18:08 Number Results:  6
2026/06/05 15:18:08 Successfully rewrites:  0
2026/06/05 15:18:08 No need/not possible to rewrite:  6
2026/06/05 15:18:08 Failed rewrites:  0
2026/06/05 15:18:08 Start guided execution
2026/06/05 15:18:08 Found 0 rewritten traces
2026/06/05 15:18:08 Create bug reports
2026/06/05 15:18:08 [32mFound Possible Cyclic Deadlock.[0m
2026/06/05 15:18:08 [31mline number out of range[0m
2026/06/05 15:18:08 [31mline number out of range[0m
2026/06/05 15:18:08 [31mline number out of range[0m
2026/06/05 15:18:08 [32mFound Actual Non-Cyclic Blocking Bug.[0m
2026/06/05 15:18:08 [32mFound Leak on Sync.Mutex.[0m
2026/06/05 15:18:08 Create statistics
2026/06/05 15:18:08 Finished run for TestHugo3251
2026/06/05 15:18:08 Parse recorded trace for fuzzing information
2026/06/05 15:18:08 Create mutations
2026/06/05 15:18:08 Create GoPie mutations
2026/06/05 15:18:08 Mutate 24 scheduling chains
2026/06/05 15:18:08 Write 0 mutations to file
2026/06/05 15:18:08 Create statistics
2026/06/05 15:18:08 Current fuzzing queue size: 0
2026/06/05 15:18:08 Remaining fuzzing time: 5:58 min
2026/06/05 15:18:08 Finish fuzzing after 1 runs
2026/06/05 15:18:08 Processing file: /home/advocate/Advocate/Experiments/Advocate/helper/aplas/output/oocLength/4/blocking/hugo/5379/hugo5379_test.go
2026/06/05 15:18:08 Fuzzing Run:  1
2026/06/05 15:18:08 Create  /home/advocate/Advocate/Experiments/Advocate/helper/aplas/output/oocLength/4/advocateResult/file(36)-test(1)-hugo5379_test-TestHugo5379
2026/06/05 15:18:08 Execute Test
2026/06/05 15:22:09 Text executed
2026/06/05 15:22:09 Run the analyzer for /home/advocate/Advocate/Experiments/Advocate/helper/aplas/output/oocLength/4/blocking/hugo/5379/advocateTrace
2026/06/05 15:22:09 Read trace with 35 elements in 5 routines
2026/06/05 15:22:09 Start Analysis
2026/06/05 15:22:09 Finished HB analysis
2026/06/05 15:22:10 Analysis finished
2026/06/05 15:22:10 Start rewrite
2026/06/05 15:22:10 Finished Rewrite
2026/06/05 15:22:10 Number Results:  4
2026/06/05 15:22:10 Successfully rewrites:  0
2026/06/05 15:22:10 No need/not possible to rewrite:  4
2026/06/05 15:22:10 Failed rewrites:  0
2026/06/05 15:22:10 Start guided execution
2026/06/05 15:22:10 Found 0 rewritten traces
2026/06/05 15:22:10 Create bug reports
2026/06/05 15:22:10 [31mline number out of range[0m
2026/06/05 15:22:10 [31mline number out of range[0m
2026/06/05 15:22:10 [31mline number out of range[0m
2026/06/05 15:22:10 [31mline number out of range[0m
2026/06/05 15:22:10 [32mFound Actual Non-Cyclic Blocking Bug.[0m
2026/06/05 15:22:10 [32mFound Leak on Sync.Mutex.[0m
2026/06/05 15:22:10 Create statistics
2026/06/05 15:22:10 Finished run for TestHugo5379
2026/06/05 15:22:10 Parse recorded trace for fuzzing information
2026/06/05 15:22:10 Create mutations
2026/06/05 15:22:10 Create GoPie mutations
2026/06/05 15:22:10 Mutate 24 scheduling chains
2026/06/05 15:22:10 Write 0 mutations to file
2026/06/05 15:22:10 Create statistics
2026/06/05 15:22:10 Current fuzzing queue size: 0
2026/06/05 15:22:10 Remaining fuzzing time: 5:58 min
2026/06/05 15:22:10 Finish fuzzing after 1 runs
2026/06/05 15:22:10 Processing file: /home/advocate/Advocate/Experiments/Advocate/helper/aplas/output/oocLength/4/blocking/istio/16224/istio16224_test.go
2026/06/05 15:22:10 Fuzzing Run:  1
2026/06/05 15:22:10 Create  /home/advocate/Advocate/Experiments/Advocate/helper/aplas/output/oocLength/4/advocateResult/file(37)-test(1)-istio16224_test-TestIstio16224
2026/06/05 15:22:10 Execute Test
2026/06/05 15:26:11 Text executed
2026/06/05 15:26:11 Run the analyzer for /home/advocate/Advocate/Experiments/Advocate/helper/aplas/output/oocLength/4/blocking/istio/16224/advocateTrace
2026/06/05 15:26:11 Read trace with 9 elements in 2 routines
2026/06/05 15:26:11 Start Analysis
2026/06/05 15:26:11 Finished HB analysis
2026/06/05 15:26:11 Analysis finished
2026/06/05 15:26:11 Start rewrite
2026/06/05 15:26:11 Finished Rewrite
2026/06/05 15:26:11 Number Results:  4
2026/06/05 15:26:11 Successfully rewrites:  0
2026/06/05 15:26:11 No need/not possible to rewrite:  4
2026/06/05 15:26:11 Failed rewrites:  0
2026/06/05 15:26:11 Start guided execution
2026/06/05 15:26:11 Found 0 rewritten traces
2026/06/05 15:26:11 Create bug reports
2026/06/05 15:26:11 [31mline number out of range[0m
2026/06/05 15:26:11 [31mline number out of range[0m
2026/06/05 15:26:11 [31mline number out of range[0m
2026/06/05 15:26:11 [31mline number out of range[0m
2026/06/05 15:26:11 [32mFound Actual Non-Cyclic Blocking Bug.[0m
2026/06/05 15:26:11 [32mFound Actual Cyclic Deadlock.[0m
2026/06/05 15:26:11 Create statistics
2026/06/05 15:26:11 Finished run for TestIstio16224
2026/06/05 15:26:11 Parse recorded trace for fuzzing information
2026/06/05 15:26:11 Create mutations
2026/06/05 15:26:11 Create GoPie mutations
2026/06/05 15:26:11 Mutate 24 scheduling chains
2026/06/05 15:26:11 Write 0 mutations to file
2026/06/05 15:26:11 Create statistics
2026/06/05 15:26:11 Current fuzzing queue size: 0
2026/06/05 15:26:11 Remaining fuzzing time: 5:58 min
2026/06/05 15:26:11 Finish fuzzing after 1 runs
2026/06/05 15:26:11 Processing file: /home/advocate/Advocate/Experiments/Advocate/helper/aplas/output/oocLength/4/blocking/istio/17860/istio17860_test.go
2026/06/05 15:26:11 Fuzzing Run:  1
2026/06/05 15:26:11 Create  /home/advocate/Advocate/Experiments/Advocate/helper/aplas/output/oocLength/4/advocateResult/file(38)-test(1)-istio17860_test-TestIstio17860
2026/06/05 15:26:11 Execute Test
2026/06/05 15:26:12 Text executed
2026/06/05 15:26:12 Run the analyzer for /home/advocate/Advocate/Experiments/Advocate/helper/aplas/output/oocLength/4/blocking/istio/17860/advocateTrace
2026/06/05 15:26:12 Read trace with 20 elements in 5 routines
2026/06/05 15:26:12 Start Analysis
2026/06/05 15:26:12 Finished HB analysis
2026/06/05 15:26:12 Analysis finished
2026/06/05 15:26:12 Start rewrite
2026/06/05 15:26:12 Finished Rewrite
2026/06/05 15:26:12 Number Results:  3
2026/06/05 15:26:12 Successfully rewrites:  0
2026/06/05 15:26:12 No need/not possible to rewrite:  3
2026/06/05 15:26:12 Failed rewrites:  0
2026/06/05 15:26:12 Start guided execution
2026/06/05 15:26:12 Found 0 rewritten traces
2026/06/05 15:26:12 Create bug reports
2026/06/05 15:26:12 [31mline number out of range[0m
2026/06/05 15:26:12 [31mline number out of range[0m
2026/06/05 15:26:12 [31mline number out of range[0m
2026/06/05 15:26:12 [31mline number out of range[0m
2026/06/05 15:26:12 [32mFound Actual Cyclic Deadlock.[0m
2026/06/05 15:26:12 Create statistics
2026/06/05 15:26:12 Finished run for TestIstio17860
2026/06/05 15:26:12 Parse recorded trace for fuzzing information
2026/06/05 15:26:12 Create mutations
2026/06/05 15:26:12 Create GoPie mutations
2026/06/05 15:26:12 Mutate 0 scheduling chains
2026/06/05 15:26:12 Write 0 mutations to file
2026/06/05 15:26:12 Create statistics
2026/06/05 15:26:12 Current fuzzing queue size: 0
2026/06/05 15:26:12 Remaining fuzzing time: 9:58 min
2026/06/05 15:26:12 Finish fuzzing after 1 runs
2026/06/05 15:26:12 Processing file: /home/advocate/Advocate/Experiments/Advocate/helper/aplas/output/oocLength/4/blocking/istio/18454/istio18454_test.go
2026/06/05 15:26:12 Fuzzing Run:  1
2026/06/05 15:26:12 Create  /home/advocate/Advocate/Experiments/Advocate/helper/aplas/output/oocLength/4/advocateResult/file(39)-test(1)-istio18454_test-TestIstio18454
2026/06/05 15:26:12 Execute Test
2026/06/05 15:26:13 Text executed
2026/06/05 15:26:13 Run the analyzer for /home/advocate/Advocate/Experiments/Advocate/helper/aplas/output/oocLength/4/blocking/istio/18454/advocateTrace
2026/06/05 15:26:13 Read trace with 1034 elements in 2 routines
2026/06/05 15:26:13 Start Analysis
2026/06/05 15:26:13 Finished HB analysis
2026/06/05 15:26:13 Analysis finished
2026/06/05 15:26:13 Start rewrite
2026/06/05 15:26:13 Finished Rewrite
2026/06/05 15:26:13 Number Results:  3
2026/06/05 15:26:13 Successfully rewrites:  0
2026/06/05 15:26:13 No need/not possible to rewrite:  3
2026/06/05 15:26:13 Failed rewrites:  0
2026/06/05 15:26:13 Start guided execution
2026/06/05 15:26:13 Found 0 rewritten traces
2026/06/05 15:26:13 Create bug reports
2026/06/05 15:26:13 [31mline number out of range[0m
2026/06/05 15:26:13 [31mline number out of range[0m
2026/06/05 15:26:13 [31mline number out of range[0m
2026/06/05 15:26:13 [31mline number out of range[0m
2026/06/05 15:26:13 [32mFound Actual Cyclic Deadlock.[0m
2026/06/05 15:26:13 Create statistics
2026/06/05 15:26:13 Finished run for TestIstio18454
2026/06/05 15:26:13 Parse recorded trace for fuzzing information
2026/06/05 15:26:13 Create mutations
2026/06/05 15:26:13 Create GoPie mutations
2026/06/05 15:26:13 Mutate 0 scheduling chains
2026/06/05 15:26:13 Write 0 mutations to file
2026/06/05 15:26:13 Create statistics
2026/06/05 15:26:13 Current fuzzing queue size: 0
2026/06/05 15:26:13 Remaining fuzzing time: 9:58 min
2026/06/05 15:26:13 Finish fuzzing after 1 runs
2026/06/05 15:26:13 Processing file: /home/advocate/Advocate/Experiments/Advocate/helper/aplas/output/oocLength/4/blocking/kubernetes/10182/kubernetes10182_test.go
2026/06/05 15:26:13 Fuzzing Run:  1
2026/06/05 15:26:13 Create  /home/advocate/Advocate/Experiments/Advocate/helper/aplas/output/oocLength/4/advocateResult/file(40)-test(1)-kubernetes10182_test-TestKubernetes10182
2026/06/05 15:26:13 Execute Test
2026/06/05 15:26:14 Text executed
2026/06/05 15:26:14 Run the analyzer for /home/advocate/Advocate/Experiments/Advocate/helper/aplas/output/oocLength/4/blocking/kubernetes/10182/advocateTrace
2026/06/05 15:26:14 Read trace with 15 elements in 5 routines
2026/06/05 15:26:14 Start Analysis
2026/06/05 15:26:14 Finished HB analysis
2026/06/05 15:26:14 Analysis finished
2026/06/05 15:26:14 Start rewrite
2026/06/05 15:26:14 Finished Rewrite
2026/06/05 15:26:14 Number Results:  4
2026/06/05 15:26:14 Successfully rewrites:  0
2026/06/05 15:26:14 No need/not possible to rewrite:  4
2026/06/05 15:26:14 Failed rewrites:  0
2026/06/05 15:26:14 Start guided execution
2026/06/05 15:26:14 Found 0 rewritten traces
2026/06/05 15:26:14 Create bug reports
2026/06/05 15:26:14 [31mline number out of range[0m
2026/06/05 15:26:14 [31mline number out of range[0m
2026/06/05 15:26:14 [31mline number out of range[0m
2026/06/05 15:26:14 [31mline number out of range[0m
2026/06/05 15:26:14 [32mFound Actual Non-Cyclic Blocking Bug.[0m
2026/06/05 15:26:14 [32mFound Leak on Sync.Mutex.[0m
2026/06/05 15:26:14 Create statistics
2026/06/05 15:26:14 Finished run for TestKubernetes10182
2026/06/05 15:26:14 Parse recorded trace for fuzzing information
2026/06/05 15:26:14 Create mutations
2026/06/05 15:26:14 Create GoPie mutations
2026/06/05 15:26:14 Mutate 24 scheduling chains
2026/06/05 15:26:14 Write 0 mutations to file
2026/06/05 15:26:14 Create statistics
2026/06/05 15:26:14 Current fuzzing queue size: 0
2026/06/05 15:26:14 Remaining fuzzing time: 9:58 min
2026/06/05 15:26:14 Finish fuzzing after 1 runs
2026/06/05 15:26:14 Processing file: /home/advocate/Advocate/Experiments/Advocate/helper/aplas/output/oocLength/4/blocking/kubernetes/11298/kubernetes11298_test.go
2026/06/05 15:26:14 Fuzzing Run:  1
2026/06/05 15:26:14 Create  /home/advocate/Advocate/Experiments/Advocate/helper/aplas/output/oocLength/4/advocateResult/file(41)-test(1)-kubernetes11298_test-TestKubernetes11298
2026/06/05 15:26:14 Execute Test
2026/06/05 15:26:16 Text executed
2026/06/05 15:26:16 Run the analyzer for /home/advocate/Advocate/Experiments/Advocate/helper/aplas/output/oocLength/4/blocking/kubernetes/11298/advocateTrace
2026/06/05 15:26:16 Read trace with 17 elements in 5 routines
2026/06/05 15:26:16 Start Analysis
2026/06/05 15:26:16 Finished HB analysis
2026/06/05 15:26:16 Analysis finished
2026/06/05 15:26:16 Start rewrite
2026/06/05 15:26:16 Finished Rewrite
2026/06/05 15:26:16 Number Results:  4
2026/06/05 15:26:16 Successfully rewrites:  0
2026/06/05 15:26:16 No need/not possible to rewrite:  4
2026/06/05 15:26:16 Failed rewrites:  0
2026/06/05 15:26:16 Start guided execution
2026/06/05 15:26:16 Found 0 rewritten traces
2026/06/05 15:26:16 Create bug reports
2026/06/05 15:26:16 [31mline number out of range[0m
2026/06/05 15:26:16 [31mline number out of range[0m
2026/06/05 15:26:16 [31mline number out of range[0m
2026/06/05 15:26:16 [31mline number out of range[0m
2026/06/05 15:26:16 [32mFound Actual Non-Cyclic Blocking Bug.[0m
2026/06/05 15:26:16 [32mFound Leak on Sync.Mutex.[0m
2026/06/05 15:26:16 Create statistics
2026/06/05 15:26:16 Finished run for TestKubernetes11298
2026/06/05 15:26:16 Parse recorded trace for fuzzing information
2026/06/05 15:26:16 Create mutations
2026/06/05 15:26:16 Create GoPie mutations
2026/06/05 15:26:16 Mutate 24 scheduling chains
2026/06/05 15:26:16 Write 0 mutations to file
2026/06/05 15:26:16 Create statistics
2026/06/05 15:26:16 Current fuzzing queue size: 0
2026/06/05 15:26:16 Remaining fuzzing time: 9:58 min
2026/06/05 15:26:16 Finish fuzzing after 1 runs
2026/06/05 15:26:16 Processing file: /home/advocate/Advocate/Experiments/Advocate/helper/aplas/output/oocLength/4/blocking/kubernetes/13135/kubernetes13135_test.go
2026/06/05 15:26:16 Fuzzing Run:  1
2026/06/05 15:26:16 Create  /home/advocate/Advocate/Experiments/Advocate/helper/aplas/output/oocLength/4/advocateResult/file(42)-test(1)-kubernetes13135_test-TestKubernetes13135
2026/06/05 15:26:16 Execute Test
2026/06/05 15:26:17 Text executed
2026/06/05 15:26:17 Run the analyzer for /home/advocate/Advocate/Experiments/Advocate/helper/aplas/output/oocLength/4/blocking/kubernetes/13135/advocateTrace
2026/06/05 15:26:17 Read trace with 44 elements in 4 routines
2026/06/05 15:26:17 Start Analysis
2026/06/05 15:26:17 Finished HB analysis
2026/06/05 15:26:17 Analysis finished
2026/06/05 15:26:17 Start rewrite
2026/06/05 15:26:17 Finished Rewrite
2026/06/05 15:26:17 Number Results:  5
2026/06/05 15:26:17 Successfully rewrites:  0
2026/06/05 15:26:17 No need/not possible to rewrite:  5
2026/06/05 15:26:17 Failed rewrites:  0
2026/06/05 15:26:17 Start guided execution
2026/06/05 15:26:17 Found 0 rewritten traces
2026/06/05 15:26:17 Create bug reports
2026/06/05 15:26:17 [32mFound Possible Cyclic Deadlock.[0m
2026/06/05 15:26:17 [31mline number out of range[0m
2026/06/05 15:26:17 [31mline number out of range[0m
2026/06/05 15:26:17 [31mline number out of range[0m
2026/06/05 15:26:17 [31mline number out of range[0m
2026/06/05 15:26:17 Create statistics
2026/06/05 15:26:17 Finished run for TestKubernetes13135
2026/06/05 15:26:17 Parse recorded trace for fuzzing information
2026/06/05 15:26:17 Create mutations
2026/06/05 15:26:17 Create GoPie mutations
2026/06/05 15:26:17 Mutate 24 scheduling chains
2026/06/05 15:26:17 Write 0 mutations to file
2026/06/05 15:26:17 Create statistics
2026/06/05 15:26:17 Current fuzzing queue size: 0
2026/06/05 15:26:17 Remaining fuzzing time: 9:58 min
2026/06/05 15:26:17 Finish fuzzing after 1 runs
2026/06/05 15:26:17 Processing file: /home/advocate/Advocate/Experiments/Advocate/helper/aplas/output/oocLength/4/blocking/kubernetes/1321/kubernetes1321_test.go
2026/06/05 15:26:17 Fuzzing Run:  1
2026/06/05 15:26:17 Create  /home/advocate/Advocate/Experiments/Advocate/helper/aplas/output/oocLength/4/advocateResult/file(43)-test(1)-kubernetes1321_test-TestKubernetes1321
2026/06/05 15:26:17 Execute Test
2026/06/05 15:26:18 Text executed
2026/06/05 15:26:18 Run the analyzer for /home/advocate/Advocate/Experiments/Advocate/helper/aplas/output/oocLength/4/blocking/kubernetes/1321/advocateTrace
2026/06/05 15:26:18 Read trace with 413 elements in 27 routines
2026/06/05 15:26:18 Start Analysis
2026/06/05 15:26:18 Finished HB analysis
2026/06/05 15:26:18 Analysis finished
2026/06/05 15:26:18 Start rewrite
2026/06/05 15:26:18 Finished Rewrite
2026/06/05 15:26:18 Number Results:  4
2026/06/05 15:26:18 Successfully rewrites:  0
2026/06/05 15:26:18 No need/not possible to rewrite:  4
2026/06/05 15:26:18 Failed rewrites:  0
2026/06/05 15:26:18 Start guided execution
2026/06/05 15:26:18 Found 0 rewritten traces
2026/06/05 15:26:18 Create bug reports
2026/06/05 15:26:18 [31mline number out of range[0m
2026/06/05 15:26:18 [31mline number out of range[0m
2026/06/05 15:26:18 [31mline number out of range[0m
2026/06/05 15:26:18 [31mline number out of range[0m
2026/06/05 15:26:18 Create statistics
2026/06/05 15:26:18 Finished run for TestKubernetes1321
2026/06/05 15:26:18 Parse recorded trace for fuzzing information
2026/06/05 15:26:18 Create mutations
2026/06/05 15:26:18 Create GoPie mutations
2026/06/05 15:26:18 Mutate 6 scheduling chains
2026/06/05 15:26:18 Write 0 mutations to file
2026/06/05 15:26:18 Create statistics
2026/06/05 15:26:18 Current fuzzing queue size: 0
2026/06/05 15:26:18 Remaining fuzzing time: 9:58 min
2026/06/05 15:26:18 Finish fuzzing after 1 runs
2026/06/05 15:26:18 Processing file: /home/advocate/Advocate/Experiments/Advocate/helper/aplas/output/oocLength/4/blocking/kubernetes/25331/kubernetes25331_test.go
2026/06/05 15:26:18 Fuzzing Run:  1
2026/06/05 15:26:18 Create  /home/advocate/Advocate/Experiments/Advocate/helper/aplas/output/oocLength/4/advocateResult/file(44)-test(1)-kubernetes25331_test-TestKubernetes25331
2026/06/05 15:26:18 Execute Test
2026/06/05 15:26:19 Text executed
2026/06/05 15:26:19 Run the analyzer for /home/advocate/Advocate/Experiments/Advocate/helper/aplas/output/oocLength/4/blocking/kubernetes/25331/advocateTrace
2026/06/05 15:26:19 Read trace with 17 elements in 3 routines
2026/06/05 15:26:19 Start Analysis
2026/06/05 15:26:19 Finished HB analysis
2026/06/05 15:26:19 Analysis finished
2026/06/05 15:26:19 Start rewrite
2026/06/05 15:26:19 Finished Rewrite
2026/06/05 15:26:19 Number Results:  4
2026/06/05 15:26:19 Successfully rewrites:  0
2026/06/05 15:26:19 No need/not possible to rewrite:  4
2026/06/05 15:26:19 Failed rewrites:  0
2026/06/05 15:26:19 Start guided execution
2026/06/05 15:26:19 Found 0 rewritten traces
2026/06/05 15:26:19 Create bug reports
2026/06/05 15:26:19 [31mline number out of range[0m
2026/06/05 15:26:19 [31mline number out of range[0m
2026/06/05 15:26:19 [31mline number out of range[0m
2026/06/05 15:26:19 [31mline number out of range[0m
2026/06/05 15:26:19 [32mFound Actual Non-Cyclic Blocking Bug.[0m
2026/06/05 15:26:19 Create statistics
2026/06/05 15:26:19 Finished run for TestKubernetes25331
2026/06/05 15:26:19 Parse recorded trace for fuzzing information
2026/06/05 15:26:19 Create mutations
2026/06/05 15:26:19 Create GoPie mutations
2026/06/05 15:26:19 Mutate 24 scheduling chains
2026/06/05 15:26:19 Write 1 special mutation to file
2026/06/05 15:26:19 Write 0 mutations to file
2026/06/05 15:26:19 Create statistics
2026/06/05 15:26:19 Current fuzzing queue size: 0
2026/06/05 15:26:19 Remaining fuzzing time: 9:58 min
2026/06/05 15:26:19 Finish fuzzing after 1 runs
2026/06/05 15:26:19 Processing file: /home/advocate/Advocate/Experiments/Advocate/helper/aplas/output/oocLength/4/blocking/kubernetes/26980/kubernetes26980_test.go
2026/06/05 15:26:19 Fuzzing Run:  1
2026/06/05 15:26:19 Create  /home/advocate/Advocate/Experiments/Advocate/helper/aplas/output/oocLength/4/advocateResult/file(45)-test(1)-kubernetes26980_test-TestKubernetes26980
2026/06/05 15:26:19 Execute Test
2026/06/05 15:26:20 Text executed
2026/06/05 15:26:20 Run the analyzer for /home/advocate/Advocate/Experiments/Advocate/helper/aplas/output/oocLength/4/blocking/kubernetes/26980/advocateTrace
2026/06/05 15:26:20 Read trace with 18 elements in 3 routines
2026/06/05 15:26:20 Start Analysis
2026/06/05 15:26:20 Finished HB analysis
2026/06/05 15:26:21 Analysis finished
2026/06/05 15:26:21 Start rewrite
2026/06/05 15:26:21 Finished Rewrite
2026/06/05 15:26:21 Number Results:  4
2026/06/05 15:26:21 Successfully rewrites:  0
2026/06/05 15:26:21 No need/not possible to rewrite:  4
2026/06/05 15:26:21 Failed rewrites:  0
2026/06/05 15:26:21 Start guided execution
2026/06/05 15:26:21 Found 0 rewritten traces
2026/06/05 15:26:21 Create bug reports
2026/06/05 15:26:21 [31mline number out of range[0m
2026/06/05 15:26:21 [31mline number out of range[0m
2026/06/05 15:26:21 [31mline number out of range[0m
2026/06/05 15:26:21 [31mline number out of range[0m
2026/06/05 15:26:21 [32mFound Actual Non-Cyclic Blocking Bug.[0m
2026/06/05 15:26:21 Create statistics
2026/06/05 15:26:21 Finished run for TestKubernetes26980
2026/06/05 15:26:21 Parse recorded trace for fuzzing information
2026/06/05 15:26:21 Create mutations
2026/06/05 15:26:21 Create GoPie mutations
2026/06/05 15:26:21 Mutate 24 scheduling chains
2026/06/05 15:26:21 Write 0 mutations to file
2026/06/05 15:26:21 Create statistics
2026/06/05 15:26:21 Current fuzzing queue size: 0
2026/06/05 15:26:21 Remaining fuzzing time: 9:58 min
2026/06/05 15:26:21 Finish fuzzing after 1 runs
2026/06/05 15:26:21 Processing file: /home/advocate/Advocate/Experiments/Advocate/helper/aplas/output/oocLength/4/blocking/kubernetes/30872/kubernetes30872_test.go
2026/06/05 15:26:21 Fuzzing Run:  1
2026/06/05 15:26:21 Create  /home/advocate/Advocate/Experiments/Advocate/helper/aplas/output/oocLength/4/advocateResult/file(46)-test(1)-kubernetes30872_test-TestKubernetes30872_bad_test
2026/06/05 15:26:21 Execute Test
2026/06/05 15:26:22 Text executed
2026/06/05 15:26:22 Run the analyzer for /home/advocate/Advocate/Experiments/Advocate/helper/aplas/output/oocLength/4/blocking/kubernetes/30872/advocateTrace
2026/06/05 15:26:22 Read trace with 116 elements in 4 routines
2026/06/05 15:26:22 Start Analysis
2026/06/05 15:26:22 Finished HB analysis
2026/06/05 15:26:22 Analysis finished
2026/06/05 15:26:22 Start rewrite
2026/06/05 15:26:22 Finished Rewrite
2026/06/05 15:26:22 Number Results:  5
2026/06/05 15:26:22 Successfully rewrites:  0
2026/06/05 15:26:22 No need/not possible to rewrite:  5
2026/06/05 15:26:22 Failed rewrites:  0
2026/06/05 15:26:22 Start guided execution
2026/06/05 15:26:22 Found 0 rewritten traces
2026/06/05 15:26:22 Create bug reports
2026/06/05 15:26:22 [32mFound Possible Cyclic Deadlock.[0m
2026/06/05 15:26:22 [31mline number out of range[0m
2026/06/05 15:26:22 [31mline number out of range[0m
2026/06/05 15:26:22 [31mline number out of range[0m
2026/06/05 15:26:22 [31mline number out of range[0m
2026/06/05 15:26:22 Create statistics
2026/06/05 15:26:22 Finished run for TestKubernetes30872_bad_test
2026/06/05 15:26:22 Parse recorded trace for fuzzing information
2026/06/05 15:26:22 Create mutations
2026/06/05 15:26:22 Create GoPie mutations
2026/06/05 15:26:22 Mutate 24 scheduling chains
2026/06/05 15:26:22 Write 0 mutations to file
2026/06/05 15:26:22 Create statistics
2026/06/05 15:26:22 Current fuzzing queue size: 0
2026/06/05 15:26:22 Remaining fuzzing time: 9:58 min
2026/06/05 15:26:22 Finish fuzzing after 1 runs
2026/06/05 15:26:22 Processing file: /home/advocate/Advocate/Experiments/Advocate/helper/aplas/output/oocLength/4/blocking/kubernetes/38669/kubernetes38669_test.go
2026/06/05 15:26:22 Fuzzing Run:  1
2026/06/05 15:26:22 Create  /home/advocate/Advocate/Experiments/Advocate/helper/aplas/output/oocLength/4/advocateResult/file(47)-test(1)-kubernetes38669_test-TestKubernetes38669
2026/06/05 15:26:22 Execute Test
2026/06/05 15:26:23 Text executed
2026/06/05 15:26:23 Run the analyzer for /home/advocate/Advocate/Experiments/Advocate/helper/aplas/output/oocLength/4/blocking/kubernetes/38669/advocateTrace
2026/06/05 15:26:23 Read trace with 8 elements in 2 routines
2026/06/05 15:26:23 Start Analysis
2026/06/05 15:26:23 Finished HB analysis
2026/06/05 15:26:23 Analysis finished
2026/06/05 15:26:23 Start rewrite
2026/06/05 15:26:23 Finished Rewrite
2026/06/05 15:26:23 Number Results:  4
2026/06/05 15:26:23 Successfully rewrites:  0
2026/06/05 15:26:23 No need/not possible to rewrite:  4
2026/06/05 15:26:23 Failed rewrites:  0
2026/06/05 15:26:23 Start guided execution
2026/06/05 15:26:23 Found 0 rewritten traces
2026/06/05 15:26:23 Create bug reports
2026/06/05 15:26:23 [31mline number out of range[0m
2026/06/05 15:26:23 [31mline number out of range[0m
2026/06/05 15:26:23 [31mline number out of range[0m
2026/06/05 15:26:23 [31mline number out of range[0m
2026/06/05 15:26:23 [32mFound Actual Non-Cyclic Blocking Bug.[0m
2026/06/05 15:26:23 Create statistics
2026/06/05 15:26:23 Finished run for TestKubernetes38669
2026/06/05 15:26:23 Parse recorded trace for fuzzing information
2026/06/05 15:26:23 Create mutations
2026/06/05 15:26:23 Create GoPie mutations
2026/06/05 15:26:23 Mutate 0 scheduling chains
2026/06/05 15:26:23 Write 0 mutations to file
2026/06/05 15:26:23 Create statistics
2026/06/05 15:26:23 Current fuzzing queue size: 0
2026/06/05 15:26:23 Remaining fuzzing time: 9:58 min
2026/06/05 15:26:23 Finish fuzzing after 1 runs
2026/06/05 15:26:23 Processing file: /home/advocate/Advocate/Experiments/Advocate/helper/aplas/output/oocLength/4/blocking/kubernetes/5316/kubernetes5316_test.go
2026/06/05 15:26:23 Fuzzing Run:  1
2026/06/05 15:26:23 Create  /home/advocate/Advocate/Experiments/Advocate/helper/aplas/output/oocLength/4/advocateResult/file(48)-test(1)-kubernetes5316_test-TestKubernetes5316
2026/06/05 15:26:23 Execute Test
2026/06/05 15:26:24 Text executed
2026/06/05 15:26:24 Run the analyzer for /home/advocate/Advocate/Experiments/Advocate/helper/aplas/output/oocLength/4/blocking/kubernetes/5316/advocateTrace
2026/06/05 15:26:24 Read trace with 8 elements in 3 routines
2026/06/05 15:26:24 Start Analysis
2026/06/05 15:26:24 Finished HB analysis
2026/06/05 15:26:24 Analysis finished
2026/06/05 15:26:24 Start rewrite
2026/06/05 15:26:24 Finished Rewrite
2026/06/05 15:26:24 Number Results:  4
2026/06/05 15:26:24 Successfully rewrites:  0
2026/06/05 15:26:24 No need/not possible to rewrite:  4
2026/06/05 15:26:24 Failed rewrites:  0
2026/06/05 15:26:24 Start guided execution
2026/06/05 15:26:24 Found 0 rewritten traces
2026/06/05 15:26:24 Create bug reports
2026/06/05 15:26:24 [31mline number out of range[0m
2026/06/05 15:26:24 [31mline number out of range[0m
2026/06/05 15:26:24 [31mline number out of range[0m
2026/06/05 15:26:24 [31mline number out of range[0m
2026/06/05 15:26:24 [32mFound Actual Non-Cyclic Blocking Bug.[0m
2026/06/05 15:26:24 Create statistics
2026/06/05 15:26:24 Finished run for TestKubernetes5316
2026/06/05 15:26:24 Parse recorded trace for fuzzing information
2026/06/05 15:26:24 Create mutations
2026/06/05 15:26:24 Create GoPie mutations
2026/06/05 15:26:24 Mutate 0 scheduling chains
2026/06/05 15:26:24 Write 0 mutations to file
2026/06/05 15:26:24 Create statistics
2026/06/05 15:26:24 Current fuzzing queue size: 0
2026/06/05 15:26:24 Remaining fuzzing time: 9:58 min
2026/06/05 15:26:24 Finish fuzzing after 1 runs
2026/06/05 15:26:24 Processing file: /home/advocate/Advocate/Experiments/Advocate/helper/aplas/output/oocLength/4/blocking/kubernetes/58107/kubernetes58107_test.go
2026/06/05 15:26:24 Fuzzing Run:  1
2026/06/05 15:26:24 Create  /home/advocate/Advocate/Experiments/Advocate/helper/aplas/output/oocLength/4/advocateResult/file(49)-test(1)-kubernetes58107_test-TestKubernetes58107
2026/06/05 15:26:24 Execute Test
2026/06/05 15:26:33 Text executed
2026/06/05 15:26:33 Run the analyzer for /home/advocate/Advocate/Experiments/Advocate/helper/aplas/output/oocLength/4/blocking/kubernetes/58107/advocateTrace
2026/06/05 15:26:33 Read trace with 400022 elements in 30 routines
2026/06/05 15:26:33 Start Analysis
2026/06/05 15:26:33 Finished HB analysis
2026/06/05 15:26:33 Analysis finished
2026/06/05 15:26:33 Start rewrite
2026/06/05 15:26:33 Finished Rewrite
2026/06/05 15:26:33 Number Results:  4
2026/06/05 15:26:33 Successfully rewrites:  0
2026/06/05 15:26:33 No need/not possible to rewrite:  4
2026/06/05 15:26:33 Failed rewrites:  0
2026/06/05 15:26:33 Start guided execution
2026/06/05 15:26:33 Found 0 rewritten traces
2026/06/05 15:26:33 Create bug reports
2026/06/05 15:26:33 [31mline number out of range[0m
2026/06/05 15:26:33 [31mline number out of range[0m
2026/06/05 15:26:33 [31mline number out of range[0m
2026/06/05 15:26:33 [31mline number out of range[0m
2026/06/05 15:26:33 [32mFound Actual Non-Cyclic Blocking Bug.[0m
2026/06/05 15:26:33 Create statistics
2026/06/05 15:26:34 Finished run for TestKubernetes58107
2026/06/05 15:26:34 Parse recorded trace for fuzzing information
2026/06/05 15:26:34 Create mutations
2026/06/05 15:26:34 Create GoPie mutations
2026/06/05 15:26:36 Mutate 24 scheduling chains
2026/06/05 15:26:39 Write 0 mutations to file
2026/06/05 15:26:39 Create statistics
2026/06/05 15:26:39 Current fuzzing queue size: 0
2026/06/05 15:26:39 Remaining fuzzing time: 9:44 min
2026/06/05 15:26:39 Finish fuzzing after 1 runs
2026/06/05 15:26:39 Processing file: /home/advocate/Advocate/Experiments/Advocate/helper/aplas/output/oocLength/4/blocking/kubernetes/62464/kubernetes62464_test.go
2026/06/05 15:26:39 Fuzzing Run:  1
2026/06/05 15:26:39 Create  /home/advocate/Advocate/Experiments/Advocate/helper/aplas/output/oocLength/4/advocateResult/file(50)-test(1)-kubernetes62464_test-TestKubernetes62464
2026/06/05 15:26:39 Execute Test
2026/06/05 15:26:41 Text executed
2026/06/05 15:26:41 Run the analyzer for /home/advocate/Advocate/Experiments/Advocate/helper/aplas/output/oocLength/4/blocking/kubernetes/62464/advocateTrace
2026/06/05 15:26:41 Read trace with 13 elements in 3 routines
2026/06/05 15:26:41 Start Analysis
2026/06/05 15:26:41 Finished HB analysis
2026/06/05 15:26:41 Analysis finished
2026/06/05 15:26:41 Start rewrite
2026/06/05 15:26:41 Finished Rewrite
2026/06/05 15:26:41 Number Results:  4
2026/06/05 15:26:41 Successfully rewrites:  0
2026/06/05 15:26:41 No need/not possible to rewrite:  4
2026/06/05 15:26:41 Failed rewrites:  0
2026/06/05 15:26:41 Start guided execution
2026/06/05 15:26:41 Found 0 rewritten traces
2026/06/05 15:26:41 Create bug reports
2026/06/05 15:26:41 [31mline number out of range[0m
2026/06/05 15:26:41 [31mline number out of range[0m
2026/06/05 15:26:41 [31mline number out of range[0m
2026/06/05 15:26:41 [31mline number out of range[0m
2026/06/05 15:26:41 Create statistics
2026/06/05 15:26:41 Finished run for TestKubernetes62464
2026/06/05 15:26:41 Parse recorded trace for fuzzing information
2026/06/05 15:26:41 Create mutations
2026/06/05 15:26:41 Create GoPie mutations
2026/06/05 15:26:41 Mutate 24 scheduling chains
2026/06/05 15:26:41 Write 0 mutations to file
2026/06/05 15:26:41 Create statistics
2026/06/05 15:26:41 Current fuzzing queue size: 0
2026/06/05 15:26:41 Remaining fuzzing time: 9:58 min
2026/06/05 15:26:41 Finish fuzzing after 1 runs
2026/06/05 15:26:41 Processing file: /home/advocate/Advocate/Experiments/Advocate/helper/aplas/output/oocLength/4/blocking/kubernetes/6632/kubernetes6632_test.go
2026/06/05 15:26:41 Fuzzing Run:  1
2026/06/05 15:26:41 Create  /home/advocate/Advocate/Experiments/Advocate/helper/aplas/output/oocLength/4/advocateResult/file(51)-test(1)-kubernetes6632_test-TestKubernetes6632
2026/06/05 15:26:41 Execute Test
2026/06/05 15:26:42 Text executed
2026/06/05 15:26:42 Run the analyzer for /home/advocate/Advocate/Experiments/Advocate/helper/aplas/output/oocLength/4/blocking/kubernetes/6632/advocateTrace
2026/06/05 15:26:42 Read trace with 12 elements in 4 routines
2026/06/05 15:26:42 Start Analysis
2026/06/05 15:26:42 Finished HB analysis
2026/06/05 15:26:42 Analysis finished
2026/06/05 15:26:42 Start rewrite
2026/06/05 15:26:42 Finished Rewrite
2026/06/05 15:26:42 Number Results:  4
2026/06/05 15:26:42 Successfully rewrites:  0
2026/06/05 15:26:42 No need/not possible to rewrite:  4
2026/06/05 15:26:42 Failed rewrites:  0
2026/06/05 15:26:42 Start guided execution
2026/06/05 15:26:42 Found 0 rewritten traces
2026/06/05 15:26:42 Create bug reports
2026/06/05 15:26:42 [31mline number out of range[0m
2026/06/05 15:26:42 [31mline number out of range[0m
2026/06/05 15:26:42 [31mline number out of range[0m
2026/06/05 15:26:42 [31mline number out of range[0m
2026/06/05 15:26:42 [32mFound Actual Non-Cyclic Blocking Bug.[0m
2026/06/05 15:26:42 Create statistics
2026/06/05 15:26:42 Finished run for TestKubernetes6632
2026/06/05 15:26:42 Parse recorded trace for fuzzing information
2026/06/05 15:26:42 Create mutations
2026/06/05 15:26:42 Create GoPie mutations
2026/06/05 15:26:42 Mutate 24 scheduling chains
2026/06/05 15:26:42 Write 0 mutations to file
2026/06/05 15:26:42 Create statistics
2026/06/05 15:26:42 Current fuzzing queue size: 0
2026/06/05 15:26:42 Remaining fuzzing time: 9:58 min
2026/06/05 15:26:42 Finish fuzzing after 1 runs
2026/06/05 15:26:42 Processing file: /home/advocate/Advocate/Experiments/Advocate/helper/aplas/output/oocLength/4/blocking/kubernetes/70277/kubernetes70277_test.go
2026/06/05 15:26:42 Fuzzing Run:  1
2026/06/05 15:26:42 Create  /home/advocate/Advocate/Experiments/Advocate/helper/aplas/output/oocLength/4/advocateResult/file(52)-test(1)-kubernetes70277_test-TestKubernetes70277
2026/06/05 15:26:42 Execute Test
2026/06/05 15:30:43 Text executed
2026/06/05 15:30:43 Run the analyzer for /home/advocate/Advocate/Experiments/Advocate/helper/aplas/output/oocLength/4/blocking/kubernetes/70277/advocateTrace
2026/06/05 15:30:43 Read trace with 38127 elements in 26 routines
2026/06/05 15:30:43 Start Analysis
2026/06/05 15:30:43 Finished HB analysis
2026/06/05 15:34:27 Analysis finished
2026/06/05 15:34:27 Start rewrite
2026/06/05 15:34:27 Finished Rewrite
2026/06/05 15:34:27 Number Results:  5
2026/06/05 15:34:27 Successfully rewrites:  0
2026/06/05 15:34:27 No need/not possible to rewrite:  5
2026/06/05 15:34:27 Failed rewrites:  0
2026/06/05 15:34:27 Start guided execution
2026/06/05 15:34:27 Found 0 rewritten traces
2026/06/05 15:34:27 Create bug reports
2026/06/05 15:34:27 [31mline number out of range[0m
2026/06/05 15:34:27 [31mline number out of range[0m
2026/06/05 15:34:27 [31mline number out of range[0m
2026/06/05 15:34:27 [31mline number out of range[0m
2026/06/05 15:34:27 [32mFound Actual Non-Cyclic Blocking Bug.[0m
2026/06/05 15:34:27 Create statistics
2026/06/05 15:34:27 Finished run for TestKubernetes70277
2026/06/05 15:34:27 Parse recorded trace for fuzzing information
2026/06/05 15:34:27 Create mutations
2026/06/05 15:34:27 Create GoPie mutations
2026/06/05 15:34:27 Mutate 7 scheduling chains
2026/06/05 15:34:27 Write 0 mutations to file
2026/06/05 15:34:27 Create statistics
2026/06/05 15:34:27 Current fuzzing queue size: 0
2026/06/05 15:34:27 Remaining fuzzing time: 2:14 min
2026/06/05 15:34:27 Finish fuzzing after 1 runs
2026/06/05 15:34:27 Processing file: /home/advocate/Advocate/Experiments/Advocate/helper/aplas/output/oocLength/4/blocking/moby/17176/moby17176_test.go
2026/06/05 15:34:27 Fuzzing Run:  1
2026/06/05 15:34:27 Create  /home/advocate/Advocate/Experiments/Advocate/helper/aplas/output/oocLength/4/advocateResult/file(53)-test(1)-moby17176_test-TestMoby17176
2026/06/05 15:34:27 Execute Test
2026/06/05 15:34:29 Text executed
2026/06/05 15:34:29 Run the analyzer for /home/advocate/Advocate/Experiments/Advocate/helper/aplas/output/oocLength/4/blocking/moby/17176/advocateTrace
2026/06/05 15:34:29 Read trace with 6 elements in 2 routines
2026/06/05 15:34:29 Start Analysis
2026/06/05 15:34:29 Finished HB analysis
2026/06/05 15:34:29 Analysis finished
2026/06/05 15:34:29 Start rewrite
2026/06/05 15:34:29 Finished Rewrite
2026/06/05 15:34:29 Number Results:  4
2026/06/05 15:34:29 Successfully rewrites:  0
2026/06/05 15:34:29 No need/not possible to rewrite:  4
2026/06/05 15:34:29 Failed rewrites:  0
2026/06/05 15:34:29 Start guided execution
2026/06/05 15:34:29 Found 0 rewritten traces
2026/06/05 15:34:29 Create bug reports
2026/06/05 15:34:29 [31mline number out of range[0m
2026/06/05 15:34:29 [31mline number out of range[0m
2026/06/05 15:34:29 [31mline number out of range[0m
2026/06/05 15:34:29 [31mline number out of range[0m
2026/06/05 15:34:29 [31mline number out of range[0m
2026/06/05 15:34:29 [32mFound Actual Non-Cyclic Blocking Bug.[0m
2026/06/05 15:34:29 Create statistics
2026/06/05 15:34:29 Finished run for TestMoby17176
2026/06/05 15:34:29 Parse recorded trace for fuzzing information
2026/06/05 15:34:29 Create mutations
2026/06/05 15:34:29 Create GoPie mutations
2026/06/05 15:34:29 Mutate 0 scheduling chains
2026/06/05 15:34:29 Write 0 mutations to file
2026/06/05 15:34:29 Create statistics
2026/06/05 15:34:29 Current fuzzing queue size: 0
2026/06/05 15:34:29 Remaining fuzzing time: 9:58 min
2026/06/05 15:34:29 Finish fuzzing after 1 runs
2026/06/05 15:34:29 Processing file: /home/advocate/Advocate/Experiments/Advocate/helper/aplas/output/oocLength/4/blocking/moby/21233/moby21233_test.go
2026/06/05 15:34:29 Fuzzing Run:  1
2026/06/05 15:34:29 Create  /home/advocate/Advocate/Experiments/Advocate/helper/aplas/output/oocLength/4/advocateResult/file(54)-test(1)-moby21233_test-TestMoby21233
2026/06/05 15:34:29 Execute Test
2026/06/05 15:34:30 Text executed
2026/06/05 15:34:30 Run the analyzer for /home/advocate/Advocate/Experiments/Advocate/helper/aplas/output/oocLength/4/blocking/moby/21233/advocateTrace
2026/06/05 15:34:30 Read trace with 64 elements in 6 routines
2026/06/05 15:34:30 Start Analysis
2026/06/05 15:34:30 Finished HB analysis
2026/06/05 15:34:30 Analysis finished
2026/06/05 15:34:30 Start rewrite
2026/06/05 15:34:30 Finished Rewrite
2026/06/05 15:34:30 Number Results:  4
2026/06/05 15:34:30 Successfully rewrites:  0
2026/06/05 15:34:30 No need/not possible to rewrite:  4
2026/06/05 15:34:30 Failed rewrites:  0
2026/06/05 15:34:30 Start guided execution
2026/06/05 15:34:30 Found 0 rewritten traces
2026/06/05 15:34:30 Create bug reports
2026/06/05 15:34:30 [31mline number out of range[0m
2026/06/05 15:34:30 [31mline number out of range[0m
2026/06/05 15:34:30 [31mline number out of range[0m
2026/06/05 15:34:30 [31mline number out of range[0m
2026/06/05 15:34:30 [31mline number out of range[0m
2026/06/05 15:34:30 [32mFound Actual Non-Cyclic Blocking Bug.[0m
2026/06/05 15:34:30 Create statistics
2026/06/05 15:34:30 Finished run for TestMoby21233
2026/06/05 15:34:30 Parse recorded trace for fuzzing information
2026/06/05 15:34:30 Create mutations
2026/06/05 15:34:30 Create GoPie mutations
2026/06/05 15:34:30 Mutate 24 scheduling chains
2026/06/05 15:34:30 Write 0 mutations to file
2026/06/05 15:34:30 Create statistics
2026/06/05 15:34:30 Current fuzzing queue size: 0
2026/06/05 15:34:30 Remaining fuzzing time: 9:58 min
2026/06/05 15:34:30 Finish fuzzing after 1 runs
2026/06/05 15:34:30 Processing file: /home/advocate/Advocate/Experiments/Advocate/helper/aplas/output/oocLength/4/blocking/moby/25384/moby25384_test.go
2026/06/05 15:34:30 Fuzzing Run:  1
2026/06/05 15:34:30 Create  /home/advocate/Advocate/Experiments/Advocate/helper/aplas/output/oocLength/4/advocateResult/file(55)-test(1)-moby25384_test-TestMoby25384
2026/06/05 15:34:30 Execute Test
2026/06/05 15:34:31 Text executed
2026/06/05 15:34:31 Run the analyzer for /home/advocate/Advocate/Experiments/Advocate/helper/aplas/output/oocLength/4/blocking/moby/25384/advocateTrace
2026/06/05 15:34:31 Read trace with 7 elements in 3 routines
2026/06/05 15:34:31 Start Analysis
2026/06/05 15:34:31 Finished HB analysis
2026/06/05 15:34:31 Analysis finished
2026/06/05 15:34:31 Start rewrite
2026/06/05 15:34:31 Finished Rewrite
2026/06/05 15:34:31 Number Results:  4
2026/06/05 15:34:31 Successfully rewrites:  0
2026/06/05 15:34:31 No need/not possible to rewrite:  4
2026/06/05 15:34:31 Failed rewrites:  0
2026/06/05 15:34:31 Start guided execution
2026/06/05 15:34:31 Found 0 rewritten traces
2026/06/05 15:34:31 Create bug reports
2026/06/05 15:34:31 [31mline number out of range[0m
2026/06/05 15:34:31 [31mline number out of range[0m
2026/06/05 15:34:31 [31mline number out of range[0m
2026/06/05 15:34:31 [31mline number out of range[0m
2026/06/05 15:34:31 [31mline number out of range[0m
2026/06/05 15:34:31 [32mFound Actual Non-Cyclic Blocking Bug.[0m
2026/06/05 15:34:31 Create statistics
2026/06/05 15:34:31 Finished run for TestMoby25384
2026/06/05 15:34:31 Parse recorded trace for fuzzing information
2026/06/05 15:34:31 Create mutations
2026/06/05 15:34:31 Create GoPie mutations
2026/06/05 15:34:31 Mutate 24 scheduling chains
2026/06/05 15:34:31 Write 0 mutations to file
2026/06/05 15:34:31 Create statistics
2026/06/05 15:34:31 Current fuzzing queue size: 0
2026/06/05 15:34:31 Remaining fuzzing time: 9:58 min
2026/06/05 15:34:31 Finish fuzzing after 1 runs
2026/06/05 15:34:31 Processing file: /home/advocate/Advocate/Experiments/Advocate/helper/aplas/output/oocLength/4/blocking/moby/27782/moby27782_test.go
2026/06/05 15:34:31 Fuzzing Run:  1
2026/06/05 15:34:31 Create  /home/advocate/Advocate/Experiments/Advocate/helper/aplas/output/oocLength/4/advocateResult/file(56)-test(1)-moby27782_test-TestMoby27782
2026/06/05 15:34:31 Execute Test
2026/06/05 15:34:32 Text executed
2026/06/05 15:34:32 Run the analyzer for /home/advocate/Advocate/Experiments/Advocate/helper/aplas/output/oocLength/4/blocking/moby/27782/advocateTrace
2026/06/05 15:34:32 Read trace with 19 elements in 5 routines
2026/06/05 15:34:32 Start Analysis
2026/06/05 15:34:32 Finished HB analysis
2026/06/05 15:34:32 Analysis finished
2026/06/05 15:34:32 Start rewrite
2026/06/05 15:34:32 Finished Rewrite
2026/06/05 15:34:32 Number Results:  4
2026/06/05 15:34:32 Successfully rewrites:  0
2026/06/05 15:34:32 No need/not possible to rewrite:  4
2026/06/05 15:34:32 Failed rewrites:  0
2026/06/05 15:34:32 Start guided execution
2026/06/05 15:34:32 Found 0 rewritten traces
2026/06/05 15:34:32 Create bug reports
2026/06/05 15:34:32 [31mline number out of range[0m
2026/06/05 15:34:32 [31mline number out of range[0m
2026/06/05 15:34:32 [31mline number out of range[0m
2026/06/05 15:34:32 [31mline number out of range[0m
2026/06/05 15:34:32 [31mline number out of range[0m
2026/06/05 15:34:32 [32mFound Actual Non-Cyclic Blocking Bug.[0m
2026/06/05 15:34:32 Create statistics
2026/06/05 15:34:32 Finished run for TestMoby27782
2026/06/05 15:34:32 Parse recorded trace for fuzzing information
2026/06/05 15:34:32 Create mutations
2026/06/05 15:34:32 Create GoPie mutations
2026/06/05 15:34:32 Mutate 0 scheduling chains
2026/06/05 15:34:32 Write 2 special mutation to file
2026/06/05 15:34:32 Write 0 mutations to file
2026/06/05 15:34:32 Create statistics
2026/06/05 15:34:32 Current fuzzing queue size: 0
2026/06/05 15:34:32 Remaining fuzzing time: 9:58 min
2026/06/05 15:34:32 Finish fuzzing after 1 runs
2026/06/05 15:34:32 Processing file: /home/advocate/Advocate/Experiments/Advocate/helper/aplas/output/oocLength/4/blocking/moby/28462/moby28462_test.go
2026/06/05 15:34:32 Fuzzing Run:  1
2026/06/05 15:34:32 Create  /home/advocate/Advocate/Experiments/Advocate/helper/aplas/output/oocLength/4/advocateResult/file(57)-test(1)-moby28462_test-TestMoby28462
2026/06/05 15:34:32 Execute Test
2026/06/05 15:34:33 Text executed
2026/06/05 15:34:33 Run the analyzer for /home/advocate/Advocate/Experiments/Advocate/helper/aplas/output/oocLength/4/blocking/moby/28462/advocateTrace
2026/06/05 15:34:33 Read trace with 10 elements in 3 routines
2026/06/05 15:34:33 Start Analysis
2026/06/05 15:34:33 Finished HB analysis
2026/06/05 15:34:33 Analysis finished
2026/06/05 15:34:33 Start rewrite
2026/06/05 15:34:33 Finished Rewrite
2026/06/05 15:34:33 Number Results:  4
2026/06/05 15:34:33 Successfully rewrites:  0
2026/06/05 15:34:33 No need/not possible to rewrite:  4
2026/06/05 15:34:33 Failed rewrites:  0
2026/06/05 15:34:33 Start guided execution
2026/06/05 15:34:33 Found 0 rewritten traces
2026/06/05 15:34:33 Create bug reports
2026/06/05 15:34:33 [31mline number out of range[0m
2026/06/05 15:34:33 [31mline number out of range[0m
2026/06/05 15:34:33 [31mline number out of range[0m
2026/06/05 15:34:33 [31mline number out of range[0m
2026/06/05 15:34:33 [31mline number out of range[0m
2026/06/05 15:34:33 Create statistics
2026/06/05 15:34:33 Finished run for TestMoby28462
2026/06/05 15:34:33 Parse recorded trace for fuzzing information
2026/06/05 15:34:33 Create mutations
2026/06/05 15:34:33 Create GoPie mutations
2026/06/05 15:34:33 Mutate 0 scheduling chains
2026/06/05 15:34:33 Write 0 mutations to file
2026/06/05 15:34:33 Create statistics
2026/06/05 15:34:33 Current fuzzing queue size: 0
2026/06/05 15:34:33 Remaining fuzzing time: 9:58 min
2026/06/05 15:34:33 Finish fuzzing after 1 runs
2026/06/05 15:34:33 Processing file: /home/advocate/Advocate/Experiments/Advocate/helper/aplas/output/oocLength/4/blocking/moby/29733/moby29733_test.go
2026/06/05 15:34:33 Fuzzing Run:  1
2026/06/05 15:34:33 Create  /home/advocate/Advocate/Experiments/Advocate/helper/aplas/output/oocLength/4/advocateResult/file(58)-test(1)-moby29733_test-TestMoby29733
2026/06/05 15:34:33 Execute Test
2026/06/05 15:38:35 Text executed
2026/06/05 15:38:35 Run the analyzer for /home/advocate/Advocate/Experiments/Advocate/helper/aplas/output/oocLength/4/blocking/moby/29733/advocateTrace
2026/06/05 15:38:35 Read trace with 5 elements in 2 routines
2026/06/05 15:38:35 Start Analysis
2026/06/05 15:38:35 Finished HB analysis
2026/06/05 15:38:35 Analysis finished
2026/06/05 15:38:35 Start rewrite
2026/06/05 15:38:35 Finished Rewrite
2026/06/05 15:38:35 Number Results:  5
2026/06/05 15:38:35 Successfully rewrites:  0
2026/06/05 15:38:35 No need/not possible to rewrite:  5
2026/06/05 15:38:35 Failed rewrites:  0
2026/06/05 15:38:35 Start guided execution
2026/06/05 15:38:35 Found 0 rewritten traces
2026/06/05 15:38:35 Create bug reports
2026/06/05 15:38:35 [31mline number out of range[0m
2026/06/05 15:38:35 [31mline number out of range[0m
2026/06/05 15:38:35 [31mline number out of range[0m
2026/06/05 15:38:35 [31mline number out of range[0m
2026/06/05 15:38:35 [31mline number out of range[0m
2026/06/05 15:38:35 [32mFound Actual Non-Cyclic Blocking Bug.[0m
2026/06/05 15:38:35 Create statistics
2026/06/05 15:38:35 Finished run for TestMoby29733
2026/06/05 15:38:35 Parse recorded trace for fuzzing information
2026/06/05 15:38:35 Create mutations
2026/06/05 15:38:35 Create GoPie mutations
2026/06/05 15:38:35 Mutate 0 scheduling chains
2026/06/05 15:38:35 Write 0 mutations to file
2026/06/05 15:38:35 Create statistics
2026/06/05 15:38:35 Current fuzzing queue size: 0
2026/06/05 15:38:35 Remaining fuzzing time: 5:58 min
2026/06/05 15:38:35 Finish fuzzing after 1 runs
2026/06/05 15:38:35 Processing file: /home/advocate/Advocate/Experiments/Advocate/helper/aplas/output/oocLength/4/blocking/moby/30408/moby30408_test.go
2026/06/05 15:38:35 Fuzzing Run:  1
2026/06/05 15:38:35 Create  /home/advocate/Advocate/Experiments/Advocate/helper/aplas/output/oocLength/4/advocateResult/file(59)-test(1)-moby30408_test-TestMoby30408
2026/06/05 15:38:35 Execute Test
2026/06/05 15:42:36 Text executed
2026/06/05 15:42:36 Run the analyzer for /home/advocate/Advocate/Experiments/Advocate/helper/aplas/output/oocLength/4/blocking/moby/30408/advocateTrace
2026/06/05 15:42:36 Read trace with 5 elements in 2 routines
2026/06/05 15:42:36 Start Analysis
2026/06/05 15:42:36 Finished HB analysis
2026/06/05 15:42:36 Analysis finished
2026/06/05 15:42:36 Start rewrite
2026/06/05 15:42:36 Finished Rewrite
2026/06/05 15:42:36 Number Results:  5
2026/06/05 15:42:36 Successfully rewrites:  0
2026/06/05 15:42:36 No need/not possible to rewrite:  5
2026/06/05 15:42:36 Failed rewrites:  0
2026/06/05 15:42:36 Start guided execution
2026/06/05 15:42:36 Found 0 rewritten traces
2026/06/05 15:42:36 Create bug reports
2026/06/05 15:42:36 [31mline number out of range[0m
2026/06/05 15:42:36 [31mline number out of range[0m
2026/06/05 15:42:36 [31mline number out of range[0m
2026/06/05 15:42:36 [31mline number out of range[0m
2026/06/05 15:42:36 [31mline number out of range[0m
2026/06/05 15:42:36 [32mFound Actual Non-Cyclic Blocking Bug.[0m
2026/06/05 15:42:36 Create statistics
2026/06/05 15:42:36 Finished run for TestMoby30408
2026/06/05 15:42:36 Parse recorded trace for fuzzing information
2026/06/05 15:42:36 Create mutations
2026/06/05 15:42:36 Create GoPie mutations
2026/06/05 15:42:36 Mutate 0 scheduling chains
2026/06/05 15:42:36 Write 0 mutations to file
2026/06/05 15:42:36 Create statistics
2026/06/05 15:42:36 Current fuzzing queue size: 0
2026/06/05 15:42:36 Remaining fuzzing time: 5:58 min
2026/06/05 15:42:36 Finish fuzzing after 1 runs
2026/06/05 15:42:36 Processing file: /home/advocate/Advocate/Experiments/Advocate/helper/aplas/output/oocLength/4/blocking/moby/33293/moby33293_test.go
2026/06/05 15:42:36 Fuzzing Run:  1
2026/06/05 15:42:36 Create  /home/advocate/Advocate/Experiments/Advocate/helper/aplas/output/oocLength/4/advocateResult/file(60)-test(1)-moby33293_test-TestMoby33293
2026/06/05 15:42:36 Execute Test
2026/06/05 15:42:37 Text executed
2026/06/05 15:42:37 Run the analyzer for /home/advocate/Advocate/Experiments/Advocate/helper/aplas/output/oocLength/4/blocking/moby/33293/advocateTrace
2026/06/05 15:42:37 Read trace with 4 elements in 2 routines
2026/06/05 15:42:37 Start Analysis
2026/06/05 15:42:37 Finished HB analysis
2026/06/05 15:42:37 Analysis finished
2026/06/05 15:42:37 Start rewrite
2026/06/05 15:42:37 Finished Rewrite
2026/06/05 15:42:37 Number Results:  4
2026/06/05 15:42:37 Successfully rewrites:  0
2026/06/05 15:42:37 No need/not possible to rewrite:  4
2026/06/05 15:42:37 Failed rewrites:  0
2026/06/05 15:42:37 Start guided execution
2026/06/05 15:42:37 Found 0 rewritten traces
2026/06/05 15:42:37 Create bug reports
2026/06/05 15:42:37 [31mline number out of range[0m
2026/06/05 15:42:37 [31mline number out of range[0m
2026/06/05 15:42:37 [31mline number out of range[0m
2026/06/05 15:42:37 [31mline number out of range[0m
2026/06/05 15:42:37 [31mline number out of range[0m
2026/06/05 15:42:37 [32mFound Actual Non-Cyclic Blocking Bug.[0m
2026/06/05 15:42:37 Create statistics
2026/06/05 15:42:37 Finished run for TestMoby33293
2026/06/05 15:42:37 Parse recorded trace for fuzzing information
2026/06/05 15:42:37 Create mutations
2026/06/05 15:42:37 Create GoPie mutations
2026/06/05 15:42:37 Mutate 0 scheduling chains
2026/06/05 15:42:37 Write 0 mutations to file
2026/06/05 15:42:37 Create statistics
2026/06/05 15:42:37 Current fuzzing queue size: 0
2026/06/05 15:42:37 Remaining fuzzing time: 9:58 min
2026/06/05 15:42:37 Finish fuzzing after 1 runs
2026/06/05 15:42:37 Processing file: /home/advocate/Advocate/Experiments/Advocate/helper/aplas/output/oocLength/4/blocking/moby/33781/moby33781_test.go
2026/06/05 15:42:37 Fuzzing Run:  1
2026/06/05 15:42:37 Create  /home/advocate/Advocate/Experiments/Advocate/helper/aplas/output/oocLength/4/advocateResult/file(61)-test(1)-moby33781_test-TestMoby33781
2026/06/05 15:42:37 Execute Test
2026/06/05 15:42:38 Text executed
2026/06/05 15:42:38 Run the analyzer for /home/advocate/Advocate/Experiments/Advocate/helper/aplas/output/oocLength/4/blocking/moby/33781/advocateTrace
2026/06/05 15:42:38 Read trace with 20 elements in 4 routines
2026/06/05 15:42:38 Start Analysis
2026/06/05 15:42:38 Finished HB analysis
2026/06/05 15:42:38 Analysis finished
2026/06/05 15:42:38 Start rewrite
2026/06/05 15:42:38 Finished Rewrite
2026/06/05 15:42:38 Number Results:  4
2026/06/05 15:42:38 Successfully rewrites:  0
2026/06/05 15:42:38 No need/not possible to rewrite:  4
2026/06/05 15:42:38 Failed rewrites:  0
2026/06/05 15:42:38 Start guided execution
2026/06/05 15:42:38 Found 0 rewritten traces
2026/06/05 15:42:38 Create bug reports
2026/06/05 15:42:38 [31mline number out of range[0m
2026/06/05 15:42:38 [31mline number out of range[0m
2026/06/05 15:42:38 [31mline number out of range[0m
2026/06/05 15:42:38 [31mline number out of range[0m
2026/06/05 15:42:38 [31mline number out of range[0m
2026/06/05 15:42:38 [32mFound Actual Non-Cyclic Blocking Bug.[0m
2026/06/05 15:42:38 Create statistics
2026/06/05 15:42:38 Finished run for TestMoby33781
2026/06/05 15:42:38 Parse recorded trace for fuzzing information
2026/06/05 15:42:38 Create mutations
2026/06/05 15:42:38 Create GoPie mutations
2026/06/05 15:42:38 Mutate 0 scheduling chains
2026/06/05 15:42:38 Write 0 mutations to file
2026/06/05 15:42:38 Create statistics
2026/06/05 15:42:38 Current fuzzing queue size: 0
2026/06/05 15:42:38 Remaining fuzzing time: 9:58 min
2026/06/05 15:42:38 Finish fuzzing after 1 runs
2026/06/05 15:42:38 Processing file: /home/advocate/Advocate/Experiments/Advocate/helper/aplas/output/oocLength/4/blocking/moby/36114/moby36114_test.go
2026/06/05 15:42:38 Fuzzing Run:  1
2026/06/05 15:42:38 Create  /home/advocate/Advocate/Experiments/Advocate/helper/aplas/output/oocLength/4/advocateResult/file(62)-test(1)-moby36114_test-TestMoby36114
2026/06/05 15:42:38 Execute Test
2026/06/05 15:42:39 Text executed
2026/06/05 15:42:39 Run the analyzer for /home/advocate/Advocate/Experiments/Advocate/helper/aplas/output/oocLength/4/blocking/moby/36114/advocateTrace
2026/06/05 15:42:39 Read trace with 4 elements in 2 routines
2026/06/05 15:42:39 Start Analysis
2026/06/05 15:42:39 Finished HB analysis
2026/06/05 15:42:40 Analysis finished
2026/06/05 15:42:40 Start rewrite
2026/06/05 15:42:40 Finished Rewrite
2026/06/05 15:42:40 Number Results:  4
2026/06/05 15:42:40 Successfully rewrites:  0
2026/06/05 15:42:40 No need/not possible to rewrite:  4
2026/06/05 15:42:40 Failed rewrites:  0
2026/06/05 15:42:40 Start guided execution
2026/06/05 15:42:40 Found 0 rewritten traces
2026/06/05 15:42:40 Create bug reports
2026/06/05 15:42:40 [31mline number out of range[0m
2026/06/05 15:42:40 [31mline number out of range[0m
2026/06/05 15:42:40 [31mline number out of range[0m
2026/06/05 15:42:40 [31mline number out of range[0m
2026/06/05 15:42:40 [31mline number out of range[0m
2026/06/05 15:42:40 [32mFound Actual Non-Cyclic Blocking Bug.[0m
2026/06/05 15:42:40 Create statistics
2026/06/05 15:42:40 Finished run for TestMoby36114
2026/06/05 15:42:40 Parse recorded trace for fuzzing information
2026/06/05 15:42:40 Create mutations
2026/06/05 15:42:40 Create GoPie mutations
2026/06/05 15:42:40 Mutate 0 scheduling chains
2026/06/05 15:42:40 Write 0 mutations to file
2026/06/05 15:42:40 Create statistics
2026/06/05 15:42:40 Current fuzzing queue size: 0
2026/06/05 15:42:40 Remaining fuzzing time: 9:58 min
2026/06/05 15:42:40 Finish fuzzing after 1 runs
2026/06/05 15:42:40 Processing file: /home/advocate/Advocate/Experiments/Advocate/helper/aplas/output/oocLength/4/blocking/moby/4395/moby4395_test.go
2026/06/05 15:42:40 Fuzzing Run:  1
2026/06/05 15:42:40 Create  /home/advocate/Advocate/Experiments/Advocate/helper/aplas/output/oocLength/4/advocateResult/file(63)-test(1)-moby4395_test-TestMoby4395
2026/06/05 15:42:40 Execute Test
2026/06/05 15:42:41 Text executed
2026/06/05 15:42:41 Run the analyzer for /home/advocate/Advocate/Experiments/Advocate/helper/aplas/output/oocLength/4/blocking/moby/4395/advocateTrace
2026/06/05 15:42:41 Read trace with 4 elements in 2 routines
2026/06/05 15:42:41 Start Analysis
2026/06/05 15:42:41 Finished HB analysis
2026/06/05 15:42:41 Analysis finished
2026/06/05 15:42:41 Start rewrite
2026/06/05 15:42:41 Finished Rewrite
2026/06/05 15:42:41 Number Results:  4
2026/06/05 15:42:41 Successfully rewrites:  0
2026/06/05 15:42:41 No need/not possible to rewrite:  4
2026/06/05 15:42:41 Failed rewrites:  0
2026/06/05 15:42:41 Start guided execution
2026/06/05 15:42:41 Found 0 rewritten traces
2026/06/05 15:42:41 Create bug reports
2026/06/05 15:42:41 [31mline number out of range[0m
2026/06/05 15:42:41 [31mline number out of range[0m
2026/06/05 15:42:41 [31mline number out of range[0m
2026/06/05 15:42:41 [31mline number out of range[0m
2026/06/05 15:42:41 [31mline number out of range[0m
2026/06/05 15:42:41 [32mFound Actual Non-Cyclic Blocking Bug.[0m
2026/06/05 15:42:41 Create statistics
2026/06/05 15:42:41 Finished run for TestMoby4395
2026/06/05 15:42:41 Parse recorded trace for fuzzing information
2026/06/05 15:42:41 Create mutations
2026/06/05 15:42:41 Create GoPie mutations
2026/06/05 15:42:41 Mutate 0 scheduling chains
2026/06/05 15:42:41 Write 0 mutations to file
2026/06/05 15:42:41 Create statistics
2026/06/05 15:42:41 Current fuzzing queue size: 0
2026/06/05 15:42:41 Remaining fuzzing time: 9:58 min
2026/06/05 15:42:41 Finish fuzzing after 1 runs
2026/06/05 15:42:41 Processing file: /home/advocate/Advocate/Experiments/Advocate/helper/aplas/output/oocLength/4/blocking/moby/4951/moby4951_test.go
2026/06/05 15:42:41 Fuzzing Run:  1
2026/06/05 15:42:41 Create  /home/advocate/Advocate/Experiments/Advocate/helper/aplas/output/oocLength/4/advocateResult/file(64)-test(1)-moby4951_test-TestMoby4951
2026/06/05 15:42:41 Execute Test
2026/06/05 15:42:42 Text executed
2026/06/05 15:42:42 Run the analyzer for /home/advocate/Advocate/Experiments/Advocate/helper/aplas/output/oocLength/4/blocking/moby/4951/advocateTrace
2026/06/05 15:42:42 Read trace with 9 elements in 3 routines
2026/06/05 15:42:42 Start Analysis
2026/06/05 15:42:42 Finished HB analysis
2026/06/05 15:42:42 Analysis finished
2026/06/05 15:42:42 Start rewrite
2026/06/05 15:42:42 Finished Rewrite
2026/06/05 15:42:42 Number Results:  5
2026/06/05 15:42:42 Successfully rewrites:  0
2026/06/05 15:42:42 No need/not possible to rewrite:  5
2026/06/05 15:42:42 Failed rewrites:  0
2026/06/05 15:42:42 Start guided execution
2026/06/05 15:42:42 Found 0 rewritten traces
2026/06/05 15:42:42 Create bug reports
2026/06/05 15:42:42 [32mFound Possible Cyclic Deadlock.[0m
2026/06/05 15:42:42 [31mline number out of range[0m
2026/06/05 15:42:42 [31mline number out of range[0m
2026/06/05 15:42:42 [31mline number out of range[0m
2026/06/05 15:42:42 [31mline number out of range[0m
2026/06/05 15:42:42 [31mline number out of range[0m
2026/06/05 15:42:42 [32mFound Actual Non-Cyclic Blocking Bug.[0m
2026/06/05 15:42:42 [32mFound Actual Cyclic Deadlock.[0m
2026/06/05 15:42:42 Create statistics
2026/06/05 15:42:42 Finished run for TestMoby4951
2026/06/05 15:42:42 Parse recorded trace for fuzzing information
2026/06/05 15:42:42 Create mutations
2026/06/05 15:42:42 Create GoPie mutations
2026/06/05 15:42:42 Mutate 24 scheduling chains
2026/06/05 15:42:42 Write 0 mutations to file
2026/06/05 15:42:42 Create statistics
2026/06/05 15:42:42 Current fuzzing queue size: 0
2026/06/05 15:42:42 Remaining fuzzing time: 9:58 min
2026/06/05 15:42:42 Finish fuzzing after 1 runs
2026/06/05 15:42:42 Processing file: /home/advocate/Advocate/Experiments/Advocate/helper/aplas/output/oocLength/4/blocking/moby/7559/moby7559_test.go
2026/06/05 15:42:42 Fuzzing Run:  1
2026/06/05 15:42:42 Create  /home/advocate/Advocate/Experiments/Advocate/helper/aplas/output/oocLength/4/advocateResult/file(65)-test(1)-moby7559_test-TestMoby7559
2026/06/05 15:42:42 Execute Test
2026/06/05 15:42:43 Text executed
2026/06/05 15:42:43 Run the analyzer for /home/advocate/Advocate/Experiments/Advocate/helper/aplas/output/oocLength/4/blocking/moby/7559/advocateTrace
2026/06/05 15:42:43 Read trace with 4 elements in 2 routines
2026/06/05 15:42:43 Start Analysis
2026/06/05 15:42:43 Finished HB analysis
2026/06/05 15:42:43 Analysis finished
2026/06/05 15:42:43 Start rewrite
2026/06/05 15:42:43 Finished Rewrite
2026/06/05 15:42:43 Number Results:  4
2026/06/05 15:42:43 Successfully rewrites:  0
2026/06/05 15:42:43 No need/not possible to rewrite:  4
2026/06/05 15:42:43 Failed rewrites:  0
2026/06/05 15:42:43 Start guided execution
2026/06/05 15:42:43 Found 0 rewritten traces
2026/06/05 15:42:43 Create bug reports
2026/06/05 15:42:43 [31mline number out of range[0m
2026/06/05 15:42:43 [31mline number out of range[0m
2026/06/05 15:42:43 [31mline number out of range[0m
2026/06/05 15:42:43 [31mline number out of range[0m
2026/06/05 15:42:43 [31mline number out of range[0m
2026/06/05 15:42:43 [32mFound Actual Non-Cyclic Blocking Bug.[0m
2026/06/05 15:42:43 [32mFound Actual Cyclic Deadlock.[0m
2026/06/05 15:42:43 Create statistics
2026/06/05 15:42:43 Finished run for TestMoby7559
2026/06/05 15:42:43 Parse recorded trace for fuzzing information
2026/06/05 15:42:43 Create mutations
2026/06/05 15:42:43 Create GoPie mutations
2026/06/05 15:42:43 Mutate 0 scheduling chains
2026/06/05 15:42:43 Write 0 mutations to file
2026/06/05 15:42:43 Create statistics
2026/06/05 15:42:43 Current fuzzing queue size: 0
2026/06/05 15:42:43 Remaining fuzzing time: 9:58 min
2026/06/05 15:42:43 Finish fuzzing after 1 runs
2026/06/05 15:42:43 Processing file: /home/advocate/Advocate/Experiments/Advocate/helper/aplas/output/oocLength/4/blocking/serving/2137/serving2137_test.go
2026/06/05 15:42:43 Fuzzing Run:  1
2026/06/05 15:42:43 Create  /home/advocate/Advocate/Experiments/Advocate/helper/aplas/output/oocLength/4/advocateResult/file(66)-test(1)-serving2137_test-TestServing2137
2026/06/05 15:42:43 Execute Test
2026/06/05 15:42:44 Text executed
2026/06/05 15:42:44 Run the analyzer for /home/advocate/Advocate/Experiments/Advocate/helper/aplas/output/oocLength/4/blocking/serving/2137/advocateTrace
2026/06/05 15:42:44 Read trace with 37 elements in 3 routines
2026/06/05 15:42:44 Start Analysis
2026/06/05 15:42:44 Finished HB analysis
2026/06/05 15:42:44 Analysis finished
2026/06/05 15:42:44 Start rewrite
2026/06/05 15:42:44 Finished Rewrite
2026/06/05 15:42:44 Number Results:  4
2026/06/05 15:42:44 Successfully rewrites:  0
2026/06/05 15:42:44 No need/not possible to rewrite:  4
2026/06/05 15:42:44 Failed rewrites:  0
2026/06/05 15:42:44 Start guided execution
2026/06/05 15:42:44 Found 0 rewritten traces
2026/06/05 15:42:44 Create bug reports
2026/06/05 15:42:44 [31mline number out of range[0m
2026/06/05 15:42:44 [31mline number out of range[0m
2026/06/05 15:42:44 [31mline number out of range[0m
2026/06/05 15:42:44 [31mline number out of range[0m
2026/06/05 15:42:44 [31mline number out of range[0m
2026/06/05 15:42:44 [32mFound Actual Non-Cyclic Blocking Bug.[0m
2026/06/05 15:42:44 Create statistics
2026/06/05 15:42:44 Finished run for TestServing2137
2026/06/05 15:42:44 Parse recorded trace for fuzzing information
2026/06/05 15:42:44 Create mutations
2026/06/05 15:42:44 Create GoPie mutations
2026/06/05 15:42:44 Mutate 24 scheduling chains
2026/06/05 15:42:44 Write 0 mutations to file
2026/06/05 15:42:44 Create statistics
2026/06/05 15:42:44 Current fuzzing queue size: 0
2026/06/05 15:42:44 Remaining fuzzing time: 9:58 min
2026/06/05 15:42:44 Finish fuzzing after 1 runs
2026/06/05 15:42:44 Processing file: /home/advocate/Advocate/Experiments/Advocate/helper/aplas/output/oocLength/4/blocking/syncthing/4829/syncthing4829_test.go
2026/06/05 15:42:44 Fuzzing Run:  1
2026/06/05 15:42:44 Create  /home/advocate/Advocate/Experiments/Advocate/helper/aplas/output/oocLength/4/advocateResult/file(67)-test(1)-syncthing4829_test-TestSyncthing4829
2026/06/05 15:42:44 Execute Test
2026/06/05 15:46:46 Text executed
2026/06/05 15:46:46 Run the analyzer for /home/advocate/Advocate/Experiments/Advocate/helper/aplas/output/oocLength/4/blocking/syncthing/4829/advocateTrace
2026/06/05 15:46:46 Read trace with 5 elements in 1 routines
2026/06/05 15:46:46 Start Analysis
2026/06/05 15:46:46 Finished HB analysis
2026/06/05 15:46:46 Analysis finished
2026/06/05 15:46:46 Start rewrite
2026/06/05 15:46:46 Finished Rewrite
2026/06/05 15:46:46 Number Results:  5
2026/06/05 15:46:46 Successfully rewrites:  0
2026/06/05 15:46:46 No need/not possible to rewrite:  5
2026/06/05 15:46:46 Failed rewrites:  0
2026/06/05 15:46:46 Start guided execution
2026/06/05 15:46:46 Found 0 rewritten traces
2026/06/05 15:46:46 Create bug reports
2026/06/05 15:46:46 [31mline number out of range[0m
2026/06/05 15:46:46 [31mline number out of range[0m
2026/06/05 15:46:46 [31mline number out of range[0m
2026/06/05 15:46:46 [31mline number out of range[0m
2026/06/05 15:46:46 [31mline number out of range[0m
2026/06/05 15:46:46 [32mFound Actual Non-Cyclic Blocking Bug.[0m
2026/06/05 15:46:46 Create statistics
2026/06/05 15:46:46 Finished run for TestSyncthing4829
2026/06/05 15:46:46 Parse recorded trace for fuzzing information
2026/06/05 15:46:46 Create mutations
2026/06/05 15:46:46 Create GoPie mutations
2026/06/05 15:46:46 Mutate 0 scheduling chains
2026/06/05 15:46:46 Write 0 mutations to file
2026/06/05 15:46:46 Create statistics
2026/06/05 15:46:46 Current fuzzing queue size: 0
2026/06/05 15:46:46 Remaining fuzzing time: 5:58 min
2026/06/05 15:46:46 Finish fuzzing after 1 runs
2026/06/05 15:46:46 Processing file: /home/advocate/Advocate/Experiments/Advocate/helper/aplas/output/oocLength/4/blocking/syncthing/5795/syncthing5795_test.go
2026/06/05 15:46:46 Fuzzing Run:  1
2026/06/05 15:46:46 Create  /home/advocate/Advocate/Experiments/Advocate/helper/aplas/output/oocLength/4/advocateResult/file(68)-test(1)-syncthing5795_test-TestSyncthing5795
2026/06/05 15:46:46 Execute Test
2026/06/05 15:50:47 Text executed
2026/06/05 15:50:47 Run the analyzer for /home/advocate/Advocate/Experiments/Advocate/helper/aplas/output/oocLength/4/blocking/syncthing/5795/advocateTrace
2026/06/05 15:50:47 Read trace with 13 elements in 3 routines
2026/06/05 15:50:47 Start Analysis
2026/06/05 15:50:47 Finished HB analysis
2026/06/05 15:50:47 Analysis finished
2026/06/05 15:50:47 Start rewrite
2026/06/05 15:50:47 Finished Rewrite
2026/06/05 15:50:47 Number Results:  5
2026/06/05 15:50:47 Successfully rewrites:  0
2026/06/05 15:50:47 No need/not possible to rewrite:  5
2026/06/05 15:50:47 Failed rewrites:  0
2026/06/05 15:50:47 Start guided execution
2026/06/05 15:50:47 Found 0 rewritten traces
2026/06/05 15:50:47 Create bug reports
2026/06/05 15:50:47 [31mline number out of range[0m
2026/06/05 15:50:47 [31mline number out of range[0m
2026/06/05 15:50:47 [31mline number out of range[0m
2026/06/05 15:50:47 [31mline number out of range[0m
2026/06/05 15:50:47 [31mline number out of range[0m
2026/06/05 15:50:47 [32mFound Actual Non-Cyclic Blocking Bug.[0m
2026/06/05 15:50:47 [32mFound Actual Cyclic Deadlock.[0m
2026/06/05 15:50:47 Create statistics
2026/06/05 15:50:47 Finished run for TestSyncthing5795
2026/06/05 15:50:47 Parse recorded trace for fuzzing information
2026/06/05 15:50:47 Create mutations
2026/06/05 15:50:47 Create GoPie mutations
2026/06/05 15:50:47 Mutate 0 scheduling chains
2026/06/05 15:50:47 Write 1 special mutation to file
2026/06/05 15:50:47 Write 0 mutations to file
2026/06/05 15:50:47 Create statistics
2026/06/05 15:50:47 Current fuzzing queue size: 0
2026/06/05 15:50:47 Remaining fuzzing time: 5:58 min
2026/06/05 15:50:47 Finish fuzzing after 1 runs
2026/06/05 15:50:47 Processing file: /home/advocate/Advocate/Experiments/Advocate/helper/aplas/output/oocLength/4/nonblocking/cockroach/35501/cockroach35501_test.go
2026/06/05 15:50:47 Fuzzing Run:  1
2026/06/05 15:50:47 Create  /home/advocate/Advocate/Experiments/Advocate/helper/aplas/output/oocLength/4/advocateResult/file(69)-test(1)-cockroach35501_test-TestCockroach35501
2026/06/05 15:50:47 Execute Test
2026/06/05 15:50:48 Text executed
2026/06/05 15:50:48 Run the analyzer for /home/advocate/Advocate/Experiments/Advocate/helper/aplas/output/oocLength/4/nonblocking/cockroach/35501/advocateTrace
2026/06/05 15:50:48 Read trace with 26 elements in 12 routines
2026/06/05 15:50:48 Start Analysis
2026/06/05 15:50:48 Finished HB analysis
2026/06/05 15:50:48 Analysis finished
2026/06/05 15:50:48 Start rewrite
2026/06/05 15:50:48 Finished Rewrite
2026/06/05 15:50:48 Number Results:  4
2026/06/05 15:50:48 Successfully rewrites:  0
2026/06/05 15:50:48 No need/not possible to rewrite:  4
2026/06/05 15:50:48 Failed rewrites:  0
2026/06/05 15:50:48 Start guided execution
2026/06/05 15:50:48 Found 0 rewritten traces
2026/06/05 15:50:48 Create bug reports
2026/06/05 15:50:48 [31mline number out of range[0m
2026/06/05 15:50:48 [31mline number out of range[0m
2026/06/05 15:50:48 [31mline number out of range[0m
2026/06/05 15:50:48 [31mline number out of range[0m
2026/06/05 15:50:48 [31mline number out of range[0m
2026/06/05 15:50:48 [31mline number out of range[0m
2026/06/05 15:50:48 [32mFound Actual Cyclic Deadlock.[0m
2026/06/05 15:50:48 Create statistics
2026/06/05 15:50:48 Finished run for TestCockroach35501
2026/06/05 15:50:48 Parse recorded trace for fuzzing information
2026/06/05 15:50:48 Create mutations
2026/06/05 15:50:48 Create GoPie mutations
2026/06/05 15:50:48 Mutate 24 scheduling chains
2026/06/05 15:50:48 Write 0 mutations to file
2026/06/05 15:50:48 Create statistics
2026/06/05 15:50:48 Current fuzzing queue size: 0
2026/06/05 15:50:48 Remaining fuzzing time: 9:58 min
2026/06/05 15:50:48 Finish fuzzing after 1 runs
2026/06/05 15:50:48 Processing file: /home/advocate/Advocate/Experiments/Advocate/helper/aplas/output/oocLength/4/nonblocking/cockroach/4407/cockroach4407_test.go
2026/06/05 15:50:48 Fuzzing Run:  1
2026/06/05 15:50:48 Create  /home/advocate/Advocate/Experiments/Advocate/helper/aplas/output/oocLength/4/advocateResult/file(70)-test(1)-cockroach4407_test-TestCockroach4407
2026/06/05 15:50:48 Execute Test
2026/06/05 15:50:49 Text executed
2026/06/05 15:50:49 Run the analyzer for /home/advocate/Advocate/Experiments/Advocate/helper/aplas/output/oocLength/4/nonblocking/cockroach/4407/advocateTrace
2026/06/05 15:50:49 Read trace with 26 elements in 5 routines
2026/06/05 15:50:49 Start Analysis
2026/06/05 15:50:49 Finished HB analysis
2026/06/05 15:50:49 Analysis finished
2026/06/05 15:50:49 Start rewrite
2026/06/05 15:50:49 Finished Rewrite
2026/06/05 15:50:49 Number Results:  4
2026/06/05 15:50:49 Successfully rewrites:  0
2026/06/05 15:50:49 No need/not possible to rewrite:  4
2026/06/05 15:50:49 Failed rewrites:  0
2026/06/05 15:50:49 Start guided execution
2026/06/05 15:50:49 Found 0 rewritten traces
2026/06/05 15:50:49 Create bug reports
2026/06/05 15:50:49 [31mline number out of range[0m
2026/06/05 15:50:49 [31mline number out of range[0m
2026/06/05 15:50:49 [31mline number out of range[0m
2026/06/05 15:50:49 [31mline number out of range[0m
2026/06/05 15:50:49 [31mline number out of range[0m
2026/06/05 15:50:49 [31mline number out of range[0m
2026/06/05 15:50:49 Create statistics
2026/06/05 15:50:49 Finished run for TestCockroach4407
2026/06/05 15:50:49 Parse recorded trace for fuzzing information
2026/06/05 15:50:49 Create mutations
2026/06/05 15:50:49 Create GoPie mutations
2026/06/05 15:50:49 Mutate 24 scheduling chains
2026/06/05 15:50:49 Write 0 mutations to file
2026/06/05 15:50:49 Create statistics
2026/06/05 15:50:49 Current fuzzing queue size: 0
2026/06/05 15:50:49 Remaining fuzzing time: 9:58 min
2026/06/05 15:50:49 Finish fuzzing after 1 runs
2026/06/05 15:50:49 Processing file: /home/advocate/Advocate/Experiments/Advocate/helper/aplas/output/oocLength/4/nonblocking/etcd/3077/etcd3077_test.go
2026/06/05 15:50:49 Fuzzing Run:  1
2026/06/05 15:50:49 Create  /home/advocate/Advocate/Experiments/Advocate/helper/aplas/output/oocLength/4/advocateResult/file(71)-test(1)-etcd3077_test-TestEtcd3077
2026/06/05 15:50:49 Execute Test
2026/06/05 15:50:51 Text executed
2026/06/05 15:50:51 Run the analyzer for /home/advocate/Advocate/Experiments/Advocate/helper/aplas/output/oocLength/4/nonblocking/etcd/3077/advocateTrace
2026/06/05 15:50:51 Read trace with 17 elements in 3 routines
2026/06/05 15:50:51 Start Analysis
2026/06/05 15:50:51 Finished HB analysis
2026/06/05 15:50:51 Analysis finished
2026/06/05 15:50:51 Start rewrite
2026/06/05 15:50:51 Finished Rewrite
2026/06/05 15:50:51 Number Results:  4
2026/06/05 15:50:51 Successfully rewrites:  0
2026/06/05 15:50:51 No need/not possible to rewrite:  4
2026/06/05 15:50:51 Failed rewrites:  0
2026/06/05 15:50:51 Start guided execution
2026/06/05 15:50:51 Found 0 rewritten traces
2026/06/05 15:50:51 Create bug reports
2026/06/05 15:50:51 [31mline number out of range[0m
2026/06/05 15:50:51 [31mline number out of range[0m
2026/06/05 15:50:51 [31mline number out of range[0m
2026/06/05 15:50:51 [31mline number out of range[0m
2026/06/05 15:50:51 [31mline number out of range[0m
2026/06/05 15:50:51 [31mline number out of range[0m
2026/06/05 15:50:51 Create statistics
2026/06/05 15:50:51 Finished run for TestEtcd3077
2026/06/05 15:50:51 Parse recorded trace for fuzzing information
2026/06/05 15:50:51 Create mutations
2026/06/05 15:50:51 Create GoPie mutations
2026/06/05 15:50:51 Mutate 24 scheduling chains
2026/06/05 15:50:51 Write 2 special mutation to file
2026/06/05 15:50:51 Write 0 mutations to file
2026/06/05 15:50:51 Create statistics
2026/06/05 15:50:51 Current fuzzing queue size: 0
2026/06/05 15:50:51 Remaining fuzzing time: 9:58 min
2026/06/05 15:50:51 Finish fuzzing after 1 runs
2026/06/05 15:50:51 Processing file: /home/advocate/Advocate/Experiments/Advocate/helper/aplas/output/oocLength/4/nonblocking/grpc/1687/grpc1687_test.go
2026/06/05 15:50:51 Fuzzing Run:  1
2026/06/05 15:50:51 Create  /home/advocate/Advocate/Experiments/Advocate/helper/aplas/output/oocLength/4/advocateResult/file(72)-test(1)-grpc1687_test-TestGrpc1687
2026/06/05 15:50:51 Execute Test
2026/06/05 15:50:52 Text executed
2026/06/05 15:50:52 Run the analyzer for /home/advocate/Advocate/Experiments/Advocate/helper/aplas/output/oocLength/4/nonblocking/grpc/1687/advocateTrace
2026/06/05 15:50:52 Read trace with 11 elements in 2 routines
2026/06/05 15:50:52 Start Analysis
2026/06/05 15:50:52 Finished HB analysis
2026/06/05 15:50:52 Analysis finished
2026/06/05 15:50:52 Start rewrite
2026/06/05 15:50:52 Finished Rewrite
2026/06/05 15:50:52 Number Results:  6
2026/06/05 15:50:52 Successfully rewrites:  0
2026/06/05 15:50:52 No need/not possible to rewrite:  6
2026/06/05 15:50:52 Failed rewrites:  0
2026/06/05 15:50:52 Start guided execution
2026/06/05 15:50:52 Found 0 rewritten traces
2026/06/05 15:50:52 Create bug reports
2026/06/05 15:50:52 [32mFound Actual Send on Closed Channel.[0m
2026/06/05 15:50:52 [31mline number out of range[0m
2026/06/05 15:50:52 [31mline number out of range[0m
2026/06/05 15:50:52 [31mline number out of range[0m
2026/06/05 15:50:52 [31mline number out of range[0m
2026/06/05 15:50:52 [31mline number out of range[0m
2026/06/05 15:50:52 [31mline number out of range[0m
2026/06/05 15:50:52 [32mFound Leak.[0m
2026/06/05 15:50:52 Create statistics
2026/06/05 15:50:52 Finished run for TestGrpc1687
2026/06/05 15:50:52 Parse recorded trace for fuzzing information
2026/06/05 15:50:52 Create mutations
2026/06/05 15:50:52 Create GoPie mutations
2026/06/05 15:50:52 Mutate 0 scheduling chains
2026/06/05 15:50:52 Write 0 mutations to file
2026/06/05 15:50:52 Create statistics
2026/06/05 15:50:52 Current fuzzing queue size: 0
2026/06/05 15:50:52 Remaining fuzzing time: 9:58 min
2026/06/05 15:50:52 Finish fuzzing after 1 runs
2026/06/05 15:50:52 Processing file: /home/advocate/Advocate/Experiments/Advocate/helper/aplas/output/oocLength/4/nonblocking/grpc/2371/grpc2371_test.go
2026/06/05 15:50:52 Fuzzing Run:  1
2026/06/05 15:50:52 Create  /home/advocate/Advocate/Experiments/Advocate/helper/aplas/output/oocLength/4/advocateResult/file(73)-test(1)-grpc2371_test-TestGrpc2371
2026/06/05 15:50:52 Execute Test
2026/06/05 15:50:52 Text executed
2026/06/05 15:50:52 Run the analyzer for /home/advocate/Advocate/Experiments/Advocate/helper/aplas/output/oocLength/4/nonblocking/grpc/2371/advocateTrace
2026/06/05 15:50:52 Read trace with 6 elements in 4 routines
2026/06/05 15:50:52 Start Analysis
2026/06/05 15:50:52 Finished HB analysis
2026/06/05 15:50:52 Analysis finished
2026/06/05 15:50:52 Start rewrite
2026/06/05 15:50:52 Finished Rewrite
2026/06/05 15:50:52 Number Results:  5
2026/06/05 15:50:52 Successfully rewrites:  0
2026/06/05 15:50:52 No need/not possible to rewrite:  5
2026/06/05 15:50:52 Failed rewrites:  0
2026/06/05 15:50:52 Start guided execution
2026/06/05 15:50:52 Found 0 rewritten traces
2026/06/05 15:50:52 Create bug reports
2026/06/05 15:50:52 [31mline number out of range[0m
2026/06/05 15:50:52 [31mline number out of range[0m
2026/06/05 15:50:52 [31mline number out of range[0m
2026/06/05 15:50:52 [31mline number out of range[0m
2026/06/05 15:50:52 [31mline number out of range[0m
2026/06/05 15:50:52 [31mline number out of range[0m
2026/06/05 15:50:52 Create statistics
2026/06/05 15:50:52 Finished run for TestGrpc2371
2026/06/05 15:50:52 Parse recorded trace for fuzzing information
2026/06/05 15:50:52 Create mutations
2026/06/05 15:50:52 Create GoPie mutations
2026/06/05 15:50:52 Mutate 0 scheduling chains
2026/06/05 15:50:52 Write 0 mutations to file
2026/06/05 15:50:52 Create statistics
2026/06/05 15:50:52 Current fuzzing queue size: 0
2026/06/05 15:50:52 Remaining fuzzing time: 9:59 min
2026/06/05 15:50:52 Finish fuzzing after 1 runs
2026/06/05 15:50:52 Processing file: /home/advocate/Advocate/Experiments/Advocate/helper/aplas/output/oocLength/4/nonblocking/istio/8967/istio8967_test.go
2026/06/05 15:50:52 Fuzzing Run:  1
2026/06/05 15:50:52 Create  /home/advocate/Advocate/Experiments/Advocate/helper/aplas/output/oocLength/4/advocateResult/file(74)-test(1)-istio8967_test-TestIstio8967
2026/06/05 15:50:52 Execute Test
2026/06/05 15:50:53 Text executed
2026/06/05 15:50:53 Run the analyzer for /home/advocate/Advocate/Experiments/Advocate/helper/aplas/output/oocLength/4/nonblocking/istio/8967/advocateTrace
2026/06/05 15:50:53 Read trace with 9 elements in 3 routines
2026/06/05 15:50:53 Start Analysis
2026/06/05 15:50:53 Finished HB analysis
2026/06/05 15:50:53 Analysis finished
2026/06/05 15:50:53 Start rewrite
2026/06/05 15:50:53 Finished Rewrite
2026/06/05 15:50:53 Number Results:  5
2026/06/05 15:50:53 Successfully rewrites:  0
2026/06/05 15:50:53 No need/not possible to rewrite:  5
2026/06/05 15:50:53 Failed rewrites:  0
2026/06/05 15:50:53 Start guided execution
2026/06/05 15:50:53 Found 0 rewritten traces
2026/06/05 15:50:53 Create bug reports
2026/06/05 15:50:53 [31mline number out of range[0m
2026/06/05 15:50:53 [31mline number out of range[0m
2026/06/05 15:50:53 [31mline number out of range[0m
2026/06/05 15:50:53 [31mline number out of range[0m
2026/06/05 15:50:53 [31mline number out of range[0m
2026/06/05 15:50:53 [31mline number out of range[0m
2026/06/05 15:50:53 Create statistics
2026/06/05 15:50:53 Finished run for TestIstio8967
2026/06/05 15:50:53 Parse recorded trace for fuzzing information
2026/06/05 15:50:53 Create mutations
2026/06/05 15:50:53 Create GoPie mutations
2026/06/05 15:50:53 Mutate 24 scheduling chains
2026/06/05 15:50:53 Write 0 mutations to file
2026/06/05 15:50:53 Create statistics
2026/06/05 15:50:53 Current fuzzing queue size: 0
2026/06/05 15:50:53 Remaining fuzzing time: 9:58 min
2026/06/05 15:50:53 Finish fuzzing after 1 runs
2026/06/05 15:50:53 Processing file: /home/advocate/Advocate/Experiments/Advocate/helper/aplas/output/oocLength/4/nonblocking/kubernetes/13058/kubernetes13058_test.go
2026/06/05 15:50:53 Fuzzing Run:  1
2026/06/05 15:50:53 Create  /home/advocate/Advocate/Experiments/Advocate/helper/aplas/output/oocLength/4/advocateResult/file(75)-test(1)-kubernetes13058_test-TestKubernetes13058
2026/06/05 15:50:53 Execute Test
2026/06/05 15:50:54 Text executed
2026/06/05 15:50:54 Run the analyzer for /home/advocate/Advocate/Experiments/Advocate/helper/aplas/output/oocLength/4/nonblocking/kubernetes/13058/advocateTrace
2026/06/05 15:50:54 Read trace with 25 elements in 5 routines
2026/06/05 15:50:54 Start Analysis
2026/06/05 15:50:54 Finished HB analysis
2026/06/05 15:50:54 Analysis finished
2026/06/05 15:50:54 Start rewrite
2026/06/05 15:50:54 Finished Rewrite
2026/06/05 15:50:54 Number Results:  5
2026/06/05 15:50:54 Successfully rewrites:  0
2026/06/05 15:50:54 No need/not possible to rewrite:  5
2026/06/05 15:50:54 Failed rewrites:  0
2026/06/05 15:50:54 Start guided execution
2026/06/05 15:50:54 Found 0 rewritten traces
2026/06/05 15:50:54 Create bug reports
2026/06/05 15:50:54 [31mline number out of range[0m
2026/06/05 15:50:54 [31mline number out of range[0m
2026/06/05 15:50:54 [31mline number out of range[0m
2026/06/05 15:50:54 [31mline number out of range[0m
2026/06/05 15:50:54 [31mline number out of range[0m
2026/06/05 15:50:54 [31mline number out of range[0m
2026/06/05 15:50:54 Create statistics
2026/06/05 15:50:54 Finished run for TestKubernetes13058
2026/06/05 15:50:54 Parse recorded trace for fuzzing information
2026/06/05 15:50:54 Create mutations
2026/06/05 15:50:54 Create GoPie mutations
2026/06/05 15:50:54 Mutate 24 scheduling chains
2026/06/05 15:50:54 Write 0 mutations to file
2026/06/05 15:50:54 Create statistics
2026/06/05 15:50:54 Current fuzzing queue size: 0
2026/06/05 15:50:54 Remaining fuzzing time: 9:58 min
2026/06/05 15:50:54 Finish fuzzing after 1 runs
2026/06/05 15:50:54 Processing file: /home/advocate/Advocate/Experiments/Advocate/helper/aplas/output/oocLength/4/nonblocking/kubernetes/70892/kubernetes70892_test.go
2026/06/05 15:50:54 Fuzzing Run:  1
2026/06/05 15:50:54 Create  /home/advocate/Advocate/Experiments/Advocate/helper/aplas/output/oocLength/4/advocateResult/file(76)-test(1)-kubernetes70892_test-TestKubernetes70892
2026/06/05 15:50:54 Execute Test
2026/06/05 15:50:56 Text executed
2026/06/05 15:50:56 Run the analyzer for /home/advocate/Advocate/Experiments/Advocate/helper/aplas/output/oocLength/4/nonblocking/kubernetes/70892/advocateTrace
2026/06/05 15:50:56 Read trace with 17 elements in 3 routines
2026/06/05 15:50:56 Start Analysis
2026/06/05 15:50:56 Finished HB analysis
2026/06/05 15:50:56 Analysis finished
2026/06/05 15:50:56 Start rewrite
2026/06/05 15:50:56 Finished Rewrite
2026/06/05 15:50:56 Number Results:  6
2026/06/05 15:50:56 Successfully rewrites:  0
2026/06/05 15:50:56 No need/not possible to rewrite:  6
2026/06/05 15:50:56 Failed rewrites:  0
2026/06/05 15:50:56 Start guided execution
2026/06/05 15:50:56 Found 0 rewritten traces
2026/06/05 15:50:56 Create bug reports
2026/06/05 15:50:56 [32mFound Possible Send on Closed Channel.[0m
2026/06/05 15:50:56 [31mline number out of range[0m
2026/06/05 15:50:56 [31mline number out of range[0m
2026/06/05 15:50:56 [31mline number out of range[0m
2026/06/05 15:50:56 [31mline number out of range[0m
2026/06/05 15:50:56 [31mline number out of range[0m
2026/06/05 15:50:56 [31mline number out of range[0m
2026/06/05 15:50:56 Create statistics
2026/06/05 15:50:56 Finished run for TestKubernetes70892
2026/06/05 15:50:56 Parse recorded trace for fuzzing information
2026/06/05 15:50:56 Create mutations
2026/06/05 15:50:56 Create GoPie mutations
2026/06/05 15:50:56 Mutate 24 scheduling chains
2026/06/05 15:50:56 Write 0 mutations to file
2026/06/05 15:50:56 Create statistics
2026/06/05 15:50:56 Current fuzzing queue size: 0
2026/06/05 15:50:56 Remaining fuzzing time: 9:58 min
2026/06/05 15:50:56 Finish fuzzing after 1 runs
2026/06/05 15:50:56 Processing file: /home/advocate/Advocate/Experiments/Advocate/helper/aplas/output/oocLength/4/nonblocking/moby/18412/moby18412_test.go
2026/06/05 15:50:56 Fuzzing Run:  1
2026/06/05 15:50:56 Create  /home/advocate/Advocate/Experiments/Advocate/helper/aplas/output/oocLength/4/advocateResult/file(77)-test(1)-moby18412_test-TestMoby18412
2026/06/05 15:50:56 Execute Test
2026/06/05 15:50:57 Text executed
2026/06/05 15:50:57 Run the analyzer for /home/advocate/Advocate/Experiments/Advocate/helper/aplas/output/oocLength/4/nonblocking/moby/18412/advocateTrace
2026/06/05 15:50:57 Read trace with 6 elements in 4 routines
2026/06/05 15:50:57 Start Analysis
2026/06/05 15:50:57 Finished HB analysis
2026/06/05 15:50:57 Analysis finished
2026/06/05 15:50:57 Start rewrite
2026/06/05 15:50:57 Finished Rewrite
2026/06/05 15:50:57 Number Results:  5
2026/06/05 15:50:57 Successfully rewrites:  0
2026/06/05 15:50:57 No need/not possible to rewrite:  5
2026/06/05 15:50:57 Failed rewrites:  0
2026/06/05 15:50:57 Start guided execution
2026/06/05 15:50:57 Found 0 rewritten traces
2026/06/05 15:50:57 Create bug reports
2026/06/05 15:50:57 [31mline number out of range[0m
2026/06/05 15:50:57 [31mline number out of range[0m
2026/06/05 15:50:57 [31mline number out of range[0m
2026/06/05 15:50:57 [31mline number out of range[0m
2026/06/05 15:50:57 [31mline number out of range[0m
2026/06/05 15:50:57 [32mFound Actual Non-Cyclic Blocking Bug.[0m
2026/06/05 15:50:57 [31mline number out of range[0m
2026/06/05 15:50:57 Create statistics
2026/06/05 15:50:57 Finished run for TestMoby18412
2026/06/05 15:50:57 Parse recorded trace for fuzzing information
2026/06/05 15:50:57 Create mutations
2026/06/05 15:50:57 Create GoPie mutations
2026/06/05 15:50:57 Mutate 0 scheduling chains
2026/06/05 15:50:57 Write 0 mutations to file
2026/06/05 15:50:57 Create statistics
2026/06/05 15:50:57 Current fuzzing queue size: 0
2026/06/05 15:50:57 Remaining fuzzing time: 9:58 min
2026/06/05 15:50:57 Finish fuzzing after 1 runs
2026/06/05 15:50:57 Processing file: /home/advocate/Advocate/Experiments/Advocate/helper/aplas/output/oocLength/4/nonblocking/moby/22941/moby22941_test.go
2026/06/05 15:50:57 Fuzzing Run:  1
2026/06/05 15:50:57 Create  /home/advocate/Advocate/Experiments/Advocate/helper/aplas/output/oocLength/4/advocateResult/file(78)-test(1)-moby22941_test-TestMoby22941
2026/06/05 15:50:57 Execute Test
2026/06/05 15:50:58 Text executed
2026/06/05 15:50:58 Run the analyzer for /home/advocate/Advocate/Experiments/Advocate/helper/aplas/output/oocLength/4/nonblocking/moby/22941/advocateTrace
2026/06/05 15:50:58 Read trace with 9 elements in 3 routines
2026/06/05 15:50:58 Start Analysis
2026/06/05 15:50:58 Finished HB analysis
2026/06/05 15:50:58 Analysis finished
2026/06/05 15:50:58 Start rewrite
2026/06/05 15:50:58 Finished Rewrite
2026/06/05 15:50:58 Number Results:  5
2026/06/05 15:50:58 Successfully rewrites:  0
2026/06/05 15:50:58 No need/not possible to rewrite:  5
2026/06/05 15:50:58 Failed rewrites:  0
2026/06/05 15:50:58 Start guided execution
2026/06/05 15:50:58 Found 0 rewritten traces
2026/06/05 15:50:58 Create bug reports
2026/06/05 15:50:58 [31mline number out of range[0m
2026/06/05 15:50:58 [31mline number out of range[0m
2026/06/05 15:50:58 [31mline number out of range[0m
2026/06/05 15:50:58 [31mline number out of range[0m
2026/06/05 15:50:58 [31mline number out of range[0m
2026/06/05 15:50:58 [32mFound Actual Non-Cyclic Blocking Bug.[0m
2026/06/05 15:50:58 [31mline number out of range[0m
2026/06/05 15:50:58 Create statistics
2026/06/05 15:50:58 Finished run for TestMoby22941
2026/06/05 15:50:58 Parse recorded trace for fuzzing information
2026/06/05 15:50:58 Create mutations
2026/06/05 15:50:58 Create GoPie mutations
2026/06/05 15:50:58 Mutate 24 scheduling chains
2026/06/05 15:50:58 Write 0 mutations to file
2026/06/05 15:50:58 Create statistics
2026/06/05 15:50:58 Current fuzzing queue size: 0
2026/06/05 15:50:58 Remaining fuzzing time: 9:58 min
2026/06/05 15:50:58 Finish fuzzing after 1 runs
2026/06/05 15:50:58 Processing file: /home/advocate/Advocate/Experiments/Advocate/helper/aplas/output/oocLength/4/nonblocking/moby/27037/moby27037_test.go
2026/06/05 15:50:58 Fuzzing Run:  1
2026/06/05 15:50:58 Create  /home/advocate/Advocate/Experiments/Advocate/helper/aplas/output/oocLength/4/advocateResult/file(79)-test(1)-moby27037_test-TestMoby27037
2026/06/05 15:50:58 Execute Test
2026/06/05 15:50:59 Text executed
2026/06/05 15:50:59 Run the analyzer for /home/advocate/Advocate/Experiments/Advocate/helper/aplas/output/oocLength/4/nonblocking/moby/27037/advocateTrace
2026/06/05 15:50:59 Read trace with 22 elements in 6 routines
2026/06/05 15:50:59 Start Analysis
2026/06/05 15:50:59 Finished HB analysis
2026/06/05 15:50:59 Analysis finished
2026/06/05 15:50:59 Start rewrite
2026/06/05 15:50:59 Finished Rewrite
2026/06/05 15:50:59 Number Results:  5
2026/06/05 15:50:59 Successfully rewrites:  0
2026/06/05 15:50:59 No need/not possible to rewrite:  5
2026/06/05 15:50:59 Failed rewrites:  0
2026/06/05 15:50:59 Start guided execution
2026/06/05 15:50:59 Found 0 rewritten traces
2026/06/05 15:50:59 Create bug reports
2026/06/05 15:50:59 [31mline number out of range[0m
2026/06/05 15:50:59 [31mline number out of range[0m
2026/06/05 15:50:59 [31mline number out of range[0m
2026/06/05 15:50:59 [31mline number out of range[0m
2026/06/05 15:50:59 [31mline number out of range[0m
2026/06/05 15:50:59 [31mline number out of range[0m
2026/06/05 15:50:59 Create statistics
2026/06/05 15:50:59 Finished run for TestMoby27037
2026/06/05 15:50:59 Parse recorded trace for fuzzing information
2026/06/05 15:50:59 Create mutations
2026/06/05 15:50:59 Create GoPie mutations
2026/06/05 15:50:59 Mutate 24 scheduling chains
2026/06/05 15:50:59 Write 0 mutations to file
2026/06/05 15:50:59 Create statistics
2026/06/05 15:50:59 Current fuzzing queue size: 0
2026/06/05 15:50:59 Remaining fuzzing time: 9:58 min
2026/06/05 15:50:59 Finish fuzzing after 1 runs
2026/06/05 15:50:59 Processing file: /home/advocate/Advocate/Experiments/Advocate/helper/aplas/output/oocLength/4/nonblocking/serving/3068/serving3068_test.go
2026/06/05 15:50:59 Fuzzing Run:  1
2026/06/05 15:50:59 Create  /home/advocate/Advocate/Experiments/Advocate/helper/aplas/output/oocLength/4/advocateResult/file(80)-test(1)-serving3068_test-TestServing3068
2026/06/05 15:50:59 Execute Test
2026/06/05 15:51:01 Text executed
2026/06/05 15:51:01 Run the analyzer for /home/advocate/Advocate/Experiments/Advocate/helper/aplas/output/oocLength/4/nonblocking/serving/3068/advocateTrace
2026/06/05 15:51:01 Read trace with 15 elements in 4 routines
2026/06/05 15:51:01 Start Analysis
2026/06/05 15:51:01 Finished HB analysis
2026/06/05 15:51:01 [31mCould not determine if bug is false positive: Could not find node: /home/advocate/Advocate/Experiments/Advocate/helper/aplas/output/oocLength/4/nonblocking/serving/3068/serving3068_test.go:78[0m
2026/06/05 15:51:01 Analysis finished
2026/06/05 15:51:01 Start rewrite
2026/06/05 15:51:01 Finished Rewrite
2026/06/05 15:51:01 Number Results:  7
2026/06/05 15:51:01 Successfully rewrites:  0
2026/06/05 15:51:01 No need/not possible to rewrite:  7
2026/06/05 15:51:01 Failed rewrites:  0
2026/06/05 15:51:01 Start guided execution
2026/06/05 15:51:01 Found 0 rewritten traces
2026/06/05 15:51:01 Create bug reports
2026/06/05 15:51:01 [32mFound Actual Send on Closed Channel.[0m
2026/06/05 15:51:01 [32mFound Actual Send on Closed Channel.[0m
2026/06/05 15:51:01 [31mline number out of range[0m
2026/06/05 15:51:01 [31mline number out of range[0m
2026/06/05 15:51:01 [31mline number out of range[0m
2026/06/05 15:51:01 [31mline number out of range[0m
2026/06/05 15:51:01 [31mline number out of range[0m
2026/06/05 15:51:01 [31mline number out of range[0m
2026/06/05 15:51:01 [32mFound Leak on Sync.WaitGroup.[0m
2026/06/05 15:51:01 Create statistics
2026/06/05 15:51:01 Finished run for TestServing3068
2026/06/05 15:51:01 Parse recorded trace for fuzzing information
2026/06/05 15:51:01 Create mutations
2026/06/05 15:51:01 Create GoPie mutations
2026/06/05 15:51:01 Mutate 24 scheduling chains
2026/06/05 15:51:01 Write 1 special mutation to file
2026/06/05 15:51:01 Write 0 mutations to file
2026/06/05 15:51:01 Create statistics
2026/06/05 15:51:01 Current fuzzing queue size: 0
2026/06/05 15:51:01 Remaining fuzzing time: 9:58 min
2026/06/05 15:51:01 Finish fuzzing after 1 runs
2026/06/05 15:51:01 Processing file: /home/advocate/Advocate/Experiments/Advocate/helper/aplas/output/oocLength/4/nonblocking/serving/4908/serving4908_test.go
2026/06/05 15:51:01 Fuzzing Run:  1
2026/06/05 15:51:01 Create  /home/advocate/Advocate/Experiments/Advocate/helper/aplas/output/oocLength/4/advocateResult/file(81)-test(1)-serving4908_test-TestServing4908
2026/06/05 15:51:01 Execute Test
2026/06/05 15:51:02 Text executed
2026/06/05 15:51:02 Run the analyzer for /home/advocate/Advocate/Experiments/Advocate/helper/aplas/output/oocLength/4/nonblocking/serving/4908/advocateTrace
2026/06/05 15:51:02 Read trace with 16 elements in 5 routines
2026/06/05 15:51:02 Start Analysis
2026/06/05 15:51:02 Finished HB analysis
2026/06/05 15:51:02 [31mCould not determine if bug is false positive: Could not find node: /home/advocate/Advocate/Experiments/Advocate/helper/aplas/output/oocLength/4/nonblocking/serving/3068/serving3068_test.go:78[0m
2026/06/05 15:51:02 Analysis finished
2026/06/05 15:51:02 Start rewrite
2026/06/05 15:51:02 Finished Rewrite
2026/06/05 15:51:02 Number Results:  5
2026/06/05 15:51:02 Successfully rewrites:  0
2026/06/05 15:51:02 No need/not possible to rewrite:  5
2026/06/05 15:51:02 Failed rewrites:  0
2026/06/05 15:51:02 Start guided execution
2026/06/05 15:51:02 Found 0 rewritten traces
2026/06/05 15:51:02 Create bug reports
2026/06/05 15:51:02 [31mline number out of range[0m
2026/06/05 15:51:02 [31mline number out of range[0m
2026/06/05 15:51:02 [31mline number out of range[0m
2026/06/05 15:51:02 [31mline number out of range[0m
2026/06/05 15:51:02 [31mline number out of range[0m
2026/06/05 15:51:02 [31mline number out of range[0m
2026/06/05 15:51:02 [31mline number out of range[0m
2026/06/05 15:51:02 [32mFound Leak on Sync.WaitGroup.[0m
2026/06/05 15:51:02 Create statistics
2026/06/05 15:51:02 Finished run for TestServing4908
2026/06/05 15:51:02 Parse recorded trace for fuzzing information
2026/06/05 15:51:02 Create mutations
2026/06/05 15:51:02 Create GoPie mutations
2026/06/05 15:51:02 Mutate 24 scheduling chains
2026/06/05 15:51:02 Write 0 mutations to file
2026/06/05 15:51:02 Create statistics
2026/06/05 15:51:02 Current fuzzing queue size: 0
2026/06/05 15:51:02 Remaining fuzzing time: 9:58 min
2026/06/05 15:51:02 Finish fuzzing after 1 runs
2026/06/05 15:51:02 Processing file: /home/advocate/Advocate/Experiments/Advocate/helper/aplas/output/oocLength/4/nonblocking/serving/5865/serving5865_test.go
2026/06/05 15:51:02 Fuzzing Run:  1
2026/06/05 15:51:02 Create  /home/advocate/Advocate/Experiments/Advocate/helper/aplas/output/oocLength/4/advocateResult/file(82)-test(1)-serving5865_test-TestServing5865
2026/06/05 15:51:02 Execute Test
2026/06/05 15:51:03 Text executed
2026/06/05 15:51:03 Run the analyzer for /home/advocate/Advocate/Experiments/Advocate/helper/aplas/output/oocLength/4/nonblocking/serving/5865/advocateTrace
2026/06/05 15:51:03 Read trace with 8 elements in 2 routines
2026/06/05 15:51:03 Start Analysis
2026/06/05 15:51:03 Finished HB analysis
2026/06/05 15:51:03 [31mCould not determine if bug is false positive: Could not find node: /home/advocate/Advocate/Experiments/Advocate/helper/aplas/output/oocLength/4/nonblocking/serving/3068/serving3068_test.go:78[0m
2026/06/05 15:51:03 Analysis finished
2026/06/05 15:51:03 Start rewrite
2026/06/05 15:51:03 Finished Rewrite
2026/06/05 15:51:03 Number Results:  7
2026/06/05 15:51:03 Successfully rewrites:  0
2026/06/05 15:51:03 No need/not possible to rewrite:  7
2026/06/05 15:51:03 Failed rewrites:  0
2026/06/05 15:51:03 Start guided execution
2026/06/05 15:51:03 Found 0 rewritten traces
2026/06/05 15:51:03 Create bug reports
2026/06/05 15:51:03 [32mFound Actual Send on Closed Channel.[0m
2026/06/05 15:51:03 [32mFound Actual Send on Closed Channel.[0m
2026/06/05 15:51:03 [31mline number out of range[0m
2026/06/05 15:51:03 [31mline number out of range[0m
2026/06/05 15:51:03 [31mline number out of range[0m
2026/06/05 15:51:03 [31mline number out of range[0m
2026/06/05 15:51:03 [31mline number out of range[0m
2026/06/05 15:51:03 [31mline number out of range[0m
2026/06/05 15:51:03 [31mline number out of range[0m
2026/06/05 15:51:03 Create statistics
2026/06/05 15:51:03 Finished run for TestServing5865
2026/06/05 15:51:03 Parse recorded trace for fuzzing information
2026/06/05 15:51:03 Create mutations
2026/06/05 15:51:03 Create GoPie mutations
2026/06/05 15:51:03 Mutate 24 scheduling chains
2026/06/05 15:51:03 Write 1 special mutation to file
2026/06/05 15:51:03 Write 0 mutations to file
2026/06/05 15:51:03 Create statistics
2026/06/05 15:51:03 Current fuzzing queue size: 0
2026/06/05 15:51:03 Remaining fuzzing time: 9:58 min
2026/06/05 15:51:03 Finish fuzzing after 1 runs
2026/06/05 15:51:03 Processing file: /home/advocate/Advocate/Experiments/Advocate/helper/aplas/output/oocLength/4/nonblocking/serving/6171/serving6171_test.go
2026/06/05 15:51:03 Fuzzing Run:  1
2026/06/05 15:51:03 Create  /home/advocate/Advocate/Experiments/Advocate/helper/aplas/output/oocLength/4/advocateResult/file(83)-test(1)-serving6171_test-TestServing6171
2026/06/05 15:51:03 Execute Test
2026/06/05 15:51:04 Text executed
2026/06/05 15:51:04 Run the analyzer for /home/advocate/Advocate/Experiments/Advocate/helper/aplas/output/oocLength/4/nonblocking/serving/6171/advocateTrace
2026/06/05 15:51:04 Read trace with 13 elements in 5 routines
2026/06/05 15:51:04 Start Analysis
2026/06/05 15:51:04 Finished HB analysis
2026/06/05 15:51:04 [31mCould not determine if bug is false positive: Could not find node: /home/advocate/Advocate/Experiments/Advocate/helper/aplas/output/oocLength/4/nonblocking/serving/3068/serving3068_test.go:78[0m
2026/06/05 15:51:04 Analysis finished
2026/06/05 15:51:04 Start rewrite
2026/06/05 15:51:04 Finished Rewrite
2026/06/05 15:51:04 Number Results:  5
2026/06/05 15:51:04 Successfully rewrites:  0
2026/06/05 15:51:04 No need/not possible to rewrite:  5
2026/06/05 15:51:04 Failed rewrites:  0
2026/06/05 15:51:04 Start guided execution
2026/06/05 15:51:04 Found 0 rewritten traces
2026/06/05 15:51:04 Create bug reports
2026/06/05 15:51:04 [31mline number out of range[0m
2026/06/05 15:51:04 [31mline number out of range[0m
2026/06/05 15:51:04 [31mline number out of range[0m
2026/06/05 15:51:04 [31mline number out of range[0m
2026/06/05 15:51:04 [31mline number out of range[0m
2026/06/05 15:51:04 [31mline number out of range[0m
2026/06/05 15:51:04 [31mline number out of range[0m
2026/06/05 15:51:04 Create statistics
2026/06/05 15:51:04 Finished run for TestServing6171
2026/06/05 15:51:04 Parse recorded trace for fuzzing information
2026/06/05 15:51:04 Create mutations
2026/06/05 15:51:04 Create GoPie mutations
2026/06/05 15:51:04 Mutate 24 scheduling chains
2026/06/05 15:51:04 Write 0 mutations to file
2026/06/05 15:51:04 Create statistics
2026/06/05 15:51:04 Current fuzzing queue size: 0
2026/06/05 15:51:04 Remaining fuzzing time: 9:58 min
2026/06/05 15:51:04 Finish fuzzing after 1 runs
2026/06/05 15:51:04 Processing file: /home/advocate/Advocate/Experiments/Advocate/helper/aplas/output/oocLength/4/plus/Basic3_test.go
2026/06/05 15:51:04 Fuzzing Run:  1
2026/06/05 15:51:04 Create  /home/advocate/Advocate/Experiments/Advocate/helper/aplas/output/oocLength/4/advocateResult/file(84)-test(1)-Basic3_test-TestBasic3
2026/06/05 15:51:04 Execute Test
2026/06/05 15:51:04 Text executed
2026/06/05 15:51:04 Run the analyzer for /home/advocate/Advocate/Experiments/Advocate/helper/aplas/output/oocLength/4/plus/advocateTrace
2026/06/05 15:51:04 [31mTest run failed and no trace was recorded for: /home/advocate/Advocate/Experiments/Advocate/helper/aplas/output/oocLength/4/plus/Basic3_test.go -> TestBasic3[0m
2026/06/05 15:51:04 Create statistics
2026/06/05 15:51:04 Finished run for TestBasic3
2026/06/05 15:51:04 Parse recorded trace for fuzzing information
2026/06/05 15:51:04 Create mutations
2026/06/05 15:51:04 Create GoPie mutations
2026/06/05 15:51:04 Mutate 0 scheduling chains
2026/06/05 15:51:04 Write 0 mutations to file
2026/06/05 15:51:04 Create statistics
2026/06/05 15:51:04 Current fuzzing queue size: 0
2026/06/05 15:51:04 Remaining fuzzing time: 9:59 min
2026/06/05 15:51:04 Finish fuzzing after 1 runs
2026/06/05 15:51:04 Processing file: /home/advocate/Advocate/Experiments/Advocate/helper/aplas/output/oocLength/4/plus/Basic_lockdep_test.go
2026/06/05 15:51:04 Fuzzing Run:  1
2026/06/05 15:51:04 Create  /home/advocate/Advocate/Experiments/Advocate/helper/aplas/output/oocLength/4/advocateResult/file(85)-test(1)-Basic_lockdep_test-TestBasicLockdep
2026/06/05 15:51:04 Execute Test
2026/06/05 15:51:04 Text executed
2026/06/05 15:51:04 Run the analyzer for /home/advocate/Advocate/Experiments/Advocate/helper/aplas/output/oocLength/4/plus/advocateTrace
2026/06/05 15:51:04 [31mTest run failed and no trace was recorded for: /home/advocate/Advocate/Experiments/Advocate/helper/aplas/output/oocLength/4/plus/Basic_lockdep_test.go -> TestBasicLockdep[0m
2026/06/05 15:51:04 Create statistics
2026/06/05 15:51:04 Finished run for TestBasicLockdep
2026/06/05 15:51:04 Parse recorded trace for fuzzing information
2026/06/05 15:51:04 Create mutations
2026/06/05 15:51:04 Create GoPie mutations
2026/06/05 15:51:04 Mutate 0 scheduling chains
2026/06/05 15:51:04 Write 0 mutations to file
2026/06/05 15:51:04 Create statistics
2026/06/05 15:51:04 Current fuzzing queue size: 0
2026/06/05 15:51:04 Remaining fuzzing time: 9:59 min
2026/06/05 15:51:04 Finish fuzzing after 1 runs
2026/06/05 15:51:04 Processing file: /home/advocate/Advocate/Experiments/Advocate/helper/aplas/output/oocLength/4/plus/Basic_looped2_test.go
2026/06/05 15:51:04 Fuzzing Run:  1
2026/06/05 15:51:04 Create  /home/advocate/Advocate/Experiments/Advocate/helper/aplas/output/oocLength/4/advocateResult/file(86)-test(1)-Basic_looped2_test-TestBasicLooped2
2026/06/05 15:51:04 Execute Test
2026/06/05 15:51:04 Text executed
2026/06/05 15:51:04 Run the analyzer for /home/advocate/Advocate/Experiments/Advocate/helper/aplas/output/oocLength/4/plus/advocateTrace
2026/06/05 15:51:04 [31mTest run failed and no trace was recorded for: /home/advocate/Advocate/Experiments/Advocate/helper/aplas/output/oocLength/4/plus/Basic_looped2_test.go -> TestBasicLooped2[0m
2026/06/05 15:51:04 Create statistics
2026/06/05 15:51:04 Finished run for TestBasicLooped2
2026/06/05 15:51:04 Parse recorded trace for fuzzing information
2026/06/05 15:51:04 Create mutations
2026/06/05 15:51:04 Create GoPie mutations
2026/06/05 15:51:04 Mutate 0 scheduling chains
2026/06/05 15:51:04 Write 0 mutations to file
2026/06/05 15:51:04 Create statistics
2026/06/05 15:51:04 Current fuzzing queue size: 0
2026/06/05 15:51:04 Remaining fuzzing time: 9:59 min
2026/06/05 15:51:04 Finish fuzzing after 1 runs
2026/06/05 15:51:04 Processing file: /home/advocate/Advocate/Experiments/Advocate/helper/aplas/output/oocLength/4/plus/Basic_loopedSynced_test.go
2026/06/05 15:51:04 Fuzzing Run:  1
2026/06/05 15:51:04 Create  /home/advocate/Advocate/Experiments/Advocate/helper/aplas/output/oocLength/4/advocateResult/file(87)-test(1)-Basic_loopedSynced_test-TestBasicLoopedSynced
2026/06/05 15:51:04 Execute Test
2026/06/05 15:51:04 Text executed
2026/06/05 15:51:04 Run the analyzer for /home/advocate/Advocate/Experiments/Advocate/helper/aplas/output/oocLength/4/plus/advocateTrace
2026/06/05 15:51:04 [31mTest run failed and no trace was recorded for: /home/advocate/Advocate/Experiments/Advocate/helper/aplas/output/oocLength/4/plus/Basic_loopedSynced_test.go -> TestBasicLoopedSynced[0m
2026/06/05 15:51:04 Create statistics
2026/06/05 15:51:04 Finished run for TestBasicLoopedSynced
2026/06/05 15:51:04 Parse recorded trace for fuzzing information
2026/06/05 15:51:04 Create mutations
2026/06/05 15:51:04 Create GoPie mutations
2026/06/05 15:51:04 Mutate 0 scheduling chains
2026/06/05 15:51:04 Write 0 mutations to file
2026/06/05 15:51:04 Create statistics
2026/06/05 15:51:04 Current fuzzing queue size: 0
2026/06/05 15:51:04 Remaining fuzzing time: 9:59 min
2026/06/05 15:51:04 Finish fuzzing after 1 runs
2026/06/05 15:51:04 Processing file: /home/advocate/Advocate/Experiments/Advocate/helper/aplas/output/oocLength/4/plus/Basic_looped_forked_test.go
2026/06/05 15:51:04 Fuzzing Run:  1
2026/06/05 15:51:04 Create  /home/advocate/Advocate/Experiments/Advocate/helper/aplas/output/oocLength/4/advocateResult/file(88)-test(1)-Basic_looped_forked_test-TestBasicLoopedForked
2026/06/05 15:51:04 Execute Test
2026/06/05 15:51:04 Text executed
2026/06/05 15:51:04 Run the analyzer for /home/advocate/Advocate/Experiments/Advocate/helper/aplas/output/oocLength/4/plus/advocateTrace
2026/06/05 15:51:04 [31mTest run failed and no trace was recorded for: /home/advocate/Advocate/Experiments/Advocate/helper/aplas/output/oocLength/4/plus/Basic_looped_forked_test.go -> TestBasicLoopedForked[0m
2026/06/05 15:51:04 Create statistics
2026/06/05 15:51:04 Finished run for TestBasicLoopedForked
2026/06/05 15:51:04 Parse recorded trace for fuzzing information
2026/06/05 15:51:04 Create mutations
2026/06/05 15:51:04 Create GoPie mutations
2026/06/05 15:51:04 Mutate 0 scheduling chains
2026/06/05 15:51:04 Write 0 mutations to file
2026/06/05 15:51:04 Create statistics
2026/06/05 15:51:04 Current fuzzing queue size: 0
2026/06/05 15:51:04 Remaining fuzzing time: 9:59 min
2026/06/05 15:51:04 Finish fuzzing after 1 runs
2026/06/05 15:51:04 Processing file: /home/advocate/Advocate/Experiments/Advocate/helper/aplas/output/oocLength/4/plus/Basic_looped_test.go
2026/06/05 15:51:04 Fuzzing Run:  1
2026/06/05 15:51:04 Create  /home/advocate/Advocate/Experiments/Advocate/helper/aplas/output/oocLength/4/advocateResult/file(89)-test(1)-Basic_looped_test-TestBasicLooped
2026/06/05 15:51:04 Execute Test
2026/06/05 15:51:04 Text executed
2026/06/05 15:51:04 Run the analyzer for /home/advocate/Advocate/Experiments/Advocate/helper/aplas/output/oocLength/4/plus/advocateTrace
2026/06/05 15:51:04 [31mTest run failed and no trace was recorded for: /home/advocate/Advocate/Experiments/Advocate/helper/aplas/output/oocLength/4/plus/Basic_looped_test.go -> TestBasicLooped[0m
2026/06/05 15:51:04 Create statistics
2026/06/05 15:51:04 Finished run for TestBasicLooped
2026/06/05 15:51:04 Parse recorded trace for fuzzing information
2026/06/05 15:51:04 Create mutations
2026/06/05 15:51:04 Create GoPie mutations
2026/06/05 15:51:04 Mutate 0 scheduling chains
2026/06/05 15:51:04 Write 0 mutations to file
2026/06/05 15:51:04 Create statistics
2026/06/05 15:51:04 Current fuzzing queue size: 0
2026/06/05 15:51:04 Remaining fuzzing time: 9:59 min
2026/06/05 15:51:04 Finish fuzzing after 1 runs
2026/06/05 15:51:04 Processing file: /home/advocate/Advocate/Experiments/Advocate/helper/aplas/output/oocLength/4/plus/Basic_test.go
2026/06/05 15:51:04 Fuzzing Run:  1
2026/06/05 15:51:04 Create  /home/advocate/Advocate/Experiments/Advocate/helper/aplas/output/oocLength/4/advocateResult/file(90)-test(1)-Basic_test-TestBasic
2026/06/05 15:51:04 Execute Test
2026/06/05 15:51:04 Text executed
2026/06/05 15:51:04 Run the analyzer for /home/advocate/Advocate/Experiments/Advocate/helper/aplas/output/oocLength/4/plus/advocateTrace
2026/06/05 15:51:04 [31mTest run failed and no trace was recorded for: /home/advocate/Advocate/Experiments/Advocate/helper/aplas/output/oocLength/4/plus/Basic_test.go -> TestBasic[0m
2026/06/05 15:51:04 Create statistics
2026/06/05 15:51:04 Finished run for TestBasic
2026/06/05 15:51:04 Parse recorded trace for fuzzing information
2026/06/05 15:51:04 Create mutations
2026/06/05 15:51:04 Create GoPie mutations
2026/06/05 15:51:04 Mutate 0 scheduling chains
2026/06/05 15:51:04 Write 0 mutations to file
2026/06/05 15:51:04 Create statistics
2026/06/05 15:51:04 Current fuzzing queue size: 0
2026/06/05 15:51:04 Remaining fuzzing time: 9:59 min
2026/06/05 15:51:04 Finish fuzzing after 1 runs
2026/06/05 15:51:04 Processing file: /home/advocate/Advocate/Experiments/Advocate/helper/aplas/output/oocLength/4/plus/Guard_test.go
2026/06/05 15:51:04 Fuzzing Run:  1
2026/06/05 15:51:04 Create  /home/advocate/Advocate/Experiments/Advocate/helper/aplas/output/oocLength/4/advocateResult/file(91)-test(1)-Guard_test-TestGuard
2026/06/05 15:51:04 Execute Test
2026/06/05 15:51:04 Text executed
2026/06/05 15:51:04 Run the analyzer for /home/advocate/Advocate/Experiments/Advocate/helper/aplas/output/oocLength/4/plus/advocateTrace
2026/06/05 15:51:04 [31mTest run failed and no trace was recorded for: /home/advocate/Advocate/Experiments/Advocate/helper/aplas/output/oocLength/4/plus/Guard_test.go -> TestGuard[0m
2026/06/05 15:51:04 Create statistics
2026/06/05 15:51:04 Finished run for TestGuard
2026/06/05 15:51:04 Parse recorded trace for fuzzing information
2026/06/05 15:51:04 Create mutations
2026/06/05 15:51:04 Create GoPie mutations
2026/06/05 15:51:04 Mutate 0 scheduling chains
2026/06/05 15:51:04 Write 0 mutations to file
2026/06/05 15:51:04 Create statistics
2026/06/05 15:51:04 Current fuzzing queue size: 0
2026/06/05 15:51:04 Remaining fuzzing time: 9:59 min
2026/06/05 15:51:04 Finish fuzzing after 1 runs
2026/06/05 15:51:04 Processing file: /home/advocate/Advocate/Experiments/Advocate/helper/aplas/output/oocLength/4/plus/InInfeasible_test.go
2026/06/05 15:51:04 Fuzzing Run:  1
2026/06/05 15:51:04 Create  /home/advocate/Advocate/Experiments/Advocate/helper/aplas/output/oocLength/4/advocateResult/file(92)-test(1)-InInfeasible_test-TestInInfeasible
2026/06/05 15:51:04 Execute Test
2026/06/05 15:51:04 Text executed
2026/06/05 15:51:04 Run the analyzer for /home/advocate/Advocate/Experiments/Advocate/helper/aplas/output/oocLength/4/plus/advocateTrace
2026/06/05 15:51:04 [31mTest run failed and no trace was recorded for: /home/advocate/Advocate/Experiments/Advocate/helper/aplas/output/oocLength/4/plus/InInfeasible_test.go -> TestInInfeasible[0m
2026/06/05 15:51:04 Create statistics
2026/06/05 15:51:04 Finished run for TestInInfeasible
2026/06/05 15:51:04 Parse recorded trace for fuzzing information
2026/06/05 15:51:04 Create mutations
2026/06/05 15:51:04 Create GoPie mutations
2026/06/05 15:51:04 Mutate 0 scheduling chains
2026/06/05 15:51:04 Write 0 mutations to file
2026/06/05 15:51:04 Create statistics
2026/06/05 15:51:04 Current fuzzing queue size: 0
2026/06/05 15:51:04 Remaining fuzzing time: 9:59 min
2026/06/05 15:51:04 Finish fuzzing after 1 runs
2026/06/05 15:51:04 Processing file: /home/advocate/Advocate/Experiments/Advocate/helper/aplas/output/oocLength/4/plus/Infeasible_test.go
2026/06/05 15:51:04 Fuzzing Run:  1
2026/06/05 15:51:04 Create  /home/advocate/Advocate/Experiments/Advocate/helper/aplas/output/oocLength/4/advocateResult/file(93)-test(1)-Infeasible_test-TestInfeasible
2026/06/05 15:51:04 Execute Test
2026/06/05 15:51:04 Text executed
2026/06/05 15:51:04 Run the analyzer for /home/advocate/Advocate/Experiments/Advocate/helper/aplas/output/oocLength/4/plus/advocateTrace
2026/06/05 15:51:04 [31mTest run failed and no trace was recorded for: /home/advocate/Advocate/Experiments/Advocate/helper/aplas/output/oocLength/4/plus/Infeasible_test.go -> TestInfeasible[0m
2026/06/05 15:51:04 Create statistics
2026/06/05 15:51:04 Finished run for TestInfeasible
2026/06/05 15:51:04 Parse recorded trace for fuzzing information
2026/06/05 15:51:04 Create mutations
2026/06/05 15:51:04 Create GoPie mutations
2026/06/05 15:51:04 Mutate 0 scheduling chains
2026/06/05 15:51:04 Write 0 mutations to file
2026/06/05 15:51:04 Create statistics
2026/06/05 15:51:04 Current fuzzing queue size: 0
2026/06/05 15:51:04 Remaining fuzzing time: 9:59 min
2026/06/05 15:51:04 Finish fuzzing after 1 runs
2026/06/05 15:51:04 Processing file: /home/advocate/Advocate/Experiments/Advocate/helper/aplas/output/oocLength/4/plus/ReadWrite_base_test.go
2026/06/05 15:51:04 Fuzzing Run:  1
2026/06/05 15:51:04 Create  /home/advocate/Advocate/Experiments/Advocate/helper/aplas/output/oocLength/4/advocateResult/file(94)-test(1)-ReadWrite_base_test-TestReadWriteBase
2026/06/05 15:51:04 Execute Test
2026/06/05 15:51:04 Text executed
2026/06/05 15:51:04 Run the analyzer for /home/advocate/Advocate/Experiments/Advocate/helper/aplas/output/oocLength/4/plus/advocateTrace
2026/06/05 15:51:04 [31mTest run failed and no trace was recorded for: /home/advocate/Advocate/Experiments/Advocate/helper/aplas/output/oocLength/4/plus/ReadWrite_base_test.go -> TestReadWriteBase[0m
2026/06/05 15:51:04 Create statistics
2026/06/05 15:51:04 Finished run for TestReadWriteBase
2026/06/05 15:51:04 Parse recorded trace for fuzzing information
2026/06/05 15:51:04 Create mutations
2026/06/05 15:51:04 Create GoPie mutations
2026/06/05 15:51:04 Mutate 0 scheduling chains
2026/06/05 15:51:04 Write 0 mutations to file
2026/06/05 15:51:04 Create statistics
2026/06/05 15:51:04 Current fuzzing queue size: 0
2026/06/05 15:51:04 Remaining fuzzing time: 9:59 min
2026/06/05 15:51:04 Finish fuzzing after 1 runs
2026/06/05 15:51:04 Processing file: /home/advocate/Advocate/Experiments/Advocate/helper/aplas/output/oocLength/4/plus/ReadWrite_guard_test.go
2026/06/05 15:51:04 Fuzzing Run:  1
2026/06/05 15:51:04 Create  /home/advocate/Advocate/Experiments/Advocate/helper/aplas/output/oocLength/4/advocateResult/file(95)-test(1)-ReadWrite_guard_test-TestReadWriteGuard
2026/06/05 15:51:04 Execute Test
2026/06/05 15:51:04 Text executed
2026/06/05 15:51:04 Run the analyzer for /home/advocate/Advocate/Experiments/Advocate/helper/aplas/output/oocLength/4/plus/advocateTrace
2026/06/05 15:51:04 [31mTest run failed and no trace was recorded for: /home/advocate/Advocate/Experiments/Advocate/helper/aplas/output/oocLength/4/plus/ReadWrite_guard_test.go -> TestReadWriteGuard[0m
2026/06/05 15:51:04 Create statistics
2026/06/05 15:51:04 Finished run for TestReadWriteGuard
2026/06/05 15:51:04 Parse recorded trace for fuzzing information
2026/06/05 15:51:04 Create mutations
2026/06/05 15:51:04 Create GoPie mutations
2026/06/05 15:51:04 Mutate 0 scheduling chains
2026/06/05 15:51:04 Write 0 mutations to file
2026/06/05 15:51:04 Create statistics
2026/06/05 15:51:04 Current fuzzing queue size: 0
2026/06/05 15:51:04 Remaining fuzzing time: 9:59 min
2026/06/05 15:51:04 Finish fuzzing after 1 runs
2026/06/05 15:51:04 Processing file: /home/advocate/Advocate/Experiments/Advocate/helper/aplas/output/oocLength/4/plus/ReadWrite_mixed2_test.go
2026/06/05 15:51:04 Fuzzing Run:  1
2026/06/05 15:51:04 Create  /home/advocate/Advocate/Experiments/Advocate/helper/aplas/output/oocLength/4/advocateResult/file(96)-test(1)-ReadWrite_mixed2_test-TestReadWriteMixed2
2026/06/05 15:51:04 Execute Test
2026/06/05 15:51:04 Text executed
2026/06/05 15:51:04 Run the analyzer for /home/advocate/Advocate/Experiments/Advocate/helper/aplas/output/oocLength/4/plus/advocateTrace
2026/06/05 15:51:04 [31mTest run failed and no trace was recorded for: /home/advocate/Advocate/Experiments/Advocate/helper/aplas/output/oocLength/4/plus/ReadWrite_mixed2_test.go -> TestReadWriteMixed2[0m
2026/06/05 15:51:04 Create statistics
2026/06/05 15:51:04 Finished run for TestReadWriteMixed2
2026/06/05 15:51:04 Parse recorded trace for fuzzing information
2026/06/05 15:51:04 Create mutations
2026/06/05 15:51:04 Create GoPie mutations
2026/06/05 15:51:04 Mutate 0 scheduling chains
2026/06/05 15:51:04 Write 0 mutations to file
2026/06/05 15:51:04 Create statistics
2026/06/05 15:51:04 Current fuzzing queue size: 0
2026/06/05 15:51:04 Remaining fuzzing time: 9:59 min
2026/06/05 15:51:04 Finish fuzzing after 1 runs
2026/06/05 15:51:04 Processing file: /home/advocate/Advocate/Experiments/Advocate/helper/aplas/output/oocLength/4/plus/ReadWrite_mixed_test.go
2026/06/05 15:51:04 Fuzzing Run:  1
2026/06/05 15:51:04 Create  /home/advocate/Advocate/Experiments/Advocate/helper/aplas/output/oocLength/4/advocateResult/file(97)-test(1)-ReadWrite_mixed_test-TestReadWriteMixed
2026/06/05 15:51:04 Execute Test
2026/06/05 15:51:04 Text executed
2026/06/05 15:51:04 Run the analyzer for /home/advocate/Advocate/Experiments/Advocate/helper/aplas/output/oocLength/4/plus/advocateTrace
2026/06/05 15:51:04 [31mTest run failed and no trace was recorded for: /home/advocate/Advocate/Experiments/Advocate/helper/aplas/output/oocLength/4/plus/ReadWrite_mixed_test.go -> TestReadWriteMixed[0m
2026/06/05 15:51:04 Create statistics
2026/06/05 15:51:04 Finished run for TestReadWriteMixed
2026/06/05 15:51:04 Parse recorded trace for fuzzing information
2026/06/05 15:51:04 Create mutations
2026/06/05 15:51:04 Create GoPie mutations
2026/06/05 15:51:04 Mutate 0 scheduling chains
2026/06/05 15:51:04 Write 0 mutations to file
2026/06/05 15:51:04 Create statistics
2026/06/05 15:51:04 Current fuzzing queue size: 0
2026/06/05 15:51:04 Remaining fuzzing time: 9:59 min
2026/06/05 15:51:04 Finish fuzzing after 1 runs
2026/06/05 15:51:04 Processing file: /home/advocate/Advocate/Experiments/Advocate/helper/aplas/output/oocLength/4/plus/ReadWrite_multi_inst2_test.go
2026/06/05 15:51:04 Fuzzing Run:  1
2026/06/05 15:51:04 Create  /home/advocate/Advocate/Experiments/Advocate/helper/aplas/output/oocLength/4/advocateResult/file(98)-test(1)-ReadWrite_multi_inst2_test-TestReadWriteMultiInst2
2026/06/05 15:51:04 Execute Test
2026/06/05 15:51:04 Text executed
2026/06/05 15:51:04 Run the analyzer for /home/advocate/Advocate/Experiments/Advocate/helper/aplas/output/oocLength/4/plus/advocateTrace
2026/06/05 15:51:04 [31mTest run failed and no trace was recorded for: /home/advocate/Advocate/Experiments/Advocate/helper/aplas/output/oocLength/4/plus/ReadWrite_multi_inst2_test.go -> TestReadWriteMultiInst2[0m
2026/06/05 15:51:04 Create statistics
2026/06/05 15:51:04 Finished run for TestReadWriteMultiInst2
2026/06/05 15:51:04 Parse recorded trace for fuzzing information
2026/06/05 15:51:04 Create mutations
2026/06/05 15:51:04 Create GoPie mutations
2026/06/05 15:51:04 Mutate 0 scheduling chains
2026/06/05 15:51:04 Write 0 mutations to file
2026/06/05 15:51:04 Create statistics
2026/06/05 15:51:04 Current fuzzing queue size: 0
2026/06/05 15:51:04 Remaining fuzzing time: 9:59 min
2026/06/05 15:51:04 Finish fuzzing after 1 runs
2026/06/05 15:51:04 Processing file: /home/advocate/Advocate/Experiments/Advocate/helper/aplas/output/oocLength/4/plus/ReadWrite_multi_inst_test.go
2026/06/05 15:51:04 Fuzzing Run:  1
2026/06/05 15:51:04 Create  /home/advocate/Advocate/Experiments/Advocate/helper/aplas/output/oocLength/4/advocateResult/file(99)-test(1)-ReadWrite_multi_inst_test-TestReadWriteMultiInst
2026/06/05 15:51:04 Execute Test
2026/06/05 15:51:04 Text executed
2026/06/05 15:51:04 Run the analyzer for /home/advocate/Advocate/Experiments/Advocate/helper/aplas/output/oocLength/4/plus/advocateTrace
2026/06/05 15:51:04 [31mTest run failed and no trace was recorded for: /home/advocate/Advocate/Experiments/Advocate/helper/aplas/output/oocLength/4/plus/ReadWrite_multi_inst_test.go -> TestReadWriteMultiInst[0m
2026/06/05 15:51:04 Create statistics
2026/06/05 15:51:04 Finished run for TestReadWriteMultiInst
2026/06/05 15:51:04 Parse recorded trace for fuzzing information
2026/06/05 15:51:04 Create mutations
2026/06/05 15:51:04 Create GoPie mutations
2026/06/05 15:51:04 Mutate 0 scheduling chains
2026/06/05 15:51:04 Write 0 mutations to file
2026/06/05 15:51:04 Create statistics
2026/06/05 15:51:04 Current fuzzing queue size: 0
2026/06/05 15:51:04 Remaining fuzzing time: 9:59 min
2026/06/05 15:51:04 Finish fuzzing after 1 runs
2026/06/05 15:51:04 Processing file: /home/advocate/Advocate/Experiments/Advocate/helper/aplas/output/oocLength/4/plus/ReadWrite_readonly_test.go
2026/06/05 15:51:04 Fuzzing Run:  1
2026/06/05 15:51:04 Create  /home/advocate/Advocate/Experiments/Advocate/helper/aplas/output/oocLength/4/advocateResult/file(100)-test(1)-ReadWrite_readonly_test-TestReadWriteReadonly
2026/06/05 15:51:04 Execute Test
2026/06/05 15:51:04 Text executed
2026/06/05 15:51:04 Run the analyzer for /home/advocate/Advocate/Experiments/Advocate/helper/aplas/output/oocLength/4/plus/advocateTrace
2026/06/05 15:51:04 [31mTest run failed and no trace was recorded for: /home/advocate/Advocate/Experiments/Advocate/helper/aplas/output/oocLength/4/plus/ReadWrite_readonly_test.go -> TestReadWriteReadonly[0m
2026/06/05 15:51:04 Create statistics
2026/06/05 15:51:04 Finished run for TestReadWriteReadonly
2026/06/05 15:51:04 Parse recorded trace for fuzzing information
2026/06/05 15:51:04 Create mutations
2026/06/05 15:51:04 Create GoPie mutations
2026/06/05 15:51:04 Mutate 0 scheduling chains
2026/06/05 15:51:04 Write 0 mutations to file
2026/06/05 15:51:04 Create statistics
2026/06/05 15:51:04 Current fuzzing queue size: 0
2026/06/05 15:51:04 Remaining fuzzing time: 9:59 min
2026/06/05 15:51:04 Finish fuzzing after 1 runs
2026/06/05 15:51:04 Processing file: /home/advocate/Advocate/Experiments/Advocate/helper/aplas/output/oocLength/4/plus/ReleaseInOtherRoutine_test.go
2026/06/05 15:51:04 Fuzzing Run:  1
2026/06/05 15:51:04 Create  /home/advocate/Advocate/Experiments/Advocate/helper/aplas/output/oocLength/4/advocateResult/file(101)-test(1)-ReleaseInOtherRoutine_test-TestReleaseInOtherRoutine
2026/06/05 15:51:04 Execute Test
2026/06/05 15:51:04 Text executed
2026/06/05 15:51:04 Run the analyzer for /home/advocate/Advocate/Experiments/Advocate/helper/aplas/output/oocLength/4/plus/advocateTrace
2026/06/05 15:51:04 [31mTest run failed and no trace was recorded for: /home/advocate/Advocate/Experiments/Advocate/helper/aplas/output/oocLength/4/plus/ReleaseInOtherRoutine_test.go -> TestReleaseInOtherRoutine[0m
2026/06/05 15:51:04 Create statistics
2026/06/05 15:51:04 Finished run for TestReleaseInOtherRoutine
2026/06/05 15:51:04 Parse recorded trace for fuzzing information
2026/06/05 15:51:04 Create mutations
2026/06/05 15:51:04 Create GoPie mutations
2026/06/05 15:51:04 Mutate 0 scheduling chains
2026/06/05 15:51:04 Write 0 mutations to file
2026/06/05 15:51:04 Create statistics
2026/06/05 15:51:04 Current fuzzing queue size: 0
2026/06/05 15:51:04 Remaining fuzzing time: 9:59 min
2026/06/05 15:51:04 Finish fuzzing after 1 runs
2026/06/05 15:51:04 Processing file: /home/advocate/Advocate/Experiments/Advocate/helper/aplas/output/oocLength/4/plus/SingeThreadRW_test.go
2026/06/05 15:51:04 Fuzzing Run:  1
2026/06/05 15:51:04 Create  /home/advocate/Advocate/Experiments/Advocate/helper/aplas/output/oocLength/4/advocateResult/file(102)-test(1)-SingeThreadRW_test-TestSingeThreadRW
2026/06/05 15:51:04 Execute Test
2026/06/05 15:51:04 Text executed
2026/06/05 15:51:04 Run the analyzer for /home/advocate/Advocate/Experiments/Advocate/helper/aplas/output/oocLength/4/plus/advocateTrace
2026/06/05 15:51:04 [31mTest run failed and no trace was recorded for: /home/advocate/Advocate/Experiments/Advocate/helper/aplas/output/oocLength/4/plus/SingeThreadRW_test.go -> TestSingeThreadRW[0m
2026/06/05 15:51:04 Create statistics
2026/06/05 15:51:04 Finished run for TestSingeThreadRW
2026/06/05 15:51:04 Parse recorded trace for fuzzing information
2026/06/05 15:51:04 Create mutations
2026/06/05 15:51:04 Create GoPie mutations
2026/06/05 15:51:04 Mutate 0 scheduling chains
2026/06/05 15:51:04 Write 0 mutations to file
2026/06/05 15:51:04 Create statistics
2026/06/05 15:51:04 Current fuzzing queue size: 0
2026/06/05 15:51:04 Remaining fuzzing time: 9:59 min
2026/06/05 15:51:04 Finish fuzzing after 1 runs
2026/06/05 15:51:04 Processing file: /home/advocate/Advocate/Experiments/Advocate/helper/aplas/output/oocLength/4/plus/TryLock_test.go
2026/06/05 15:51:04 Fuzzing Run:  1
2026/06/05 15:51:04 Create  /home/advocate/Advocate/Experiments/Advocate/helper/aplas/output/oocLength/4/advocateResult/file(103)-test(1)-TryLock_test-TestTryLock
2026/06/05 15:51:04 Execute Test
2026/06/05 15:51:04 Text executed
2026/06/05 15:51:04 Run the analyzer for /home/advocate/Advocate/Experiments/Advocate/helper/aplas/output/oocLength/4/plus/advocateTrace
2026/06/05 15:51:04 [31mTest run failed and no trace was recorded for: /home/advocate/Advocate/Experiments/Advocate/helper/aplas/output/oocLength/4/plus/TryLock_test.go -> TestTryLock[0m
2026/06/05 15:51:04 Create statistics
2026/06/05 15:51:04 Finished run for TestTryLock
2026/06/05 15:51:04 Parse recorded trace for fuzzing information
2026/06/05 15:51:04 Create mutations
2026/06/05 15:51:04 Create GoPie mutations
2026/06/05 15:51:04 Mutate 0 scheduling chains
2026/06/05 15:51:04 Write 0 mutations to file
2026/06/05 15:51:04 Create statistics
2026/06/05 15:51:04 Current fuzzing queue size: 0
2026/06/05 15:51:04 Remaining fuzzing time: 9:59 min
2026/06/05 15:51:04 Finish fuzzing after 1 runs
2026/06/05 15:51:04 Processing file: /home/advocate/Advocate/Experiments/Advocate/helper/aplas/output/oocLength/4/plus/TwoCycleMixedDeadlock_test.go
2026/06/05 15:51:04 Fuzzing Run:  1
2026/06/05 15:51:04 Create  /home/advocate/Advocate/Experiments/Advocate/helper/aplas/output/oocLength/4/advocateResult/file(104)-test(1)-TwoCycleMixedDeadlock_test-TestMixedDeadlock_MD2_1B
2026/06/05 15:51:04 Execute Test
2026/06/05 15:51:04 Text executed
2026/06/05 15:51:04 Run the analyzer for /home/advocate/Advocate/Experiments/Advocate/helper/aplas/output/oocLength/4/plus/advocateTrace
2026/06/05 15:51:04 [31mTest run failed and no trace was recorded for: /home/advocate/Advocate/Experiments/Advocate/helper/aplas/output/oocLength/4/plus/TwoCycleMixedDeadlock_test.go -> TestMixedDeadlock_MD2_1B[0m
2026/06/05 15:51:04 Create statistics
2026/06/05 15:51:04 Finished run for TestMixedDeadlock_MD2_1B
2026/06/05 15:51:04 Parse recorded trace for fuzzing information
2026/06/05 15:51:04 Create mutations
2026/06/05 15:51:04 Create GoPie mutations
2026/06/05 15:51:04 Mutate 0 scheduling chains
2026/06/05 15:51:04 Write 0 mutations to file
2026/06/05 15:51:04 Create statistics
2026/06/05 15:51:04 Current fuzzing queue size: 0
2026/06/05 15:51:04 Remaining fuzzing time: 9:59 min
2026/06/05 15:51:04 Finish fuzzing after 1 runs
2026/06/05 15:51:04 Fuzzing Run:  1
2026/06/05 15:51:04 Create  /home/advocate/Advocate/Experiments/Advocate/helper/aplas/output/oocLength/4/advocateResult/file(104)-test(2)-TwoCycleMixedDeadlock_test-TestMixedDeadlock_MD2_2U
2026/06/05 15:51:04 Execute Test
2026/06/05 15:51:04 Text executed
2026/06/05 15:51:04 Run the analyzer for /home/advocate/Advocate/Experiments/Advocate/helper/aplas/output/oocLength/4/plus/advocateTrace
2026/06/05 15:51:04 [31mTest run failed and no trace was recorded for: /home/advocate/Advocate/Experiments/Advocate/helper/aplas/output/oocLength/4/plus/TwoCycleMixedDeadlock_test.go -> TestMixedDeadlock_MD2_2U[0m
2026/06/05 15:51:04 Create statistics
2026/06/05 15:51:04 Finished run for TestMixedDeadlock_MD2_2U
2026/06/05 15:51:04 Parse recorded trace for fuzzing information
2026/06/05 15:51:04 Create mutations
2026/06/05 15:51:04 Create GoPie mutations
2026/06/05 15:51:04 Mutate 0 scheduling chains
2026/06/05 15:51:04 Write 0 mutations to file
2026/06/05 15:51:04 Create statistics
2026/06/05 15:51:04 Current fuzzing queue size: 0
2026/06/05 15:51:04 Remaining fuzzing time: 9:59 min
2026/06/05 15:51:04 Finish fuzzing after 1 runs
2026/06/05 15:51:04 Fuzzing Run:  1
2026/06/05 15:51:04 Create  /home/advocate/Advocate/Experiments/Advocate/helper/aplas/output/oocLength/4/advocateResult/file(104)-test(3)-TwoCycleMixedDeadlock_test-TestMixedDeadlock_MD2_2B
2026/06/05 15:51:04 Execute Test
2026/06/05 15:51:04 Text executed
2026/06/05 15:51:04 Run the analyzer for /home/advocate/Advocate/Experiments/Advocate/helper/aplas/output/oocLength/4/plus/advocateTrace
2026/06/05 15:51:04 [31mTest run failed and no trace was recorded for: /home/advocate/Advocate/Experiments/Advocate/helper/aplas/output/oocLength/4/plus/TwoCycleMixedDeadlock_test.go -> TestMixedDeadlock_MD2_2B[0m
2026/06/05 15:51:04 Create statistics
2026/06/05 15:51:04 Finished run for TestMixedDeadlock_MD2_2B
2026/06/05 15:51:04 Parse recorded trace for fuzzing information
2026/06/05 15:51:04 Create mutations
2026/06/05 15:51:04 Create GoPie mutations
2026/06/05 15:51:04 Mutate 0 scheduling chains
2026/06/05 15:51:04 Write 0 mutations to file
2026/06/05 15:51:04 Create statistics
2026/06/05 15:51:04 Current fuzzing queue size: 0
2026/06/05 15:51:04 Remaining fuzzing time: 9:59 min
2026/06/05 15:51:04 Finish fuzzing after 1 runs
2026/06/05 15:51:04 Fuzzing Run:  1
2026/06/05 15:51:04 Create  /home/advocate/Advocate/Experiments/Advocate/helper/aplas/output/oocLength/4/advocateResult/file(104)-test(4)-TwoCycleMixedDeadlock_test-TestMixedDeadlock_MD2_3U
2026/06/05 15:51:04 Execute Test
2026/06/05 15:51:04 Text executed
2026/06/05 15:51:04 Run the analyzer for /home/advocate/Advocate/Experiments/Advocate/helper/aplas/output/oocLength/4/plus/advocateTrace
2026/06/05 15:51:04 [31mTest run failed and no trace was recorded for: /home/advocate/Advocate/Experiments/Advocate/helper/aplas/output/oocLength/4/plus/TwoCycleMixedDeadlock_test.go -> TestMixedDeadlock_MD2_3U[0m
2026/06/05 15:51:04 Create statistics
2026/06/05 15:51:04 Finished run for TestMixedDeadlock_MD2_3U
2026/06/05 15:51:04 Parse recorded trace for fuzzing information
2026/06/05 15:51:04 Create mutations
2026/06/05 15:51:04 Create GoPie mutations
2026/06/05 15:51:04 Mutate 0 scheduling chains
2026/06/05 15:51:04 Write 0 mutations to file
2026/06/05 15:51:04 Create statistics
2026/06/05 15:51:04 Current fuzzing queue size: 0
2026/06/05 15:51:04 Remaining fuzzing time: 9:59 min
2026/06/05 15:51:04 Finish fuzzing after 1 runs
2026/06/05 15:51:04 Fuzzing Run:  1
2026/06/05 15:51:04 Create  /home/advocate/Advocate/Experiments/Advocate/helper/aplas/output/oocLength/4/advocateResult/file(104)-test(5)-TwoCycleMixedDeadlock_test-TestMixedDeadlock_MD2_3B
2026/06/05 15:51:04 Execute Test
2026/06/05 15:51:04 Text executed
2026/06/05 15:51:04 Run the analyzer for /home/advocate/Advocate/Experiments/Advocate/helper/aplas/output/oocLength/4/plus/advocateTrace
2026/06/05 15:51:04 [31mTest run failed and no trace was recorded for: /home/advocate/Advocate/Experiments/Advocate/helper/aplas/output/oocLength/4/plus/TwoCycleMixedDeadlock_test.go -> TestMixedDeadlock_MD2_3B[0m
2026/06/05 15:51:04 Create statistics
2026/06/05 15:51:04 Finished run for TestMixedDeadlock_MD2_3B
2026/06/05 15:51:04 Parse recorded trace for fuzzing information
2026/06/05 15:51:04 Create mutations
2026/06/05 15:51:04 Create GoPie mutations
2026/06/05 15:51:04 Mutate 0 scheduling chains
2026/06/05 15:51:04 Write 0 mutations to file
2026/06/05 15:51:04 Create statistics
2026/06/05 15:51:04 Current fuzzing queue size: 0
2026/06/05 15:51:04 Remaining fuzzing time: 9:59 min
2026/06/05 15:51:04 Finish fuzzing after 1 runs
2026/06/05 15:51:04 Fuzzing Run:  1
2026/06/05 15:51:04 Create  /home/advocate/Advocate/Experiments/Advocate/helper/aplas/output/oocLength/4/advocateResult/file(104)-test(6)-TwoCycleMixedDeadlock_test-TestMixedDeadlock_MD2_1_CloseB
2026/06/05 15:51:04 Execute Test
2026/06/05 15:51:04 Text executed
2026/06/05 15:51:04 Run the analyzer for /home/advocate/Advocate/Experiments/Advocate/helper/aplas/output/oocLength/4/plus/advocateTrace
2026/06/05 15:51:04 [31mTest run failed and no trace was recorded for: /home/advocate/Advocate/Experiments/Advocate/helper/aplas/output/oocLength/4/plus/TwoCycleMixedDeadlock_test.go -> TestMixedDeadlock_MD2_1_CloseB[0m
2026/06/05 15:51:04 Create statistics
2026/06/05 15:51:04 Finished run for TestMixedDeadlock_MD2_1_CloseB
2026/06/05 15:51:04 Parse recorded trace for fuzzing information
2026/06/05 15:51:04 Create mutations
2026/06/05 15:51:04 Create GoPie mutations
2026/06/05 15:51:04 Mutate 0 scheduling chains
2026/06/05 15:51:04 Write 0 mutations to file
2026/06/05 15:51:04 Create statistics
2026/06/05 15:51:04 Current fuzzing queue size: 0
2026/06/05 15:51:04 Remaining fuzzing time: 9:59 min
2026/06/05 15:51:04 Finish fuzzing after 1 runs
2026/06/05 15:51:04 Fuzzing Run:  1
2026/06/05 15:51:05 Create  /home/advocate/Advocate/Experiments/Advocate/helper/aplas/output/oocLength/4/advocateResult/file(104)-test(7)-TwoCycleMixedDeadlock_test-TestMixedDeadlock_MD_2_2CloseU
2026/06/05 15:51:05 Execute Test
2026/06/05 15:51:05 Text executed
2026/06/05 15:51:05 Run the analyzer for /home/advocate/Advocate/Experiments/Advocate/helper/aplas/output/oocLength/4/plus/advocateTrace
2026/06/05 15:51:05 [31mTest run failed and no trace was recorded for: /home/advocate/Advocate/Experiments/Advocate/helper/aplas/output/oocLength/4/plus/TwoCycleMixedDeadlock_test.go -> TestMixedDeadlock_MD_2_2CloseU[0m
2026/06/05 15:51:05 Create statistics
2026/06/05 15:51:05 Finished run for TestMixedDeadlock_MD_2_2CloseU
2026/06/05 15:51:05 Parse recorded trace for fuzzing information
2026/06/05 15:51:05 Create mutations
2026/06/05 15:51:05 Create GoPie mutations
2026/06/05 15:51:05 Mutate 0 scheduling chains
2026/06/05 15:51:05 Write 0 mutations to file
2026/06/05 15:51:05 Create statistics
2026/06/05 15:51:05 Current fuzzing queue size: 0
2026/06/05 15:51:05 Remaining fuzzing time: 9:59 min
2026/06/05 15:51:05 Finish fuzzing after 1 runs
2026/06/05 15:51:05 Fuzzing Run:  1
2026/06/05 15:51:05 Create  /home/advocate/Advocate/Experiments/Advocate/helper/aplas/output/oocLength/4/advocateResult/file(104)-test(8)-TwoCycleMixedDeadlock_test-TestMixedDeadlock_MD_2_2CloseB
2026/06/05 15:51:05 Execute Test
2026/06/05 15:51:05 Text executed
2026/06/05 15:51:05 Run the analyzer for /home/advocate/Advocate/Experiments/Advocate/helper/aplas/output/oocLength/4/plus/advocateTrace
2026/06/05 15:51:05 [31mTest run failed and no trace was recorded for: /home/advocate/Advocate/Experiments/Advocate/helper/aplas/output/oocLength/4/plus/TwoCycleMixedDeadlock_test.go -> TestMixedDeadlock_MD_2_2CloseB[0m
2026/06/05 15:51:05 Create statistics
2026/06/05 15:51:05 Finished run for TestMixedDeadlock_MD_2_2CloseB
2026/06/05 15:51:05 Parse recorded trace for fuzzing information
2026/06/05 15:51:05 Create mutations
2026/06/05 15:51:05 Create GoPie mutations
2026/06/05 15:51:05 Mutate 0 scheduling chains
2026/06/05 15:51:05 Write 0 mutations to file
2026/06/05 15:51:05 Create statistics
2026/06/05 15:51:05 Current fuzzing queue size: 0
2026/06/05 15:51:05 Remaining fuzzing time: 9:59 min
2026/06/05 15:51:05 Finish fuzzing after 1 runs
2026/06/05 15:51:05 Fuzzing Run:  1
2026/06/05 15:51:05 Create  /home/advocate/Advocate/Experiments/Advocate/helper/aplas/output/oocLength/4/advocateResult/file(104)-test(9)-TwoCycleMixedDeadlock_test-TestMixedDeadlock_MD_2_3CloseU
2026/06/05 15:51:05 Execute Test
2026/06/05 15:51:05 Text executed
2026/06/05 15:51:05 Run the analyzer for /home/advocate/Advocate/Experiments/Advocate/helper/aplas/output/oocLength/4/plus/advocateTrace
2026/06/05 15:51:05 [31mTest run failed and no trace was recorded for: /home/advocate/Advocate/Experiments/Advocate/helper/aplas/output/oocLength/4/plus/TwoCycleMixedDeadlock_test.go -> TestMixedDeadlock_MD_2_3CloseU[0m
2026/06/05 15:51:05 Create statistics
2026/06/05 15:51:05 Finished run for TestMixedDeadlock_MD_2_3CloseU
2026/06/05 15:51:05 Parse recorded trace for fuzzing information
2026/06/05 15:51:05 Create mutations
2026/06/05 15:51:05 Create GoPie mutations
2026/06/05 15:51:05 Mutate 0 scheduling chains
2026/06/05 15:51:05 Write 0 mutations to file
2026/06/05 15:51:05 Create statistics
2026/06/05 15:51:05 Current fuzzing queue size: 0
2026/06/05 15:51:05 Remaining fuzzing time: 9:59 min
2026/06/05 15:51:05 Finish fuzzing after 1 runs
2026/06/05 15:51:05 Fuzzing Run:  1
2026/06/05 15:51:05 Create  /home/advocate/Advocate/Experiments/Advocate/helper/aplas/output/oocLength/4/advocateResult/file(104)-test(10)-TwoCycleMixedDeadlock_test-TestMixedDeadlock_MD_2_3CloseB
2026/06/05 15:51:05 Execute Test
2026/06/05 15:51:05 Text executed
2026/06/05 15:51:05 Run the analyzer for /home/advocate/Advocate/Experiments/Advocate/helper/aplas/output/oocLength/4/plus/advocateTrace
2026/06/05 15:51:05 [31mTest run failed and no trace was recorded for: /home/advocate/Advocate/Experiments/Advocate/helper/aplas/output/oocLength/4/plus/TwoCycleMixedDeadlock_test.go -> TestMixedDeadlock_MD_2_3CloseB[0m
2026/06/05 15:51:05 Create statistics
2026/06/05 15:51:05 Finished run for TestMixedDeadlock_MD_2_3CloseB
2026/06/05 15:51:05 Parse recorded trace for fuzzing information
2026/06/05 15:51:05 Create mutations
2026/06/05 15:51:05 Create GoPie mutations
2026/06/05 15:51:05 Mutate 0 scheduling chains
2026/06/05 15:51:05 Write 0 mutations to file
2026/06/05 15:51:05 Create statistics
2026/06/05 15:51:05 Current fuzzing queue size: 0
2026/06/05 15:51:05 Remaining fuzzing time: 9:59 min
2026/06/05 15:51:05 Finish fuzzing after 1 runs
2026/06/05 15:51:05 Fuzzing Run:  1
2026/06/05 15:51:05 Create  /home/advocate/Advocate/Experiments/Advocate/helper/aplas/output/oocLength/4/advocateResult/file(104)-test(11)-TwoCycleMixedDeadlock_test-TestMixedDeadlock_MD_Read
2026/06/05 15:51:05 Execute Test
2026/06/05 15:51:05 Text executed
2026/06/05 15:51:05 Run the analyzer for /home/advocate/Advocate/Experiments/Advocate/helper/aplas/output/oocLength/4/plus/advocateTrace
2026/06/05 15:51:05 [31mTest run failed and no trace was recorded for: /home/advocate/Advocate/Experiments/Advocate/helper/aplas/output/oocLength/4/plus/TwoCycleMixedDeadlock_test.go -> TestMixedDeadlock_MD_Read[0m
2026/06/05 15:51:05 Create statistics
2026/06/05 15:51:05 Finished run for TestMixedDeadlock_MD_Read
2026/06/05 15:51:05 Parse recorded trace for fuzzing information
2026/06/05 15:51:05 Create mutations
2026/06/05 15:51:05 Create GoPie mutations
2026/06/05 15:51:05 Mutate 0 scheduling chains
2026/06/05 15:51:05 Write 0 mutations to file
2026/06/05 15:51:05 Create statistics
2026/06/05 15:51:05 Current fuzzing queue size: 0
2026/06/05 15:51:05 Remaining fuzzing time: 9:59 min
2026/06/05 15:51:05 Finish fuzzing after 1 runs
2026/06/05 15:51:05 Fuzzing Run:  1
2026/06/05 15:51:05 Create  /home/advocate/Advocate/Experiments/Advocate/helper/aplas/output/oocLength/4/advocateResult/file(104)-test(12)-TwoCycleMixedDeadlock_test-TestMixedDeadlock_MD_2_1B_RW
2026/06/05 15:51:05 Execute Test
2026/06/05 15:51:05 Text executed
2026/06/05 15:51:05 Run the analyzer for /home/advocate/Advocate/Experiments/Advocate/helper/aplas/output/oocLength/4/plus/advocateTrace
2026/06/05 15:51:05 [31mTest run failed and no trace was recorded for: /home/advocate/Advocate/Experiments/Advocate/helper/aplas/output/oocLength/4/plus/TwoCycleMixedDeadlock_test.go -> TestMixedDeadlock_MD_2_1B_RW[0m
2026/06/05 15:51:05 Create statistics
2026/06/05 15:51:05 Finished run for TestMixedDeadlock_MD_2_1B_RW
2026/06/05 15:51:05 Parse recorded trace for fuzzing information
2026/06/05 15:51:05 Create mutations
2026/06/05 15:51:05 Create GoPie mutations
2026/06/05 15:51:05 Mutate 0 scheduling chains
2026/06/05 15:51:05 Write 0 mutations to file
2026/06/05 15:51:05 Create statistics
2026/06/05 15:51:05 Current fuzzing queue size: 0
2026/06/05 15:51:05 Remaining fuzzing time: 9:59 min
2026/06/05 15:51:05 Finish fuzzing after 1 runs
2026/06/05 15:51:05 Fuzzing Run:  1
2026/06/05 15:51:05 Create  /home/advocate/Advocate/Experiments/Advocate/helper/aplas/output/oocLength/4/advocateResult/file(104)-test(13)-TwoCycleMixedDeadlock_test-TestMixedDeadlock_MD_2_2U_RW
2026/06/05 15:51:05 Execute Test
2026/06/05 15:51:05 Text executed
2026/06/05 15:51:05 Run the analyzer for /home/advocate/Advocate/Experiments/Advocate/helper/aplas/output/oocLength/4/plus/advocateTrace
2026/06/05 15:51:05 [31mTest run failed and no trace was recorded for: /home/advocate/Advocate/Experiments/Advocate/helper/aplas/output/oocLength/4/plus/TwoCycleMixedDeadlock_test.go -> TestMixedDeadlock_MD_2_2U_RW[0m
2026/06/05 15:51:05 Create statistics
2026/06/05 15:51:05 Finished run for TestMixedDeadlock_MD_2_2U_RW
2026/06/05 15:51:05 Parse recorded trace for fuzzing information
2026/06/05 15:51:05 Create mutations
2026/06/05 15:51:05 Create GoPie mutations
2026/06/05 15:51:05 Mutate 0 scheduling chains
2026/06/05 15:51:05 Write 0 mutations to file
2026/06/05 15:51:05 Create statistics
2026/06/05 15:51:05 Current fuzzing queue size: 0
2026/06/05 15:51:05 Remaining fuzzing time: 9:59 min
2026/06/05 15:51:05 Finish fuzzing after 1 runs
2026/06/05 15:51:05 Fuzzing Run:  1
2026/06/05 15:51:05 Create  /home/advocate/Advocate/Experiments/Advocate/helper/aplas/output/oocLength/4/advocateResult/file(104)-test(14)-TwoCycleMixedDeadlock_test-TestMixedDeadlock_MD_2_2B_RW
2026/06/05 15:51:05 Execute Test
2026/06/05 15:51:05 Text executed
2026/06/05 15:51:05 Run the analyzer for /home/advocate/Advocate/Experiments/Advocate/helper/aplas/output/oocLength/4/plus/advocateTrace
2026/06/05 15:51:05 [31mTest run failed and no trace was recorded for: /home/advocate/Advocate/Experiments/Advocate/helper/aplas/output/oocLength/4/plus/TwoCycleMixedDeadlock_test.go -> TestMixedDeadlock_MD_2_2B_RW[0m
2026/06/05 15:51:05 Create statistics
2026/06/05 15:51:05 Finished run for TestMixedDeadlock_MD_2_2B_RW
2026/06/05 15:51:05 Parse recorded trace for fuzzing information
2026/06/05 15:51:05 Create mutations
2026/06/05 15:51:05 Create GoPie mutations
2026/06/05 15:51:05 Mutate 0 scheduling chains
2026/06/05 15:51:05 Write 0 mutations to file
2026/06/05 15:51:05 Create statistics
2026/06/05 15:51:05 Current fuzzing queue size: 0
2026/06/05 15:51:05 Remaining fuzzing time: 9:59 min
2026/06/05 15:51:05 Finish fuzzing after 1 runs
2026/06/05 15:51:05 Fuzzing Run:  1
2026/06/05 15:51:05 Create  /home/advocate/Advocate/Experiments/Advocate/helper/aplas/output/oocLength/4/advocateResult/file(104)-test(15)-TwoCycleMixedDeadlock_test-TestMixedDeadlock_MD_2_3_RW
2026/06/05 15:51:05 Execute Test
2026/06/05 15:51:05 Text executed
2026/06/05 15:51:05 Run the analyzer for /home/advocate/Advocate/Experiments/Advocate/helper/aplas/output/oocLength/4/plus/advocateTrace
2026/06/05 15:51:05 [31mTest run failed and no trace was recorded for: /home/advocate/Advocate/Experiments/Advocate/helper/aplas/output/oocLength/4/plus/TwoCycleMixedDeadlock_test.go -> TestMixedDeadlock_MD_2_3_RW[0m
2026/06/05 15:51:05 Create statistics
2026/06/05 15:51:05 Finished run for TestMixedDeadlock_MD_2_3_RW
2026/06/05 15:51:05 Parse recorded trace for fuzzing information
2026/06/05 15:51:05 Create mutations
2026/06/05 15:51:05 Create GoPie mutations
2026/06/05 15:51:05 Mutate 0 scheduling chains
2026/06/05 15:51:05 Write 0 mutations to file
2026/06/05 15:51:05 Create statistics
2026/06/05 15:51:05 Current fuzzing queue size: 0
2026/06/05 15:51:05 Remaining fuzzing time: 9:59 min
2026/06/05 15:51:05 Finish fuzzing after 1 runs
2026/06/05 15:51:05 Fuzzing Run:  1
2026/06/05 15:51:05 Create  /home/advocate/Advocate/Experiments/Advocate/helper/aplas/output/oocLength/4/advocateResult/file(104)-test(16)-TwoCycleMixedDeadlock_test-TestMixedDeadlock_MD_2_3B_RW
2026/06/05 15:51:05 Execute Test
2026/06/05 15:51:05 Text executed
2026/06/05 15:51:05 Run the analyzer for /home/advocate/Advocate/Experiments/Advocate/helper/aplas/output/oocLength/4/plus/advocateTrace
2026/06/05 15:51:05 [31mTest run failed and no trace was recorded for: /home/advocate/Advocate/Experiments/Advocate/helper/aplas/output/oocLength/4/plus/TwoCycleMixedDeadlock_test.go -> TestMixedDeadlock_MD_2_3B_RW[0m
2026/06/05 15:51:05 Create statistics
2026/06/05 15:51:05 Finished run for TestMixedDeadlock_MD_2_3B_RW
2026/06/05 15:51:05 Parse recorded trace for fuzzing information
2026/06/05 15:51:05 Create mutations
2026/06/05 15:51:05 Create GoPie mutations
2026/06/05 15:51:05 Mutate 0 scheduling chains
2026/06/05 15:51:05 Write 0 mutations to file
2026/06/05 15:51:05 Create statistics
2026/06/05 15:51:05 Current fuzzing queue size: 0
2026/06/05 15:51:05 Remaining fuzzing time: 9:59 min
2026/06/05 15:51:05 Finish fuzzing after 1 runs
2026/06/05 15:51:05 Fuzzing Run:  1
2026/06/05 15:51:05 Create  /home/advocate/Advocate/Experiments/Advocate/helper/aplas/output/oocLength/4/advocateResult/file(104)-test(17)-TwoCycleMixedDeadlock_test-TestMixedDeadlock_No_MD_BeforeCS
2026/06/05 15:51:05 Execute Test
2026/06/05 15:51:05 Text executed
2026/06/05 15:51:05 Run the analyzer for /home/advocate/Advocate/Experiments/Advocate/helper/aplas/output/oocLength/4/plus/advocateTrace
2026/06/05 15:51:05 [31mTest run failed and no trace was recorded for: /home/advocate/Advocate/Experiments/Advocate/helper/aplas/output/oocLength/4/plus/TwoCycleMixedDeadlock_test.go -> TestMixedDeadlock_No_MD_BeforeCS[0m
2026/06/05 15:51:05 Create statistics
2026/06/05 15:51:05 Finished run for TestMixedDeadlock_No_MD_BeforeCS
2026/06/05 15:51:05 Parse recorded trace for fuzzing information
2026/06/05 15:51:05 Create mutations
2026/06/05 15:51:05 Create GoPie mutations
2026/06/05 15:51:05 Mutate 0 scheduling chains
2026/06/05 15:51:05 Write 0 mutations to file
2026/06/05 15:51:05 Create statistics
2026/06/05 15:51:05 Current fuzzing queue size: 0
2026/06/05 15:51:05 Remaining fuzzing time: 9:59 min
2026/06/05 15:51:05 Finish fuzzing after 1 runs
2026/06/05 15:51:05 Fuzzing Run:  1
2026/06/05 15:51:05 Create  /home/advocate/Advocate/Experiments/Advocate/helper/aplas/output/oocLength/4/advocateResult/file(104)-test(18)-TwoCycleMixedDeadlock_test-TestMixedDeadlock_No_MD_AfterPCS
2026/06/05 15:51:05 Execute Test
2026/06/05 15:51:05 Text executed
2026/06/05 15:51:05 Run the analyzer for /home/advocate/Advocate/Experiments/Advocate/helper/aplas/output/oocLength/4/plus/advocateTrace
2026/06/05 15:51:05 [31mTest run failed and no trace was recorded for: /home/advocate/Advocate/Experiments/Advocate/helper/aplas/output/oocLength/4/plus/TwoCycleMixedDeadlock_test.go -> TestMixedDeadlock_No_MD_AfterPCS[0m
2026/06/05 15:51:05 Create statistics
2026/06/05 15:51:05 Finished run for TestMixedDeadlock_No_MD_AfterPCS
2026/06/05 15:51:05 Parse recorded trace for fuzzing information
2026/06/05 15:51:05 Create mutations
2026/06/05 15:51:05 Create GoPie mutations
2026/06/05 15:51:05 Mutate 0 scheduling chains
2026/06/05 15:51:05 Write 0 mutations to file
2026/06/05 15:51:05 Create statistics
2026/06/05 15:51:05 Current fuzzing queue size: 0
2026/06/05 15:51:05 Remaining fuzzing time: 9:59 min
2026/06/05 15:51:05 Finish fuzzing after 1 runs
2026/06/05 15:51:05 Fuzzing Run:  1
2026/06/05 15:51:05 Create  /home/advocate/Advocate/Experiments/Advocate/helper/aplas/output/oocLength/4/advocateResult/file(104)-test(19)-TwoCycleMixedDeadlock_test-TestMixedDeadlock_No_MD_DifferentLocks
2026/06/05 15:51:05 Execute Test
2026/06/05 15:51:05 Text executed
2026/06/05 15:51:05 Run the analyzer for /home/advocate/Advocate/Experiments/Advocate/helper/aplas/output/oocLength/4/plus/advocateTrace
2026/06/05 15:51:05 [31mTest run failed and no trace was recorded for: /home/advocate/Advocate/Experiments/Advocate/helper/aplas/output/oocLength/4/plus/TwoCycleMixedDeadlock_test.go -> TestMixedDeadlock_No_MD_DifferentLocks[0m
2026/06/05 15:51:05 Create statistics
2026/06/05 15:51:05 Finished run for TestMixedDeadlock_No_MD_DifferentLocks
2026/06/05 15:51:05 Parse recorded trace for fuzzing information
2026/06/05 15:51:05 Create mutations
2026/06/05 15:51:05 Create GoPie mutations
2026/06/05 15:51:05 Mutate 0 scheduling chains
2026/06/05 15:51:05 Write 0 mutations to file
2026/06/05 15:51:05 Create statistics
2026/06/05 15:51:05 Current fuzzing queue size: 0
2026/06/05 15:51:05 Remaining fuzzing time: 9:59 min
2026/06/05 15:51:05 Finish fuzzing after 1 runs
2026/06/05 15:51:05 Create fuzzing statistics
2026/06/05 15:51:05 Create program statistics
2026/06/05 15:51:05 [31mFinished with 328 errors[0m
2026/06/05 15:51:05 [31m1 internal replay timeouts occurred[0m
2026/06/05 15:51:05 [32mTests with indicated bugs: 71[0m
2026/06/05 15:51:05 [32mNumber indicated bugs:  102[0m
