2026/06/05 14:16:05 [33mUpdated Go version in go.mod to 1.25[0m
2026/06/05 14:16:05 Run go mod tidy
2026/06/05 14:16:05 Start fuzzing in mode GoCRHB
2026/06/05 14:16:05 Run fuzzing on all tests
2026/06/05 14:16:05 Found 104 test files
2026/06/05 14:16:05 Processing file: /home/advocate/Advocate/Experiments/Advocate/helper/aplas/output/oocLength/11/blocking/cockroach/10214/cockroach10214_test.go
2026/06/05 14:16:05 Fuzzing Run:  1
2026/06/05 14:16:05 Create  /home/advocate/Advocate/Experiments/Advocate/helper/aplas/output/oocLength/11/advocateResult/file(1)-test(1)-cockroach10214_test-TestCockroach10214
2026/06/05 14:16:05 Execute Test
2026/06/05 14:16:06 Text executed
2026/06/05 14:16:06 Run the analyzer for /home/advocate/Advocate/Experiments/Advocate/helper/aplas/output/oocLength/11/blocking/cockroach/10214/advocateTrace
2026/06/05 14:16:06 Read trace with 23 elements in 3 routines
2026/06/05 14:16:06 Start Analysis
2026/06/05 14:16:06 Finished HB analysis
2026/06/05 14:16:06 Analysis finished
2026/06/05 14:16:06 Start rewrite
2026/06/05 14:16:06 Finished Rewrite
2026/06/05 14:16:06 Number Results:  1
2026/06/05 14:16:06 Successfully rewrites:  0
2026/06/05 14:16:06 No need/not possible to rewrite:  1
2026/06/05 14:16:06 Failed rewrites:  0
2026/06/05 14:16:06 Start guided execution
2026/06/05 14:16:06 Found 0 rewritten traces
2026/06/05 14:16:06 Create bug reports
2026/06/05 14:16:06 [32mFound Possible Cyclic Deadlock.[0m
2026/06/05 14:16:06 Create statistics
2026/06/05 14:16:06 Finished run for TestCockroach10214
2026/06/05 14:16:06 Parse recorded trace for fuzzing information
2026/06/05 14:16:06 Create mutations
2026/06/05 14:16:06 Create GoPie mutations
2026/06/05 14:16:06 Mutate 24 scheduling chains
2026/06/05 14:16:06 Write 0 mutations to file
2026/06/05 14:16:06 Create statistics
2026/06/05 14:16:06 Current fuzzing queue size: 0
2026/06/05 14:16:06 Remaining fuzzing time: 9:58 min
2026/06/05 14:16:06 Finish fuzzing after 1 runs
2026/06/05 14:16:06 Processing file: /home/advocate/Advocate/Experiments/Advocate/helper/aplas/output/oocLength/11/blocking/cockroach/1055/cockroach1055_test.go
2026/06/05 14:16:06 Fuzzing Run:  1
2026/06/05 14:16:06 Create  /home/advocate/Advocate/Experiments/Advocate/helper/aplas/output/oocLength/11/advocateResult/file(2)-test(1)-cockroach1055_test-TestCockroach1055
2026/06/05 14:16:06 Execute Test
2026/06/05 14:20:08 Text executed
2026/06/05 14:20:08 Run the analyzer for /home/advocate/Advocate/Experiments/Advocate/helper/aplas/output/oocLength/11/blocking/cockroach/1055/advocateTrace
2026/06/05 14:20:08 Read trace with 44 elements in 5 routines
2026/06/05 14:20:08 Start Analysis
2026/06/05 14:20:08 Finished HB analysis
2026/06/05 14:20:08 Analysis finished
2026/06/05 14:20:08 Start rewrite
2026/06/05 14:20:08 Finished Rewrite
2026/06/05 14:20:08 Number Results:  2
2026/06/05 14:20:08 Successfully rewrites:  0
2026/06/05 14:20:08 No need/not possible to rewrite:  2
2026/06/05 14:20:08 Failed rewrites:  0
2026/06/05 14:20:08 Start guided execution
2026/06/05 14:20:08 Found 0 rewritten traces
2026/06/05 14:20:08 Create bug reports
2026/06/05 14:20:08 [32mFound Timeout.[0m
2026/06/05 14:20:08 [32mFound Actual Non-Cyclic Blocking Bug.[0m
2026/06/05 14:20:08 Create statistics
2026/06/05 14:20:08 Finished run for TestCockroach1055
2026/06/05 14:20:08 Parse recorded trace for fuzzing information
2026/06/05 14:20:08 Create mutations
2026/06/05 14:20:08 Create GoPie mutations
2026/06/05 14:20:08 Mutate 24 scheduling chains
2026/06/05 14:20:08 Write 20 mutations to file
2026/06/05 14:20:08 Create statistics
2026/06/05 14:20:08 Current fuzzing queue size: 20
2026/06/05 14:20:08 Remaining fuzzing time: 5:58 min
2026/06/05 14:20:08 Fuzzing Run:  2
2026/06/05 14:20:08 Execute Test
2026/06/05 14:24:16 Text executed
2026/06/05 14:24:16 Run the analyzer for /home/advocate/Advocate/Experiments/Advocate/helper/aplas/output/oocLength/11/blocking/cockroach/1055/advocateTrace
2026/06/05 14:24:16 Read trace with 40 elements in 31 routines
2026/06/05 14:24:16 Start Analysis
2026/06/05 14:24:16 Finished HB analysis
2026/06/05 14:24:16 Analysis finished
2026/06/05 14:24:16 Start rewrite
2026/06/05 14:24:16 Finished Rewrite
2026/06/05 14:24:16 Number Results:  2
2026/06/05 14:24:16 Successfully rewrites:  0
2026/06/05 14:24:16 No need/not possible to rewrite:  2
2026/06/05 14:24:16 Failed rewrites:  0
2026/06/05 14:24:16 Start guided execution
2026/06/05 14:24:16 Found 0 rewritten traces
2026/06/05 14:24:16 Create bug reports
2026/06/05 14:24:16 [32mFound Actual Non-Cyclic Blocking Bug.[0m
2026/06/05 14:24:16 Create statistics
2026/06/05 14:24:16 Finished run for TestCockroach1055
2026/06/05 14:24:16 Parse recorded trace for fuzzing information
2026/06/05 14:24:16 Create mutations
2026/06/05 14:24:16 Create GoPie mutations
2026/06/05 14:24:16 Mutate 24 scheduling chains
2026/06/05 14:24:16 Write 0 mutations to file
2026/06/05 14:24:16 Create statistics
2026/06/05 14:24:16 Current fuzzing queue size: 0
2026/06/05 14:24:16 Remaining fuzzing time: 1:50 min
2026/06/05 14:24:16 Finish fuzzing after 2 runs
2026/06/05 14:24:16 Processing file: /home/advocate/Advocate/Experiments/Advocate/helper/aplas/output/oocLength/11/blocking/cockroach/10790/cockroach10790_test.go
2026/06/05 14:24:16 Fuzzing Run:  1
2026/06/05 14:24:16 Create  /home/advocate/Advocate/Experiments/Advocate/helper/aplas/output/oocLength/11/advocateResult/file(3)-test(1)-cockroach10790_test-TestCockroach10790
2026/06/05 14:24:16 Execute Test
2026/06/05 14:24:17 Text executed
2026/06/05 14:24:17 Run the analyzer for /home/advocate/Advocate/Experiments/Advocate/helper/aplas/output/oocLength/11/blocking/cockroach/10790/advocateTrace
2026/06/05 14:24:17 Read trace with 22 elements in 6 routines
2026/06/05 14:24:17 Start Analysis
2026/06/05 14:24:17 Finished HB analysis
2026/06/05 14:24:17 Analysis finished
2026/06/05 14:24:17 Start rewrite
2026/06/05 14:24:17 Finished Rewrite
2026/06/05 14:24:17 Number Results:  2
2026/06/05 14:24:17 Successfully rewrites:  0
2026/06/05 14:24:17 No need/not possible to rewrite:  2
2026/06/05 14:24:17 Failed rewrites:  0
2026/06/05 14:24:17 Start guided execution
2026/06/05 14:24:17 Found 0 rewritten traces
2026/06/05 14:24:17 Create bug reports
2026/06/05 14:24:17 [31mline number out of range[0m
2026/06/05 14:24:17 [32mFound Actual Non-Cyclic Blocking Bug.[0m
2026/06/05 14:24:17 [32mFound Actual Cyclic Deadlock.[0m
2026/06/05 14:24:17 Create statistics
2026/06/05 14:24:17 Finished run for TestCockroach10790
2026/06/05 14:24:17 Parse recorded trace for fuzzing information
2026/06/05 14:24:17 Create mutations
2026/06/05 14:24:17 Create GoPie mutations
2026/06/05 14:24:17 Mutate 0 scheduling chains
2026/06/05 14:24:17 Write 1 special mutation to file
2026/06/05 14:24:17 Write 0 mutations to file
2026/06/05 14:24:17 Create statistics
2026/06/05 14:24:17 Current fuzzing queue size: 0
2026/06/05 14:24:17 Remaining fuzzing time: 9:58 min
2026/06/05 14:24:17 Finish fuzzing after 1 runs
2026/06/05 14:24:17 Processing file: /home/advocate/Advocate/Experiments/Advocate/helper/aplas/output/oocLength/11/blocking/cockroach/13197/cockroach13197_test.go
2026/06/05 14:24:17 Fuzzing Run:  1
2026/06/05 14:24:17 Create  /home/advocate/Advocate/Experiments/Advocate/helper/aplas/output/oocLength/11/advocateResult/file(4)-test(1)-cockroach13197_test-TestCockroach13197
2026/06/05 14:24:17 Execute Test
2026/06/05 14:24:18 Text executed
2026/06/05 14:24:18 Run the analyzer for /home/advocate/Advocate/Experiments/Advocate/helper/aplas/output/oocLength/11/blocking/cockroach/13197/advocateTrace
2026/06/05 14:24:18 Read trace with 6 elements in 2 routines
2026/06/05 14:24:18 Start Analysis
2026/06/05 14:24:18 Finished HB analysis
2026/06/05 14:24:18 Analysis finished
2026/06/05 14:24:18 Start rewrite
2026/06/05 14:24:18 Finished Rewrite
2026/06/05 14:24:18 Number Results:  2
2026/06/05 14:24:18 Successfully rewrites:  0
2026/06/05 14:24:18 No need/not possible to rewrite:  2
2026/06/05 14:24:18 Failed rewrites:  0
2026/06/05 14:24:18 Start guided execution
2026/06/05 14:24:18 Found 0 rewritten traces
2026/06/05 14:24:18 Create bug reports
2026/06/05 14:24:18 [31mline number out of range[0m
2026/06/05 14:24:18 [32mFound Actual Non-Cyclic Blocking Bug.[0m
2026/06/05 14:24:18 [32mFound Actual Cyclic Deadlock.[0m
2026/06/05 14:24:18 Create statistics
2026/06/05 14:24:18 Finished run for TestCockroach13197
2026/06/05 14:24:18 Parse recorded trace for fuzzing information
2026/06/05 14:24:18 Create mutations
2026/06/05 14:24:18 Create GoPie mutations
2026/06/05 14:24:18 Mutate 0 scheduling chains
2026/06/05 14:24:18 Write 0 mutations to file
2026/06/05 14:24:18 Create statistics
2026/06/05 14:24:18 Current fuzzing queue size: 0
2026/06/05 14:24:18 Remaining fuzzing time: 9:58 min
2026/06/05 14:24:18 Finish fuzzing after 1 runs
2026/06/05 14:24:18 Processing file: /home/advocate/Advocate/Experiments/Advocate/helper/aplas/output/oocLength/11/blocking/cockroach/13755/cockroach13755_test.go
2026/06/05 14:24:18 Fuzzing Run:  1
2026/06/05 14:24:18 Create  /home/advocate/Advocate/Experiments/Advocate/helper/aplas/output/oocLength/11/advocateResult/file(5)-test(1)-cockroach13755_test-TestCockroach13755
2026/06/05 14:24:18 Execute Test
2026/06/05 14:24:19 Text executed
2026/06/05 14:24:19 Run the analyzer for /home/advocate/Advocate/Experiments/Advocate/helper/aplas/output/oocLength/11/blocking/cockroach/13755/advocateTrace
2026/06/05 14:24:19 Read trace with 6 elements in 2 routines
2026/06/05 14:24:19 Start Analysis
2026/06/05 14:24:19 Finished HB analysis
2026/06/05 14:24:19 Analysis finished
2026/06/05 14:24:19 Start rewrite
2026/06/05 14:24:19 Finished Rewrite
2026/06/05 14:24:19 Number Results:  2
2026/06/05 14:24:19 Successfully rewrites:  0
2026/06/05 14:24:19 No need/not possible to rewrite:  2
2026/06/05 14:24:19 Failed rewrites:  0
2026/06/05 14:24:19 Start guided execution
2026/06/05 14:24:19 Found 0 rewritten traces
2026/06/05 14:24:19 Create bug reports
2026/06/05 14:24:19 [31mline number out of range[0m
2026/06/05 14:24:19 [32mFound Actual Non-Cyclic Blocking Bug.[0m
2026/06/05 14:24:19 Create statistics
2026/06/05 14:24:19 Finished run for TestCockroach13755
2026/06/05 14:24:19 Parse recorded trace for fuzzing information
2026/06/05 14:24:19 Create mutations
2026/06/05 14:24:19 Create GoPie mutations
2026/06/05 14:24:19 Mutate 0 scheduling chains
2026/06/05 14:24:19 Write 0 mutations to file
2026/06/05 14:24:19 Create statistics
2026/06/05 14:24:19 Current fuzzing queue size: 0
2026/06/05 14:24:19 Remaining fuzzing time: 9:58 min
2026/06/05 14:24:19 Finish fuzzing after 1 runs
2026/06/05 14:24:19 Processing file: /home/advocate/Advocate/Experiments/Advocate/helper/aplas/output/oocLength/11/blocking/cockroach/1462/cockroach1462_test.go
2026/06/05 14:24:19 Fuzzing Run:  1
2026/06/05 14:24:19 Create  /home/advocate/Advocate/Experiments/Advocate/helper/aplas/output/oocLength/11/advocateResult/file(6)-test(1)-cockroach1462_test-TestCockroach1462
2026/06/05 14:24:19 Execute Test
2026/06/05 14:24:20 Text executed
2026/06/05 14:24:20 Run the analyzer for /home/advocate/Advocate/Experiments/Advocate/helper/aplas/output/oocLength/11/blocking/cockroach/1462/advocateTrace
2026/06/05 14:24:20 Read trace with 21 elements in 3 routines
2026/06/05 14:24:20 Start Analysis
2026/06/05 14:24:20 Finished HB analysis
2026/06/05 14:24:20 Analysis finished
2026/06/05 14:24:20 Start rewrite
2026/06/05 14:24:20 Finished Rewrite
2026/06/05 14:24:20 Number Results:  2
2026/06/05 14:24:20 Successfully rewrites:  0
2026/06/05 14:24:20 No need/not possible to rewrite:  2
2026/06/05 14:24:20 Failed rewrites:  0
2026/06/05 14:24:20 Start guided execution
2026/06/05 14:24:20 Found 0 rewritten traces
2026/06/05 14:24:20 Create bug reports
2026/06/05 14:24:20 [31mline number out of range[0m
2026/06/05 14:24:20 [32mFound Actual Non-Cyclic Blocking Bug.[0m
2026/06/05 14:24:20 Create statistics
2026/06/05 14:24:20 Finished run for TestCockroach1462
2026/06/05 14:24:20 Parse recorded trace for fuzzing information
2026/06/05 14:24:20 Create mutations
2026/06/05 14:24:20 Create GoPie mutations
2026/06/05 14:24:20 Mutate 24 scheduling chains
2026/06/05 14:24:20 Write 0 mutations to file
2026/06/05 14:24:20 Create statistics
2026/06/05 14:24:20 Current fuzzing queue size: 0
2026/06/05 14:24:20 Remaining fuzzing time: 9:58 min
2026/06/05 14:24:20 Finish fuzzing after 1 runs
2026/06/05 14:24:20 Processing file: /home/advocate/Advocate/Experiments/Advocate/helper/aplas/output/oocLength/11/blocking/cockroach/16167/cockroach16167_test.go
2026/06/05 14:24:20 Fuzzing Run:  1
2026/06/05 14:24:20 Create  /home/advocate/Advocate/Experiments/Advocate/helper/aplas/output/oocLength/11/advocateResult/file(7)-test(1)-cockroach16167_test-TestCockroach16167
2026/06/05 14:24:20 Execute Test
2026/06/05 14:24:21 Text executed
2026/06/05 14:24:21 Run the analyzer for /home/advocate/Advocate/Experiments/Advocate/helper/aplas/output/oocLength/11/blocking/cockroach/16167/advocateTrace
2026/06/05 14:24:21 Read trace with 7 elements in 2 routines
2026/06/05 14:24:21 Start Analysis
2026/06/05 14:24:21 Finished HB analysis
2026/06/05 14:24:21 Analysis finished
2026/06/05 14:24:21 Start rewrite
2026/06/05 14:24:21 Finished Rewrite
2026/06/05 14:24:21 Number Results:  2
2026/06/05 14:24:21 Successfully rewrites:  0
2026/06/05 14:24:21 No need/not possible to rewrite:  2
2026/06/05 14:24:21 Failed rewrites:  0
2026/06/05 14:24:21 Start guided execution
2026/06/05 14:24:21 Found 0 rewritten traces
2026/06/05 14:24:21 Create bug reports
2026/06/05 14:24:21 [31mline number out of range[0m
2026/06/05 14:24:21 Create statistics
2026/06/05 14:24:21 Finished run for TestCockroach16167
2026/06/05 14:24:21 Parse recorded trace for fuzzing information
2026/06/05 14:24:21 Create mutations
2026/06/05 14:24:21 Create GoPie mutations
2026/06/05 14:24:21 Mutate 24 scheduling chains
2026/06/05 14:24:21 Write 0 mutations to file
2026/06/05 14:24:21 Create statistics
2026/06/05 14:24:21 Current fuzzing queue size: 0
2026/06/05 14:24:21 Remaining fuzzing time: 9:58 min
2026/06/05 14:24:21 Finish fuzzing after 1 runs
2026/06/05 14:24:21 Processing file: /home/advocate/Advocate/Experiments/Advocate/helper/aplas/output/oocLength/11/blocking/cockroach/18101/cockroach18101_test.go
2026/06/05 14:24:21 Fuzzing Run:  1
2026/06/05 14:24:21 Create  /home/advocate/Advocate/Experiments/Advocate/helper/aplas/output/oocLength/11/advocateResult/file(8)-test(1)-cockroach18101_test-TestCockroach18101
2026/06/05 14:24:21 Execute Test
2026/06/05 14:24:23 Text executed
2026/06/05 14:24:23 Run the analyzer for /home/advocate/Advocate/Experiments/Advocate/helper/aplas/output/oocLength/11/blocking/cockroach/18101/advocateTrace
2026/06/05 14:24:23 Read trace with 19 elements in 4 routines
2026/06/05 14:24:23 Start Analysis
2026/06/05 14:24:23 Finished HB analysis
2026/06/05 14:24:23 Analysis finished
2026/06/05 14:24:23 Start rewrite
2026/06/05 14:24:23 Finished Rewrite
2026/06/05 14:24:23 Number Results:  2
2026/06/05 14:24:23 Successfully rewrites:  0
2026/06/05 14:24:23 No need/not possible to rewrite:  2
2026/06/05 14:24:23 Failed rewrites:  0
2026/06/05 14:24:23 Start guided execution
2026/06/05 14:24:23 Found 0 rewritten traces
2026/06/05 14:24:23 Create bug reports
2026/06/05 14:24:23 [31mline number out of range[0m
2026/06/05 14:24:23 [32mFound Actual Non-Cyclic Blocking Bug.[0m
2026/06/05 14:24:23 Create statistics
2026/06/05 14:24:23 Finished run for TestCockroach18101
2026/06/05 14:24:23 Parse recorded trace for fuzzing information
2026/06/05 14:24:23 Create mutations
2026/06/05 14:24:23 Create GoPie mutations
2026/06/05 14:24:23 Mutate 24 scheduling chains
2026/06/05 14:24:23 Write 0 mutations to file
2026/06/05 14:24:23 Create statistics
2026/06/05 14:24:23 Current fuzzing queue size: 0
2026/06/05 14:24:23 Remaining fuzzing time: 9:58 min
2026/06/05 14:24:23 Finish fuzzing after 1 runs
2026/06/05 14:24:23 Processing file: /home/advocate/Advocate/Experiments/Advocate/helper/aplas/output/oocLength/11/blocking/cockroach/2448/cockroach2448_test.go
2026/06/05 14:24:23 Fuzzing Run:  1
2026/06/05 14:24:23 Create  /home/advocate/Advocate/Experiments/Advocate/helper/aplas/output/oocLength/11/advocateResult/file(9)-test(1)-cockroach2448_test-TestCockroach2448
2026/06/05 14:24:23 Execute Test
2026/06/05 14:24:24 Text executed
2026/06/05 14:24:24 Run the analyzer for /home/advocate/Advocate/Experiments/Advocate/helper/aplas/output/oocLength/11/blocking/cockroach/2448/advocateTrace
2026/06/05 14:24:24 Read trace with 117 elements in 3 routines
2026/06/05 14:24:24 Start Analysis
2026/06/05 14:24:24 Finished HB analysis
2026/06/05 14:24:24 Analysis finished
2026/06/05 14:24:24 Start rewrite
2026/06/05 14:24:24 Finished Rewrite
2026/06/05 14:24:24 Number Results:  2
2026/06/05 14:24:24 Successfully rewrites:  0
2026/06/05 14:24:24 No need/not possible to rewrite:  2
2026/06/05 14:24:24 Failed rewrites:  0
2026/06/05 14:24:24 Start guided execution
2026/06/05 14:24:24 Found 0 rewritten traces
2026/06/05 14:24:24 Create bug reports
2026/06/05 14:24:24 [31mline number out of range[0m
2026/06/05 14:24:24 [32mFound Actual Non-Cyclic Blocking Bug.[0m
2026/06/05 14:24:24 [32mFound Actual Cyclic Deadlock.[0m
2026/06/05 14:24:24 Create statistics
2026/06/05 14:24:24 Finished run for TestCockroach2448
2026/06/05 14:24:24 Parse recorded trace for fuzzing information
2026/06/05 14:24:24 Create mutations
2026/06/05 14:24:24 Create GoPie mutations
2026/06/05 14:24:24 Mutate 0 scheduling chains
2026/06/05 14:24:24 Write 0 mutations to file
2026/06/05 14:24:24 Create statistics
2026/06/05 14:24:24 Current fuzzing queue size: 0
2026/06/05 14:24:24 Remaining fuzzing time: 9:58 min
2026/06/05 14:24:24 Finish fuzzing after 1 runs
2026/06/05 14:24:24 Processing file: /home/advocate/Advocate/Experiments/Advocate/helper/aplas/output/oocLength/11/blocking/cockroach/24808/cockroach24808_test.go
2026/06/05 14:24:24 Fuzzing Run:  1
2026/06/05 14:24:24 Create  /home/advocate/Advocate/Experiments/Advocate/helper/aplas/output/oocLength/11/advocateResult/file(10)-test(1)-cockroach24808_test-TestCockroach24808
2026/06/05 14:24:24 Execute Test
2026/06/05 14:28:25 Text executed
2026/06/05 14:28:25 Run the analyzer for /home/advocate/Advocate/Experiments/Advocate/helper/aplas/output/oocLength/11/blocking/cockroach/24808/advocateTrace
2026/06/05 14:28:25 Read trace with 4 elements in 1 routines
2026/06/05 14:28:25 Start Analysis
2026/06/05 14:28:25 Finished HB analysis
2026/06/05 14:28:25 Analysis finished
2026/06/05 14:28:25 Start rewrite
2026/06/05 14:28:25 Finished Rewrite
2026/06/05 14:28:25 Number Results:  3
2026/06/05 14:28:25 Successfully rewrites:  0
2026/06/05 14:28:25 No need/not possible to rewrite:  3
2026/06/05 14:28:25 Failed rewrites:  0
2026/06/05 14:28:25 Start guided execution
2026/06/05 14:28:25 Found 0 rewritten traces
2026/06/05 14:28:25 Create bug reports
2026/06/05 14:28:25 [31mline number out of range[0m
2026/06/05 14:28:25 [32mFound Actual Non-Cyclic Blocking Bug.[0m
2026/06/05 14:28:25 [32mFound Actual Cyclic Deadlock.[0m
2026/06/05 14:28:25 Create statistics
2026/06/05 14:28:25 Finished run for TestCockroach24808
2026/06/05 14:28:25 Parse recorded trace for fuzzing information
2026/06/05 14:28:25 Create mutations
2026/06/05 14:28:25 Create GoPie mutations
2026/06/05 14:28:25 Mutate 0 scheduling chains
2026/06/05 14:28:25 Write 0 mutations to file
2026/06/05 14:28:25 Create statistics
2026/06/05 14:28:25 Current fuzzing queue size: 0
2026/06/05 14:28:25 Remaining fuzzing time: 5:58 min
2026/06/05 14:28:25 Finish fuzzing after 1 runs
2026/06/05 14:28:25 Processing file: /home/advocate/Advocate/Experiments/Advocate/helper/aplas/output/oocLength/11/blocking/cockroach/25456/cockroach25456_test.go
2026/06/05 14:28:25 Fuzzing Run:  1
2026/06/05 14:28:25 Create  /home/advocate/Advocate/Experiments/Advocate/helper/aplas/output/oocLength/11/advocateResult/file(11)-test(1)-cockroach25456_test-TestCockroach25456
2026/06/05 14:28:25 Execute Test
2026/06/05 14:32:26 Text executed
2026/06/05 14:32:26 Run the analyzer for /home/advocate/Advocate/Experiments/Advocate/helper/aplas/output/oocLength/11/blocking/cockroach/25456/advocateTrace
2026/06/05 14:32:26 Read trace with 2 elements in 1 routines
2026/06/05 14:32:26 Start Analysis
2026/06/05 14:32:26 Finished HB analysis
2026/06/05 14:32:26 Analysis finished
2026/06/05 14:32:26 Start rewrite
2026/06/05 14:32:26 Finished Rewrite
2026/06/05 14:32:26 Number Results:  3
2026/06/05 14:32:26 Successfully rewrites:  0
2026/06/05 14:32:26 No need/not possible to rewrite:  3
2026/06/05 14:32:26 Failed rewrites:  0
2026/06/05 14:32:26 Start guided execution
2026/06/05 14:32:26 Found 0 rewritten traces
2026/06/05 14:32:26 Create bug reports
2026/06/05 14:32:26 [31mline number out of range[0m
2026/06/05 14:32:26 [32mFound Actual Non-Cyclic Blocking Bug.[0m
2026/06/05 14:32:26 Create statistics
2026/06/05 14:32:26 Finished run for TestCockroach25456
2026/06/05 14:32:26 Parse recorded trace for fuzzing information
2026/06/05 14:32:26 Create mutations
2026/06/05 14:32:26 Create GoPie mutations
2026/06/05 14:32:26 Mutate 0 scheduling chains
2026/06/05 14:32:26 Write 0 mutations to file
2026/06/05 14:32:26 Create statistics
2026/06/05 14:32:26 Current fuzzing queue size: 0
2026/06/05 14:32:26 Remaining fuzzing time: 5:58 min
2026/06/05 14:32:26 Finish fuzzing after 1 runs
2026/06/05 14:32:26 Processing file: /home/advocate/Advocate/Experiments/Advocate/helper/aplas/output/oocLength/11/blocking/cockroach/35073/cockroach35073_test.go
2026/06/05 14:32:26 Fuzzing Run:  1
2026/06/05 14:32:26 Create  /home/advocate/Advocate/Experiments/Advocate/helper/aplas/output/oocLength/11/advocateResult/file(12)-test(1)-cockroach35073_test-TestCockroach35073
2026/06/05 14:32:26 Execute Test
2026/06/05 14:36:27 Text executed
2026/06/05 14:36:27 Run the analyzer for /home/advocate/Advocate/Experiments/Advocate/helper/aplas/output/oocLength/11/blocking/cockroach/35073/advocateTrace
2026/06/05 14:36:27 Read trace with 44 elements in 3 routines
2026/06/05 14:36:27 Start Analysis
2026/06/05 14:36:27 Finished HB analysis
2026/06/05 14:36:27 Analysis finished
2026/06/05 14:36:27 Start rewrite
2026/06/05 14:36:27 Finished Rewrite
2026/06/05 14:36:27 Number Results:  3
2026/06/05 14:36:27 Successfully rewrites:  0
2026/06/05 14:36:27 No need/not possible to rewrite:  3
2026/06/05 14:36:27 Failed rewrites:  0
2026/06/05 14:36:27 Start guided execution
2026/06/05 14:36:27 Found 0 rewritten traces
2026/06/05 14:36:27 Create bug reports
2026/06/05 14:36:27 [31mline number out of range[0m
2026/06/05 14:36:27 [32mFound Actual Non-Cyclic Blocking Bug.[0m
2026/06/05 14:36:27 [32mFound Actual Cyclic Deadlock.[0m
2026/06/05 14:36:27 Create statistics
2026/06/05 14:36:27 Finished run for TestCockroach35073
2026/06/05 14:36:27 Parse recorded trace for fuzzing information
2026/06/05 14:36:27 Create mutations
2026/06/05 14:36:27 Create GoPie mutations
2026/06/05 14:36:27 Mutate 24 scheduling chains
2026/06/05 14:36:27 Write 0 mutations to file
2026/06/05 14:36:27 Create statistics
2026/06/05 14:36:27 Current fuzzing queue size: 0
2026/06/05 14:36:27 Remaining fuzzing time: 5:58 min
2026/06/05 14:36:27 Finish fuzzing after 1 runs
2026/06/05 14:36:27 Processing file: /home/advocate/Advocate/Experiments/Advocate/helper/aplas/output/oocLength/11/blocking/cockroach/35931/cockroach35931_test.go
2026/06/05 14:36:27 Fuzzing Run:  1
2026/06/05 14:36:27 Create  /home/advocate/Advocate/Experiments/Advocate/helper/aplas/output/oocLength/11/advocateResult/file(13)-test(1)-cockroach35931_test-TestCockroach35931
2026/06/05 14:36:27 Execute Test
2026/06/05 14:40:29 Text executed
2026/06/05 14:40:29 Run the analyzer for /home/advocate/Advocate/Experiments/Advocate/helper/aplas/output/oocLength/11/blocking/cockroach/35931/advocateTrace
2026/06/05 14:40:29 Read trace with 6 elements in 1 routines
2026/06/05 14:40:29 Start Analysis
2026/06/05 14:40:29 Finished HB analysis
2026/06/05 14:40:29 Analysis finished
2026/06/05 14:40:29 Start rewrite
2026/06/05 14:40:29 Finished Rewrite
2026/06/05 14:40:29 Number Results:  3
2026/06/05 14:40:29 Successfully rewrites:  0
2026/06/05 14:40:29 No need/not possible to rewrite:  3
2026/06/05 14:40:29 Failed rewrites:  0
2026/06/05 14:40:29 Start guided execution
2026/06/05 14:40:29 Found 0 rewritten traces
2026/06/05 14:40:29 Create bug reports
2026/06/05 14:40:29 [31mline number out of range[0m
2026/06/05 14:40:29 [32mFound Actual Non-Cyclic Blocking Bug.[0m
2026/06/05 14:40:29 [32mFound Actual Cyclic Deadlock.[0m
2026/06/05 14:40:29 Create statistics
2026/06/05 14:40:29 Finished run for TestCockroach35931
2026/06/05 14:40:29 Parse recorded trace for fuzzing information
2026/06/05 14:40:29 Create mutations
2026/06/05 14:40:29 Create GoPie mutations
2026/06/05 14:40:29 Mutate 0 scheduling chains
2026/06/05 14:40:29 Write 0 mutations to file
2026/06/05 14:40:29 Create statistics
2026/06/05 14:40:29 Current fuzzing queue size: 0
2026/06/05 14:40:29 Remaining fuzzing time: 5:58 min
2026/06/05 14:40:29 Finish fuzzing after 1 runs
2026/06/05 14:40:29 Processing file: /home/advocate/Advocate/Experiments/Advocate/helper/aplas/output/oocLength/11/blocking/cockroach/3710/cockroach3710_test.go
2026/06/05 14:40:29 Fuzzing Run:  1
2026/06/05 14:40:29 Create  /home/advocate/Advocate/Experiments/Advocate/helper/aplas/output/oocLength/11/advocateResult/file(14)-test(1)-cockroach3710_test-TestCockroach3710
2026/06/05 14:40:29 Execute Test
2026/06/05 14:40:30 Text executed
2026/06/05 14:40:30 Run the analyzer for /home/advocate/Advocate/Experiments/Advocate/helper/aplas/output/oocLength/11/blocking/cockroach/3710/advocateTrace
2026/06/05 14:40:30 Read trace with 19 elements in 4 routines
2026/06/05 14:40:30 Start Analysis
2026/06/05 14:40:30 Finished HB analysis
2026/06/05 14:40:30 Analysis finished
2026/06/05 14:40:30 Start rewrite
2026/06/05 14:40:30 Finished Rewrite
2026/06/05 14:40:30 Number Results:  2
2026/06/05 14:40:30 Successfully rewrites:  0
2026/06/05 14:40:30 No need/not possible to rewrite:  2
2026/06/05 14:40:30 Failed rewrites:  0
2026/06/05 14:40:30 Start guided execution
2026/06/05 14:40:30 Found 0 rewritten traces
2026/06/05 14:40:30 Create bug reports
2026/06/05 14:40:30 [31mline number out of range[0m
2026/06/05 14:40:30 [32mFound Actual Non-Cyclic Blocking Bug.[0m
2026/06/05 14:40:30 Create statistics
2026/06/05 14:40:30 Finished run for TestCockroach3710
2026/06/05 14:40:30 Parse recorded trace for fuzzing information
2026/06/05 14:40:30 Create mutations
2026/06/05 14:40:30 Create GoPie mutations
2026/06/05 14:40:30 Mutate 24 scheduling chains
2026/06/05 14:40:30 Write 0 mutations to file
2026/06/05 14:40:30 Create statistics
2026/06/05 14:40:30 Current fuzzing queue size: 0
2026/06/05 14:40:30 Remaining fuzzing time: 9:58 min
2026/06/05 14:40:30 Finish fuzzing after 1 runs
2026/06/05 14:40:30 Processing file: /home/advocate/Advocate/Experiments/Advocate/helper/aplas/output/oocLength/11/blocking/cockroach/584/cockroach584_test.go
2026/06/05 14:40:30 Fuzzing Run:  1
2026/06/05 14:40:30 Create  /home/advocate/Advocate/Experiments/Advocate/helper/aplas/output/oocLength/11/advocateResult/file(15)-test(1)-cockroach584_test-TestCockroach584
2026/06/05 14:40:30 Execute Test
2026/06/05 14:40:31 Text executed
2026/06/05 14:40:31 Run the analyzer for /home/advocate/Advocate/Experiments/Advocate/helper/aplas/output/oocLength/11/blocking/cockroach/584/advocateTrace
2026/06/05 14:40:31 Read trace with 4 elements in 2 routines
2026/06/05 14:40:31 Start Analysis
2026/06/05 14:40:31 Finished HB analysis
2026/06/05 14:40:31 Analysis finished
2026/06/05 14:40:31 Start rewrite
2026/06/05 14:40:31 Finished Rewrite
2026/06/05 14:40:31 Number Results:  2
2026/06/05 14:40:31 Successfully rewrites:  0
2026/06/05 14:40:31 No need/not possible to rewrite:  2
2026/06/05 14:40:31 Failed rewrites:  0
2026/06/05 14:40:31 Start guided execution
2026/06/05 14:40:31 Found 0 rewritten traces
2026/06/05 14:40:31 Create bug reports
2026/06/05 14:40:31 [31mline number out of range[0m
2026/06/05 14:40:31 [32mFound Actual Non-Cyclic Blocking Bug.[0m
2026/06/05 14:40:31 Create statistics
2026/06/05 14:40:31 Finished run for TestCockroach584
2026/06/05 14:40:31 Parse recorded trace for fuzzing information
2026/06/05 14:40:31 Create mutations
2026/06/05 14:40:31 Create GoPie mutations
2026/06/05 14:40:31 Mutate 0 scheduling chains
2026/06/05 14:40:31 Write 0 mutations to file
2026/06/05 14:40:31 Create statistics
2026/06/05 14:40:31 Current fuzzing queue size: 0
2026/06/05 14:40:31 Remaining fuzzing time: 9:58 min
2026/06/05 14:40:31 Finish fuzzing after 1 runs
2026/06/05 14:40:31 Processing file: /home/advocate/Advocate/Experiments/Advocate/helper/aplas/output/oocLength/11/blocking/cockroach/6181/cockroach6181_test.go
2026/06/05 14:40:31 Fuzzing Run:  1
2026/06/05 14:40:31 Create  /home/advocate/Advocate/Experiments/Advocate/helper/aplas/output/oocLength/11/advocateResult/file(16)-test(1)-cockroach6181_test-TestCockroach6181
2026/06/05 14:40:31 Execute Test
2026/06/05 14:40:32 Text executed
2026/06/05 14:40:32 Run the analyzer for /home/advocate/Advocate/Experiments/Advocate/helper/aplas/output/oocLength/11/blocking/cockroach/6181/advocateTrace
2026/06/05 14:40:32 Read trace with 17 elements in 5 routines
2026/06/05 14:40:32 Start Analysis
2026/06/05 14:40:32 Finished HB analysis
2026/06/05 14:40:32 Analysis finished
2026/06/05 14:40:32 Start rewrite
2026/06/05 14:40:32 Finished Rewrite
2026/06/05 14:40:32 Number Results:  4
2026/06/05 14:40:32 Successfully rewrites:  0
2026/06/05 14:40:32 No need/not possible to rewrite:  4
2026/06/05 14:40:32 Failed rewrites:  0
2026/06/05 14:40:32 Start guided execution
2026/06/05 14:40:32 Found 0 rewritten traces
2026/06/05 14:40:32 Create bug reports
2026/06/05 14:40:32 [31mline number out of range[0m
2026/06/05 14:40:32 [32mFound Actual Non-Cyclic Blocking Bug.[0m
2026/06/05 14:40:32 [32mFound Actual Cyclic Deadlock.[0m
2026/06/05 14:40:32 [32mFound Leak on Sync.Mutex.[0m
2026/06/05 14:40:32 [32mFound Leak on Sync.Mutex.[0m
2026/06/05 14:40:32 Create statistics
2026/06/05 14:40:32 Finished run for TestCockroach6181
2026/06/05 14:40:32 Parse recorded trace for fuzzing information
2026/06/05 14:40:32 Create mutations
2026/06/05 14:40:32 Create GoPie mutations
2026/06/05 14:40:32 Mutate 24 scheduling chains
2026/06/05 14:40:32 Write 0 mutations to file
2026/06/05 14:40:32 Create statistics
2026/06/05 14:40:32 Current fuzzing queue size: 0
2026/06/05 14:40:32 Remaining fuzzing time: 9:58 min
2026/06/05 14:40:32 Finish fuzzing after 1 runs
2026/06/05 14:40:32 Processing file: /home/advocate/Advocate/Experiments/Advocate/helper/aplas/output/oocLength/11/blocking/cockroach/7504/cockroach7504_test.go
2026/06/05 14:40:32 Fuzzing Run:  1
2026/06/05 14:40:32 Create  /home/advocate/Advocate/Experiments/Advocate/helper/aplas/output/oocLength/11/advocateResult/file(17)-test(1)-cockroach7504_test-TestCockroach7504
2026/06/05 14:40:32 Execute Test
2026/06/05 14:40:33 Text executed
2026/06/05 14:40:33 Run the analyzer for /home/advocate/Advocate/Experiments/Advocate/helper/aplas/output/oocLength/11/blocking/cockroach/7504/advocateTrace
2026/06/05 14:40:33 Read trace with 17 elements in 3 routines
2026/06/05 14:40:33 Start Analysis
2026/06/05 14:40:33 Finished HB analysis
2026/06/05 14:40:33 Analysis finished
2026/06/05 14:40:33 Start rewrite
2026/06/05 14:40:33 Finished Rewrite
2026/06/05 14:40:33 Number Results:  4
2026/06/05 14:40:33 Successfully rewrites:  0
2026/06/05 14:40:33 No need/not possible to rewrite:  4
2026/06/05 14:40:33 Failed rewrites:  0
2026/06/05 14:40:33 Start guided execution
2026/06/05 14:40:33 Found 0 rewritten traces
2026/06/05 14:40:33 Create bug reports
2026/06/05 14:40:33 [31mline number out of range[0m
2026/06/05 14:40:33 [32mFound Actual Non-Cyclic Blocking Bug.[0m
2026/06/05 14:40:33 [32mFound Actual Cyclic Deadlock.[0m
2026/06/05 14:40:33 [32mFound Leak on Sync.Mutex.[0m
2026/06/05 14:40:33 [32mFound Leak on Sync.Mutex.[0m
2026/06/05 14:40:33 Create statistics
2026/06/05 14:40:33 Finished run for TestCockroach7504
2026/06/05 14:40:33 Parse recorded trace for fuzzing information
2026/06/05 14:40:33 Create mutations
2026/06/05 14:40:33 Create GoPie mutations
2026/06/05 14:40:33 Mutate 24 scheduling chains
2026/06/05 14:40:33 Write 0 mutations to file
2026/06/05 14:40:33 Create statistics
2026/06/05 14:40:33 Current fuzzing queue size: 0
2026/06/05 14:40:33 Remaining fuzzing time: 9:58 min
2026/06/05 14:40:33 Finish fuzzing after 1 runs
2026/06/05 14:40:33 Processing file: /home/advocate/Advocate/Experiments/Advocate/helper/aplas/output/oocLength/11/blocking/cockroach/9935/cockroach9935_test.go
2026/06/05 14:40:33 Fuzzing Run:  1
2026/06/05 14:40:33 Create  /home/advocate/Advocate/Experiments/Advocate/helper/aplas/output/oocLength/11/advocateResult/file(18)-test(1)-cockroach9935_test-TestCockroach9935
2026/06/05 14:40:33 Execute Test
2026/06/05 14:40:34 Text executed
2026/06/05 14:40:34 Run the analyzer for /home/advocate/Advocate/Experiments/Advocate/helper/aplas/output/oocLength/11/blocking/cockroach/9935/advocateTrace
2026/06/05 14:40:34 Read trace with 4 elements in 2 routines
2026/06/05 14:40:34 Start Analysis
2026/06/05 14:40:34 Finished HB analysis
2026/06/05 14:40:34 Analysis finished
2026/06/05 14:40:34 Start rewrite
2026/06/05 14:40:34 Finished Rewrite
2026/06/05 14:40:34 Number Results:  4
2026/06/05 14:40:34 Successfully rewrites:  0
2026/06/05 14:40:34 No need/not possible to rewrite:  4
2026/06/05 14:40:34 Failed rewrites:  0
2026/06/05 14:40:34 Start guided execution
2026/06/05 14:40:34 Found 0 rewritten traces
2026/06/05 14:40:34 Create bug reports
2026/06/05 14:40:34 [31mline number out of range[0m
2026/06/05 14:40:34 [32mFound Actual Non-Cyclic Blocking Bug.[0m
2026/06/05 14:40:34 Create statistics
2026/06/05 14:40:34 Finished run for TestCockroach9935
2026/06/05 14:40:34 Parse recorded trace for fuzzing information
2026/06/05 14:40:34 Create mutations
2026/06/05 14:40:34 Create GoPie mutations
2026/06/05 14:40:34 Mutate 0 scheduling chains
2026/06/05 14:40:34 Write 0 mutations to file
2026/06/05 14:40:34 Create statistics
2026/06/05 14:40:34 Current fuzzing queue size: 0
2026/06/05 14:40:34 Remaining fuzzing time: 9:58 min
2026/06/05 14:40:34 Finish fuzzing after 1 runs
2026/06/05 14:40:34 Processing file: /home/advocate/Advocate/Experiments/Advocate/helper/aplas/output/oocLength/11/blocking/etcd/10492/etcd10492_test.go
2026/06/05 14:40:34 Fuzzing Run:  1
2026/06/05 14:40:34 Create  /home/advocate/Advocate/Experiments/Advocate/helper/aplas/output/oocLength/11/advocateResult/file(19)-test(1)-etcd10492_test-TestEtcd10492
2026/06/05 14:40:34 Execute Test
2026/06/05 14:44:35 Text executed
2026/06/05 14:44:35 Run the analyzer for /home/advocate/Advocate/Experiments/Advocate/helper/aplas/output/oocLength/11/blocking/etcd/10492/advocateTrace
2026/06/05 14:44:35 Read trace with 6 elements in 1 routines
2026/06/05 14:44:35 Start Analysis
2026/06/05 14:44:35 Finished HB analysis
2026/06/05 14:44:36 Analysis finished
2026/06/05 14:44:36 Start rewrite
2026/06/05 14:44:36 Finished Rewrite
2026/06/05 14:44:36 Number Results:  6
2026/06/05 14:44:36 Successfully rewrites:  0
2026/06/05 14:44:36 No need/not possible to rewrite:  6
2026/06/05 14:44:36 Failed rewrites:  0
2026/06/05 14:44:36 Start guided execution
2026/06/05 14:44:36 Found 0 rewritten traces
2026/06/05 14:44:36 Create bug reports
2026/06/05 14:44:36 [31mline number out of range[0m
2026/06/05 14:44:36 [32mFound Actual Non-Cyclic Blocking Bug.[0m
2026/06/05 14:44:36 [32mFound Leak on Sync.Mutex.[0m
2026/06/05 14:44:36 Create statistics
2026/06/05 14:44:36 Finished run for TestEtcd10492
2026/06/05 14:44:36 Parse recorded trace for fuzzing information
2026/06/05 14:44:36 Create mutations
2026/06/05 14:44:36 Create GoPie mutations
2026/06/05 14:44:36 Mutate 0 scheduling chains
2026/06/05 14:44:36 Write 0 mutations to file
2026/06/05 14:44:36 Create statistics
2026/06/05 14:44:36 Current fuzzing queue size: 0
2026/06/05 14:44:36 Remaining fuzzing time: 5:58 min
2026/06/05 14:44:36 Finish fuzzing after 1 runs
2026/06/05 14:44:36 Processing file: /home/advocate/Advocate/Experiments/Advocate/helper/aplas/output/oocLength/11/blocking/etcd/5509/etcd5509_test.go
2026/06/05 14:44:36 Fuzzing Run:  1
2026/06/05 14:44:36 Create  /home/advocate/Advocate/Experiments/Advocate/helper/aplas/output/oocLength/11/advocateResult/file(20)-test(1)-etcd5509_test-TestEtcd5509
2026/06/05 14:44:36 Execute Test
2026/06/05 14:44:37 Text executed
2026/06/05 14:44:37 Run the analyzer for /home/advocate/Advocate/Experiments/Advocate/helper/aplas/output/oocLength/11/blocking/etcd/5509/advocateTrace
2026/06/05 14:44:37 Read trace with 15 elements in 2 routines
2026/06/05 14:44:37 Start Analysis
2026/06/05 14:44:37 Finished HB analysis
2026/06/05 14:44:37 Analysis finished
2026/06/05 14:44:37 Start rewrite
2026/06/05 14:44:37 Finished Rewrite
2026/06/05 14:44:37 Number Results:  6
2026/06/05 14:44:37 Successfully rewrites:  0
2026/06/05 14:44:37 No need/not possible to rewrite:  6
2026/06/05 14:44:37 Failed rewrites:  0
2026/06/05 14:44:37 Start guided execution
2026/06/05 14:44:37 Found 0 rewritten traces
2026/06/05 14:44:37 Create bug reports
2026/06/05 14:44:37 [32mFound Possible Mixed Deadlock.[0m
2026/06/05 14:44:37 [31mline number out of range[0m
2026/06/05 14:44:37 [32mFound Leak on Sync.Mutex.[0m
2026/06/05 14:44:37 Create statistics
2026/06/05 14:44:37 Finished run for TestEtcd5509
2026/06/05 14:44:37 Parse recorded trace for fuzzing information
2026/06/05 14:44:37 Create mutations
2026/06/05 14:44:37 Create GoPie mutations
2026/06/05 14:44:37 Mutate 24 scheduling chains
2026/06/05 14:44:37 Write 0 mutations to file
2026/06/05 14:44:37 Create statistics
2026/06/05 14:44:37 Current fuzzing queue size: 0
2026/06/05 14:44:37 Remaining fuzzing time: 9:58 min
2026/06/05 14:44:37 Finish fuzzing after 1 runs
2026/06/05 14:44:37 Processing file: /home/advocate/Advocate/Experiments/Advocate/helper/aplas/output/oocLength/11/blocking/etcd/6708/etcd6708_test.go
2026/06/05 14:44:37 Fuzzing Run:  1
2026/06/05 14:44:37 Create  /home/advocate/Advocate/Experiments/Advocate/helper/aplas/output/oocLength/11/advocateResult/file(21)-test(1)-etcd6708_test-TestEtcd6708
2026/06/05 14:44:37 Execute Test
2026/06/05 14:48:38 Text executed
2026/06/05 14:48:38 Run the analyzer for /home/advocate/Advocate/Experiments/Advocate/helper/aplas/output/oocLength/11/blocking/etcd/6708/advocateTrace
2026/06/05 14:48:38 Read trace with 2 elements in 1 routines
2026/06/05 14:48:38 Start Analysis
2026/06/05 14:48:38 Finished HB analysis
2026/06/05 14:48:38 Analysis finished
2026/06/05 14:48:38 Start rewrite
2026/06/05 14:48:38 Finished Rewrite
2026/06/05 14:48:38 Number Results:  5
2026/06/05 14:48:38 Successfully rewrites:  0
2026/06/05 14:48:38 No need/not possible to rewrite:  5
2026/06/05 14:48:38 Failed rewrites:  0
2026/06/05 14:48:38 Start guided execution
2026/06/05 14:48:38 Found 0 rewritten traces
2026/06/05 14:48:38 Create bug reports
2026/06/05 14:48:38 [31mline number out of range[0m
2026/06/05 14:48:38 [32mFound Actual Non-Cyclic Blocking Bug.[0m
2026/06/05 14:48:38 Create statistics
2026/06/05 14:48:38 Finished run for TestEtcd6708
2026/06/05 14:48:38 Parse recorded trace for fuzzing information
2026/06/05 14:48:38 Create mutations
2026/06/05 14:48:38 Create GoPie mutations
2026/06/05 14:48:38 Mutate 0 scheduling chains
2026/06/05 14:48:38 Write 0 mutations to file
2026/06/05 14:48:38 Create statistics
2026/06/05 14:48:38 Current fuzzing queue size: 0
2026/06/05 14:48:38 Remaining fuzzing time: 5:58 min
2026/06/05 14:48:38 Finish fuzzing after 1 runs
2026/06/05 14:48:38 Processing file: /home/advocate/Advocate/Experiments/Advocate/helper/aplas/output/oocLength/11/blocking/etcd/6857/etcd6857_test.go
2026/06/05 14:48:38 Fuzzing Run:  1
2026/06/05 14:48:38 Create  /home/advocate/Advocate/Experiments/Advocate/helper/aplas/output/oocLength/11/advocateResult/file(22)-test(1)-etcd6857_test-TestEtcd6857
2026/06/05 14:48:38 Execute Test
2026/06/05 14:48:39 Text executed
2026/06/05 14:48:39 Run the analyzer for /home/advocate/Advocate/Experiments/Advocate/helper/aplas/output/oocLength/11/blocking/etcd/6857/advocateTrace
2026/06/05 14:48:39 Read trace with 19 elements in 4 routines
2026/06/05 14:48:39 Start Analysis
2026/06/05 14:48:39 Finished HB analysis
2026/06/05 14:48:39 Analysis finished
2026/06/05 14:48:39 Start rewrite
2026/06/05 14:48:39 Finished Rewrite
2026/06/05 14:48:39 Number Results:  4
2026/06/05 14:48:39 Successfully rewrites:  0
2026/06/05 14:48:39 No need/not possible to rewrite:  4
2026/06/05 14:48:39 Failed rewrites:  0
2026/06/05 14:48:39 Start guided execution
2026/06/05 14:48:39 Found 0 rewritten traces
2026/06/05 14:48:39 Create bug reports
2026/06/05 14:48:39 [31mline number out of range[0m
2026/06/05 14:48:39 [32mFound Actual Non-Cyclic Blocking Bug.[0m
2026/06/05 14:48:39 Create statistics
2026/06/05 14:48:39 Finished run for TestEtcd6857
2026/06/05 14:48:39 Parse recorded trace for fuzzing information
2026/06/05 14:48:39 Create mutations
2026/06/05 14:48:39 Create GoPie mutations
2026/06/05 14:48:39 Mutate 24 scheduling chains
2026/06/05 14:48:39 Write 1 special mutation to file
2026/06/05 14:48:39 Write 0 mutations to file
2026/06/05 14:48:39 Create statistics
2026/06/05 14:48:39 Current fuzzing queue size: 0
2026/06/05 14:48:39 Remaining fuzzing time: 9:58 min
2026/06/05 14:48:39 Finish fuzzing after 1 runs
2026/06/05 14:48:39 Processing file: /home/advocate/Advocate/Experiments/Advocate/helper/aplas/output/oocLength/11/blocking/etcd/6873/etcd6873_test.go
2026/06/05 14:48:39 Fuzzing Run:  1
2026/06/05 14:48:39 Create  /home/advocate/Advocate/Experiments/Advocate/helper/aplas/output/oocLength/11/advocateResult/file(23)-test(1)-etcd6873_test-TestEtcd
2026/06/05 14:48:39 Execute Test
2026/06/05 14:48:40 Text executed
2026/06/05 14:48:40 Run the analyzer for /home/advocate/Advocate/Experiments/Advocate/helper/aplas/output/oocLength/11/blocking/etcd/6873/advocateTrace
2026/06/05 14:48:40 Read trace with 11 elements in 3 routines
2026/06/05 14:48:40 Start Analysis
2026/06/05 14:48:40 Finished HB analysis
2026/06/05 14:48:40 Analysis finished
2026/06/05 14:48:40 Start rewrite
2026/06/05 14:48:40 Finished Rewrite
2026/06/05 14:48:40 Number Results:  3
2026/06/05 14:48:40 Successfully rewrites:  0
2026/06/05 14:48:40 No need/not possible to rewrite:  3
2026/06/05 14:48:40 Failed rewrites:  0
2026/06/05 14:48:40 Start guided execution
2026/06/05 14:48:40 Found 0 rewritten traces
2026/06/05 14:48:40 Create bug reports
2026/06/05 14:48:40 [31mline number out of range[0m
2026/06/05 14:48:40 [32mFound Actual Cyclic Deadlock.[0m
2026/06/05 14:48:40 Create statistics
2026/06/05 14:48:40 Finished run for TestEtcd
2026/06/05 14:48:40 Parse recorded trace for fuzzing information
2026/06/05 14:48:40 Create mutations
2026/06/05 14:48:40 Create GoPie mutations
2026/06/05 14:48:40 Mutate 24 scheduling chains
2026/06/05 14:48:40 Write 0 mutations to file
2026/06/05 14:48:40 Create statistics
2026/06/05 14:48:40 Current fuzzing queue size: 0
2026/06/05 14:48:40 Remaining fuzzing time: 9:58 min
2026/06/05 14:48:40 Finish fuzzing after 1 runs
2026/06/05 14:48:40 Processing file: /home/advocate/Advocate/Experiments/Advocate/helper/aplas/output/oocLength/11/blocking/etcd/7443/etcd7443_test.go
2026/06/05 14:48:40 Fuzzing Run:  1
2026/06/05 14:48:40 Create  /home/advocate/Advocate/Experiments/Advocate/helper/aplas/output/oocLength/11/advocateResult/file(24)-test(1)-etcd7443_test-TestEtcd7443
2026/06/05 14:48:40 Execute Test
2026/06/05 14:48:41 Text executed
2026/06/05 14:48:41 Run the analyzer for /home/advocate/Advocate/Experiments/Advocate/helper/aplas/output/oocLength/11/blocking/etcd/7443/advocateTrace
2026/06/05 14:48:41 Read trace with 29 elements in 4 routines
2026/06/05 14:48:41 Start Analysis
2026/06/05 14:48:41 Finished HB analysis
2026/06/05 14:48:41 Analysis finished
2026/06/05 14:48:41 Start rewrite
2026/06/05 14:48:41 Finished Rewrite
2026/06/05 14:48:41 Number Results:  3
2026/06/05 14:48:41 Successfully rewrites:  0
2026/06/05 14:48:41 No need/not possible to rewrite:  3
2026/06/05 14:48:41 Failed rewrites:  0
2026/06/05 14:48:41 Start guided execution
2026/06/05 14:48:41 Found 0 rewritten traces
2026/06/05 14:48:41 Create bug reports
2026/06/05 14:48:41 [31mline number out of range[0m
2026/06/05 14:48:41 [32mFound Actual Cyclic Deadlock.[0m
2026/06/05 14:48:41 Create statistics
2026/06/05 14:48:41 Finished run for TestEtcd7443
2026/06/05 14:48:41 Parse recorded trace for fuzzing information
2026/06/05 14:48:41 Create mutations
2026/06/05 14:48:41 Create GoPie mutations
2026/06/05 14:48:41 Mutate 24 scheduling chains
2026/06/05 14:48:41 Write 0 mutations to file
2026/06/05 14:48:41 Create statistics
2026/06/05 14:48:41 Current fuzzing queue size: 0
2026/06/05 14:48:41 Remaining fuzzing time: 9:58 min
2026/06/05 14:48:41 Finish fuzzing after 1 runs
2026/06/05 14:48:41 Processing file: /home/advocate/Advocate/Experiments/Advocate/helper/aplas/output/oocLength/11/blocking/etcd/7492/etcd7492_test.go
2026/06/05 14:48:41 Fuzzing Run:  1
2026/06/05 14:48:41 Create  /home/advocate/Advocate/Experiments/Advocate/helper/aplas/output/oocLength/11/advocateResult/file(25)-test(1)-etcd7492_test-TestEtcd7492
2026/06/05 14:48:41 Execute Test
2026/06/05 14:48:42 Text executed
2026/06/05 14:48:42 Run the analyzer for /home/advocate/Advocate/Experiments/Advocate/helper/aplas/output/oocLength/11/blocking/etcd/7492/advocateTrace
2026/06/05 14:48:42 Read trace with 46 elements in 5 routines
2026/06/05 14:48:42 Start Analysis
2026/06/05 14:48:42 Finished HB analysis
2026/06/05 14:48:42 Analysis finished
2026/06/05 14:48:42 Start rewrite
2026/06/05 14:48:42 Finished Rewrite
2026/06/05 14:48:42 Number Results:  3
2026/06/05 14:48:42 Successfully rewrites:  0
2026/06/05 14:48:42 No need/not possible to rewrite:  3
2026/06/05 14:48:42 Failed rewrites:  0
2026/06/05 14:48:42 Start guided execution
2026/06/05 14:48:42 Found 0 rewritten traces
2026/06/05 14:48:42 Create bug reports
2026/06/05 14:48:42 [31mline number out of range[0m
2026/06/05 14:48:42 Create statistics
2026/06/05 14:48:42 Finished run for TestEtcd7492
2026/06/05 14:48:42 Parse recorded trace for fuzzing information
2026/06/05 14:48:42 Create mutations
2026/06/05 14:48:42 Create GoPie mutations
2026/06/05 14:48:42 Mutate 24 scheduling chains
2026/06/05 14:48:42 Write 0 mutations to file
2026/06/05 14:48:42 Create statistics
2026/06/05 14:48:42 Current fuzzing queue size: 0
2026/06/05 14:48:42 Remaining fuzzing time: 9:58 min
2026/06/05 14:48:42 Finish fuzzing after 1 runs
2026/06/05 14:48:42 Processing file: /home/advocate/Advocate/Experiments/Advocate/helper/aplas/output/oocLength/11/blocking/etcd/7902/etcd7902_test.go
2026/06/05 14:48:42 Fuzzing Run:  1
2026/06/05 14:48:42 Create  /home/advocate/Advocate/Experiments/Advocate/helper/aplas/output/oocLength/11/advocateResult/file(26)-test(1)-etcd7902_test-TestEtcd7902
2026/06/05 14:48:42 Execute Test
2026/06/05 14:48:44 Text executed
2026/06/05 14:48:44 Run the analyzer for /home/advocate/Advocate/Experiments/Advocate/helper/aplas/output/oocLength/11/blocking/etcd/7902/advocateTrace
2026/06/05 14:48:44 Read trace with 14 elements in 5 routines
2026/06/05 14:48:44 Start Analysis
2026/06/05 14:48:44 Finished HB analysis
2026/06/05 14:48:44 Analysis finished
2026/06/05 14:48:44 Start rewrite
2026/06/05 14:48:44 Finished Rewrite
2026/06/05 14:48:44 Number Results:  2
2026/06/05 14:48:44 Successfully rewrites:  0
2026/06/05 14:48:44 No need/not possible to rewrite:  2
2026/06/05 14:48:44 Failed rewrites:  0
2026/06/05 14:48:44 Start guided execution
2026/06/05 14:48:44 Found 0 rewritten traces
2026/06/05 14:48:44 Create bug reports
2026/06/05 14:48:44 [31mline number out of range[0m
2026/06/05 14:48:44 [32mFound Actual Non-Cyclic Blocking Bug.[0m
2026/06/05 14:48:44 Create statistics
2026/06/05 14:48:44 Finished run for TestEtcd7902
2026/06/05 14:48:44 Parse recorded trace for fuzzing information
2026/06/05 14:48:44 Create mutations
2026/06/05 14:48:44 Create GoPie mutations
2026/06/05 14:48:44 Mutate 24 scheduling chains
2026/06/05 14:48:44 Write 0 mutations to file
2026/06/05 14:48:44 Create statistics
2026/06/05 14:48:44 Current fuzzing queue size: 0
2026/06/05 14:48:44 Remaining fuzzing time: 9:58 min
2026/06/05 14:48:44 Finish fuzzing after 1 runs
2026/06/05 14:48:44 Processing file: /home/advocate/Advocate/Experiments/Advocate/helper/aplas/output/oocLength/11/blocking/grpc/1275/grpc1275_test.go
2026/06/05 14:48:44 Fuzzing Run:  1
2026/06/05 14:48:44 Create  /home/advocate/Advocate/Experiments/Advocate/helper/aplas/output/oocLength/11/advocateResult/file(27)-test(1)-grpc1275_test-TestGrpc1293
2026/06/05 14:48:44 Execute Test
2026/06/05 14:48:45 Text executed
2026/06/05 14:48:45 Run the analyzer for /home/advocate/Advocate/Experiments/Advocate/helper/aplas/output/oocLength/11/blocking/grpc/1275/advocateTrace
2026/06/05 14:48:45 Read trace with 6 elements in 2 routines
2026/06/05 14:48:45 Start Analysis
2026/06/05 14:48:45 Finished HB analysis
2026/06/05 14:48:45 Analysis finished
2026/06/05 14:48:45 Start rewrite
2026/06/05 14:48:45 Finished Rewrite
2026/06/05 14:48:45 Number Results:  2
2026/06/05 14:48:45 Successfully rewrites:  0
2026/06/05 14:48:45 No need/not possible to rewrite:  2
2026/06/05 14:48:45 Failed rewrites:  0
2026/06/05 14:48:45 Start guided execution
2026/06/05 14:48:45 Found 0 rewritten traces
2026/06/05 14:48:45 Create bug reports
2026/06/05 14:48:45 [31mline number out of range[0m
2026/06/05 14:48:45 [32mFound Actual Non-Cyclic Blocking Bug.[0m
2026/06/05 14:48:45 Create statistics
2026/06/05 14:48:45 Finished run for TestGrpc1293
2026/06/05 14:48:45 Parse recorded trace for fuzzing information
2026/06/05 14:48:45 Create mutations
2026/06/05 14:48:45 Create GoPie mutations
2026/06/05 14:48:45 Mutate 0 scheduling chains
2026/06/05 14:48:45 Write 0 mutations to file
2026/06/05 14:48:45 Create statistics
2026/06/05 14:48:45 Current fuzzing queue size: 0
2026/06/05 14:48:45 Remaining fuzzing time: 9:58 min
2026/06/05 14:48:45 Finish fuzzing after 1 runs
2026/06/05 14:48:45 Processing file: /home/advocate/Advocate/Experiments/Advocate/helper/aplas/output/oocLength/11/blocking/grpc/1353/grpc1353_test.go
2026/06/05 14:48:45 Fuzzing Run:  1
2026/06/05 14:48:45 Create  /home/advocate/Advocate/Experiments/Advocate/helper/aplas/output/oocLength/11/advocateResult/file(28)-test(1)-grpc1353_test-TestGrpc1353
2026/06/05 14:48:45 Execute Test
2026/06/05 14:48:46 Text executed
2026/06/05 14:48:46 Run the analyzer for /home/advocate/Advocate/Experiments/Advocate/helper/aplas/output/oocLength/11/blocking/grpc/1353/advocateTrace
2026/06/05 14:48:46 Read trace with 15 elements in 4 routines
2026/06/05 14:48:46 Start Analysis
2026/06/05 14:48:46 Finished HB analysis
2026/06/05 14:48:46 Analysis finished
2026/06/05 14:48:46 Start rewrite
2026/06/05 14:48:46 Finished Rewrite
2026/06/05 14:48:46 Number Results:  2
2026/06/05 14:48:46 Successfully rewrites:  0
2026/06/05 14:48:46 No need/not possible to rewrite:  2
2026/06/05 14:48:46 Failed rewrites:  0
2026/06/05 14:48:46 Start guided execution
2026/06/05 14:48:46 Found 0 rewritten traces
2026/06/05 14:48:46 Create bug reports
2026/06/05 14:48:46 [31mline number out of range[0m
2026/06/05 14:48:46 [32mFound Actual Non-Cyclic Blocking Bug.[0m
2026/06/05 14:48:46 [32mFound Actual Cyclic Deadlock.[0m
2026/06/05 14:48:46 Create statistics
2026/06/05 14:48:46 Finished run for TestGrpc1353
2026/06/05 14:48:46 Parse recorded trace for fuzzing information
2026/06/05 14:48:46 Create mutations
2026/06/05 14:48:46 Create GoPie mutations
2026/06/05 14:48:46 Mutate 24 scheduling chains
2026/06/05 14:48:46 Write 0 mutations to file
2026/06/05 14:48:46 Create statistics
2026/06/05 14:48:46 Current fuzzing queue size: 0
2026/06/05 14:48:46 Remaining fuzzing time: 9:58 min
2026/06/05 14:48:46 Finish fuzzing after 1 runs
2026/06/05 14:48:46 Processing file: /home/advocate/Advocate/Experiments/Advocate/helper/aplas/output/oocLength/11/blocking/grpc/1424/grpc1424_test.go
2026/06/05 14:48:46 Fuzzing Run:  1
2026/06/05 14:48:46 Create  /home/advocate/Advocate/Experiments/Advocate/helper/aplas/output/oocLength/11/advocateResult/file(29)-test(1)-grpc1424_test-TestGrpc1424
2026/06/05 14:48:46 Execute Test
2026/06/05 14:48:47 Text executed
2026/06/05 14:48:47 Run the analyzer for /home/advocate/Advocate/Experiments/Advocate/helper/aplas/output/oocLength/11/blocking/grpc/1424/advocateTrace
2026/06/05 14:48:47 Read trace with 12 elements in 4 routines
2026/06/05 14:48:47 Start Analysis
2026/06/05 14:48:47 Finished HB analysis
2026/06/05 14:48:47 Analysis finished
2026/06/05 14:48:47 Start rewrite
2026/06/05 14:48:47 Finished Rewrite
2026/06/05 14:48:47 Number Results:  2
2026/06/05 14:48:47 Successfully rewrites:  0
2026/06/05 14:48:47 No need/not possible to rewrite:  2
2026/06/05 14:48:47 Failed rewrites:  0
2026/06/05 14:48:47 Start guided execution
2026/06/05 14:48:47 Found 0 rewritten traces
2026/06/05 14:48:47 Create bug reports
2026/06/05 14:48:47 [31mline number out of range[0m
2026/06/05 14:48:47 [31mline number out of range[0m
2026/06/05 14:48:47 [32mFound Actual Non-Cyclic Blocking Bug.[0m
2026/06/05 14:48:47 [32mFound Actual Cyclic Deadlock.[0m
2026/06/05 14:48:47 Create statistics
2026/06/05 14:48:47 Finished run for TestGrpc1424
2026/06/05 14:48:47 Parse recorded trace for fuzzing information
2026/06/05 14:48:47 Create mutations
2026/06/05 14:48:47 Create GoPie mutations
2026/06/05 14:48:47 Mutate 24 scheduling chains
2026/06/05 14:48:47 Write 0 mutations to file
2026/06/05 14:48:47 Create statistics
2026/06/05 14:48:47 Current fuzzing queue size: 0
2026/06/05 14:48:47 Remaining fuzzing time: 9:58 min
2026/06/05 14:48:47 Finish fuzzing after 1 runs
2026/06/05 14:48:47 Processing file: /home/advocate/Advocate/Experiments/Advocate/helper/aplas/output/oocLength/11/blocking/grpc/1460/grpc1460_test.go
2026/06/05 14:48:47 Fuzzing Run:  1
2026/06/05 14:48:47 Create  /home/advocate/Advocate/Experiments/Advocate/helper/aplas/output/oocLength/11/advocateResult/file(30)-test(1)-grpc1460_test-TestGrpc1460
2026/06/05 14:48:47 Execute Test
2026/06/05 14:48:48 Text executed
2026/06/05 14:48:48 Run the analyzer for /home/advocate/Advocate/Experiments/Advocate/helper/aplas/output/oocLength/11/blocking/grpc/1460/advocateTrace
2026/06/05 14:48:48 Read trace with 11 elements in 3 routines
2026/06/05 14:48:48 Start Analysis
2026/06/05 14:48:48 Finished HB analysis
2026/06/05 14:48:48 Analysis finished
2026/06/05 14:48:48 Start rewrite
2026/06/05 14:48:48 Finished Rewrite
2026/06/05 14:48:48 Number Results:  2
2026/06/05 14:48:48 Successfully rewrites:  0
2026/06/05 14:48:48 No need/not possible to rewrite:  2
2026/06/05 14:48:48 Failed rewrites:  0
2026/06/05 14:48:48 Start guided execution
2026/06/05 14:48:48 Found 0 rewritten traces
2026/06/05 14:48:48 Create bug reports
2026/06/05 14:48:48 [31mline number out of range[0m
2026/06/05 14:48:48 [31mline number out of range[0m
2026/06/05 14:48:48 [32mFound Actual Non-Cyclic Blocking Bug.[0m
2026/06/05 14:48:48 Create statistics
2026/06/05 14:48:48 Finished run for TestGrpc1460
2026/06/05 14:48:48 Parse recorded trace for fuzzing information
2026/06/05 14:48:48 Create mutations
2026/06/05 14:48:48 Create GoPie mutations
2026/06/05 14:48:48 Mutate 24 scheduling chains
2026/06/05 14:48:48 Write 0 mutations to file
2026/06/05 14:48:48 Create statistics
2026/06/05 14:48:48 Current fuzzing queue size: 0
2026/06/05 14:48:48 Remaining fuzzing time: 9:58 min
2026/06/05 14:48:48 Finish fuzzing after 1 runs
2026/06/05 14:48:48 Processing file: /home/advocate/Advocate/Experiments/Advocate/helper/aplas/output/oocLength/11/blocking/grpc/3017/grpc3017_test.go
2026/06/05 14:48:48 Fuzzing Run:  1
2026/06/05 14:48:48 Create  /home/advocate/Advocate/Experiments/Advocate/helper/aplas/output/oocLength/11/advocateResult/file(31)-test(1)-grpc3017_test-TestGrpc3017
2026/06/05 14:48:48 Execute Test
2026/06/05 14:52:49 Text executed
2026/06/05 14:52:49 Run the analyzer for /home/advocate/Advocate/Experiments/Advocate/helper/aplas/output/oocLength/11/blocking/grpc/3017/advocateTrace
2026/06/05 14:52:49 Read trace with 575 elements in 4 routines
2026/06/05 14:52:49 Start Analysis
2026/06/05 14:52:49 Finished HB analysis
2026/06/05 14:52:49 Analysis finished
2026/06/05 14:52:49 Start rewrite
2026/06/05 14:52:49 Finished Rewrite
2026/06/05 14:52:49 Number Results:  3
2026/06/05 14:52:49 Successfully rewrites:  0
2026/06/05 14:52:49 No need/not possible to rewrite:  3
2026/06/05 14:52:49 Failed rewrites:  0
2026/06/05 14:52:49 Start guided execution
2026/06/05 14:52:49 Found 0 rewritten traces
2026/06/05 14:52:49 Create bug reports
2026/06/05 14:52:49 [31mline number out of range[0m
2026/06/05 14:52:49 [31mline number out of range[0m
2026/06/05 14:52:49 [32mFound Actual Non-Cyclic Blocking Bug.[0m
2026/06/05 14:52:49 [32mFound Actual Cyclic Deadlock.[0m
2026/06/05 14:52:49 Create statistics
2026/06/05 14:52:49 Finished run for TestGrpc3017
2026/06/05 14:52:49 Parse recorded trace for fuzzing information
2026/06/05 14:52:49 Create mutations
2026/06/05 14:52:49 Create GoPie mutations
2026/06/05 14:52:49 Mutate 0 scheduling chains
2026/06/05 14:52:49 Write 0 mutations to file
2026/06/05 14:52:49 Create statistics
2026/06/05 14:52:49 Current fuzzing queue size: 0
2026/06/05 14:52:49 Remaining fuzzing time: 5:58 min
2026/06/05 14:52:49 Finish fuzzing after 1 runs
2026/06/05 14:52:49 Processing file: /home/advocate/Advocate/Experiments/Advocate/helper/aplas/output/oocLength/11/blocking/grpc/660/grpc660_test.go
2026/06/05 14:52:49 Fuzzing Run:  1
2026/06/05 14:52:49 Create  /home/advocate/Advocate/Experiments/Advocate/helper/aplas/output/oocLength/11/advocateResult/file(32)-test(1)-grpc660_test-TestGrpc660
2026/06/05 14:52:49 Execute Test
2026/06/05 14:52:50 Text executed
2026/06/05 14:52:50 Run the analyzer for /home/advocate/Advocate/Experiments/Advocate/helper/aplas/output/oocLength/11/blocking/grpc/660/advocateTrace
2026/06/05 14:52:50 Read trace with 11 elements in 4 routines
2026/06/05 14:52:50 Start Analysis
2026/06/05 14:52:50 Finished HB analysis
2026/06/05 14:52:50 Analysis finished
2026/06/05 14:52:50 Start rewrite
2026/06/05 14:52:50 Finished Rewrite
2026/06/05 14:52:50 Number Results:  2
2026/06/05 14:52:50 Successfully rewrites:  0
2026/06/05 14:52:50 No need/not possible to rewrite:  2
2026/06/05 14:52:50 Failed rewrites:  0
2026/06/05 14:52:50 Start guided execution
2026/06/05 14:52:50 Found 0 rewritten traces
2026/06/05 14:52:50 Create bug reports
2026/06/05 14:52:50 [31mline number out of range[0m
2026/06/05 14:52:50 [31mline number out of range[0m
2026/06/05 14:52:50 [31mline number out of range[0m
2026/06/05 14:52:50 [32mFound Actual Non-Cyclic Blocking Bug.[0m
2026/06/05 14:52:50 [32mFound Actual Cyclic Deadlock.[0m
2026/06/05 14:52:50 Create statistics
2026/06/05 14:52:50 Finished run for TestGrpc660
2026/06/05 14:52:50 Parse recorded trace for fuzzing information
2026/06/05 14:52:50 Create mutations
2026/06/05 14:52:50 Create GoPie mutations
2026/06/05 14:52:50 Mutate 0 scheduling chains
2026/06/05 14:52:50 Write 0 mutations to file
2026/06/05 14:52:50 Create statistics
2026/06/05 14:52:50 Current fuzzing queue size: 0
2026/06/05 14:52:50 Remaining fuzzing time: 9:58 min
2026/06/05 14:52:50 Finish fuzzing after 1 runs
2026/06/05 14:52:50 Processing file: /home/advocate/Advocate/Experiments/Advocate/helper/aplas/output/oocLength/11/blocking/grpc/795/grpc795_test.go
2026/06/05 14:52:50 Fuzzing Run:  1
2026/06/05 14:52:50 Create  /home/advocate/Advocate/Experiments/Advocate/helper/aplas/output/oocLength/11/advocateResult/file(33)-test(1)-grpc795_test-TestGrpc795
2026/06/05 14:52:50 Execute Test
2026/06/05 14:56:52 Text executed
2026/06/05 14:56:52 Run the analyzer for /home/advocate/Advocate/Experiments/Advocate/helper/aplas/output/oocLength/11/blocking/grpc/795/advocateTrace
2026/06/05 14:56:52 Read trace with 4 elements in 2 routines
2026/06/05 14:56:52 Start Analysis
2026/06/05 14:56:52 Finished HB analysis
2026/06/05 14:56:52 Analysis finished
2026/06/05 14:56:52 Start rewrite
2026/06/05 14:56:52 Finished Rewrite
2026/06/05 14:56:52 Number Results:  3
2026/06/05 14:56:52 Successfully rewrites:  0
2026/06/05 14:56:52 No need/not possible to rewrite:  3
2026/06/05 14:56:52 Failed rewrites:  0
2026/06/05 14:56:52 Start guided execution
2026/06/05 14:56:52 Found 0 rewritten traces
2026/06/05 14:56:52 Create bug reports
2026/06/05 14:56:52 [31mline number out of range[0m
2026/06/05 14:56:52 [31mline number out of range[0m
2026/06/05 14:56:52 [31mline number out of range[0m
2026/06/05 14:56:52 [32mFound Actual Non-Cyclic Blocking Bug.[0m
2026/06/05 14:56:52 [32mFound Actual Cyclic Deadlock.[0m
2026/06/05 14:56:52 Create statistics
2026/06/05 14:56:52 Finished run for TestGrpc795
2026/06/05 14:56:52 Parse recorded trace for fuzzing information
2026/06/05 14:56:52 Create mutations
2026/06/05 14:56:52 Create GoPie mutations
2026/06/05 14:56:52 Mutate 24 scheduling chains
2026/06/05 14:56:52 Write 0 mutations to file
2026/06/05 14:56:52 Create statistics
2026/06/05 14:56:52 Current fuzzing queue size: 0
2026/06/05 14:56:52 Remaining fuzzing time: 5:58 min
2026/06/05 14:56:52 Finish fuzzing after 1 runs
2026/06/05 14:56:52 Processing file: /home/advocate/Advocate/Experiments/Advocate/helper/aplas/output/oocLength/11/blocking/grpc/862/grpc862_test.go
2026/06/05 14:56:52 Fuzzing Run:  1
2026/06/05 14:56:52 Create  /home/advocate/Advocate/Experiments/Advocate/helper/aplas/output/oocLength/11/advocateResult/file(34)-test(1)-grpc862_test-TestGrpc862
2026/06/05 14:56:52 Execute Test
2026/06/05 14:56:57 Text executed
2026/06/05 14:56:57 Run the analyzer for /home/advocate/Advocate/Experiments/Advocate/helper/aplas/output/oocLength/11/blocking/grpc/862/advocateTrace
2026/06/05 14:56:57 Read trace with 155686 elements in 28 routines
2026/06/05 14:56:57 Start Analysis
2026/06/05 14:56:57 Finished HB analysis
2026/06/05 14:58:01 Analysis finished
2026/06/05 14:58:01 Start rewrite
2026/06/05 14:58:01 Finished Rewrite
2026/06/05 14:58:01 Number Results:  3
2026/06/05 14:58:01 Successfully rewrites:  0
2026/06/05 14:58:01 No need/not possible to rewrite:  3
2026/06/05 14:58:01 Failed rewrites:  0
2026/06/05 14:58:01 Start guided execution
2026/06/05 14:58:01 Found 0 rewritten traces
2026/06/05 14:58:01 Create bug reports
2026/06/05 14:58:01 [31mline number out of range[0m
2026/06/05 14:58:01 [31mline number out of range[0m
2026/06/05 14:58:01 [31mline number out of range[0m
2026/06/05 14:58:01 [32mFound Actual Cyclic Deadlock.[0m
2026/06/05 14:58:01 [32mFound Leak.[0m
2026/06/05 14:58:01 Create statistics
2026/06/05 14:58:02 Finished run for TestGrpc862
2026/06/05 14:58:02 Parse recorded trace for fuzzing information
2026/06/05 14:58:02 Create mutations
2026/06/05 14:58:02 Create GoPie mutations
2026/06/05 14:58:02 Mutate 0 scheduling chains
2026/06/05 14:58:02 Write 0 mutations to file
2026/06/05 14:58:02 Create statistics
2026/06/05 14:58:03 Current fuzzing queue size: 0
2026/06/05 14:58:03 Remaining fuzzing time: 8:48 min
2026/06/05 14:58:03 Finish fuzzing after 1 runs
2026/06/05 14:58:03 Processing file: /home/advocate/Advocate/Experiments/Advocate/helper/aplas/output/oocLength/11/blocking/hugo/3251/hugo3251_test.go
2026/06/05 14:58:03 Fuzzing Run:  1
2026/06/05 14:58:03 Create  /home/advocate/Advocate/Experiments/Advocate/helper/aplas/output/oocLength/11/advocateResult/file(35)-test(1)-hugo3251_test-TestHugo3251
2026/06/05 14:58:03 Execute Test
2026/06/05 15:02:05 Text executed
2026/06/05 15:02:05 Run the analyzer for /home/advocate/Advocate/Experiments/Advocate/helper/aplas/output/oocLength/11/blocking/hugo/3251/advocateTrace
2026/06/05 15:02:05 Read trace with 185 elements in 51 routines
2026/06/05 15:02:05 Start Analysis
2026/06/05 15:02:05 Finished HB analysis
2026/06/05 15:02:05 Analysis finished
2026/06/05 15:02:05 Start rewrite
2026/06/05 15:02:05 Finished Rewrite
2026/06/05 15:02:05 Number Results:  6
2026/06/05 15:02:05 Successfully rewrites:  0
2026/06/05 15:02:05 No need/not possible to rewrite:  6
2026/06/05 15:02:05 Failed rewrites:  0
2026/06/05 15:02:05 Start guided execution
2026/06/05 15:02:05 Found 0 rewritten traces
2026/06/05 15:02:05 Create bug reports
2026/06/05 15:02:05 [32mFound Possible Cyclic Deadlock.[0m
2026/06/05 15:02:05 [31mline number out of range[0m
2026/06/05 15:02:05 [31mline number out of range[0m
2026/06/05 15:02:05 [31mline number out of range[0m
2026/06/05 15:02:05 [32mFound Actual Non-Cyclic Blocking Bug.[0m
2026/06/05 15:02:05 [32mFound Leak on Sync.Mutex.[0m
2026/06/05 15:02:05 Create statistics
2026/06/05 15:02:05 Finished run for TestHugo3251
2026/06/05 15:02:05 Parse recorded trace for fuzzing information
2026/06/05 15:02:05 Create mutations
2026/06/05 15:02:05 Create GoPie mutations
2026/06/05 15:02:05 Mutate 24 scheduling chains
2026/06/05 15:02:05 Write 0 mutations to file
2026/06/05 15:02:05 Create statistics
2026/06/05 15:02:05 Current fuzzing queue size: 0
2026/06/05 15:02:05 Remaining fuzzing time: 5:58 min
2026/06/05 15:02:05 Finish fuzzing after 1 runs
2026/06/05 15:02:05 Processing file: /home/advocate/Advocate/Experiments/Advocate/helper/aplas/output/oocLength/11/blocking/hugo/5379/hugo5379_test.go
2026/06/05 15:02:05 Fuzzing Run:  1
2026/06/05 15:02:05 Create  /home/advocate/Advocate/Experiments/Advocate/helper/aplas/output/oocLength/11/advocateResult/file(36)-test(1)-hugo5379_test-TestHugo5379
2026/06/05 15:02:05 Execute Test
2026/06/05 15:06:06 Text executed
2026/06/05 15:06:06 Run the analyzer for /home/advocate/Advocate/Experiments/Advocate/helper/aplas/output/oocLength/11/blocking/hugo/5379/advocateTrace
2026/06/05 15:06:06 Read trace with 35 elements in 5 routines
2026/06/05 15:06:06 Start Analysis
2026/06/05 15:06:06 Finished HB analysis
2026/06/05 15:06:06 Analysis finished
2026/06/05 15:06:06 Start rewrite
2026/06/05 15:06:06 Finished Rewrite
2026/06/05 15:06:06 Number Results:  4
2026/06/05 15:06:06 Successfully rewrites:  0
2026/06/05 15:06:06 No need/not possible to rewrite:  4
2026/06/05 15:06:06 Failed rewrites:  0
2026/06/05 15:06:06 Start guided execution
2026/06/05 15:06:06 Found 0 rewritten traces
2026/06/05 15:06:06 Create bug reports
2026/06/05 15:06:06 [31mline number out of range[0m
2026/06/05 15:06:06 [31mline number out of range[0m
2026/06/05 15:06:06 [31mline number out of range[0m
2026/06/05 15:06:06 [31mline number out of range[0m
2026/06/05 15:06:06 [32mFound Actual Non-Cyclic Blocking Bug.[0m
2026/06/05 15:06:06 [32mFound Leak on Sync.Mutex.[0m
2026/06/05 15:06:06 Create statistics
2026/06/05 15:06:06 Finished run for TestHugo5379
2026/06/05 15:06:06 Parse recorded trace for fuzzing information
2026/06/05 15:06:06 Create mutations
2026/06/05 15:06:06 Create GoPie mutations
2026/06/05 15:06:06 Mutate 24 scheduling chains
2026/06/05 15:06:06 Write 0 mutations to file
2026/06/05 15:06:06 Create statistics
2026/06/05 15:06:06 Current fuzzing queue size: 0
2026/06/05 15:06:06 Remaining fuzzing time: 5:58 min
2026/06/05 15:06:06 Finish fuzzing after 1 runs
2026/06/05 15:06:06 Processing file: /home/advocate/Advocate/Experiments/Advocate/helper/aplas/output/oocLength/11/blocking/istio/16224/istio16224_test.go
2026/06/05 15:06:06 Fuzzing Run:  1
2026/06/05 15:06:06 Create  /home/advocate/Advocate/Experiments/Advocate/helper/aplas/output/oocLength/11/advocateResult/file(37)-test(1)-istio16224_test-TestIstio16224
2026/06/05 15:06:06 Execute Test
2026/06/05 15:10:07 Text executed
2026/06/05 15:10:07 Run the analyzer for /home/advocate/Advocate/Experiments/Advocate/helper/aplas/output/oocLength/11/blocking/istio/16224/advocateTrace
2026/06/05 15:10:07 Read trace with 9 elements in 2 routines
2026/06/05 15:10:07 Start Analysis
2026/06/05 15:10:07 Finished HB analysis
2026/06/05 15:10:07 Analysis finished
2026/06/05 15:10:07 Start rewrite
2026/06/05 15:10:07 Finished Rewrite
2026/06/05 15:10:07 Number Results:  4
2026/06/05 15:10:07 Successfully rewrites:  0
2026/06/05 15:10:07 No need/not possible to rewrite:  4
2026/06/05 15:10:07 Failed rewrites:  0
2026/06/05 15:10:07 Start guided execution
2026/06/05 15:10:07 Found 0 rewritten traces
2026/06/05 15:10:07 Create bug reports
2026/06/05 15:10:07 [31mline number out of range[0m
2026/06/05 15:10:07 [31mline number out of range[0m
2026/06/05 15:10:07 [31mline number out of range[0m
2026/06/05 15:10:07 [31mline number out of range[0m
2026/06/05 15:10:07 [32mFound Actual Non-Cyclic Blocking Bug.[0m
2026/06/05 15:10:07 [32mFound Actual Cyclic Deadlock.[0m
2026/06/05 15:10:07 Create statistics
2026/06/05 15:10:07 Finished run for TestIstio16224
2026/06/05 15:10:07 Parse recorded trace for fuzzing information
2026/06/05 15:10:07 Create mutations
2026/06/05 15:10:07 Create GoPie mutations
2026/06/05 15:10:07 Mutate 24 scheduling chains
2026/06/05 15:10:07 Write 0 mutations to file
2026/06/05 15:10:07 Create statistics
2026/06/05 15:10:07 Current fuzzing queue size: 0
2026/06/05 15:10:07 Remaining fuzzing time: 5:58 min
2026/06/05 15:10:07 Finish fuzzing after 1 runs
2026/06/05 15:10:07 Processing file: /home/advocate/Advocate/Experiments/Advocate/helper/aplas/output/oocLength/11/blocking/istio/17860/istio17860_test.go
2026/06/05 15:10:07 Fuzzing Run:  1
2026/06/05 15:10:07 Create  /home/advocate/Advocate/Experiments/Advocate/helper/aplas/output/oocLength/11/advocateResult/file(38)-test(1)-istio17860_test-TestIstio17860
2026/06/05 15:10:07 Execute Test
2026/06/05 15:10:08 Text executed
2026/06/05 15:10:08 Run the analyzer for /home/advocate/Advocate/Experiments/Advocate/helper/aplas/output/oocLength/11/blocking/istio/17860/advocateTrace
2026/06/05 15:10:08 Read trace with 21 elements in 5 routines
2026/06/05 15:10:08 Start Analysis
2026/06/05 15:10:08 Finished HB analysis
2026/06/05 15:10:08 Analysis finished
2026/06/05 15:10:08 Start rewrite
2026/06/05 15:10:08 Finished Rewrite
2026/06/05 15:10:08 Number Results:  3
2026/06/05 15:10:08 Successfully rewrites:  0
2026/06/05 15:10:08 No need/not possible to rewrite:  3
2026/06/05 15:10:08 Failed rewrites:  0
2026/06/05 15:10:08 Start guided execution
2026/06/05 15:10:08 Found 0 rewritten traces
2026/06/05 15:10:08 Create bug reports
2026/06/05 15:10:08 [31mline number out of range[0m
2026/06/05 15:10:08 [31mline number out of range[0m
2026/06/05 15:10:08 [31mline number out of range[0m
2026/06/05 15:10:08 [31mline number out of range[0m
2026/06/05 15:10:08 [32mFound Actual Cyclic Deadlock.[0m
2026/06/05 15:10:08 Create statistics
2026/06/05 15:10:08 Finished run for TestIstio17860
2026/06/05 15:10:08 Parse recorded trace for fuzzing information
2026/06/05 15:10:08 Create mutations
2026/06/05 15:10:08 Create GoPie mutations
2026/06/05 15:10:08 Mutate 0 scheduling chains
2026/06/05 15:10:08 Write 0 mutations to file
2026/06/05 15:10:08 Create statistics
2026/06/05 15:10:08 Current fuzzing queue size: 0
2026/06/05 15:10:08 Remaining fuzzing time: 9:58 min
2026/06/05 15:10:08 Finish fuzzing after 1 runs
2026/06/05 15:10:08 Processing file: /home/advocate/Advocate/Experiments/Advocate/helper/aplas/output/oocLength/11/blocking/istio/18454/istio18454_test.go
2026/06/05 15:10:08 Fuzzing Run:  1
2026/06/05 15:10:08 Create  /home/advocate/Advocate/Experiments/Advocate/helper/aplas/output/oocLength/11/advocateResult/file(39)-test(1)-istio18454_test-TestIstio18454
2026/06/05 15:10:08 Execute Test
2026/06/05 15:10:10 Text executed
2026/06/05 15:10:10 Run the analyzer for /home/advocate/Advocate/Experiments/Advocate/helper/aplas/output/oocLength/11/blocking/istio/18454/advocateTrace
2026/06/05 15:10:10 Read trace with 1034 elements in 2 routines
2026/06/05 15:10:10 Start Analysis
2026/06/05 15:10:10 Finished HB analysis
2026/06/05 15:10:10 Analysis finished
2026/06/05 15:10:10 Start rewrite
2026/06/05 15:10:10 Finished Rewrite
2026/06/05 15:10:10 Number Results:  3
2026/06/05 15:10:10 Successfully rewrites:  0
2026/06/05 15:10:10 No need/not possible to rewrite:  3
2026/06/05 15:10:10 Failed rewrites:  0
2026/06/05 15:10:10 Start guided execution
2026/06/05 15:10:10 Found 0 rewritten traces
2026/06/05 15:10:10 Create bug reports
2026/06/05 15:10:10 [31mline number out of range[0m
2026/06/05 15:10:10 [31mline number out of range[0m
2026/06/05 15:10:10 [31mline number out of range[0m
2026/06/05 15:10:10 [31mline number out of range[0m
2026/06/05 15:10:10 [32mFound Actual Cyclic Deadlock.[0m
2026/06/05 15:10:10 Create statistics
2026/06/05 15:10:10 Finished run for TestIstio18454
2026/06/05 15:10:10 Parse recorded trace for fuzzing information
2026/06/05 15:10:10 Create mutations
2026/06/05 15:10:10 Create GoPie mutations
2026/06/05 15:10:10 Mutate 0 scheduling chains
2026/06/05 15:10:10 Write 0 mutations to file
2026/06/05 15:10:10 Create statistics
2026/06/05 15:10:10 Current fuzzing queue size: 0
2026/06/05 15:10:10 Remaining fuzzing time: 9:58 min
2026/06/05 15:10:10 Finish fuzzing after 1 runs
2026/06/05 15:10:10 Processing file: /home/advocate/Advocate/Experiments/Advocate/helper/aplas/output/oocLength/11/blocking/kubernetes/10182/kubernetes10182_test.go
2026/06/05 15:10:10 Fuzzing Run:  1
2026/06/05 15:10:10 Create  /home/advocate/Advocate/Experiments/Advocate/helper/aplas/output/oocLength/11/advocateResult/file(40)-test(1)-kubernetes10182_test-TestKubernetes10182
2026/06/05 15:10:10 Execute Test
2026/06/05 15:10:11 Text executed
2026/06/05 15:10:11 Run the analyzer for /home/advocate/Advocate/Experiments/Advocate/helper/aplas/output/oocLength/11/blocking/kubernetes/10182/advocateTrace
2026/06/05 15:10:11 Read trace with 15 elements in 5 routines
2026/06/05 15:10:11 Start Analysis
2026/06/05 15:10:11 Finished HB analysis
2026/06/05 15:10:11 Analysis finished
2026/06/05 15:10:11 Start rewrite
2026/06/05 15:10:11 Finished Rewrite
2026/06/05 15:10:11 Number Results:  4
2026/06/05 15:10:11 Successfully rewrites:  0
2026/06/05 15:10:11 No need/not possible to rewrite:  4
2026/06/05 15:10:11 Failed rewrites:  0
2026/06/05 15:10:11 Start guided execution
2026/06/05 15:10:11 Found 0 rewritten traces
2026/06/05 15:10:11 Create bug reports
2026/06/05 15:10:11 [31mline number out of range[0m
2026/06/05 15:10:11 [31mline number out of range[0m
2026/06/05 15:10:11 [31mline number out of range[0m
2026/06/05 15:10:11 [31mline number out of range[0m
2026/06/05 15:10:11 [32mFound Actual Non-Cyclic Blocking Bug.[0m
2026/06/05 15:10:11 [32mFound Leak on Sync.Mutex.[0m
2026/06/05 15:10:11 Create statistics
2026/06/05 15:10:11 Finished run for TestKubernetes10182
2026/06/05 15:10:11 Parse recorded trace for fuzzing information
2026/06/05 15:10:11 Create mutations
2026/06/05 15:10:11 Create GoPie mutations
2026/06/05 15:10:11 Mutate 24 scheduling chains
2026/06/05 15:10:11 Write 0 mutations to file
2026/06/05 15:10:11 Create statistics
2026/06/05 15:10:11 Current fuzzing queue size: 0
2026/06/05 15:10:11 Remaining fuzzing time: 9:58 min
2026/06/05 15:10:11 Finish fuzzing after 1 runs
2026/06/05 15:10:11 Processing file: /home/advocate/Advocate/Experiments/Advocate/helper/aplas/output/oocLength/11/blocking/kubernetes/11298/kubernetes11298_test.go
2026/06/05 15:10:11 Fuzzing Run:  1
2026/06/05 15:10:11 Create  /home/advocate/Advocate/Experiments/Advocate/helper/aplas/output/oocLength/11/advocateResult/file(41)-test(1)-kubernetes11298_test-TestKubernetes11298
2026/06/05 15:10:11 Execute Test
2026/06/05 15:10:12 Text executed
2026/06/05 15:10:12 Run the analyzer for /home/advocate/Advocate/Experiments/Advocate/helper/aplas/output/oocLength/11/blocking/kubernetes/11298/advocateTrace
2026/06/05 15:10:12 Read trace with 17 elements in 5 routines
2026/06/05 15:10:12 Start Analysis
2026/06/05 15:10:12 Finished HB analysis
2026/06/05 15:10:12 Analysis finished
2026/06/05 15:10:12 Start rewrite
2026/06/05 15:10:12 Finished Rewrite
2026/06/05 15:10:12 Number Results:  4
2026/06/05 15:10:12 Successfully rewrites:  0
2026/06/05 15:10:12 No need/not possible to rewrite:  4
2026/06/05 15:10:12 Failed rewrites:  0
2026/06/05 15:10:12 Start guided execution
2026/06/05 15:10:12 Found 0 rewritten traces
2026/06/05 15:10:12 Create bug reports
2026/06/05 15:10:12 [31mline number out of range[0m
2026/06/05 15:10:12 [31mline number out of range[0m
2026/06/05 15:10:12 [31mline number out of range[0m
2026/06/05 15:10:12 [31mline number out of range[0m
2026/06/05 15:10:12 [32mFound Actual Non-Cyclic Blocking Bug.[0m
2026/06/05 15:10:12 [32mFound Leak on Sync.Mutex.[0m
2026/06/05 15:10:12 Create statistics
2026/06/05 15:10:12 Finished run for TestKubernetes11298
2026/06/05 15:10:12 Parse recorded trace for fuzzing information
2026/06/05 15:10:12 Create mutations
2026/06/05 15:10:12 Create GoPie mutations
2026/06/05 15:10:12 Mutate 24 scheduling chains
2026/06/05 15:10:12 Write 0 mutations to file
2026/06/05 15:10:12 Create statistics
2026/06/05 15:10:12 Current fuzzing queue size: 0
2026/06/05 15:10:12 Remaining fuzzing time: 9:58 min
2026/06/05 15:10:12 Finish fuzzing after 1 runs
2026/06/05 15:10:12 Processing file: /home/advocate/Advocate/Experiments/Advocate/helper/aplas/output/oocLength/11/blocking/kubernetes/13135/kubernetes13135_test.go
2026/06/05 15:10:12 Fuzzing Run:  1
2026/06/05 15:10:12 Create  /home/advocate/Advocate/Experiments/Advocate/helper/aplas/output/oocLength/11/advocateResult/file(42)-test(1)-kubernetes13135_test-TestKubernetes13135
2026/06/05 15:10:12 Execute Test
2026/06/05 15:10:13 Text executed
2026/06/05 15:10:13 Run the analyzer for /home/advocate/Advocate/Experiments/Advocate/helper/aplas/output/oocLength/11/blocking/kubernetes/13135/advocateTrace
2026/06/05 15:10:13 Read trace with 80 elements in 4 routines
2026/06/05 15:10:13 Start Analysis
2026/06/05 15:10:13 Finished HB analysis
2026/06/05 15:10:13 Analysis finished
2026/06/05 15:10:13 Start rewrite
2026/06/05 15:10:13 Finished Rewrite
2026/06/05 15:10:13 Number Results:  5
2026/06/05 15:10:13 Successfully rewrites:  0
2026/06/05 15:10:13 No need/not possible to rewrite:  5
2026/06/05 15:10:13 Failed rewrites:  0
2026/06/05 15:10:13 Start guided execution
2026/06/05 15:10:13 Found 0 rewritten traces
2026/06/05 15:10:13 Create bug reports
2026/06/05 15:10:13 [32mFound Possible Cyclic Deadlock.[0m
2026/06/05 15:10:13 [31mline number out of range[0m
2026/06/05 15:10:13 [31mline number out of range[0m
2026/06/05 15:10:13 [31mline number out of range[0m
2026/06/05 15:10:13 [31mline number out of range[0m
2026/06/05 15:10:13 Create statistics
2026/06/05 15:10:13 Finished run for TestKubernetes13135
2026/06/05 15:10:13 Parse recorded trace for fuzzing information
2026/06/05 15:10:13 Create mutations
2026/06/05 15:10:13 Create GoPie mutations
2026/06/05 15:10:13 Mutate 24 scheduling chains
2026/06/05 15:10:13 Write 0 mutations to file
2026/06/05 15:10:13 Create statistics
2026/06/05 15:10:13 Current fuzzing queue size: 0
2026/06/05 15:10:13 Remaining fuzzing time: 9:58 min
2026/06/05 15:10:13 Finish fuzzing after 1 runs
2026/06/05 15:10:13 Processing file: /home/advocate/Advocate/Experiments/Advocate/helper/aplas/output/oocLength/11/blocking/kubernetes/1321/kubernetes1321_test.go
2026/06/05 15:10:13 Fuzzing Run:  1
2026/06/05 15:10:13 Create  /home/advocate/Advocate/Experiments/Advocate/helper/aplas/output/oocLength/11/advocateResult/file(43)-test(1)-kubernetes1321_test-TestKubernetes1321
2026/06/05 15:10:13 Execute Test
2026/06/05 15:10:14 Text executed
2026/06/05 15:10:14 Run the analyzer for /home/advocate/Advocate/Experiments/Advocate/helper/aplas/output/oocLength/11/blocking/kubernetes/1321/advocateTrace
2026/06/05 15:10:14 Read trace with 413 elements in 27 routines
2026/06/05 15:10:14 Start Analysis
2026/06/05 15:10:14 Finished HB analysis
2026/06/05 15:10:14 Analysis finished
2026/06/05 15:10:14 Start rewrite
2026/06/05 15:10:14 Finished Rewrite
2026/06/05 15:10:14 Number Results:  4
2026/06/05 15:10:14 Successfully rewrites:  0
2026/06/05 15:10:14 No need/not possible to rewrite:  4
2026/06/05 15:10:14 Failed rewrites:  0
2026/06/05 15:10:14 Start guided execution
2026/06/05 15:10:14 Found 0 rewritten traces
2026/06/05 15:10:14 Create bug reports
2026/06/05 15:10:14 [31mline number out of range[0m
2026/06/05 15:10:14 [31mline number out of range[0m
2026/06/05 15:10:14 [31mline number out of range[0m
2026/06/05 15:10:14 [31mline number out of range[0m
2026/06/05 15:10:14 Create statistics
2026/06/05 15:10:14 Finished run for TestKubernetes1321
2026/06/05 15:10:14 Parse recorded trace for fuzzing information
2026/06/05 15:10:14 Create mutations
2026/06/05 15:10:14 Create GoPie mutations
2026/06/05 15:10:14 Mutate 16 scheduling chains
2026/06/05 15:10:14 Write 0 mutations to file
2026/06/05 15:10:14 Create statistics
2026/06/05 15:10:14 Current fuzzing queue size: 0
2026/06/05 15:10:14 Remaining fuzzing time: 9:58 min
2026/06/05 15:10:14 Finish fuzzing after 1 runs
2026/06/05 15:10:14 Processing file: /home/advocate/Advocate/Experiments/Advocate/helper/aplas/output/oocLength/11/blocking/kubernetes/25331/kubernetes25331_test.go
2026/06/05 15:10:14 Fuzzing Run:  1
2026/06/05 15:10:14 Create  /home/advocate/Advocate/Experiments/Advocate/helper/aplas/output/oocLength/11/advocateResult/file(44)-test(1)-kubernetes25331_test-TestKubernetes25331
2026/06/05 15:10:14 Execute Test
2026/06/05 15:10:16 Text executed
2026/06/05 15:10:16 Run the analyzer for /home/advocate/Advocate/Experiments/Advocate/helper/aplas/output/oocLength/11/blocking/kubernetes/25331/advocateTrace
2026/06/05 15:10:16 Read trace with 17 elements in 3 routines
2026/06/05 15:10:16 Start Analysis
2026/06/05 15:10:16 Finished HB analysis
2026/06/05 15:10:16 Analysis finished
2026/06/05 15:10:16 Start rewrite
2026/06/05 15:10:16 Finished Rewrite
2026/06/05 15:10:16 Number Results:  4
2026/06/05 15:10:16 Successfully rewrites:  0
2026/06/05 15:10:16 No need/not possible to rewrite:  4
2026/06/05 15:10:16 Failed rewrites:  0
2026/06/05 15:10:16 Start guided execution
2026/06/05 15:10:16 Found 0 rewritten traces
2026/06/05 15:10:16 Create bug reports
2026/06/05 15:10:16 [31mline number out of range[0m
2026/06/05 15:10:16 [31mline number out of range[0m
2026/06/05 15:10:16 [31mline number out of range[0m
2026/06/05 15:10:16 [31mline number out of range[0m
2026/06/05 15:10:16 [32mFound Actual Non-Cyclic Blocking Bug.[0m
2026/06/05 15:10:16 Create statistics
2026/06/05 15:10:16 Finished run for TestKubernetes25331
2026/06/05 15:10:16 Parse recorded trace for fuzzing information
2026/06/05 15:10:16 Create mutations
2026/06/05 15:10:16 Create GoPie mutations
2026/06/05 15:10:16 Mutate 24 scheduling chains
2026/06/05 15:10:16 Write 1 special mutation to file
2026/06/05 15:10:16 Write 0 mutations to file
2026/06/05 15:10:16 Create statistics
2026/06/05 15:10:16 Current fuzzing queue size: 0
2026/06/05 15:10:16 Remaining fuzzing time: 9:58 min
2026/06/05 15:10:16 Finish fuzzing after 1 runs
2026/06/05 15:10:16 Processing file: /home/advocate/Advocate/Experiments/Advocate/helper/aplas/output/oocLength/11/blocking/kubernetes/26980/kubernetes26980_test.go
2026/06/05 15:10:16 Fuzzing Run:  1
2026/06/05 15:10:16 Create  /home/advocate/Advocate/Experiments/Advocate/helper/aplas/output/oocLength/11/advocateResult/file(45)-test(1)-kubernetes26980_test-TestKubernetes26980
2026/06/05 15:10:16 Execute Test
2026/06/05 15:10:17 Text executed
2026/06/05 15:10:17 Run the analyzer for /home/advocate/Advocate/Experiments/Advocate/helper/aplas/output/oocLength/11/blocking/kubernetes/26980/advocateTrace
2026/06/05 15:10:17 Read trace with 18 elements in 3 routines
2026/06/05 15:10:17 Start Analysis
2026/06/05 15:10:17 Finished HB analysis
2026/06/05 15:10:17 Analysis finished
2026/06/05 15:10:17 Start rewrite
2026/06/05 15:10:17 Finished Rewrite
2026/06/05 15:10:17 Number Results:  4
2026/06/05 15:10:17 Successfully rewrites:  0
2026/06/05 15:10:17 No need/not possible to rewrite:  4
2026/06/05 15:10:17 Failed rewrites:  0
2026/06/05 15:10:17 Start guided execution
2026/06/05 15:10:17 Found 0 rewritten traces
2026/06/05 15:10:17 Create bug reports
2026/06/05 15:10:17 [31mline number out of range[0m
2026/06/05 15:10:17 [31mline number out of range[0m
2026/06/05 15:10:17 [31mline number out of range[0m
2026/06/05 15:10:17 [31mline number out of range[0m
2026/06/05 15:10:17 [32mFound Actual Non-Cyclic Blocking Bug.[0m
2026/06/05 15:10:17 Create statistics
2026/06/05 15:10:17 Finished run for TestKubernetes26980
2026/06/05 15:10:17 Parse recorded trace for fuzzing information
2026/06/05 15:10:17 Create mutations
2026/06/05 15:10:17 Create GoPie mutations
2026/06/05 15:10:17 Mutate 24 scheduling chains
2026/06/05 15:10:17 Write 0 mutations to file
2026/06/05 15:10:17 Create statistics
2026/06/05 15:10:17 Current fuzzing queue size: 0
2026/06/05 15:10:17 Remaining fuzzing time: 9:58 min
2026/06/05 15:10:17 Finish fuzzing after 1 runs
2026/06/05 15:10:17 Processing file: /home/advocate/Advocate/Experiments/Advocate/helper/aplas/output/oocLength/11/blocking/kubernetes/30872/kubernetes30872_test.go
2026/06/05 15:10:17 Fuzzing Run:  1
2026/06/05 15:10:17 Create  /home/advocate/Advocate/Experiments/Advocate/helper/aplas/output/oocLength/11/advocateResult/file(46)-test(1)-kubernetes30872_test-TestKubernetes30872_bad_test
2026/06/05 15:10:17 Execute Test
2026/06/05 15:10:18 Text executed
2026/06/05 15:10:18 Run the analyzer for /home/advocate/Advocate/Experiments/Advocate/helper/aplas/output/oocLength/11/blocking/kubernetes/30872/advocateTrace
2026/06/05 15:10:18 Read trace with 31 elements in 4 routines
2026/06/05 15:10:18 Start Analysis
2026/06/05 15:10:18 Finished HB analysis
2026/06/05 15:10:18 Analysis finished
2026/06/05 15:10:18 Start rewrite
2026/06/05 15:10:18 Finished Rewrite
2026/06/05 15:10:18 Number Results:  5
2026/06/05 15:10:18 Successfully rewrites:  0
2026/06/05 15:10:18 No need/not possible to rewrite:  5
2026/06/05 15:10:18 Failed rewrites:  0
2026/06/05 15:10:18 Start guided execution
2026/06/05 15:10:18 Found 0 rewritten traces
2026/06/05 15:10:18 Create bug reports
2026/06/05 15:10:18 [32mFound Possible Cyclic Deadlock.[0m
2026/06/05 15:10:18 [31mline number out of range[0m
2026/06/05 15:10:18 [31mline number out of range[0m
2026/06/05 15:10:18 [31mline number out of range[0m
2026/06/05 15:10:18 [31mline number out of range[0m
2026/06/05 15:10:18 Create statistics
2026/06/05 15:10:18 Finished run for TestKubernetes30872_bad_test
2026/06/05 15:10:18 Parse recorded trace for fuzzing information
2026/06/05 15:10:18 Create mutations
2026/06/05 15:10:18 Create GoPie mutations
2026/06/05 15:10:18 Mutate 24 scheduling chains
2026/06/05 15:10:18 Write 0 mutations to file
2026/06/05 15:10:18 Create statistics
2026/06/05 15:10:18 Current fuzzing queue size: 0
2026/06/05 15:10:18 Remaining fuzzing time: 9:58 min
2026/06/05 15:10:18 Finish fuzzing after 1 runs
2026/06/05 15:10:18 Processing file: /home/advocate/Advocate/Experiments/Advocate/helper/aplas/output/oocLength/11/blocking/kubernetes/38669/kubernetes38669_test.go
2026/06/05 15:10:18 Fuzzing Run:  1
2026/06/05 15:10:18 Create  /home/advocate/Advocate/Experiments/Advocate/helper/aplas/output/oocLength/11/advocateResult/file(47)-test(1)-kubernetes38669_test-TestKubernetes38669
2026/06/05 15:10:18 Execute Test
2026/06/05 15:10:19 Text executed
2026/06/05 15:10:19 Run the analyzer for /home/advocate/Advocate/Experiments/Advocate/helper/aplas/output/oocLength/11/blocking/kubernetes/38669/advocateTrace
2026/06/05 15:10:19 Read trace with 8 elements in 2 routines
2026/06/05 15:10:19 Start Analysis
2026/06/05 15:10:19 Finished HB analysis
2026/06/05 15:10:19 Analysis finished
2026/06/05 15:10:19 Start rewrite
2026/06/05 15:10:19 Finished Rewrite
2026/06/05 15:10:19 Number Results:  4
2026/06/05 15:10:19 Successfully rewrites:  0
2026/06/05 15:10:19 No need/not possible to rewrite:  4
2026/06/05 15:10:19 Failed rewrites:  0
2026/06/05 15:10:19 Start guided execution
2026/06/05 15:10:19 Found 0 rewritten traces
2026/06/05 15:10:19 Create bug reports
2026/06/05 15:10:19 [31mline number out of range[0m
2026/06/05 15:10:19 [31mline number out of range[0m
2026/06/05 15:10:19 [31mline number out of range[0m
2026/06/05 15:10:19 [31mline number out of range[0m
2026/06/05 15:10:19 [32mFound Actual Non-Cyclic Blocking Bug.[0m
2026/06/05 15:10:19 Create statistics
2026/06/05 15:10:19 Finished run for TestKubernetes38669
2026/06/05 15:10:19 Parse recorded trace for fuzzing information
2026/06/05 15:10:19 Create mutations
2026/06/05 15:10:19 Create GoPie mutations
2026/06/05 15:10:19 Mutate 0 scheduling chains
2026/06/05 15:10:19 Write 0 mutations to file
2026/06/05 15:10:19 Create statistics
2026/06/05 15:10:19 Current fuzzing queue size: 0
2026/06/05 15:10:19 Remaining fuzzing time: 9:58 min
2026/06/05 15:10:19 Finish fuzzing after 1 runs
2026/06/05 15:10:19 Processing file: /home/advocate/Advocate/Experiments/Advocate/helper/aplas/output/oocLength/11/blocking/kubernetes/5316/kubernetes5316_test.go
2026/06/05 15:10:19 Fuzzing Run:  1
2026/06/05 15:10:19 Create  /home/advocate/Advocate/Experiments/Advocate/helper/aplas/output/oocLength/11/advocateResult/file(48)-test(1)-kubernetes5316_test-TestKubernetes5316
2026/06/05 15:10:19 Execute Test
2026/06/05 15:10:20 Text executed
2026/06/05 15:10:20 Run the analyzer for /home/advocate/Advocate/Experiments/Advocate/helper/aplas/output/oocLength/11/blocking/kubernetes/5316/advocateTrace
2026/06/05 15:10:20 Read trace with 8 elements in 3 routines
2026/06/05 15:10:20 Start Analysis
2026/06/05 15:10:20 Finished HB analysis
2026/06/05 15:10:21 Analysis finished
2026/06/05 15:10:21 Start rewrite
2026/06/05 15:10:21 Finished Rewrite
2026/06/05 15:10:21 Number Results:  4
2026/06/05 15:10:21 Successfully rewrites:  0
2026/06/05 15:10:21 No need/not possible to rewrite:  4
2026/06/05 15:10:21 Failed rewrites:  0
2026/06/05 15:10:21 Start guided execution
2026/06/05 15:10:21 Found 0 rewritten traces
2026/06/05 15:10:21 Create bug reports
2026/06/05 15:10:21 [31mline number out of range[0m
2026/06/05 15:10:21 [31mline number out of range[0m
2026/06/05 15:10:21 [31mline number out of range[0m
2026/06/05 15:10:21 [31mline number out of range[0m
2026/06/05 15:10:21 [32mFound Actual Non-Cyclic Blocking Bug.[0m
2026/06/05 15:10:21 Create statistics
2026/06/05 15:10:21 Finished run for TestKubernetes5316
2026/06/05 15:10:21 Parse recorded trace for fuzzing information
2026/06/05 15:10:21 Create mutations
2026/06/05 15:10:21 Create GoPie mutations
2026/06/05 15:10:21 Mutate 0 scheduling chains
2026/06/05 15:10:21 Write 0 mutations to file
2026/06/05 15:10:21 Create statistics
2026/06/05 15:10:21 Current fuzzing queue size: 0
2026/06/05 15:10:21 Remaining fuzzing time: 9:58 min
2026/06/05 15:10:21 Finish fuzzing after 1 runs
2026/06/05 15:10:21 Processing file: /home/advocate/Advocate/Experiments/Advocate/helper/aplas/output/oocLength/11/blocking/kubernetes/58107/kubernetes58107_test.go
2026/06/05 15:10:21 Fuzzing Run:  1
2026/06/05 15:10:21 Create  /home/advocate/Advocate/Experiments/Advocate/helper/aplas/output/oocLength/11/advocateResult/file(49)-test(1)-kubernetes58107_test-TestKubernetes58107
2026/06/05 15:10:21 Execute Test
2026/06/05 15:10:28 Text executed
2026/06/05 15:10:28 Run the analyzer for /home/advocate/Advocate/Experiments/Advocate/helper/aplas/output/oocLength/11/blocking/kubernetes/58107/advocateTrace
2026/06/05 15:10:29 Read trace with 400022 elements in 30 routines
2026/06/05 15:10:29 Start Analysis
2026/06/05 15:10:29 Finished HB analysis
2026/06/05 15:10:29 Analysis finished
2026/06/05 15:10:29 Start rewrite
2026/06/05 15:10:29 Finished Rewrite
2026/06/05 15:10:29 Number Results:  4
2026/06/05 15:10:29 Successfully rewrites:  0
2026/06/05 15:10:29 No need/not possible to rewrite:  4
2026/06/05 15:10:29 Failed rewrites:  0
2026/06/05 15:10:29 Start guided execution
2026/06/05 15:10:29 Found 0 rewritten traces
2026/06/05 15:10:29 Create bug reports
2026/06/05 15:10:29 [31mline number out of range[0m
2026/06/05 15:10:29 [31mline number out of range[0m
2026/06/05 15:10:29 [31mline number out of range[0m
2026/06/05 15:10:29 [31mline number out of range[0m
2026/06/05 15:10:29 [32mFound Actual Non-Cyclic Blocking Bug.[0m
2026/06/05 15:10:29 Create statistics
2026/06/05 15:10:29 Finished run for TestKubernetes58107
2026/06/05 15:10:29 Parse recorded trace for fuzzing information
2026/06/05 15:10:29 Create mutations
2026/06/05 15:10:29 Create GoPie mutations
2026/06/05 15:10:34 Mutate 24 scheduling chains
2026/06/05 15:10:40 Write 0 mutations to file
2026/06/05 15:10:40 Create statistics
2026/06/05 15:10:40 Current fuzzing queue size: 0
2026/06/05 15:10:40 Remaining fuzzing time: 9:40 min
2026/06/05 15:10:40 Finish fuzzing after 1 runs
2026/06/05 15:10:40 Processing file: /home/advocate/Advocate/Experiments/Advocate/helper/aplas/output/oocLength/11/blocking/kubernetes/62464/kubernetes62464_test.go
2026/06/05 15:10:40 Fuzzing Run:  1
2026/06/05 15:10:40 Create  /home/advocate/Advocate/Experiments/Advocate/helper/aplas/output/oocLength/11/advocateResult/file(50)-test(1)-kubernetes62464_test-TestKubernetes62464
2026/06/05 15:10:40 Execute Test
2026/06/05 15:10:41 Text executed
2026/06/05 15:10:41 Run the analyzer for /home/advocate/Advocate/Experiments/Advocate/helper/aplas/output/oocLength/11/blocking/kubernetes/62464/advocateTrace
2026/06/05 15:10:41 Read trace with 13 elements in 3 routines
2026/06/05 15:10:41 Start Analysis
2026/06/05 15:10:41 Finished HB analysis
2026/06/05 15:10:41 Analysis finished
2026/06/05 15:10:41 Start rewrite
2026/06/05 15:10:41 Finished Rewrite
2026/06/05 15:10:41 Number Results:  4
2026/06/05 15:10:41 Successfully rewrites:  0
2026/06/05 15:10:41 No need/not possible to rewrite:  4
2026/06/05 15:10:41 Failed rewrites:  0
2026/06/05 15:10:41 Start guided execution
2026/06/05 15:10:41 Found 0 rewritten traces
2026/06/05 15:10:41 Create bug reports
2026/06/05 15:10:41 [31mline number out of range[0m
2026/06/05 15:10:41 [31mline number out of range[0m
2026/06/05 15:10:41 [31mline number out of range[0m
2026/06/05 15:10:41 [31mline number out of range[0m
2026/06/05 15:10:41 Create statistics
2026/06/05 15:10:41 Finished run for TestKubernetes62464
2026/06/05 15:10:41 Parse recorded trace for fuzzing information
2026/06/05 15:10:41 Create mutations
2026/06/05 15:10:41 Create GoPie mutations
2026/06/05 15:10:41 Mutate 24 scheduling chains
2026/06/05 15:10:41 Write 0 mutations to file
2026/06/05 15:10:41 Create statistics
2026/06/05 15:10:41 Current fuzzing queue size: 0
2026/06/05 15:10:41 Remaining fuzzing time: 9:58 min
2026/06/05 15:10:41 Finish fuzzing after 1 runs
2026/06/05 15:10:41 Processing file: /home/advocate/Advocate/Experiments/Advocate/helper/aplas/output/oocLength/11/blocking/kubernetes/6632/kubernetes6632_test.go
2026/06/05 15:10:41 Fuzzing Run:  1
2026/06/05 15:10:41 Create  /home/advocate/Advocate/Experiments/Advocate/helper/aplas/output/oocLength/11/advocateResult/file(51)-test(1)-kubernetes6632_test-TestKubernetes6632
2026/06/05 15:10:41 Execute Test
2026/06/05 15:10:42 Text executed
2026/06/05 15:10:42 Run the analyzer for /home/advocate/Advocate/Experiments/Advocate/helper/aplas/output/oocLength/11/blocking/kubernetes/6632/advocateTrace
2026/06/05 15:10:42 Read trace with 12 elements in 4 routines
2026/06/05 15:10:42 Start Analysis
2026/06/05 15:10:42 Finished HB analysis
2026/06/05 15:10:42 Analysis finished
2026/06/05 15:10:42 Start rewrite
2026/06/05 15:10:42 Finished Rewrite
2026/06/05 15:10:42 Number Results:  4
2026/06/05 15:10:42 Successfully rewrites:  0
2026/06/05 15:10:42 No need/not possible to rewrite:  4
2026/06/05 15:10:42 Failed rewrites:  0
2026/06/05 15:10:42 Start guided execution
2026/06/05 15:10:42 Found 0 rewritten traces
2026/06/05 15:10:42 Create bug reports
2026/06/05 15:10:42 [31mline number out of range[0m
2026/06/05 15:10:42 [31mline number out of range[0m
2026/06/05 15:10:42 [31mline number out of range[0m
2026/06/05 15:10:42 [31mline number out of range[0m
2026/06/05 15:10:42 [32mFound Actual Non-Cyclic Blocking Bug.[0m
2026/06/05 15:10:42 Create statistics
2026/06/05 15:10:42 Finished run for TestKubernetes6632
2026/06/05 15:10:42 Parse recorded trace for fuzzing information
2026/06/05 15:10:42 Create mutations
2026/06/05 15:10:42 Create GoPie mutations
2026/06/05 15:10:42 Mutate 24 scheduling chains
2026/06/05 15:10:42 Write 0 mutations to file
2026/06/05 15:10:42 Create statistics
2026/06/05 15:10:42 Current fuzzing queue size: 0
2026/06/05 15:10:42 Remaining fuzzing time: 9:58 min
2026/06/05 15:10:42 Finish fuzzing after 1 runs
2026/06/05 15:10:42 Processing file: /home/advocate/Advocate/Experiments/Advocate/helper/aplas/output/oocLength/11/blocking/kubernetes/70277/kubernetes70277_test.go
2026/06/05 15:10:42 Fuzzing Run:  1
2026/06/05 15:10:42 Create  /home/advocate/Advocate/Experiments/Advocate/helper/aplas/output/oocLength/11/advocateResult/file(52)-test(1)-kubernetes70277_test-TestKubernetes70277
2026/06/05 15:10:42 Execute Test
2026/06/05 15:14:44 Text executed
2026/06/05 15:14:44 Run the analyzer for /home/advocate/Advocate/Experiments/Advocate/helper/aplas/output/oocLength/11/blocking/kubernetes/70277/advocateTrace
2026/06/05 15:14:44 Read trace with 36457 elements in 26 routines
2026/06/05 15:14:44 Start Analysis
2026/06/05 15:14:44 Finished HB analysis
2026/06/05 15:18:11 Analysis finished
2026/06/05 15:18:11 Start rewrite
2026/06/05 15:18:11 Finished Rewrite
2026/06/05 15:18:11 Number Results:  5
2026/06/05 15:18:11 Successfully rewrites:  0
2026/06/05 15:18:11 No need/not possible to rewrite:  5
2026/06/05 15:18:11 Failed rewrites:  0
2026/06/05 15:18:11 Start guided execution
2026/06/05 15:18:11 Found 0 rewritten traces
2026/06/05 15:18:11 Create bug reports
2026/06/05 15:18:11 [31mline number out of range[0m
2026/06/05 15:18:11 [31mline number out of range[0m
2026/06/05 15:18:11 [31mline number out of range[0m
2026/06/05 15:18:11 [31mline number out of range[0m
2026/06/05 15:18:11 [32mFound Actual Non-Cyclic Blocking Bug.[0m
2026/06/05 15:18:11 Create statistics
2026/06/05 15:18:11 Finished run for TestKubernetes70277
2026/06/05 15:18:11 Parse recorded trace for fuzzing information
2026/06/05 15:18:11 Create mutations
2026/06/05 15:18:11 Create GoPie mutations
2026/06/05 15:18:11 Mutate 7 scheduling chains
2026/06/05 15:18:11 Write 0 mutations to file
2026/06/05 15:18:11 Create statistics
2026/06/05 15:18:11 Current fuzzing queue size: 0
2026/06/05 15:18:11 Remaining fuzzing time: 2:31 min
2026/06/05 15:18:11 Finish fuzzing after 1 runs
2026/06/05 15:18:11 Processing file: /home/advocate/Advocate/Experiments/Advocate/helper/aplas/output/oocLength/11/blocking/moby/17176/moby17176_test.go
2026/06/05 15:18:11 Fuzzing Run:  1
2026/06/05 15:18:11 Create  /home/advocate/Advocate/Experiments/Advocate/helper/aplas/output/oocLength/11/advocateResult/file(53)-test(1)-moby17176_test-TestMoby17176
2026/06/05 15:18:11 Execute Test
2026/06/05 15:18:12 Text executed
2026/06/05 15:18:12 Run the analyzer for /home/advocate/Advocate/Experiments/Advocate/helper/aplas/output/oocLength/11/blocking/moby/17176/advocateTrace
2026/06/05 15:18:12 Read trace with 6 elements in 2 routines
2026/06/05 15:18:12 Start Analysis
2026/06/05 15:18:12 Finished HB analysis
2026/06/05 15:18:12 Analysis finished
2026/06/05 15:18:12 Start rewrite
2026/06/05 15:18:12 Finished Rewrite
2026/06/05 15:18:12 Number Results:  4
2026/06/05 15:18:12 Successfully rewrites:  0
2026/06/05 15:18:12 No need/not possible to rewrite:  4
2026/06/05 15:18:12 Failed rewrites:  0
2026/06/05 15:18:12 Start guided execution
2026/06/05 15:18:12 Found 0 rewritten traces
2026/06/05 15:18:12 Create bug reports
2026/06/05 15:18:12 [31mline number out of range[0m
2026/06/05 15:18:12 [31mline number out of range[0m
2026/06/05 15:18:12 [31mline number out of range[0m
2026/06/05 15:18:12 [31mline number out of range[0m
2026/06/05 15:18:12 [31mline number out of range[0m
2026/06/05 15:18:12 [32mFound Actual Non-Cyclic Blocking Bug.[0m
2026/06/05 15:18:12 Create statistics
2026/06/05 15:18:12 Finished run for TestMoby17176
2026/06/05 15:18:12 Parse recorded trace for fuzzing information
2026/06/05 15:18:12 Create mutations
2026/06/05 15:18:12 Create GoPie mutations
2026/06/05 15:18:12 Mutate 0 scheduling chains
2026/06/05 15:18:12 Write 0 mutations to file
2026/06/05 15:18:12 Create statistics
2026/06/05 15:18:12 Current fuzzing queue size: 0
2026/06/05 15:18:12 Remaining fuzzing time: 9:58 min
2026/06/05 15:18:12 Finish fuzzing after 1 runs
2026/06/05 15:18:12 Processing file: /home/advocate/Advocate/Experiments/Advocate/helper/aplas/output/oocLength/11/blocking/moby/21233/moby21233_test.go
2026/06/05 15:18:12 Fuzzing Run:  1
2026/06/05 15:18:12 Create  /home/advocate/Advocate/Experiments/Advocate/helper/aplas/output/oocLength/11/advocateResult/file(54)-test(1)-moby21233_test-TestMoby21233
2026/06/05 15:18:12 Execute Test
2026/06/05 15:18:13 Text executed
2026/06/05 15:18:13 Run the analyzer for /home/advocate/Advocate/Experiments/Advocate/helper/aplas/output/oocLength/11/blocking/moby/21233/advocateTrace
2026/06/05 15:18:13 Read trace with 53 elements in 6 routines
2026/06/05 15:18:13 Start Analysis
2026/06/05 15:18:13 Finished HB analysis
2026/06/05 15:18:14 Analysis finished
2026/06/05 15:18:14 Start rewrite
2026/06/05 15:18:14 Finished Rewrite
2026/06/05 15:18:14 Number Results:  4
2026/06/05 15:18:14 Successfully rewrites:  0
2026/06/05 15:18:14 No need/not possible to rewrite:  4
2026/06/05 15:18:14 Failed rewrites:  0
2026/06/05 15:18:14 Start guided execution
2026/06/05 15:18:14 Found 0 rewritten traces
2026/06/05 15:18:14 Create bug reports
2026/06/05 15:18:14 [31mline number out of range[0m
2026/06/05 15:18:14 [31mline number out of range[0m
2026/06/05 15:18:14 [31mline number out of range[0m
2026/06/05 15:18:14 [31mline number out of range[0m
2026/06/05 15:18:14 [31mline number out of range[0m
2026/06/05 15:18:14 [32mFound Actual Non-Cyclic Blocking Bug.[0m
2026/06/05 15:18:14 [32mFound Block on select.[0m
2026/06/05 15:18:14 Create statistics
2026/06/05 15:18:14 Finished run for TestMoby21233
2026/06/05 15:18:14 Parse recorded trace for fuzzing information
2026/06/05 15:18:14 Create mutations
2026/06/05 15:18:14 Create GoPie mutations
2026/06/05 15:18:14 Mutate 24 scheduling chains
2026/06/05 15:18:14 Write 0 mutations to file
2026/06/05 15:18:14 Create statistics
2026/06/05 15:18:14 Current fuzzing queue size: 0
2026/06/05 15:18:14 Remaining fuzzing time: 9:58 min
2026/06/05 15:18:14 Finish fuzzing after 1 runs
2026/06/05 15:18:14 Processing file: /home/advocate/Advocate/Experiments/Advocate/helper/aplas/output/oocLength/11/blocking/moby/25384/moby25384_test.go
2026/06/05 15:18:14 Fuzzing Run:  1
2026/06/05 15:18:14 Create  /home/advocate/Advocate/Experiments/Advocate/helper/aplas/output/oocLength/11/advocateResult/file(55)-test(1)-moby25384_test-TestMoby25384
2026/06/05 15:18:14 Execute Test
2026/06/05 15:18:15 Text executed
2026/06/05 15:18:15 Run the analyzer for /home/advocate/Advocate/Experiments/Advocate/helper/aplas/output/oocLength/11/blocking/moby/25384/advocateTrace
2026/06/05 15:18:15 Read trace with 7 elements in 3 routines
2026/06/05 15:18:15 Start Analysis
2026/06/05 15:18:15 Finished HB analysis
2026/06/05 15:18:15 Analysis finished
2026/06/05 15:18:15 Start rewrite
2026/06/05 15:18:15 Finished Rewrite
2026/06/05 15:18:15 Number Results:  4
2026/06/05 15:18:15 Successfully rewrites:  0
2026/06/05 15:18:15 No need/not possible to rewrite:  4
2026/06/05 15:18:15 Failed rewrites:  0
2026/06/05 15:18:15 Start guided execution
2026/06/05 15:18:15 Found 0 rewritten traces
2026/06/05 15:18:15 Create bug reports
2026/06/05 15:18:15 [31mline number out of range[0m
2026/06/05 15:18:15 [31mline number out of range[0m
2026/06/05 15:18:15 [31mline number out of range[0m
2026/06/05 15:18:15 [31mline number out of range[0m
2026/06/05 15:18:15 [31mline number out of range[0m
2026/06/05 15:18:15 [32mFound Actual Non-Cyclic Blocking Bug.[0m
2026/06/05 15:18:15 [32mFound Block on select.[0m
2026/06/05 15:18:15 Create statistics
2026/06/05 15:18:15 Finished run for TestMoby25384
2026/06/05 15:18:15 Parse recorded trace for fuzzing information
2026/06/05 15:18:15 Create mutations
2026/06/05 15:18:15 Create GoPie mutations
2026/06/05 15:18:15 Mutate 24 scheduling chains
2026/06/05 15:18:15 Write 0 mutations to file
2026/06/05 15:18:15 Create statistics
2026/06/05 15:18:15 Current fuzzing queue size: 0
2026/06/05 15:18:15 Remaining fuzzing time: 9:58 min
2026/06/05 15:18:15 Finish fuzzing after 1 runs
2026/06/05 15:18:15 Processing file: /home/advocate/Advocate/Experiments/Advocate/helper/aplas/output/oocLength/11/blocking/moby/27782/moby27782_test.go
2026/06/05 15:18:15 Fuzzing Run:  1
2026/06/05 15:18:15 Create  /home/advocate/Advocate/Experiments/Advocate/helper/aplas/output/oocLength/11/advocateResult/file(56)-test(1)-moby27782_test-TestMoby27782
2026/06/05 15:18:15 Execute Test
2026/06/05 15:18:16 Text executed
2026/06/05 15:18:16 Run the analyzer for /home/advocate/Advocate/Experiments/Advocate/helper/aplas/output/oocLength/11/blocking/moby/27782/advocateTrace
2026/06/05 15:18:16 Read trace with 18 elements in 5 routines
2026/06/05 15:18:16 Start Analysis
2026/06/05 15:18:16 Finished HB analysis
2026/06/05 15:18:16 Analysis finished
2026/06/05 15:18:16 Start rewrite
2026/06/05 15:18:16 Finished Rewrite
2026/06/05 15:18:16 Number Results:  4
2026/06/05 15:18:16 Successfully rewrites:  0
2026/06/05 15:18:16 No need/not possible to rewrite:  4
2026/06/05 15:18:16 Failed rewrites:  0
2026/06/05 15:18:16 Start guided execution
2026/06/05 15:18:16 Found 0 rewritten traces
2026/06/05 15:18:16 Create bug reports
2026/06/05 15:18:16 [31mline number out of range[0m
2026/06/05 15:18:16 [31mline number out of range[0m
2026/06/05 15:18:16 [31mline number out of range[0m
2026/06/05 15:18:16 [31mline number out of range[0m
2026/06/05 15:18:16 [31mline number out of range[0m
2026/06/05 15:18:16 [32mFound Actual Non-Cyclic Blocking Bug.[0m
2026/06/05 15:18:16 Create statistics
2026/06/05 15:18:16 Finished run for TestMoby27782
2026/06/05 15:18:16 Parse recorded trace for fuzzing information
2026/06/05 15:18:16 Create mutations
2026/06/05 15:18:16 Create GoPie mutations
2026/06/05 15:18:16 Mutate 0 scheduling chains
2026/06/05 15:18:16 Write 1 special mutation to file
2026/06/05 15:18:16 Write 0 mutations to file
2026/06/05 15:18:16 Create statistics
2026/06/05 15:18:16 Current fuzzing queue size: 0
2026/06/05 15:18:16 Remaining fuzzing time: 9:58 min
2026/06/05 15:18:16 Finish fuzzing after 1 runs
2026/06/05 15:18:16 Processing file: /home/advocate/Advocate/Experiments/Advocate/helper/aplas/output/oocLength/11/blocking/moby/28462/moby28462_test.go
2026/06/05 15:18:16 Fuzzing Run:  1
2026/06/05 15:18:16 Create  /home/advocate/Advocate/Experiments/Advocate/helper/aplas/output/oocLength/11/advocateResult/file(57)-test(1)-moby28462_test-TestMoby28462
2026/06/05 15:18:16 Execute Test
2026/06/05 15:18:17 Text executed
2026/06/05 15:18:17 Run the analyzer for /home/advocate/Advocate/Experiments/Advocate/helper/aplas/output/oocLength/11/blocking/moby/28462/advocateTrace
2026/06/05 15:18:17 Read trace with 10 elements in 3 routines
2026/06/05 15:18:17 Start Analysis
2026/06/05 15:18:17 Finished HB analysis
2026/06/05 15:18:17 Analysis finished
2026/06/05 15:18:17 Start rewrite
2026/06/05 15:18:17 Finished Rewrite
2026/06/05 15:18:17 Number Results:  4
2026/06/05 15:18:17 Successfully rewrites:  0
2026/06/05 15:18:17 No need/not possible to rewrite:  4
2026/06/05 15:18:17 Failed rewrites:  0
2026/06/05 15:18:17 Start guided execution
2026/06/05 15:18:17 Found 0 rewritten traces
2026/06/05 15:18:17 Create bug reports
2026/06/05 15:18:17 [31mline number out of range[0m
2026/06/05 15:18:17 [31mline number out of range[0m
2026/06/05 15:18:17 [31mline number out of range[0m
2026/06/05 15:18:17 [31mline number out of range[0m
2026/06/05 15:18:17 [31mline number out of range[0m
2026/06/05 15:18:17 Create statistics
2026/06/05 15:18:17 Finished run for TestMoby28462
2026/06/05 15:18:17 Parse recorded trace for fuzzing information
2026/06/05 15:18:17 Create mutations
2026/06/05 15:18:17 Create GoPie mutations
2026/06/05 15:18:17 Mutate 0 scheduling chains
2026/06/05 15:18:17 Write 0 mutations to file
2026/06/05 15:18:17 Create statistics
2026/06/05 15:18:17 Current fuzzing queue size: 0
2026/06/05 15:18:17 Remaining fuzzing time: 9:58 min
2026/06/05 15:18:17 Finish fuzzing after 1 runs
2026/06/05 15:18:17 Processing file: /home/advocate/Advocate/Experiments/Advocate/helper/aplas/output/oocLength/11/blocking/moby/29733/moby29733_test.go
2026/06/05 15:18:17 Fuzzing Run:  1
2026/06/05 15:18:17 Create  /home/advocate/Advocate/Experiments/Advocate/helper/aplas/output/oocLength/11/advocateResult/file(58)-test(1)-moby29733_test-TestMoby29733
2026/06/05 15:18:17 Execute Test
2026/06/05 15:22:18 Text executed
2026/06/05 15:22:18 Run the analyzer for /home/advocate/Advocate/Experiments/Advocate/helper/aplas/output/oocLength/11/blocking/moby/29733/advocateTrace
2026/06/05 15:22:18 Read trace with 5 elements in 2 routines
2026/06/05 15:22:18 Start Analysis
2026/06/05 15:22:18 Finished HB analysis
2026/06/05 15:22:18 Analysis finished
2026/06/05 15:22:18 Start rewrite
2026/06/05 15:22:18 Finished Rewrite
2026/06/05 15:22:18 Number Results:  5
2026/06/05 15:22:18 Successfully rewrites:  0
2026/06/05 15:22:18 No need/not possible to rewrite:  5
2026/06/05 15:22:18 Failed rewrites:  0
2026/06/05 15:22:18 Start guided execution
2026/06/05 15:22:18 Found 0 rewritten traces
2026/06/05 15:22:18 Create bug reports
2026/06/05 15:22:18 [31mline number out of range[0m
2026/06/05 15:22:18 [31mline number out of range[0m
2026/06/05 15:22:18 [31mline number out of range[0m
2026/06/05 15:22:18 [31mline number out of range[0m
2026/06/05 15:22:18 [31mline number out of range[0m
2026/06/05 15:22:18 [32mFound Actual Non-Cyclic Blocking Bug.[0m
2026/06/05 15:22:18 Create statistics
2026/06/05 15:22:18 Finished run for TestMoby29733
2026/06/05 15:22:18 Parse recorded trace for fuzzing information
2026/06/05 15:22:18 Create mutations
2026/06/05 15:22:18 Create GoPie mutations
2026/06/05 15:22:18 Mutate 0 scheduling chains
2026/06/05 15:22:18 Write 0 mutations to file
2026/06/05 15:22:18 Create statistics
2026/06/05 15:22:18 Current fuzzing queue size: 0
2026/06/05 15:22:18 Remaining fuzzing time: 5:58 min
2026/06/05 15:22:18 Finish fuzzing after 1 runs
2026/06/05 15:22:18 Processing file: /home/advocate/Advocate/Experiments/Advocate/helper/aplas/output/oocLength/11/blocking/moby/30408/moby30408_test.go
2026/06/05 15:22:18 Fuzzing Run:  1
2026/06/05 15:22:18 Create  /home/advocate/Advocate/Experiments/Advocate/helper/aplas/output/oocLength/11/advocateResult/file(59)-test(1)-moby30408_test-TestMoby30408
2026/06/05 15:22:18 Execute Test
2026/06/05 15:26:20 Text executed
2026/06/05 15:26:20 Run the analyzer for /home/advocate/Advocate/Experiments/Advocate/helper/aplas/output/oocLength/11/blocking/moby/30408/advocateTrace
2026/06/05 15:26:20 Read trace with 5 elements in 2 routines
2026/06/05 15:26:20 Start Analysis
2026/06/05 15:26:20 Finished HB analysis
2026/06/05 15:26:20 Analysis finished
2026/06/05 15:26:20 Start rewrite
2026/06/05 15:26:20 Finished Rewrite
2026/06/05 15:26:20 Number Results:  5
2026/06/05 15:26:20 Successfully rewrites:  0
2026/06/05 15:26:20 No need/not possible to rewrite:  5
2026/06/05 15:26:20 Failed rewrites:  0
2026/06/05 15:26:20 Start guided execution
2026/06/05 15:26:20 Found 0 rewritten traces
2026/06/05 15:26:20 Create bug reports
2026/06/05 15:26:20 [31mline number out of range[0m
2026/06/05 15:26:20 [31mline number out of range[0m
2026/06/05 15:26:20 [31mline number out of range[0m
2026/06/05 15:26:20 [31mline number out of range[0m
2026/06/05 15:26:20 [31mline number out of range[0m
2026/06/05 15:26:20 [32mFound Actual Non-Cyclic Blocking Bug.[0m
2026/06/05 15:26:20 Create statistics
2026/06/05 15:26:20 Finished run for TestMoby30408
2026/06/05 15:26:20 Parse recorded trace for fuzzing information
2026/06/05 15:26:20 Create mutations
2026/06/05 15:26:20 Create GoPie mutations
2026/06/05 15:26:20 Mutate 0 scheduling chains
2026/06/05 15:26:20 Write 0 mutations to file
2026/06/05 15:26:20 Create statistics
2026/06/05 15:26:20 Current fuzzing queue size: 0
2026/06/05 15:26:20 Remaining fuzzing time: 5:58 min
2026/06/05 15:26:20 Finish fuzzing after 1 runs
2026/06/05 15:26:20 Processing file: /home/advocate/Advocate/Experiments/Advocate/helper/aplas/output/oocLength/11/blocking/moby/33293/moby33293_test.go
2026/06/05 15:26:20 Fuzzing Run:  1
2026/06/05 15:26:20 Create  /home/advocate/Advocate/Experiments/Advocate/helper/aplas/output/oocLength/11/advocateResult/file(60)-test(1)-moby33293_test-TestMoby33293
2026/06/05 15:26:20 Execute Test
2026/06/05 15:26:21 Text executed
2026/06/05 15:26:21 Run the analyzer for /home/advocate/Advocate/Experiments/Advocate/helper/aplas/output/oocLength/11/blocking/moby/33293/advocateTrace
2026/06/05 15:26:21 Read trace with 4 elements in 2 routines
2026/06/05 15:26:21 Start Analysis
2026/06/05 15:26:21 Finished HB analysis
2026/06/05 15:26:21 Analysis finished
2026/06/05 15:26:21 Start rewrite
2026/06/05 15:26:21 Finished Rewrite
2026/06/05 15:26:21 Number Results:  4
2026/06/05 15:26:21 Successfully rewrites:  0
2026/06/05 15:26:21 No need/not possible to rewrite:  4
2026/06/05 15:26:21 Failed rewrites:  0
2026/06/05 15:26:21 Start guided execution
2026/06/05 15:26:21 Found 0 rewritten traces
2026/06/05 15:26:21 Create bug reports
2026/06/05 15:26:21 [31mline number out of range[0m
2026/06/05 15:26:21 [31mline number out of range[0m
2026/06/05 15:26:21 [31mline number out of range[0m
2026/06/05 15:26:21 [31mline number out of range[0m
2026/06/05 15:26:21 [31mline number out of range[0m
2026/06/05 15:26:21 [32mFound Actual Non-Cyclic Blocking Bug.[0m
2026/06/05 15:26:21 Create statistics
2026/06/05 15:26:21 Finished run for TestMoby33293
2026/06/05 15:26:21 Parse recorded trace for fuzzing information
2026/06/05 15:26:21 Create mutations
2026/06/05 15:26:21 Create GoPie mutations
2026/06/05 15:26:21 Mutate 0 scheduling chains
2026/06/05 15:26:21 Write 0 mutations to file
2026/06/05 15:26:21 Create statistics
2026/06/05 15:26:21 Current fuzzing queue size: 0
2026/06/05 15:26:21 Remaining fuzzing time: 9:58 min
2026/06/05 15:26:21 Finish fuzzing after 1 runs
2026/06/05 15:26:21 Processing file: /home/advocate/Advocate/Experiments/Advocate/helper/aplas/output/oocLength/11/blocking/moby/33781/moby33781_test.go
2026/06/05 15:26:21 Fuzzing Run:  1
2026/06/05 15:26:21 Create  /home/advocate/Advocate/Experiments/Advocate/helper/aplas/output/oocLength/11/advocateResult/file(61)-test(1)-moby33781_test-TestMoby33781
2026/06/05 15:26:21 Execute Test
2026/06/05 15:26:22 Text executed
2026/06/05 15:26:22 Run the analyzer for /home/advocate/Advocate/Experiments/Advocate/helper/aplas/output/oocLength/11/blocking/moby/33781/advocateTrace
2026/06/05 15:26:22 Read trace with 20 elements in 4 routines
2026/06/05 15:26:22 Start Analysis
2026/06/05 15:26:22 Finished HB analysis
2026/06/05 15:26:22 Analysis finished
2026/06/05 15:26:22 Start rewrite
2026/06/05 15:26:22 Finished Rewrite
2026/06/05 15:26:22 Number Results:  4
2026/06/05 15:26:22 Successfully rewrites:  0
2026/06/05 15:26:22 No need/not possible to rewrite:  4
2026/06/05 15:26:22 Failed rewrites:  0
2026/06/05 15:26:22 Start guided execution
2026/06/05 15:26:22 Found 0 rewritten traces
2026/06/05 15:26:22 Create bug reports
2026/06/05 15:26:22 [31mline number out of range[0m
2026/06/05 15:26:22 [31mline number out of range[0m
2026/06/05 15:26:22 [31mline number out of range[0m
2026/06/05 15:26:22 [31mline number out of range[0m
2026/06/05 15:26:22 [31mline number out of range[0m
2026/06/05 15:26:22 [32mFound Actual Non-Cyclic Blocking Bug.[0m
2026/06/05 15:26:22 Create statistics
2026/06/05 15:26:22 Finished run for TestMoby33781
2026/06/05 15:26:22 Parse recorded trace for fuzzing information
2026/06/05 15:26:22 Create mutations
2026/06/05 15:26:22 Create GoPie mutations
2026/06/05 15:26:22 Mutate 0 scheduling chains
2026/06/05 15:26:22 Write 0 mutations to file
2026/06/05 15:26:22 Create statistics
2026/06/05 15:26:22 Current fuzzing queue size: 0
2026/06/05 15:26:22 Remaining fuzzing time: 9:58 min
2026/06/05 15:26:22 Finish fuzzing after 1 runs
2026/06/05 15:26:22 Processing file: /home/advocate/Advocate/Experiments/Advocate/helper/aplas/output/oocLength/11/blocking/moby/36114/moby36114_test.go
2026/06/05 15:26:22 Fuzzing Run:  1
2026/06/05 15:26:22 Create  /home/advocate/Advocate/Experiments/Advocate/helper/aplas/output/oocLength/11/advocateResult/file(62)-test(1)-moby36114_test-TestMoby36114
2026/06/05 15:26:22 Execute Test
2026/06/05 15:26:23 Text executed
2026/06/05 15:26:23 Run the analyzer for /home/advocate/Advocate/Experiments/Advocate/helper/aplas/output/oocLength/11/blocking/moby/36114/advocateTrace
2026/06/05 15:26:23 Read trace with 4 elements in 2 routines
2026/06/05 15:26:23 Start Analysis
2026/06/05 15:26:23 Finished HB analysis
2026/06/05 15:26:23 Analysis finished
2026/06/05 15:26:23 Start rewrite
2026/06/05 15:26:23 Finished Rewrite
2026/06/05 15:26:23 Number Results:  4
2026/06/05 15:26:23 Successfully rewrites:  0
2026/06/05 15:26:23 No need/not possible to rewrite:  4
2026/06/05 15:26:23 Failed rewrites:  0
2026/06/05 15:26:23 Start guided execution
2026/06/05 15:26:23 Found 0 rewritten traces
2026/06/05 15:26:23 Create bug reports
2026/06/05 15:26:23 [31mline number out of range[0m
2026/06/05 15:26:23 [31mline number out of range[0m
2026/06/05 15:26:23 [31mline number out of range[0m
2026/06/05 15:26:23 [31mline number out of range[0m
2026/06/05 15:26:23 [31mline number out of range[0m
2026/06/05 15:26:23 [32mFound Actual Non-Cyclic Blocking Bug.[0m
2026/06/05 15:26:23 Create statistics
2026/06/05 15:26:23 Finished run for TestMoby36114
2026/06/05 15:26:23 Parse recorded trace for fuzzing information
2026/06/05 15:26:23 Create mutations
2026/06/05 15:26:23 Create GoPie mutations
2026/06/05 15:26:23 Mutate 0 scheduling chains
2026/06/05 15:26:23 Write 0 mutations to file
2026/06/05 15:26:23 Create statistics
2026/06/05 15:26:23 Current fuzzing queue size: 0
2026/06/05 15:26:23 Remaining fuzzing time: 9:58 min
2026/06/05 15:26:23 Finish fuzzing after 1 runs
2026/06/05 15:26:23 Processing file: /home/advocate/Advocate/Experiments/Advocate/helper/aplas/output/oocLength/11/blocking/moby/4395/moby4395_test.go
2026/06/05 15:26:23 Fuzzing Run:  1
2026/06/05 15:26:23 Create  /home/advocate/Advocate/Experiments/Advocate/helper/aplas/output/oocLength/11/advocateResult/file(63)-test(1)-moby4395_test-TestMoby4395
2026/06/05 15:26:23 Execute Test
2026/06/05 15:26:25 Text executed
2026/06/05 15:26:25 Run the analyzer for /home/advocate/Advocate/Experiments/Advocate/helper/aplas/output/oocLength/11/blocking/moby/4395/advocateTrace
2026/06/05 15:26:25 Read trace with 4 elements in 2 routines
2026/06/05 15:26:25 Start Analysis
2026/06/05 15:26:25 Finished HB analysis
2026/06/05 15:26:25 Analysis finished
2026/06/05 15:26:25 Start rewrite
2026/06/05 15:26:25 Finished Rewrite
2026/06/05 15:26:25 Number Results:  4
2026/06/05 15:26:25 Successfully rewrites:  0
2026/06/05 15:26:25 No need/not possible to rewrite:  4
2026/06/05 15:26:25 Failed rewrites:  0
2026/06/05 15:26:25 Start guided execution
2026/06/05 15:26:25 Found 0 rewritten traces
2026/06/05 15:26:25 Create bug reports
2026/06/05 15:26:25 [31mline number out of range[0m
2026/06/05 15:26:25 [31mline number out of range[0m
2026/06/05 15:26:25 [31mline number out of range[0m
2026/06/05 15:26:25 [31mline number out of range[0m
2026/06/05 15:26:25 [31mline number out of range[0m
2026/06/05 15:26:25 [32mFound Actual Non-Cyclic Blocking Bug.[0m
2026/06/05 15:26:25 Create statistics
2026/06/05 15:26:25 Finished run for TestMoby4395
2026/06/05 15:26:25 Parse recorded trace for fuzzing information
2026/06/05 15:26:25 Create mutations
2026/06/05 15:26:25 Create GoPie mutations
2026/06/05 15:26:25 Mutate 0 scheduling chains
2026/06/05 15:26:25 Write 0 mutations to file
2026/06/05 15:26:25 Create statistics
2026/06/05 15:26:25 Current fuzzing queue size: 0
2026/06/05 15:26:25 Remaining fuzzing time: 9:58 min
2026/06/05 15:26:25 Finish fuzzing after 1 runs
2026/06/05 15:26:25 Processing file: /home/advocate/Advocate/Experiments/Advocate/helper/aplas/output/oocLength/11/blocking/moby/4951/moby4951_test.go
2026/06/05 15:26:25 Fuzzing Run:  1
2026/06/05 15:26:25 Create  /home/advocate/Advocate/Experiments/Advocate/helper/aplas/output/oocLength/11/advocateResult/file(64)-test(1)-moby4951_test-TestMoby4951
2026/06/05 15:26:25 Execute Test
2026/06/05 15:26:26 Text executed
2026/06/05 15:26:26 Run the analyzer for /home/advocate/Advocate/Experiments/Advocate/helper/aplas/output/oocLength/11/blocking/moby/4951/advocateTrace
2026/06/05 15:26:26 Read trace with 17 elements in 3 routines
2026/06/05 15:26:26 Start Analysis
2026/06/05 15:26:26 Finished HB analysis
2026/06/05 15:26:26 Analysis finished
2026/06/05 15:26:26 Start rewrite
2026/06/05 15:26:26 Finished Rewrite
2026/06/05 15:26:26 Number Results:  6
2026/06/05 15:26:26 Successfully rewrites:  0
2026/06/05 15:26:26 No need/not possible to rewrite:  6
2026/06/05 15:26:26 Failed rewrites:  0
2026/06/05 15:26:26 Start guided execution
2026/06/05 15:26:26 Found 0 rewritten traces
2026/06/05 15:26:26 Create bug reports
2026/06/05 15:26:26 [32mFound Possible Cyclic Deadlock.[0m
2026/06/05 15:26:26 [31mline number out of range[0m
2026/06/05 15:26:26 [31mline number out of range[0m
2026/06/05 15:26:26 [31mline number out of range[0m
2026/06/05 15:26:26 [31mline number out of range[0m
2026/06/05 15:26:26 [31mline number out of range[0m
2026/06/05 15:26:26 [32mFound Actual Non-Cyclic Blocking Bug.[0m
2026/06/05 15:26:26 Create statistics
2026/06/05 15:26:26 Finished run for TestMoby4951
2026/06/05 15:26:26 Parse recorded trace for fuzzing information
2026/06/05 15:26:26 Create mutations
2026/06/05 15:26:26 Create GoPie mutations
2026/06/05 15:26:26 Mutate 24 scheduling chains
2026/06/05 15:26:26 Write 0 mutations to file
2026/06/05 15:26:26 Create statistics
2026/06/05 15:26:26 Current fuzzing queue size: 0
2026/06/05 15:26:26 Remaining fuzzing time: 9:58 min
2026/06/05 15:26:26 Finish fuzzing after 1 runs
2026/06/05 15:26:26 Processing file: /home/advocate/Advocate/Experiments/Advocate/helper/aplas/output/oocLength/11/blocking/moby/7559/moby7559_test.go
2026/06/05 15:26:26 Fuzzing Run:  1
2026/06/05 15:26:26 Create  /home/advocate/Advocate/Experiments/Advocate/helper/aplas/output/oocLength/11/advocateResult/file(65)-test(1)-moby7559_test-TestMoby7559
2026/06/05 15:26:26 Execute Test
2026/06/05 15:26:27 Text executed
2026/06/05 15:26:27 Run the analyzer for /home/advocate/Advocate/Experiments/Advocate/helper/aplas/output/oocLength/11/blocking/moby/7559/advocateTrace
2026/06/05 15:26:27 Read trace with 4 elements in 2 routines
2026/06/05 15:26:27 Start Analysis
2026/06/05 15:26:27 Finished HB analysis
2026/06/05 15:26:27 Analysis finished
2026/06/05 15:26:27 Start rewrite
2026/06/05 15:26:27 Finished Rewrite
2026/06/05 15:26:27 Number Results:  4
2026/06/05 15:26:27 Successfully rewrites:  0
2026/06/05 15:26:27 No need/not possible to rewrite:  4
2026/06/05 15:26:27 Failed rewrites:  0
2026/06/05 15:26:27 Start guided execution
2026/06/05 15:26:27 Found 0 rewritten traces
2026/06/05 15:26:27 Create bug reports
2026/06/05 15:26:27 [31mline number out of range[0m
2026/06/05 15:26:27 [31mline number out of range[0m
2026/06/05 15:26:27 [31mline number out of range[0m
2026/06/05 15:26:27 [31mline number out of range[0m
2026/06/05 15:26:27 [31mline number out of range[0m
2026/06/05 15:26:27 [32mFound Actual Non-Cyclic Blocking Bug.[0m
2026/06/05 15:26:27 Create statistics
2026/06/05 15:26:27 Finished run for TestMoby7559
2026/06/05 15:26:27 Parse recorded trace for fuzzing information
2026/06/05 15:26:27 Create mutations
2026/06/05 15:26:27 Create GoPie mutations
2026/06/05 15:26:27 Mutate 0 scheduling chains
2026/06/05 15:26:27 Write 0 mutations to file
2026/06/05 15:26:27 Create statistics
2026/06/05 15:26:27 Current fuzzing queue size: 0
2026/06/05 15:26:27 Remaining fuzzing time: 9:58 min
2026/06/05 15:26:27 Finish fuzzing after 1 runs
2026/06/05 15:26:27 Processing file: /home/advocate/Advocate/Experiments/Advocate/helper/aplas/output/oocLength/11/blocking/serving/2137/serving2137_test.go
2026/06/05 15:26:27 Fuzzing Run:  1
2026/06/05 15:26:27 Create  /home/advocate/Advocate/Experiments/Advocate/helper/aplas/output/oocLength/11/advocateResult/file(66)-test(1)-serving2137_test-TestServing2137
2026/06/05 15:26:27 Execute Test
2026/06/05 15:26:28 Text executed
2026/06/05 15:26:28 Run the analyzer for /home/advocate/Advocate/Experiments/Advocate/helper/aplas/output/oocLength/11/blocking/serving/2137/advocateTrace
2026/06/05 15:26:28 Read trace with 37 elements in 3 routines
2026/06/05 15:26:28 Start Analysis
2026/06/05 15:26:28 Finished HB analysis
2026/06/05 15:26:28 Analysis finished
2026/06/05 15:26:28 Start rewrite
2026/06/05 15:26:28 Finished Rewrite
2026/06/05 15:26:28 Number Results:  4
2026/06/05 15:26:28 Successfully rewrites:  0
2026/06/05 15:26:28 No need/not possible to rewrite:  4
2026/06/05 15:26:28 Failed rewrites:  0
2026/06/05 15:26:28 Start guided execution
2026/06/05 15:26:28 Found 0 rewritten traces
2026/06/05 15:26:28 Create bug reports
2026/06/05 15:26:28 [31mline number out of range[0m
2026/06/05 15:26:28 [31mline number out of range[0m
2026/06/05 15:26:28 [31mline number out of range[0m
2026/06/05 15:26:28 [31mline number out of range[0m
2026/06/05 15:26:28 [31mline number out of range[0m
2026/06/05 15:26:28 [32mFound Actual Non-Cyclic Blocking Bug.[0m
2026/06/05 15:26:28 Create statistics
2026/06/05 15:26:28 Finished run for TestServing2137
2026/06/05 15:26:28 Parse recorded trace for fuzzing information
2026/06/05 15:26:28 Create mutations
2026/06/05 15:26:28 Create GoPie mutations
2026/06/05 15:26:28 Mutate 24 scheduling chains
2026/06/05 15:26:28 Write 0 mutations to file
2026/06/05 15:26:28 Create statistics
2026/06/05 15:26:28 Current fuzzing queue size: 0
2026/06/05 15:26:28 Remaining fuzzing time: 9:58 min
2026/06/05 15:26:28 Finish fuzzing after 1 runs
2026/06/05 15:26:28 Processing file: /home/advocate/Advocate/Experiments/Advocate/helper/aplas/output/oocLength/11/blocking/syncthing/4829/syncthing4829_test.go
2026/06/05 15:26:28 Fuzzing Run:  1
2026/06/05 15:26:28 Create  /home/advocate/Advocate/Experiments/Advocate/helper/aplas/output/oocLength/11/advocateResult/file(67)-test(1)-syncthing4829_test-TestSyncthing4829
2026/06/05 15:26:28 Execute Test
2026/06/05 15:30:30 Text executed
2026/06/05 15:30:30 Run the analyzer for /home/advocate/Advocate/Experiments/Advocate/helper/aplas/output/oocLength/11/blocking/syncthing/4829/advocateTrace
2026/06/05 15:30:30 Read trace with 5 elements in 1 routines
2026/06/05 15:30:30 Start Analysis
2026/06/05 15:30:30 Finished HB analysis
2026/06/05 15:30:30 Analysis finished
2026/06/05 15:30:30 Start rewrite
2026/06/05 15:30:30 Finished Rewrite
2026/06/05 15:30:30 Number Results:  5
2026/06/05 15:30:30 Successfully rewrites:  0
2026/06/05 15:30:30 No need/not possible to rewrite:  5
2026/06/05 15:30:30 Failed rewrites:  0
2026/06/05 15:30:30 Start guided execution
2026/06/05 15:30:30 Found 0 rewritten traces
2026/06/05 15:30:30 Create bug reports
2026/06/05 15:30:30 [31mline number out of range[0m
2026/06/05 15:30:30 [31mline number out of range[0m
2026/06/05 15:30:30 [31mline number out of range[0m
2026/06/05 15:30:30 [31mline number out of range[0m
2026/06/05 15:30:30 [31mline number out of range[0m
2026/06/05 15:30:30 [32mFound Actual Non-Cyclic Blocking Bug.[0m
2026/06/05 15:30:30 Create statistics
2026/06/05 15:30:30 Finished run for TestSyncthing4829
2026/06/05 15:30:30 Parse recorded trace for fuzzing information
2026/06/05 15:30:30 Create mutations
2026/06/05 15:30:30 Create GoPie mutations
2026/06/05 15:30:30 Mutate 0 scheduling chains
2026/06/05 15:30:30 Write 0 mutations to file
2026/06/05 15:30:30 Create statistics
2026/06/05 15:30:30 Current fuzzing queue size: 0
2026/06/05 15:30:30 Remaining fuzzing time: 5:58 min
2026/06/05 15:30:30 Finish fuzzing after 1 runs
2026/06/05 15:30:30 Processing file: /home/advocate/Advocate/Experiments/Advocate/helper/aplas/output/oocLength/11/blocking/syncthing/5795/syncthing5795_test.go
2026/06/05 15:30:30 Fuzzing Run:  1
2026/06/05 15:30:30 Create  /home/advocate/Advocate/Experiments/Advocate/helper/aplas/output/oocLength/11/advocateResult/file(68)-test(1)-syncthing5795_test-TestSyncthing5795
2026/06/05 15:30:30 Execute Test
2026/06/05 15:34:31 Text executed
2026/06/05 15:34:31 Run the analyzer for /home/advocate/Advocate/Experiments/Advocate/helper/aplas/output/oocLength/11/blocking/syncthing/5795/advocateTrace
2026/06/05 15:34:31 Read trace with 13 elements in 3 routines
2026/06/05 15:34:31 Start Analysis
2026/06/05 15:34:31 Finished HB analysis
2026/06/05 15:34:31 Analysis finished
2026/06/05 15:34:31 Start rewrite
2026/06/05 15:34:31 Finished Rewrite
2026/06/05 15:34:31 Number Results:  5
2026/06/05 15:34:31 Successfully rewrites:  0
2026/06/05 15:34:31 No need/not possible to rewrite:  5
2026/06/05 15:34:31 Failed rewrites:  0
2026/06/05 15:34:31 Start guided execution
2026/06/05 15:34:31 Found 0 rewritten traces
2026/06/05 15:34:31 Create bug reports
2026/06/05 15:34:31 [31mline number out of range[0m
2026/06/05 15:34:31 [31mline number out of range[0m
2026/06/05 15:34:31 [31mline number out of range[0m
2026/06/05 15:34:31 [31mline number out of range[0m
2026/06/05 15:34:31 [31mline number out of range[0m
2026/06/05 15:34:31 [32mFound Actual Non-Cyclic Blocking Bug.[0m
2026/06/05 15:34:31 [32mFound Actual Cyclic Deadlock.[0m
2026/06/05 15:34:31 Create statistics
2026/06/05 15:34:31 Finished run for TestSyncthing5795
2026/06/05 15:34:31 Parse recorded trace for fuzzing information
2026/06/05 15:34:31 Create mutations
2026/06/05 15:34:31 Create GoPie mutations
2026/06/05 15:34:31 Mutate 0 scheduling chains
2026/06/05 15:34:31 Write 1 special mutation to file
2026/06/05 15:34:31 Write 0 mutations to file
2026/06/05 15:34:31 Create statistics
2026/06/05 15:34:31 Current fuzzing queue size: 0
2026/06/05 15:34:31 Remaining fuzzing time: 5:58 min
2026/06/05 15:34:31 Finish fuzzing after 1 runs
2026/06/05 15:34:31 Processing file: /home/advocate/Advocate/Experiments/Advocate/helper/aplas/output/oocLength/11/nonblocking/cockroach/35501/cockroach35501_test.go
2026/06/05 15:34:31 Fuzzing Run:  1
2026/06/05 15:34:31 Create  /home/advocate/Advocate/Experiments/Advocate/helper/aplas/output/oocLength/11/advocateResult/file(69)-test(1)-cockroach35501_test-TestCockroach35501
2026/06/05 15:34:31 Execute Test
2026/06/05 15:34:32 Text executed
2026/06/05 15:34:32 Run the analyzer for /home/advocate/Advocate/Experiments/Advocate/helper/aplas/output/oocLength/11/nonblocking/cockroach/35501/advocateTrace
2026/06/05 15:34:32 Read trace with 26 elements in 12 routines
2026/06/05 15:34:32 Start Analysis
2026/06/05 15:34:32 Finished HB analysis
2026/06/05 15:34:32 Analysis finished
2026/06/05 15:34:32 Start rewrite
2026/06/05 15:34:32 Finished Rewrite
2026/06/05 15:34:32 Number Results:  4
2026/06/05 15:34:32 Successfully rewrites:  0
2026/06/05 15:34:32 No need/not possible to rewrite:  4
2026/06/05 15:34:32 Failed rewrites:  0
2026/06/05 15:34:32 Start guided execution
2026/06/05 15:34:32 Found 0 rewritten traces
2026/06/05 15:34:32 Create bug reports
2026/06/05 15:34:32 [31mline number out of range[0m
2026/06/05 15:34:32 [31mline number out of range[0m
2026/06/05 15:34:32 [31mline number out of range[0m
2026/06/05 15:34:32 [31mline number out of range[0m
2026/06/05 15:34:32 [31mline number out of range[0m
2026/06/05 15:34:32 [31mline number out of range[0m
2026/06/05 15:34:32 [32mFound Actual Cyclic Deadlock.[0m
2026/06/05 15:34:32 Create statistics
2026/06/05 15:34:32 Finished run for TestCockroach35501
2026/06/05 15:34:32 Parse recorded trace for fuzzing information
2026/06/05 15:34:32 Create mutations
2026/06/05 15:34:32 Create GoPie mutations
2026/06/05 15:34:32 Mutate 23 scheduling chains
2026/06/05 15:34:32 Write 0 mutations to file
2026/06/05 15:34:32 Create statistics
2026/06/05 15:34:32 Current fuzzing queue size: 0
2026/06/05 15:34:32 Remaining fuzzing time: 9:58 min
2026/06/05 15:34:32 Finish fuzzing after 1 runs
2026/06/05 15:34:32 Processing file: /home/advocate/Advocate/Experiments/Advocate/helper/aplas/output/oocLength/11/nonblocking/cockroach/4407/cockroach4407_test.go
2026/06/05 15:34:32 Fuzzing Run:  1
2026/06/05 15:34:32 Create  /home/advocate/Advocate/Experiments/Advocate/helper/aplas/output/oocLength/11/advocateResult/file(70)-test(1)-cockroach4407_test-TestCockroach4407
2026/06/05 15:34:32 Execute Test
2026/06/05 15:34:33 Text executed
2026/06/05 15:34:33 Run the analyzer for /home/advocate/Advocate/Experiments/Advocate/helper/aplas/output/oocLength/11/nonblocking/cockroach/4407/advocateTrace
2026/06/05 15:34:33 Read trace with 26 elements in 5 routines
2026/06/05 15:34:33 Start Analysis
2026/06/05 15:34:33 Finished HB analysis
2026/06/05 15:34:33 Analysis finished
2026/06/05 15:34:33 Start rewrite
2026/06/05 15:34:33 Finished Rewrite
2026/06/05 15:34:33 Number Results:  4
2026/06/05 15:34:33 Successfully rewrites:  0
2026/06/05 15:34:33 No need/not possible to rewrite:  4
2026/06/05 15:34:33 Failed rewrites:  0
2026/06/05 15:34:33 Start guided execution
2026/06/05 15:34:33 Found 0 rewritten traces
2026/06/05 15:34:33 Create bug reports
2026/06/05 15:34:33 [31mline number out of range[0m
2026/06/05 15:34:33 [31mline number out of range[0m
2026/06/05 15:34:33 [31mline number out of range[0m
2026/06/05 15:34:33 [31mline number out of range[0m
2026/06/05 15:34:33 [31mline number out of range[0m
2026/06/05 15:34:33 [31mline number out of range[0m
2026/06/05 15:34:33 Create statistics
2026/06/05 15:34:33 Finished run for TestCockroach4407
2026/06/05 15:34:33 Parse recorded trace for fuzzing information
2026/06/05 15:34:33 Create mutations
2026/06/05 15:34:33 Create GoPie mutations
2026/06/05 15:34:33 Mutate 24 scheduling chains
2026/06/05 15:34:33 Write 0 mutations to file
2026/06/05 15:34:33 Create statistics
2026/06/05 15:34:33 Current fuzzing queue size: 0
2026/06/05 15:34:33 Remaining fuzzing time: 9:58 min
2026/06/05 15:34:33 Finish fuzzing after 1 runs
2026/06/05 15:34:33 Processing file: /home/advocate/Advocate/Experiments/Advocate/helper/aplas/output/oocLength/11/nonblocking/etcd/3077/etcd3077_test.go
2026/06/05 15:34:33 Fuzzing Run:  1
2026/06/05 15:34:33 Create  /home/advocate/Advocate/Experiments/Advocate/helper/aplas/output/oocLength/11/advocateResult/file(71)-test(1)-etcd3077_test-TestEtcd3077
2026/06/05 15:34:33 Execute Test
2026/06/05 15:34:35 Text executed
2026/06/05 15:34:35 Run the analyzer for /home/advocate/Advocate/Experiments/Advocate/helper/aplas/output/oocLength/11/nonblocking/etcd/3077/advocateTrace
2026/06/05 15:34:35 Read trace with 17 elements in 3 routines
2026/06/05 15:34:35 Start Analysis
2026/06/05 15:34:35 Finished HB analysis
2026/06/05 15:34:35 Analysis finished
2026/06/05 15:34:35 Start rewrite
2026/06/05 15:34:35 Finished Rewrite
2026/06/05 15:34:35 Number Results:  4
2026/06/05 15:34:35 Successfully rewrites:  0
2026/06/05 15:34:35 No need/not possible to rewrite:  4
2026/06/05 15:34:35 Failed rewrites:  0
2026/06/05 15:34:35 Start guided execution
2026/06/05 15:34:35 Found 0 rewritten traces
2026/06/05 15:34:35 Create bug reports
2026/06/05 15:34:35 [31mline number out of range[0m
2026/06/05 15:34:35 [31mline number out of range[0m
2026/06/05 15:34:35 [31mline number out of range[0m
2026/06/05 15:34:35 [31mline number out of range[0m
2026/06/05 15:34:35 [31mline number out of range[0m
2026/06/05 15:34:35 [31mline number out of range[0m
2026/06/05 15:34:35 Create statistics
2026/06/05 15:34:35 Finished run for TestEtcd3077
2026/06/05 15:34:35 Parse recorded trace for fuzzing information
2026/06/05 15:34:35 Create mutations
2026/06/05 15:34:35 Create GoPie mutations
2026/06/05 15:34:35 Mutate 24 scheduling chains
2026/06/05 15:34:35 Write 2 special mutation to file
2026/06/05 15:34:35 Write 0 mutations to file
2026/06/05 15:34:35 Create statistics
2026/06/05 15:34:35 Current fuzzing queue size: 0
2026/06/05 15:34:35 Remaining fuzzing time: 9:58 min
2026/06/05 15:34:35 Finish fuzzing after 1 runs
2026/06/05 15:34:35 Processing file: /home/advocate/Advocate/Experiments/Advocate/helper/aplas/output/oocLength/11/nonblocking/grpc/1687/grpc1687_test.go
2026/06/05 15:34:35 Fuzzing Run:  1
2026/06/05 15:34:35 Create  /home/advocate/Advocate/Experiments/Advocate/helper/aplas/output/oocLength/11/advocateResult/file(72)-test(1)-grpc1687_test-TestGrpc1687
2026/06/05 15:34:35 Execute Test
2026/06/05 15:34:36 Text executed
2026/06/05 15:34:36 Run the analyzer for /home/advocate/Advocate/Experiments/Advocate/helper/aplas/output/oocLength/11/nonblocking/grpc/1687/advocateTrace
2026/06/05 15:34:36 Read trace with 11 elements in 2 routines
2026/06/05 15:34:36 Start Analysis
2026/06/05 15:34:36 Finished HB analysis
2026/06/05 15:34:36 Analysis finished
2026/06/05 15:34:36 Start rewrite
2026/06/05 15:34:36 Finished Rewrite
2026/06/05 15:34:36 Number Results:  6
2026/06/05 15:34:36 Successfully rewrites:  0
2026/06/05 15:34:36 No need/not possible to rewrite:  6
2026/06/05 15:34:36 Failed rewrites:  0
2026/06/05 15:34:36 Start guided execution
2026/06/05 15:34:36 Found 0 rewritten traces
2026/06/05 15:34:36 Create bug reports
2026/06/05 15:34:36 [32mFound Actual Send on Closed Channel.[0m
2026/06/05 15:34:36 [31mline number out of range[0m
2026/06/05 15:34:36 [31mline number out of range[0m
2026/06/05 15:34:36 [31mline number out of range[0m
2026/06/05 15:34:36 [31mline number out of range[0m
2026/06/05 15:34:36 [31mline number out of range[0m
2026/06/05 15:34:36 [31mline number out of range[0m
2026/06/05 15:34:36 Create statistics
2026/06/05 15:34:36 Finished run for TestGrpc1687
2026/06/05 15:34:36 Parse recorded trace for fuzzing information
2026/06/05 15:34:36 Create mutations
2026/06/05 15:34:36 Create GoPie mutations
2026/06/05 15:34:36 Mutate 0 scheduling chains
2026/06/05 15:34:36 Write 0 mutations to file
2026/06/05 15:34:36 Create statistics
2026/06/05 15:34:36 Current fuzzing queue size: 0
2026/06/05 15:34:36 Remaining fuzzing time: 9:58 min
2026/06/05 15:34:36 Finish fuzzing after 1 runs
2026/06/05 15:34:36 Processing file: /home/advocate/Advocate/Experiments/Advocate/helper/aplas/output/oocLength/11/nonblocking/grpc/2371/grpc2371_test.go
2026/06/05 15:34:36 Fuzzing Run:  1
2026/06/05 15:34:36 Create  /home/advocate/Advocate/Experiments/Advocate/helper/aplas/output/oocLength/11/advocateResult/file(73)-test(1)-grpc2371_test-TestGrpc2371
2026/06/05 15:34:36 Execute Test
2026/06/05 15:34:36 Text executed
2026/06/05 15:34:36 Run the analyzer for /home/advocate/Advocate/Experiments/Advocate/helper/aplas/output/oocLength/11/nonblocking/grpc/2371/advocateTrace
2026/06/05 15:34:36 Read trace with 32 elements in 12 routines
2026/06/05 15:34:36 Start Analysis
2026/06/05 15:34:36 Finished HB analysis
2026/06/05 15:34:36 Analysis finished
2026/06/05 15:34:36 Start rewrite
2026/06/05 15:34:36 Finished Rewrite
2026/06/05 15:34:36 Number Results:  5
2026/06/05 15:34:36 Successfully rewrites:  0
2026/06/05 15:34:36 No need/not possible to rewrite:  5
2026/06/05 15:34:36 Failed rewrites:  0
2026/06/05 15:34:36 Start guided execution
2026/06/05 15:34:36 Found 0 rewritten traces
2026/06/05 15:34:36 Create bug reports
2026/06/05 15:34:36 [31mline number out of range[0m
2026/06/05 15:34:36 [31mline number out of range[0m
2026/06/05 15:34:36 [31mline number out of range[0m
2026/06/05 15:34:36 [31mline number out of range[0m
2026/06/05 15:34:36 [31mline number out of range[0m
2026/06/05 15:34:36 [31mline number out of range[0m
2026/06/05 15:34:36 Create statistics
2026/06/05 15:34:36 Finished run for TestGrpc2371
2026/06/05 15:34:36 Parse recorded trace for fuzzing information
2026/06/05 15:34:36 Create mutations
2026/06/05 15:34:36 Create GoPie mutations
2026/06/05 15:34:36 Mutate 0 scheduling chains
2026/06/05 15:34:36 Write 0 mutations to file
2026/06/05 15:34:36 Create statistics
2026/06/05 15:34:36 Current fuzzing queue size: 0
2026/06/05 15:34:36 Remaining fuzzing time: 9:59 min
2026/06/05 15:34:36 Finish fuzzing after 1 runs
2026/06/05 15:34:36 Processing file: /home/advocate/Advocate/Experiments/Advocate/helper/aplas/output/oocLength/11/nonblocking/istio/8967/istio8967_test.go
2026/06/05 15:34:36 Fuzzing Run:  1
2026/06/05 15:34:36 Create  /home/advocate/Advocate/Experiments/Advocate/helper/aplas/output/oocLength/11/advocateResult/file(74)-test(1)-istio8967_test-TestIstio8967
2026/06/05 15:34:36 Execute Test
2026/06/05 15:34:37 Text executed
2026/06/05 15:34:37 Run the analyzer for /home/advocate/Advocate/Experiments/Advocate/helper/aplas/output/oocLength/11/nonblocking/istio/8967/advocateTrace
2026/06/05 15:34:37 Read trace with 9 elements in 3 routines
2026/06/05 15:34:37 Start Analysis
2026/06/05 15:34:37 Finished HB analysis
2026/06/05 15:34:37 Analysis finished
2026/06/05 15:34:37 Start rewrite
2026/06/05 15:34:37 Finished Rewrite
2026/06/05 15:34:37 Number Results:  5
2026/06/05 15:34:37 Successfully rewrites:  0
2026/06/05 15:34:37 No need/not possible to rewrite:  5
2026/06/05 15:34:37 Failed rewrites:  0
2026/06/05 15:34:37 Start guided execution
2026/06/05 15:34:37 Found 0 rewritten traces
2026/06/05 15:34:37 Create bug reports
2026/06/05 15:34:37 [31mline number out of range[0m
2026/06/05 15:34:37 [31mline number out of range[0m
2026/06/05 15:34:37 [31mline number out of range[0m
2026/06/05 15:34:37 [31mline number out of range[0m
2026/06/05 15:34:37 [31mline number out of range[0m
2026/06/05 15:34:37 [31mline number out of range[0m
2026/06/05 15:34:37 Create statistics
2026/06/05 15:34:37 Finished run for TestIstio8967
2026/06/05 15:34:37 Parse recorded trace for fuzzing information
2026/06/05 15:34:37 Create mutations
2026/06/05 15:34:37 Create GoPie mutations
2026/06/05 15:34:37 Mutate 24 scheduling chains
2026/06/05 15:34:37 Write 0 mutations to file
2026/06/05 15:34:37 Create statistics
2026/06/05 15:34:37 Current fuzzing queue size: 0
2026/06/05 15:34:37 Remaining fuzzing time: 9:58 min
2026/06/05 15:34:37 Finish fuzzing after 1 runs
2026/06/05 15:34:37 Processing file: /home/advocate/Advocate/Experiments/Advocate/helper/aplas/output/oocLength/11/nonblocking/kubernetes/13058/kubernetes13058_test.go
2026/06/05 15:34:37 Fuzzing Run:  1
2026/06/05 15:34:37 Create  /home/advocate/Advocate/Experiments/Advocate/helper/aplas/output/oocLength/11/advocateResult/file(75)-test(1)-kubernetes13058_test-TestKubernetes13058
2026/06/05 15:34:37 Execute Test
2026/06/05 15:34:38 Text executed
2026/06/05 15:34:38 Run the analyzer for /home/advocate/Advocate/Experiments/Advocate/helper/aplas/output/oocLength/11/nonblocking/kubernetes/13058/advocateTrace
2026/06/05 15:34:38 Read trace with 25 elements in 5 routines
2026/06/05 15:34:38 Start Analysis
2026/06/05 15:34:38 Finished HB analysis
2026/06/05 15:34:39 Analysis finished
2026/06/05 15:34:39 Start rewrite
2026/06/05 15:34:39 Finished Rewrite
2026/06/05 15:34:39 Number Results:  5
2026/06/05 15:34:39 Successfully rewrites:  0
2026/06/05 15:34:39 No need/not possible to rewrite:  5
2026/06/05 15:34:39 Failed rewrites:  0
2026/06/05 15:34:39 Start guided execution
2026/06/05 15:34:39 Found 0 rewritten traces
2026/06/05 15:34:39 Create bug reports
2026/06/05 15:34:39 [31mline number out of range[0m
2026/06/05 15:34:39 [31mline number out of range[0m
2026/06/05 15:34:39 [31mline number out of range[0m
2026/06/05 15:34:39 [31mline number out of range[0m
2026/06/05 15:34:39 [31mline number out of range[0m
2026/06/05 15:34:39 [31mline number out of range[0m
2026/06/05 15:34:39 Create statistics
2026/06/05 15:34:39 Finished run for TestKubernetes13058
2026/06/05 15:34:39 Parse recorded trace for fuzzing information
2026/06/05 15:34:39 Create mutations
2026/06/05 15:34:39 Create GoPie mutations
2026/06/05 15:34:39 Mutate 24 scheduling chains
2026/06/05 15:34:39 Write 0 mutations to file
2026/06/05 15:34:39 Create statistics
2026/06/05 15:34:39 Current fuzzing queue size: 0
2026/06/05 15:34:39 Remaining fuzzing time: 9:58 min
2026/06/05 15:34:39 Finish fuzzing after 1 runs
2026/06/05 15:34:39 Processing file: /home/advocate/Advocate/Experiments/Advocate/helper/aplas/output/oocLength/11/nonblocking/kubernetes/70892/kubernetes70892_test.go
2026/06/05 15:34:39 Fuzzing Run:  1
2026/06/05 15:34:39 Create  /home/advocate/Advocate/Experiments/Advocate/helper/aplas/output/oocLength/11/advocateResult/file(76)-test(1)-kubernetes70892_test-TestKubernetes70892
2026/06/05 15:34:39 Execute Test
2026/06/05 15:34:40 Text executed
2026/06/05 15:34:40 Run the analyzer for /home/advocate/Advocate/Experiments/Advocate/helper/aplas/output/oocLength/11/nonblocking/kubernetes/70892/advocateTrace
2026/06/05 15:34:40 Read trace with 17 elements in 3 routines
2026/06/05 15:34:40 Start Analysis
2026/06/05 15:34:40 Finished HB analysis
2026/06/05 15:34:40 Analysis finished
2026/06/05 15:34:40 Start rewrite
2026/06/05 15:34:40 Finished Rewrite
2026/06/05 15:34:40 Number Results:  6
2026/06/05 15:34:40 Successfully rewrites:  0
2026/06/05 15:34:40 No need/not possible to rewrite:  6
2026/06/05 15:34:40 Failed rewrites:  0
2026/06/05 15:34:40 Start guided execution
2026/06/05 15:34:40 Found 0 rewritten traces
2026/06/05 15:34:40 Create bug reports
2026/06/05 15:34:40 [32mFound Possible Send on Closed Channel.[0m
2026/06/05 15:34:40 [31mline number out of range[0m
2026/06/05 15:34:40 [31mline number out of range[0m
2026/06/05 15:34:40 [31mline number out of range[0m
2026/06/05 15:34:40 [31mline number out of range[0m
2026/06/05 15:34:40 [31mline number out of range[0m
2026/06/05 15:34:40 [31mline number out of range[0m
2026/06/05 15:34:40 Create statistics
2026/06/05 15:34:40 Finished run for TestKubernetes70892
2026/06/05 15:34:40 Parse recorded trace for fuzzing information
2026/06/05 15:34:40 Create mutations
2026/06/05 15:34:40 Create GoPie mutations
2026/06/05 15:34:40 Mutate 24 scheduling chains
2026/06/05 15:34:40 Write 0 mutations to file
2026/06/05 15:34:40 Create statistics
2026/06/05 15:34:40 Current fuzzing queue size: 0
2026/06/05 15:34:40 Remaining fuzzing time: 9:58 min
2026/06/05 15:34:40 Finish fuzzing after 1 runs
2026/06/05 15:34:40 Processing file: /home/advocate/Advocate/Experiments/Advocate/helper/aplas/output/oocLength/11/nonblocking/moby/18412/moby18412_test.go
2026/06/05 15:34:40 Fuzzing Run:  1
2026/06/05 15:34:40 Create  /home/advocate/Advocate/Experiments/Advocate/helper/aplas/output/oocLength/11/advocateResult/file(77)-test(1)-moby18412_test-TestMoby18412
2026/06/05 15:34:40 Execute Test
2026/06/05 15:34:41 Text executed
2026/06/05 15:34:41 Run the analyzer for /home/advocate/Advocate/Experiments/Advocate/helper/aplas/output/oocLength/11/nonblocking/moby/18412/advocateTrace
2026/06/05 15:34:41 Read trace with 6 elements in 4 routines
2026/06/05 15:34:41 Start Analysis
2026/06/05 15:34:41 Finished HB analysis
2026/06/05 15:34:41 Analysis finished
2026/06/05 15:34:41 Start rewrite
2026/06/05 15:34:41 Finished Rewrite
2026/06/05 15:34:41 Number Results:  5
2026/06/05 15:34:41 Successfully rewrites:  0
2026/06/05 15:34:41 No need/not possible to rewrite:  5
2026/06/05 15:34:41 Failed rewrites:  0
2026/06/05 15:34:41 Start guided execution
2026/06/05 15:34:41 Found 0 rewritten traces
2026/06/05 15:34:41 Create bug reports
2026/06/05 15:34:41 [31mline number out of range[0m
2026/06/05 15:34:41 [31mline number out of range[0m
2026/06/05 15:34:41 [31mline number out of range[0m
2026/06/05 15:34:41 [31mline number out of range[0m
2026/06/05 15:34:41 [31mline number out of range[0m
2026/06/05 15:34:41 [32mFound Actual Non-Cyclic Blocking Bug.[0m
2026/06/05 15:34:41 [31mline number out of range[0m
2026/06/05 15:34:41 Create statistics
2026/06/05 15:34:41 Finished run for TestMoby18412
2026/06/05 15:34:41 Parse recorded trace for fuzzing information
2026/06/05 15:34:41 Create mutations
2026/06/05 15:34:41 Create GoPie mutations
2026/06/05 15:34:41 Mutate 0 scheduling chains
2026/06/05 15:34:41 Write 0 mutations to file
2026/06/05 15:34:41 Create statistics
2026/06/05 15:34:41 Current fuzzing queue size: 0
2026/06/05 15:34:41 Remaining fuzzing time: 9:58 min
2026/06/05 15:34:41 Finish fuzzing after 1 runs
2026/06/05 15:34:41 Processing file: /home/advocate/Advocate/Experiments/Advocate/helper/aplas/output/oocLength/11/nonblocking/moby/22941/moby22941_test.go
2026/06/05 15:34:41 Fuzzing Run:  1
2026/06/05 15:34:41 Create  /home/advocate/Advocate/Experiments/Advocate/helper/aplas/output/oocLength/11/advocateResult/file(78)-test(1)-moby22941_test-TestMoby22941
2026/06/05 15:34:41 Execute Test
2026/06/05 15:34:42 Text executed
2026/06/05 15:34:42 Run the analyzer for /home/advocate/Advocate/Experiments/Advocate/helper/aplas/output/oocLength/11/nonblocking/moby/22941/advocateTrace
2026/06/05 15:34:42 Read trace with 9 elements in 3 routines
2026/06/05 15:34:42 Start Analysis
2026/06/05 15:34:42 Finished HB analysis
2026/06/05 15:34:42 Analysis finished
2026/06/05 15:34:42 Start rewrite
2026/06/05 15:34:42 Finished Rewrite
2026/06/05 15:34:42 Number Results:  5
2026/06/05 15:34:42 Successfully rewrites:  0
2026/06/05 15:34:42 No need/not possible to rewrite:  5
2026/06/05 15:34:42 Failed rewrites:  0
2026/06/05 15:34:42 Start guided execution
2026/06/05 15:34:42 Found 0 rewritten traces
2026/06/05 15:34:42 Create bug reports
2026/06/05 15:34:42 [31mline number out of range[0m
2026/06/05 15:34:42 [31mline number out of range[0m
2026/06/05 15:34:42 [31mline number out of range[0m
2026/06/05 15:34:42 [31mline number out of range[0m
2026/06/05 15:34:42 [31mline number out of range[0m
2026/06/05 15:34:42 [32mFound Actual Non-Cyclic Blocking Bug.[0m
2026/06/05 15:34:42 [31mline number out of range[0m
2026/06/05 15:34:42 Create statistics
2026/06/05 15:34:42 Finished run for TestMoby22941
2026/06/05 15:34:42 Parse recorded trace for fuzzing information
2026/06/05 15:34:42 Create mutations
2026/06/05 15:34:42 Create GoPie mutations
2026/06/05 15:34:42 Mutate 24 scheduling chains
2026/06/05 15:34:42 Write 0 mutations to file
2026/06/05 15:34:42 Create statistics
2026/06/05 15:34:42 Current fuzzing queue size: 0
2026/06/05 15:34:42 Remaining fuzzing time: 9:58 min
2026/06/05 15:34:42 Finish fuzzing after 1 runs
2026/06/05 15:34:42 Processing file: /home/advocate/Advocate/Experiments/Advocate/helper/aplas/output/oocLength/11/nonblocking/moby/27037/moby27037_test.go
2026/06/05 15:34:42 Fuzzing Run:  1
2026/06/05 15:34:42 Create  /home/advocate/Advocate/Experiments/Advocate/helper/aplas/output/oocLength/11/advocateResult/file(79)-test(1)-moby27037_test-TestMoby27037
2026/06/05 15:34:42 Execute Test
2026/06/05 15:34:43 Text executed
2026/06/05 15:34:43 Run the analyzer for /home/advocate/Advocate/Experiments/Advocate/helper/aplas/output/oocLength/11/nonblocking/moby/27037/advocateTrace
2026/06/05 15:34:43 Read trace with 22 elements in 6 routines
2026/06/05 15:34:43 Start Analysis
2026/06/05 15:34:43 Finished HB analysis
2026/06/05 15:34:43 Analysis finished
2026/06/05 15:34:43 Start rewrite
2026/06/05 15:34:43 Finished Rewrite
2026/06/05 15:34:43 Number Results:  5
2026/06/05 15:34:43 Successfully rewrites:  0
2026/06/05 15:34:43 No need/not possible to rewrite:  5
2026/06/05 15:34:43 Failed rewrites:  0
2026/06/05 15:34:43 Start guided execution
2026/06/05 15:34:43 Found 0 rewritten traces
2026/06/05 15:34:43 Create bug reports
2026/06/05 15:34:43 [31mline number out of range[0m
2026/06/05 15:34:43 [31mline number out of range[0m
2026/06/05 15:34:43 [31mline number out of range[0m
2026/06/05 15:34:43 [31mline number out of range[0m
2026/06/05 15:34:43 [31mline number out of range[0m
2026/06/05 15:34:43 [31mline number out of range[0m
2026/06/05 15:34:43 Create statistics
2026/06/05 15:34:43 Finished run for TestMoby27037
2026/06/05 15:34:43 Parse recorded trace for fuzzing information
2026/06/05 15:34:43 Create mutations
2026/06/05 15:34:43 Create GoPie mutations
2026/06/05 15:34:43 Mutate 24 scheduling chains
2026/06/05 15:34:43 Write 0 mutations to file
2026/06/05 15:34:43 Create statistics
2026/06/05 15:34:43 Current fuzzing queue size: 0
2026/06/05 15:34:43 Remaining fuzzing time: 9:58 min
2026/06/05 15:34:43 Finish fuzzing after 1 runs
2026/06/05 15:34:43 Processing file: /home/advocate/Advocate/Experiments/Advocate/helper/aplas/output/oocLength/11/nonblocking/serving/3068/serving3068_test.go
2026/06/05 15:34:43 Fuzzing Run:  1
2026/06/05 15:34:43 Create  /home/advocate/Advocate/Experiments/Advocate/helper/aplas/output/oocLength/11/advocateResult/file(80)-test(1)-serving3068_test-TestServing3068
2026/06/05 15:34:43 Execute Test
2026/06/05 15:34:45 Text executed
2026/06/05 15:34:45 Run the analyzer for /home/advocate/Advocate/Experiments/Advocate/helper/aplas/output/oocLength/11/nonblocking/serving/3068/advocateTrace
2026/06/05 15:34:45 Read trace with 15 elements in 4 routines
2026/06/05 15:34:45 Start Analysis
2026/06/05 15:34:45 Finished HB analysis
2026/06/05 15:34:45 [31mCould not determine if bug is false positive: Could not find node: /home/advocate/Advocate/Experiments/Advocate/helper/aplas/output/oocLength/11/nonblocking/serving/3068/serving3068_test.go:78[0m
2026/06/05 15:34:45 Analysis finished
2026/06/05 15:34:45 Start rewrite
2026/06/05 15:34:45 Finished Rewrite
2026/06/05 15:34:45 Number Results:  7
2026/06/05 15:34:45 Successfully rewrites:  0
2026/06/05 15:34:45 No need/not possible to rewrite:  7
2026/06/05 15:34:45 Failed rewrites:  0
2026/06/05 15:34:45 Start guided execution
2026/06/05 15:34:45 Found 0 rewritten traces
2026/06/05 15:34:45 Create bug reports
2026/06/05 15:34:45 [32mFound Actual Send on Closed Channel.[0m
2026/06/05 15:34:45 [32mFound Actual Send on Closed Channel.[0m
2026/06/05 15:34:45 [31mline number out of range[0m
2026/06/05 15:34:45 [31mline number out of range[0m
2026/06/05 15:34:45 [31mline number out of range[0m
2026/06/05 15:34:45 [31mline number out of range[0m
2026/06/05 15:34:45 [31mline number out of range[0m
2026/06/05 15:34:45 [31mline number out of range[0m
2026/06/05 15:34:45 [32mFound Leak on Sync.WaitGroup.[0m
2026/06/05 15:34:45 Create statistics
2026/06/05 15:34:45 Finished run for TestServing3068
2026/06/05 15:34:45 Parse recorded trace for fuzzing information
2026/06/05 15:34:45 Create mutations
2026/06/05 15:34:45 Create GoPie mutations
2026/06/05 15:34:45 Mutate 24 scheduling chains
2026/06/05 15:34:45 Write 1 special mutation to file
2026/06/05 15:34:45 Write 0 mutations to file
2026/06/05 15:34:45 Create statistics
2026/06/05 15:34:45 Current fuzzing queue size: 0
2026/06/05 15:34:45 Remaining fuzzing time: 9:58 min
2026/06/05 15:34:45 Finish fuzzing after 1 runs
2026/06/05 15:34:45 Processing file: /home/advocate/Advocate/Experiments/Advocate/helper/aplas/output/oocLength/11/nonblocking/serving/4908/serving4908_test.go
2026/06/05 15:34:45 Fuzzing Run:  1
2026/06/05 15:34:45 Create  /home/advocate/Advocate/Experiments/Advocate/helper/aplas/output/oocLength/11/advocateResult/file(81)-test(1)-serving4908_test-TestServing4908
2026/06/05 15:34:45 Execute Test
2026/06/05 15:34:46 Text executed
2026/06/05 15:34:46 Run the analyzer for /home/advocate/Advocate/Experiments/Advocate/helper/aplas/output/oocLength/11/nonblocking/serving/4908/advocateTrace
2026/06/05 15:34:46 Read trace with 16 elements in 5 routines
2026/06/05 15:34:46 Start Analysis
2026/06/05 15:34:46 Finished HB analysis
2026/06/05 15:34:46 [31mCould not determine if bug is false positive: Could not find node: /home/advocate/Advocate/Experiments/Advocate/helper/aplas/output/oocLength/11/nonblocking/serving/3068/serving3068_test.go:78[0m
2026/06/05 15:34:46 Analysis finished
2026/06/05 15:34:46 Start rewrite
2026/06/05 15:34:46 Finished Rewrite
2026/06/05 15:34:46 Number Results:  5
2026/06/05 15:34:46 Successfully rewrites:  0
2026/06/05 15:34:46 No need/not possible to rewrite:  5
2026/06/05 15:34:46 Failed rewrites:  0
2026/06/05 15:34:46 Start guided execution
2026/06/05 15:34:46 Found 0 rewritten traces
2026/06/05 15:34:46 Create bug reports
2026/06/05 15:34:46 [31mline number out of range[0m
2026/06/05 15:34:46 [31mline number out of range[0m
2026/06/05 15:34:46 [31mline number out of range[0m
2026/06/05 15:34:46 [31mline number out of range[0m
2026/06/05 15:34:46 [31mline number out of range[0m
2026/06/05 15:34:46 [31mline number out of range[0m
2026/06/05 15:34:46 [31mline number out of range[0m
2026/06/05 15:34:46 [32mFound Leak on Sync.WaitGroup.[0m
2026/06/05 15:34:46 Create statistics
2026/06/05 15:34:46 Finished run for TestServing4908
2026/06/05 15:34:46 Parse recorded trace for fuzzing information
2026/06/05 15:34:46 Create mutations
2026/06/05 15:34:46 Create GoPie mutations
2026/06/05 15:34:46 Mutate 24 scheduling chains
2026/06/05 15:34:46 Write 0 mutations to file
2026/06/05 15:34:46 Create statistics
2026/06/05 15:34:46 Current fuzzing queue size: 0
2026/06/05 15:34:46 Remaining fuzzing time: 9:58 min
2026/06/05 15:34:46 Finish fuzzing after 1 runs
2026/06/05 15:34:46 Processing file: /home/advocate/Advocate/Experiments/Advocate/helper/aplas/output/oocLength/11/nonblocking/serving/5865/serving5865_test.go
2026/06/05 15:34:46 Fuzzing Run:  1
2026/06/05 15:34:46 Create  /home/advocate/Advocate/Experiments/Advocate/helper/aplas/output/oocLength/11/advocateResult/file(82)-test(1)-serving5865_test-TestServing5865
2026/06/05 15:34:46 Execute Test
2026/06/05 15:34:47 Text executed
2026/06/05 15:34:47 Run the analyzer for /home/advocate/Advocate/Experiments/Advocate/helper/aplas/output/oocLength/11/nonblocking/serving/5865/advocateTrace
2026/06/05 15:34:47 Read trace with 8 elements in 2 routines
2026/06/05 15:34:47 Start Analysis
2026/06/05 15:34:47 Finished HB analysis
2026/06/05 15:34:47 [31mCould not determine if bug is false positive: Could not find node: /home/advocate/Advocate/Experiments/Advocate/helper/aplas/output/oocLength/11/nonblocking/serving/3068/serving3068_test.go:78[0m
2026/06/05 15:34:47 Analysis finished
2026/06/05 15:34:47 Start rewrite
2026/06/05 15:34:47 Finished Rewrite
2026/06/05 15:34:47 Number Results:  7
2026/06/05 15:34:47 Successfully rewrites:  0
2026/06/05 15:34:47 No need/not possible to rewrite:  7
2026/06/05 15:34:47 Failed rewrites:  0
2026/06/05 15:34:47 Start guided execution
2026/06/05 15:34:47 Found 0 rewritten traces
2026/06/05 15:34:47 Create bug reports
2026/06/05 15:34:47 [32mFound Actual Send on Closed Channel.[0m
2026/06/05 15:34:47 [32mFound Actual Send on Closed Channel.[0m
2026/06/05 15:34:47 [31mline number out of range[0m
2026/06/05 15:34:47 [31mline number out of range[0m
2026/06/05 15:34:47 [31mline number out of range[0m
2026/06/05 15:34:47 [31mline number out of range[0m
2026/06/05 15:34:47 [31mline number out of range[0m
2026/06/05 15:34:47 [31mline number out of range[0m
2026/06/05 15:34:47 [31mline number out of range[0m
2026/06/05 15:34:47 Create statistics
2026/06/05 15:34:47 Finished run for TestServing5865
2026/06/05 15:34:47 Parse recorded trace for fuzzing information
2026/06/05 15:34:47 Create mutations
2026/06/05 15:34:47 Create GoPie mutations
2026/06/05 15:34:47 Mutate 24 scheduling chains
2026/06/05 15:34:47 Write 1 special mutation to file
2026/06/05 15:34:47 Write 0 mutations to file
2026/06/05 15:34:47 Create statistics
2026/06/05 15:34:47 Current fuzzing queue size: 0
2026/06/05 15:34:47 Remaining fuzzing time: 9:58 min
2026/06/05 15:34:47 Finish fuzzing after 1 runs
2026/06/05 15:34:47 Processing file: /home/advocate/Advocate/Experiments/Advocate/helper/aplas/output/oocLength/11/nonblocking/serving/6171/serving6171_test.go
2026/06/05 15:34:47 Fuzzing Run:  1
2026/06/05 15:34:47 Create  /home/advocate/Advocate/Experiments/Advocate/helper/aplas/output/oocLength/11/advocateResult/file(83)-test(1)-serving6171_test-TestServing6171
2026/06/05 15:34:47 Execute Test
2026/06/05 15:34:48 Text executed
2026/06/05 15:34:48 Run the analyzer for /home/advocate/Advocate/Experiments/Advocate/helper/aplas/output/oocLength/11/nonblocking/serving/6171/advocateTrace
2026/06/05 15:34:48 Read trace with 13 elements in 5 routines
2026/06/05 15:34:48 Start Analysis
2026/06/05 15:34:48 Finished HB analysis
2026/06/05 15:34:48 [31mCould not determine if bug is false positive: Could not find node: /home/advocate/Advocate/Experiments/Advocate/helper/aplas/output/oocLength/11/nonblocking/serving/3068/serving3068_test.go:78[0m
2026/06/05 15:34:48 Analysis finished
2026/06/05 15:34:48 Start rewrite
2026/06/05 15:34:48 Finished Rewrite
2026/06/05 15:34:48 Number Results:  5
2026/06/05 15:34:48 Successfully rewrites:  0
2026/06/05 15:34:48 No need/not possible to rewrite:  5
2026/06/05 15:34:48 Failed rewrites:  0
2026/06/05 15:34:48 Start guided execution
2026/06/05 15:34:48 Found 0 rewritten traces
2026/06/05 15:34:48 Create bug reports
2026/06/05 15:34:48 [31mline number out of range[0m
2026/06/05 15:34:48 [31mline number out of range[0m
2026/06/05 15:34:48 [31mline number out of range[0m
2026/06/05 15:34:48 [31mline number out of range[0m
2026/06/05 15:34:48 [31mline number out of range[0m
2026/06/05 15:34:48 [31mline number out of range[0m
2026/06/05 15:34:48 [31mline number out of range[0m
2026/06/05 15:34:48 Create statistics
2026/06/05 15:34:48 Finished run for TestServing6171
2026/06/05 15:34:48 Parse recorded trace for fuzzing information
2026/06/05 15:34:48 Create mutations
2026/06/05 15:34:48 Create GoPie mutations
2026/06/05 15:34:48 Mutate 24 scheduling chains
2026/06/05 15:34:48 Write 0 mutations to file
2026/06/05 15:34:48 Create statistics
2026/06/05 15:34:48 Current fuzzing queue size: 0
2026/06/05 15:34:48 Remaining fuzzing time: 9:58 min
2026/06/05 15:34:48 Finish fuzzing after 1 runs
2026/06/05 15:34:48 Processing file: /home/advocate/Advocate/Experiments/Advocate/helper/aplas/output/oocLength/11/plus/Basic3_test.go
2026/06/05 15:34:48 Fuzzing Run:  1
2026/06/05 15:34:48 Create  /home/advocate/Advocate/Experiments/Advocate/helper/aplas/output/oocLength/11/advocateResult/file(84)-test(1)-Basic3_test-TestBasic3
2026/06/05 15:34:48 Execute Test
2026/06/05 15:34:48 Text executed
2026/06/05 15:34:48 Run the analyzer for /home/advocate/Advocate/Experiments/Advocate/helper/aplas/output/oocLength/11/plus/advocateTrace
2026/06/05 15:34:48 [31mTest run failed and no trace was recorded for: /home/advocate/Advocate/Experiments/Advocate/helper/aplas/output/oocLength/11/plus/Basic3_test.go -> TestBasic3[0m
2026/06/05 15:34:48 Create statistics
2026/06/05 15:34:48 Finished run for TestBasic3
2026/06/05 15:34:48 Parse recorded trace for fuzzing information
2026/06/05 15:34:48 Create mutations
2026/06/05 15:34:48 Create GoPie mutations
2026/06/05 15:34:48 Mutate 0 scheduling chains
2026/06/05 15:34:48 Write 0 mutations to file
2026/06/05 15:34:48 Create statistics
2026/06/05 15:34:48 Current fuzzing queue size: 0
2026/06/05 15:34:48 Remaining fuzzing time: 9:59 min
2026/06/05 15:34:48 Finish fuzzing after 1 runs
2026/06/05 15:34:48 Processing file: /home/advocate/Advocate/Experiments/Advocate/helper/aplas/output/oocLength/11/plus/Basic_lockdep_test.go
2026/06/05 15:34:48 Fuzzing Run:  1
2026/06/05 15:34:48 Create  /home/advocate/Advocate/Experiments/Advocate/helper/aplas/output/oocLength/11/advocateResult/file(85)-test(1)-Basic_lockdep_test-TestBasicLockdep
2026/06/05 15:34:48 Execute Test
2026/06/05 15:34:48 Text executed
2026/06/05 15:34:48 Run the analyzer for /home/advocate/Advocate/Experiments/Advocate/helper/aplas/output/oocLength/11/plus/advocateTrace
2026/06/05 15:34:48 [31mTest run failed and no trace was recorded for: /home/advocate/Advocate/Experiments/Advocate/helper/aplas/output/oocLength/11/plus/Basic_lockdep_test.go -> TestBasicLockdep[0m
2026/06/05 15:34:48 Create statistics
2026/06/05 15:34:48 Finished run for TestBasicLockdep
2026/06/05 15:34:48 Parse recorded trace for fuzzing information
2026/06/05 15:34:48 Create mutations
2026/06/05 15:34:48 Create GoPie mutations
2026/06/05 15:34:48 Mutate 0 scheduling chains
2026/06/05 15:34:48 Write 0 mutations to file
2026/06/05 15:34:48 Create statistics
2026/06/05 15:34:48 Current fuzzing queue size: 0
2026/06/05 15:34:48 Remaining fuzzing time: 9:59 min
2026/06/05 15:34:48 Finish fuzzing after 1 runs
2026/06/05 15:34:48 Processing file: /home/advocate/Advocate/Experiments/Advocate/helper/aplas/output/oocLength/11/plus/Basic_looped2_test.go
2026/06/05 15:34:48 Fuzzing Run:  1
2026/06/05 15:34:48 Create  /home/advocate/Advocate/Experiments/Advocate/helper/aplas/output/oocLength/11/advocateResult/file(86)-test(1)-Basic_looped2_test-TestBasicLooped2
2026/06/05 15:34:48 Execute Test
2026/06/05 15:34:48 Text executed
2026/06/05 15:34:48 Run the analyzer for /home/advocate/Advocate/Experiments/Advocate/helper/aplas/output/oocLength/11/plus/advocateTrace
2026/06/05 15:34:48 [31mTest run failed and no trace was recorded for: /home/advocate/Advocate/Experiments/Advocate/helper/aplas/output/oocLength/11/plus/Basic_looped2_test.go -> TestBasicLooped2[0m
2026/06/05 15:34:48 Create statistics
2026/06/05 15:34:48 Finished run for TestBasicLooped2
2026/06/05 15:34:48 Parse recorded trace for fuzzing information
2026/06/05 15:34:48 Create mutations
2026/06/05 15:34:48 Create GoPie mutations
2026/06/05 15:34:48 Mutate 0 scheduling chains
2026/06/05 15:34:48 Write 0 mutations to file
2026/06/05 15:34:48 Create statistics
2026/06/05 15:34:48 Current fuzzing queue size: 0
2026/06/05 15:34:48 Remaining fuzzing time: 9:59 min
2026/06/05 15:34:48 Finish fuzzing after 1 runs
2026/06/05 15:34:48 Processing file: /home/advocate/Advocate/Experiments/Advocate/helper/aplas/output/oocLength/11/plus/Basic_loopedSynced_test.go
2026/06/05 15:34:48 Fuzzing Run:  1
2026/06/05 15:34:48 Create  /home/advocate/Advocate/Experiments/Advocate/helper/aplas/output/oocLength/11/advocateResult/file(87)-test(1)-Basic_loopedSynced_test-TestBasicLoopedSynced
2026/06/05 15:34:48 Execute Test
2026/06/05 15:34:48 Text executed
2026/06/05 15:34:48 Run the analyzer for /home/advocate/Advocate/Experiments/Advocate/helper/aplas/output/oocLength/11/plus/advocateTrace
2026/06/05 15:34:48 [31mTest run failed and no trace was recorded for: /home/advocate/Advocate/Experiments/Advocate/helper/aplas/output/oocLength/11/plus/Basic_loopedSynced_test.go -> TestBasicLoopedSynced[0m
2026/06/05 15:34:48 Create statistics
2026/06/05 15:34:48 Finished run for TestBasicLoopedSynced
2026/06/05 15:34:48 Parse recorded trace for fuzzing information
2026/06/05 15:34:48 Create mutations
2026/06/05 15:34:48 Create GoPie mutations
2026/06/05 15:34:48 Mutate 0 scheduling chains
2026/06/05 15:34:48 Write 0 mutations to file
2026/06/05 15:34:48 Create statistics
2026/06/05 15:34:48 Current fuzzing queue size: 0
2026/06/05 15:34:48 Remaining fuzzing time: 9:59 min
2026/06/05 15:34:48 Finish fuzzing after 1 runs
2026/06/05 15:34:48 Processing file: /home/advocate/Advocate/Experiments/Advocate/helper/aplas/output/oocLength/11/plus/Basic_looped_forked_test.go
2026/06/05 15:34:48 Fuzzing Run:  1
2026/06/05 15:34:48 Create  /home/advocate/Advocate/Experiments/Advocate/helper/aplas/output/oocLength/11/advocateResult/file(88)-test(1)-Basic_looped_forked_test-TestBasicLoopedForked
2026/06/05 15:34:48 Execute Test
2026/06/05 15:34:48 Text executed
2026/06/05 15:34:48 Run the analyzer for /home/advocate/Advocate/Experiments/Advocate/helper/aplas/output/oocLength/11/plus/advocateTrace
2026/06/05 15:34:48 [31mTest run failed and no trace was recorded for: /home/advocate/Advocate/Experiments/Advocate/helper/aplas/output/oocLength/11/plus/Basic_looped_forked_test.go -> TestBasicLoopedForked[0m
2026/06/05 15:34:48 Create statistics
2026/06/05 15:34:48 Finished run for TestBasicLoopedForked
2026/06/05 15:34:48 Parse recorded trace for fuzzing information
2026/06/05 15:34:48 Create mutations
2026/06/05 15:34:48 Create GoPie mutations
2026/06/05 15:34:48 Mutate 0 scheduling chains
2026/06/05 15:34:48 Write 0 mutations to file
2026/06/05 15:34:48 Create statistics
2026/06/05 15:34:48 Current fuzzing queue size: 0
2026/06/05 15:34:48 Remaining fuzzing time: 9:59 min
2026/06/05 15:34:48 Finish fuzzing after 1 runs
2026/06/05 15:34:48 Processing file: /home/advocate/Advocate/Experiments/Advocate/helper/aplas/output/oocLength/11/plus/Basic_looped_test.go
2026/06/05 15:34:48 Fuzzing Run:  1
2026/06/05 15:34:48 Create  /home/advocate/Advocate/Experiments/Advocate/helper/aplas/output/oocLength/11/advocateResult/file(89)-test(1)-Basic_looped_test-TestBasicLooped
2026/06/05 15:34:48 Execute Test
2026/06/05 15:34:48 Text executed
2026/06/05 15:34:48 Run the analyzer for /home/advocate/Advocate/Experiments/Advocate/helper/aplas/output/oocLength/11/plus/advocateTrace
2026/06/05 15:34:48 [31mTest run failed and no trace was recorded for: /home/advocate/Advocate/Experiments/Advocate/helper/aplas/output/oocLength/11/plus/Basic_looped_test.go -> TestBasicLooped[0m
2026/06/05 15:34:48 Create statistics
2026/06/05 15:34:48 Finished run for TestBasicLooped
2026/06/05 15:34:48 Parse recorded trace for fuzzing information
2026/06/05 15:34:48 Create mutations
2026/06/05 15:34:48 Create GoPie mutations
2026/06/05 15:34:48 Mutate 0 scheduling chains
2026/06/05 15:34:48 Write 0 mutations to file
2026/06/05 15:34:48 Create statistics
2026/06/05 15:34:48 Current fuzzing queue size: 0
2026/06/05 15:34:48 Remaining fuzzing time: 9:59 min
2026/06/05 15:34:48 Finish fuzzing after 1 runs
2026/06/05 15:34:48 Processing file: /home/advocate/Advocate/Experiments/Advocate/helper/aplas/output/oocLength/11/plus/Basic_test.go
2026/06/05 15:34:48 Fuzzing Run:  1
2026/06/05 15:34:48 Create  /home/advocate/Advocate/Experiments/Advocate/helper/aplas/output/oocLength/11/advocateResult/file(90)-test(1)-Basic_test-TestBasic
2026/06/05 15:34:48 Execute Test
2026/06/05 15:34:48 Text executed
2026/06/05 15:34:48 Run the analyzer for /home/advocate/Advocate/Experiments/Advocate/helper/aplas/output/oocLength/11/plus/advocateTrace
2026/06/05 15:34:48 [31mTest run failed and no trace was recorded for: /home/advocate/Advocate/Experiments/Advocate/helper/aplas/output/oocLength/11/plus/Basic_test.go -> TestBasic[0m
2026/06/05 15:34:48 Create statistics
2026/06/05 15:34:48 Finished run for TestBasic
2026/06/05 15:34:48 Parse recorded trace for fuzzing information
2026/06/05 15:34:48 Create mutations
2026/06/05 15:34:48 Create GoPie mutations
2026/06/05 15:34:48 Mutate 0 scheduling chains
2026/06/05 15:34:48 Write 0 mutations to file
2026/06/05 15:34:48 Create statistics
2026/06/05 15:34:48 Current fuzzing queue size: 0
2026/06/05 15:34:48 Remaining fuzzing time: 9:59 min
2026/06/05 15:34:48 Finish fuzzing after 1 runs
2026/06/05 15:34:48 Processing file: /home/advocate/Advocate/Experiments/Advocate/helper/aplas/output/oocLength/11/plus/Guard_test.go
2026/06/05 15:34:48 Fuzzing Run:  1
2026/06/05 15:34:48 Create  /home/advocate/Advocate/Experiments/Advocate/helper/aplas/output/oocLength/11/advocateResult/file(91)-test(1)-Guard_test-TestGuard
2026/06/05 15:34:48 Execute Test
2026/06/05 15:34:48 Text executed
2026/06/05 15:34:48 Run the analyzer for /home/advocate/Advocate/Experiments/Advocate/helper/aplas/output/oocLength/11/plus/advocateTrace
2026/06/05 15:34:48 [31mTest run failed and no trace was recorded for: /home/advocate/Advocate/Experiments/Advocate/helper/aplas/output/oocLength/11/plus/Guard_test.go -> TestGuard[0m
2026/06/05 15:34:48 Create statistics
2026/06/05 15:34:48 Finished run for TestGuard
2026/06/05 15:34:48 Parse recorded trace for fuzzing information
2026/06/05 15:34:48 Create mutations
2026/06/05 15:34:48 Create GoPie mutations
2026/06/05 15:34:48 Mutate 0 scheduling chains
2026/06/05 15:34:48 Write 0 mutations to file
2026/06/05 15:34:48 Create statistics
2026/06/05 15:34:48 Current fuzzing queue size: 0
2026/06/05 15:34:48 Remaining fuzzing time: 9:59 min
2026/06/05 15:34:48 Finish fuzzing after 1 runs
2026/06/05 15:34:48 Processing file: /home/advocate/Advocate/Experiments/Advocate/helper/aplas/output/oocLength/11/plus/InInfeasible_test.go
2026/06/05 15:34:48 Fuzzing Run:  1
2026/06/05 15:34:48 Create  /home/advocate/Advocate/Experiments/Advocate/helper/aplas/output/oocLength/11/advocateResult/file(92)-test(1)-InInfeasible_test-TestInInfeasible
2026/06/05 15:34:48 Execute Test
2026/06/05 15:34:48 Text executed
2026/06/05 15:34:48 Run the analyzer for /home/advocate/Advocate/Experiments/Advocate/helper/aplas/output/oocLength/11/plus/advocateTrace
2026/06/05 15:34:48 [31mTest run failed and no trace was recorded for: /home/advocate/Advocate/Experiments/Advocate/helper/aplas/output/oocLength/11/plus/InInfeasible_test.go -> TestInInfeasible[0m
2026/06/05 15:34:48 Create statistics
2026/06/05 15:34:48 Finished run for TestInInfeasible
2026/06/05 15:34:48 Parse recorded trace for fuzzing information
2026/06/05 15:34:48 Create mutations
2026/06/05 15:34:48 Create GoPie mutations
2026/06/05 15:34:48 Mutate 0 scheduling chains
2026/06/05 15:34:48 Write 0 mutations to file
2026/06/05 15:34:48 Create statistics
2026/06/05 15:34:48 Current fuzzing queue size: 0
2026/06/05 15:34:48 Remaining fuzzing time: 9:59 min
2026/06/05 15:34:48 Finish fuzzing after 1 runs
2026/06/05 15:34:48 Processing file: /home/advocate/Advocate/Experiments/Advocate/helper/aplas/output/oocLength/11/plus/Infeasible_test.go
2026/06/05 15:34:48 Fuzzing Run:  1
2026/06/05 15:34:48 Create  /home/advocate/Advocate/Experiments/Advocate/helper/aplas/output/oocLength/11/advocateResult/file(93)-test(1)-Infeasible_test-TestInfeasible
2026/06/05 15:34:48 Execute Test
2026/06/05 15:34:48 Text executed
2026/06/05 15:34:48 Run the analyzer for /home/advocate/Advocate/Experiments/Advocate/helper/aplas/output/oocLength/11/plus/advocateTrace
2026/06/05 15:34:48 [31mTest run failed and no trace was recorded for: /home/advocate/Advocate/Experiments/Advocate/helper/aplas/output/oocLength/11/plus/Infeasible_test.go -> TestInfeasible[0m
2026/06/05 15:34:48 Create statistics
2026/06/05 15:34:48 Finished run for TestInfeasible
2026/06/05 15:34:48 Parse recorded trace for fuzzing information
2026/06/05 15:34:48 Create mutations
2026/06/05 15:34:48 Create GoPie mutations
2026/06/05 15:34:48 Mutate 0 scheduling chains
2026/06/05 15:34:48 Write 0 mutations to file
2026/06/05 15:34:48 Create statistics
2026/06/05 15:34:48 Current fuzzing queue size: 0
2026/06/05 15:34:48 Remaining fuzzing time: 9:59 min
2026/06/05 15:34:48 Finish fuzzing after 1 runs
2026/06/05 15:34:48 Processing file: /home/advocate/Advocate/Experiments/Advocate/helper/aplas/output/oocLength/11/plus/ReadWrite_base_test.go
2026/06/05 15:34:48 Fuzzing Run:  1
2026/06/05 15:34:48 Create  /home/advocate/Advocate/Experiments/Advocate/helper/aplas/output/oocLength/11/advocateResult/file(94)-test(1)-ReadWrite_base_test-TestReadWriteBase
2026/06/05 15:34:48 Execute Test
2026/06/05 15:34:48 Text executed
2026/06/05 15:34:48 Run the analyzer for /home/advocate/Advocate/Experiments/Advocate/helper/aplas/output/oocLength/11/plus/advocateTrace
2026/06/05 15:34:48 [31mTest run failed and no trace was recorded for: /home/advocate/Advocate/Experiments/Advocate/helper/aplas/output/oocLength/11/plus/ReadWrite_base_test.go -> TestReadWriteBase[0m
2026/06/05 15:34:48 Create statistics
2026/06/05 15:34:48 Finished run for TestReadWriteBase
2026/06/05 15:34:48 Parse recorded trace for fuzzing information
2026/06/05 15:34:48 Create mutations
2026/06/05 15:34:48 Create GoPie mutations
2026/06/05 15:34:48 Mutate 0 scheduling chains
2026/06/05 15:34:48 Write 0 mutations to file
2026/06/05 15:34:48 Create statistics
2026/06/05 15:34:48 Current fuzzing queue size: 0
2026/06/05 15:34:48 Remaining fuzzing time: 9:59 min
2026/06/05 15:34:48 Finish fuzzing after 1 runs
2026/06/05 15:34:48 Processing file: /home/advocate/Advocate/Experiments/Advocate/helper/aplas/output/oocLength/11/plus/ReadWrite_guard_test.go
2026/06/05 15:34:48 Fuzzing Run:  1
2026/06/05 15:34:48 Create  /home/advocate/Advocate/Experiments/Advocate/helper/aplas/output/oocLength/11/advocateResult/file(95)-test(1)-ReadWrite_guard_test-TestReadWriteGuard
2026/06/05 15:34:48 Execute Test
2026/06/05 15:34:48 Text executed
2026/06/05 15:34:48 Run the analyzer for /home/advocate/Advocate/Experiments/Advocate/helper/aplas/output/oocLength/11/plus/advocateTrace
2026/06/05 15:34:48 [31mTest run failed and no trace was recorded for: /home/advocate/Advocate/Experiments/Advocate/helper/aplas/output/oocLength/11/plus/ReadWrite_guard_test.go -> TestReadWriteGuard[0m
2026/06/05 15:34:48 Create statistics
2026/06/05 15:34:48 Finished run for TestReadWriteGuard
2026/06/05 15:34:48 Parse recorded trace for fuzzing information
2026/06/05 15:34:48 Create mutations
2026/06/05 15:34:48 Create GoPie mutations
2026/06/05 15:34:48 Mutate 0 scheduling chains
2026/06/05 15:34:48 Write 0 mutations to file
2026/06/05 15:34:48 Create statistics
2026/06/05 15:34:48 Current fuzzing queue size: 0
2026/06/05 15:34:48 Remaining fuzzing time: 9:59 min
2026/06/05 15:34:48 Finish fuzzing after 1 runs
2026/06/05 15:34:48 Processing file: /home/advocate/Advocate/Experiments/Advocate/helper/aplas/output/oocLength/11/plus/ReadWrite_mixed2_test.go
2026/06/05 15:34:48 Fuzzing Run:  1
2026/06/05 15:34:48 Create  /home/advocate/Advocate/Experiments/Advocate/helper/aplas/output/oocLength/11/advocateResult/file(96)-test(1)-ReadWrite_mixed2_test-TestReadWriteMixed2
2026/06/05 15:34:48 Execute Test
2026/06/05 15:34:48 Text executed
2026/06/05 15:34:48 Run the analyzer for /home/advocate/Advocate/Experiments/Advocate/helper/aplas/output/oocLength/11/plus/advocateTrace
2026/06/05 15:34:48 [31mTest run failed and no trace was recorded for: /home/advocate/Advocate/Experiments/Advocate/helper/aplas/output/oocLength/11/plus/ReadWrite_mixed2_test.go -> TestReadWriteMixed2[0m
2026/06/05 15:34:48 Create statistics
2026/06/05 15:34:48 Finished run for TestReadWriteMixed2
2026/06/05 15:34:48 Parse recorded trace for fuzzing information
2026/06/05 15:34:48 Create mutations
2026/06/05 15:34:48 Create GoPie mutations
2026/06/05 15:34:48 Mutate 0 scheduling chains
2026/06/05 15:34:48 Write 0 mutations to file
2026/06/05 15:34:48 Create statistics
2026/06/05 15:34:48 Current fuzzing queue size: 0
2026/06/05 15:34:48 Remaining fuzzing time: 9:59 min
2026/06/05 15:34:48 Finish fuzzing after 1 runs
2026/06/05 15:34:48 Processing file: /home/advocate/Advocate/Experiments/Advocate/helper/aplas/output/oocLength/11/plus/ReadWrite_mixed_test.go
2026/06/05 15:34:48 Fuzzing Run:  1
2026/06/05 15:34:48 Create  /home/advocate/Advocate/Experiments/Advocate/helper/aplas/output/oocLength/11/advocateResult/file(97)-test(1)-ReadWrite_mixed_test-TestReadWriteMixed
2026/06/05 15:34:48 Execute Test
2026/06/05 15:34:48 Text executed
2026/06/05 15:34:48 Run the analyzer for /home/advocate/Advocate/Experiments/Advocate/helper/aplas/output/oocLength/11/plus/advocateTrace
2026/06/05 15:34:48 [31mTest run failed and no trace was recorded for: /home/advocate/Advocate/Experiments/Advocate/helper/aplas/output/oocLength/11/plus/ReadWrite_mixed_test.go -> TestReadWriteMixed[0m
2026/06/05 15:34:48 Create statistics
2026/06/05 15:34:48 Finished run for TestReadWriteMixed
2026/06/05 15:34:48 Parse recorded trace for fuzzing information
2026/06/05 15:34:48 Create mutations
2026/06/05 15:34:48 Create GoPie mutations
2026/06/05 15:34:48 Mutate 0 scheduling chains
2026/06/05 15:34:48 Write 0 mutations to file
2026/06/05 15:34:48 Create statistics
2026/06/05 15:34:48 Current fuzzing queue size: 0
2026/06/05 15:34:48 Remaining fuzzing time: 9:59 min
2026/06/05 15:34:48 Finish fuzzing after 1 runs
2026/06/05 15:34:48 Processing file: /home/advocate/Advocate/Experiments/Advocate/helper/aplas/output/oocLength/11/plus/ReadWrite_multi_inst2_test.go
2026/06/05 15:34:48 Fuzzing Run:  1
2026/06/05 15:34:49 Create  /home/advocate/Advocate/Experiments/Advocate/helper/aplas/output/oocLength/11/advocateResult/file(98)-test(1)-ReadWrite_multi_inst2_test-TestReadWriteMultiInst2
2026/06/05 15:34:49 Execute Test
2026/06/05 15:34:49 Text executed
2026/06/05 15:34:49 Run the analyzer for /home/advocate/Advocate/Experiments/Advocate/helper/aplas/output/oocLength/11/plus/advocateTrace
2026/06/05 15:34:49 [31mTest run failed and no trace was recorded for: /home/advocate/Advocate/Experiments/Advocate/helper/aplas/output/oocLength/11/plus/ReadWrite_multi_inst2_test.go -> TestReadWriteMultiInst2[0m
2026/06/05 15:34:49 Create statistics
2026/06/05 15:34:49 Finished run for TestReadWriteMultiInst2
2026/06/05 15:34:49 Parse recorded trace for fuzzing information
2026/06/05 15:34:49 Create mutations
2026/06/05 15:34:49 Create GoPie mutations
2026/06/05 15:34:49 Mutate 0 scheduling chains
2026/06/05 15:34:49 Write 0 mutations to file
2026/06/05 15:34:49 Create statistics
2026/06/05 15:34:49 Current fuzzing queue size: 0
2026/06/05 15:34:49 Remaining fuzzing time: 9:59 min
2026/06/05 15:34:49 Finish fuzzing after 1 runs
2026/06/05 15:34:49 Processing file: /home/advocate/Advocate/Experiments/Advocate/helper/aplas/output/oocLength/11/plus/ReadWrite_multi_inst_test.go
2026/06/05 15:34:49 Fuzzing Run:  1
2026/06/05 15:34:49 Create  /home/advocate/Advocate/Experiments/Advocate/helper/aplas/output/oocLength/11/advocateResult/file(99)-test(1)-ReadWrite_multi_inst_test-TestReadWriteMultiInst
2026/06/05 15:34:49 Execute Test
2026/06/05 15:34:49 Text executed
2026/06/05 15:34:49 Run the analyzer for /home/advocate/Advocate/Experiments/Advocate/helper/aplas/output/oocLength/11/plus/advocateTrace
2026/06/05 15:34:49 [31mTest run failed and no trace was recorded for: /home/advocate/Advocate/Experiments/Advocate/helper/aplas/output/oocLength/11/plus/ReadWrite_multi_inst_test.go -> TestReadWriteMultiInst[0m
2026/06/05 15:34:49 Create statistics
2026/06/05 15:34:49 Finished run for TestReadWriteMultiInst
2026/06/05 15:34:49 Parse recorded trace for fuzzing information
2026/06/05 15:34:49 Create mutations
2026/06/05 15:34:49 Create GoPie mutations
2026/06/05 15:34:49 Mutate 0 scheduling chains
2026/06/05 15:34:49 Write 0 mutations to file
2026/06/05 15:34:49 Create statistics
2026/06/05 15:34:49 Current fuzzing queue size: 0
2026/06/05 15:34:49 Remaining fuzzing time: 9:59 min
2026/06/05 15:34:49 Finish fuzzing after 1 runs
2026/06/05 15:34:49 Processing file: /home/advocate/Advocate/Experiments/Advocate/helper/aplas/output/oocLength/11/plus/ReadWrite_readonly_test.go
2026/06/05 15:34:49 Fuzzing Run:  1
2026/06/05 15:34:49 Create  /home/advocate/Advocate/Experiments/Advocate/helper/aplas/output/oocLength/11/advocateResult/file(100)-test(1)-ReadWrite_readonly_test-TestReadWriteReadonly
2026/06/05 15:34:49 Execute Test
2026/06/05 15:34:49 Text executed
2026/06/05 15:34:49 Run the analyzer for /home/advocate/Advocate/Experiments/Advocate/helper/aplas/output/oocLength/11/plus/advocateTrace
2026/06/05 15:34:49 [31mTest run failed and no trace was recorded for: /home/advocate/Advocate/Experiments/Advocate/helper/aplas/output/oocLength/11/plus/ReadWrite_readonly_test.go -> TestReadWriteReadonly[0m
2026/06/05 15:34:49 Create statistics
2026/06/05 15:34:49 Finished run for TestReadWriteReadonly
2026/06/05 15:34:49 Parse recorded trace for fuzzing information
2026/06/05 15:34:49 Create mutations
2026/06/05 15:34:49 Create GoPie mutations
2026/06/05 15:34:49 Mutate 0 scheduling chains
2026/06/05 15:34:49 Write 0 mutations to file
2026/06/05 15:34:49 Create statistics
2026/06/05 15:34:49 Current fuzzing queue size: 0
2026/06/05 15:34:49 Remaining fuzzing time: 9:59 min
2026/06/05 15:34:49 Finish fuzzing after 1 runs
2026/06/05 15:34:49 Processing file: /home/advocate/Advocate/Experiments/Advocate/helper/aplas/output/oocLength/11/plus/ReleaseInOtherRoutine_test.go
2026/06/05 15:34:49 Fuzzing Run:  1
2026/06/05 15:34:49 Create  /home/advocate/Advocate/Experiments/Advocate/helper/aplas/output/oocLength/11/advocateResult/file(101)-test(1)-ReleaseInOtherRoutine_test-TestReleaseInOtherRoutine
2026/06/05 15:34:49 Execute Test
2026/06/05 15:34:49 Text executed
2026/06/05 15:34:49 Run the analyzer for /home/advocate/Advocate/Experiments/Advocate/helper/aplas/output/oocLength/11/plus/advocateTrace
2026/06/05 15:34:49 [31mTest run failed and no trace was recorded for: /home/advocate/Advocate/Experiments/Advocate/helper/aplas/output/oocLength/11/plus/ReleaseInOtherRoutine_test.go -> TestReleaseInOtherRoutine[0m
2026/06/05 15:34:49 Create statistics
2026/06/05 15:34:49 Finished run for TestReleaseInOtherRoutine
2026/06/05 15:34:49 Parse recorded trace for fuzzing information
2026/06/05 15:34:49 Create mutations
2026/06/05 15:34:49 Create GoPie mutations
2026/06/05 15:34:49 Mutate 0 scheduling chains
2026/06/05 15:34:49 Write 0 mutations to file
2026/06/05 15:34:49 Create statistics
2026/06/05 15:34:49 Current fuzzing queue size: 0
2026/06/05 15:34:49 Remaining fuzzing time: 9:59 min
2026/06/05 15:34:49 Finish fuzzing after 1 runs
2026/06/05 15:34:49 Processing file: /home/advocate/Advocate/Experiments/Advocate/helper/aplas/output/oocLength/11/plus/SingeThreadRW_test.go
2026/06/05 15:34:49 Fuzzing Run:  1
2026/06/05 15:34:49 Create  /home/advocate/Advocate/Experiments/Advocate/helper/aplas/output/oocLength/11/advocateResult/file(102)-test(1)-SingeThreadRW_test-TestSingeThreadRW
2026/06/05 15:34:49 Execute Test
2026/06/05 15:34:49 Text executed
2026/06/05 15:34:49 Run the analyzer for /home/advocate/Advocate/Experiments/Advocate/helper/aplas/output/oocLength/11/plus/advocateTrace
2026/06/05 15:34:49 [31mTest run failed and no trace was recorded for: /home/advocate/Advocate/Experiments/Advocate/helper/aplas/output/oocLength/11/plus/SingeThreadRW_test.go -> TestSingeThreadRW[0m
2026/06/05 15:34:49 Create statistics
2026/06/05 15:34:49 Finished run for TestSingeThreadRW
2026/06/05 15:34:49 Parse recorded trace for fuzzing information
2026/06/05 15:34:49 Create mutations
2026/06/05 15:34:49 Create GoPie mutations
2026/06/05 15:34:49 Mutate 0 scheduling chains
2026/06/05 15:34:49 Write 0 mutations to file
2026/06/05 15:34:49 Create statistics
2026/06/05 15:34:49 Current fuzzing queue size: 0
2026/06/05 15:34:49 Remaining fuzzing time: 9:59 min
2026/06/05 15:34:49 Finish fuzzing after 1 runs
2026/06/05 15:34:49 Processing file: /home/advocate/Advocate/Experiments/Advocate/helper/aplas/output/oocLength/11/plus/TryLock_test.go
2026/06/05 15:34:49 Fuzzing Run:  1
2026/06/05 15:34:49 Create  /home/advocate/Advocate/Experiments/Advocate/helper/aplas/output/oocLength/11/advocateResult/file(103)-test(1)-TryLock_test-TestTryLock
2026/06/05 15:34:49 Execute Test
2026/06/05 15:34:49 Text executed
2026/06/05 15:34:49 Run the analyzer for /home/advocate/Advocate/Experiments/Advocate/helper/aplas/output/oocLength/11/plus/advocateTrace
2026/06/05 15:34:49 [31mTest run failed and no trace was recorded for: /home/advocate/Advocate/Experiments/Advocate/helper/aplas/output/oocLength/11/plus/TryLock_test.go -> TestTryLock[0m
2026/06/05 15:34:49 Create statistics
2026/06/05 15:34:49 Finished run for TestTryLock
2026/06/05 15:34:49 Parse recorded trace for fuzzing information
2026/06/05 15:34:49 Create mutations
2026/06/05 15:34:49 Create GoPie mutations
2026/06/05 15:34:49 Mutate 0 scheduling chains
2026/06/05 15:34:49 Write 0 mutations to file
2026/06/05 15:34:49 Create statistics
2026/06/05 15:34:49 Current fuzzing queue size: 0
2026/06/05 15:34:49 Remaining fuzzing time: 9:59 min
2026/06/05 15:34:49 Finish fuzzing after 1 runs
2026/06/05 15:34:49 Processing file: /home/advocate/Advocate/Experiments/Advocate/helper/aplas/output/oocLength/11/plus/TwoCycleMixedDeadlock_test.go
2026/06/05 15:34:49 Fuzzing Run:  1
2026/06/05 15:34:49 Create  /home/advocate/Advocate/Experiments/Advocate/helper/aplas/output/oocLength/11/advocateResult/file(104)-test(1)-TwoCycleMixedDeadlock_test-TestMixedDeadlock_MD2_1B
2026/06/05 15:34:49 Execute Test
2026/06/05 15:34:49 Text executed
2026/06/05 15:34:49 Run the analyzer for /home/advocate/Advocate/Experiments/Advocate/helper/aplas/output/oocLength/11/plus/advocateTrace
2026/06/05 15:34:49 [31mTest run failed and no trace was recorded for: /home/advocate/Advocate/Experiments/Advocate/helper/aplas/output/oocLength/11/plus/TwoCycleMixedDeadlock_test.go -> TestMixedDeadlock_MD2_1B[0m
2026/06/05 15:34:49 Create statistics
2026/06/05 15:34:49 Finished run for TestMixedDeadlock_MD2_1B
2026/06/05 15:34:49 Parse recorded trace for fuzzing information
2026/06/05 15:34:49 Create mutations
2026/06/05 15:34:49 Create GoPie mutations
2026/06/05 15:34:49 Mutate 0 scheduling chains
2026/06/05 15:34:49 Write 0 mutations to file
2026/06/05 15:34:49 Create statistics
2026/06/05 15:34:49 Current fuzzing queue size: 0
2026/06/05 15:34:49 Remaining fuzzing time: 9:59 min
2026/06/05 15:34:49 Finish fuzzing after 1 runs
2026/06/05 15:34:49 Fuzzing Run:  1
2026/06/05 15:34:49 Create  /home/advocate/Advocate/Experiments/Advocate/helper/aplas/output/oocLength/11/advocateResult/file(104)-test(2)-TwoCycleMixedDeadlock_test-TestMixedDeadlock_MD2_2U
2026/06/05 15:34:49 Execute Test
2026/06/05 15:34:49 Text executed
2026/06/05 15:34:49 Run the analyzer for /home/advocate/Advocate/Experiments/Advocate/helper/aplas/output/oocLength/11/plus/advocateTrace
2026/06/05 15:34:49 [31mTest run failed and no trace was recorded for: /home/advocate/Advocate/Experiments/Advocate/helper/aplas/output/oocLength/11/plus/TwoCycleMixedDeadlock_test.go -> TestMixedDeadlock_MD2_2U[0m
2026/06/05 15:34:49 Create statistics
2026/06/05 15:34:49 Finished run for TestMixedDeadlock_MD2_2U
2026/06/05 15:34:49 Parse recorded trace for fuzzing information
2026/06/05 15:34:49 Create mutations
2026/06/05 15:34:49 Create GoPie mutations
2026/06/05 15:34:49 Mutate 0 scheduling chains
2026/06/05 15:34:49 Write 0 mutations to file
2026/06/05 15:34:49 Create statistics
2026/06/05 15:34:49 Current fuzzing queue size: 0
2026/06/05 15:34:49 Remaining fuzzing time: 9:59 min
2026/06/05 15:34:49 Finish fuzzing after 1 runs
2026/06/05 15:34:49 Fuzzing Run:  1
2026/06/05 15:34:49 Create  /home/advocate/Advocate/Experiments/Advocate/helper/aplas/output/oocLength/11/advocateResult/file(104)-test(3)-TwoCycleMixedDeadlock_test-TestMixedDeadlock_MD2_2B
2026/06/05 15:34:49 Execute Test
2026/06/05 15:34:49 Text executed
2026/06/05 15:34:49 Run the analyzer for /home/advocate/Advocate/Experiments/Advocate/helper/aplas/output/oocLength/11/plus/advocateTrace
2026/06/05 15:34:49 [31mTest run failed and no trace was recorded for: /home/advocate/Advocate/Experiments/Advocate/helper/aplas/output/oocLength/11/plus/TwoCycleMixedDeadlock_test.go -> TestMixedDeadlock_MD2_2B[0m
2026/06/05 15:34:49 Create statistics
2026/06/05 15:34:49 Finished run for TestMixedDeadlock_MD2_2B
2026/06/05 15:34:49 Parse recorded trace for fuzzing information
2026/06/05 15:34:49 Create mutations
2026/06/05 15:34:49 Create GoPie mutations
2026/06/05 15:34:49 Mutate 0 scheduling chains
2026/06/05 15:34:49 Write 0 mutations to file
2026/06/05 15:34:49 Create statistics
2026/06/05 15:34:49 Current fuzzing queue size: 0
2026/06/05 15:34:49 Remaining fuzzing time: 9:59 min
2026/06/05 15:34:49 Finish fuzzing after 1 runs
2026/06/05 15:34:49 Fuzzing Run:  1
2026/06/05 15:34:49 Create  /home/advocate/Advocate/Experiments/Advocate/helper/aplas/output/oocLength/11/advocateResult/file(104)-test(4)-TwoCycleMixedDeadlock_test-TestMixedDeadlock_MD2_3U
2026/06/05 15:34:49 Execute Test
2026/06/05 15:34:49 Text executed
2026/06/05 15:34:49 Run the analyzer for /home/advocate/Advocate/Experiments/Advocate/helper/aplas/output/oocLength/11/plus/advocateTrace
2026/06/05 15:34:49 [31mTest run failed and no trace was recorded for: /home/advocate/Advocate/Experiments/Advocate/helper/aplas/output/oocLength/11/plus/TwoCycleMixedDeadlock_test.go -> TestMixedDeadlock_MD2_3U[0m
2026/06/05 15:34:49 Create statistics
2026/06/05 15:34:49 Finished run for TestMixedDeadlock_MD2_3U
2026/06/05 15:34:49 Parse recorded trace for fuzzing information
2026/06/05 15:34:49 Create mutations
2026/06/05 15:34:49 Create GoPie mutations
2026/06/05 15:34:49 Mutate 0 scheduling chains
2026/06/05 15:34:49 Write 0 mutations to file
2026/06/05 15:34:49 Create statistics
2026/06/05 15:34:49 Current fuzzing queue size: 0
2026/06/05 15:34:49 Remaining fuzzing time: 9:59 min
2026/06/05 15:34:49 Finish fuzzing after 1 runs
2026/06/05 15:34:49 Fuzzing Run:  1
2026/06/05 15:34:49 Create  /home/advocate/Advocate/Experiments/Advocate/helper/aplas/output/oocLength/11/advocateResult/file(104)-test(5)-TwoCycleMixedDeadlock_test-TestMixedDeadlock_MD2_3B
2026/06/05 15:34:49 Execute Test
2026/06/05 15:34:49 Text executed
2026/06/05 15:34:49 Run the analyzer for /home/advocate/Advocate/Experiments/Advocate/helper/aplas/output/oocLength/11/plus/advocateTrace
2026/06/05 15:34:49 [31mTest run failed and no trace was recorded for: /home/advocate/Advocate/Experiments/Advocate/helper/aplas/output/oocLength/11/plus/TwoCycleMixedDeadlock_test.go -> TestMixedDeadlock_MD2_3B[0m
2026/06/05 15:34:49 Create statistics
2026/06/05 15:34:49 Finished run for TestMixedDeadlock_MD2_3B
2026/06/05 15:34:49 Parse recorded trace for fuzzing information
2026/06/05 15:34:49 Create mutations
2026/06/05 15:34:49 Create GoPie mutations
2026/06/05 15:34:49 Mutate 0 scheduling chains
2026/06/05 15:34:49 Write 0 mutations to file
2026/06/05 15:34:49 Create statistics
2026/06/05 15:34:49 Current fuzzing queue size: 0
2026/06/05 15:34:49 Remaining fuzzing time: 9:59 min
2026/06/05 15:34:49 Finish fuzzing after 1 runs
2026/06/05 15:34:49 Fuzzing Run:  1
2026/06/05 15:34:49 Create  /home/advocate/Advocate/Experiments/Advocate/helper/aplas/output/oocLength/11/advocateResult/file(104)-test(6)-TwoCycleMixedDeadlock_test-TestMixedDeadlock_MD2_1_CloseB
2026/06/05 15:34:49 Execute Test
2026/06/05 15:34:49 Text executed
2026/06/05 15:34:49 Run the analyzer for /home/advocate/Advocate/Experiments/Advocate/helper/aplas/output/oocLength/11/plus/advocateTrace
2026/06/05 15:34:49 [31mTest run failed and no trace was recorded for: /home/advocate/Advocate/Experiments/Advocate/helper/aplas/output/oocLength/11/plus/TwoCycleMixedDeadlock_test.go -> TestMixedDeadlock_MD2_1_CloseB[0m
2026/06/05 15:34:49 Create statistics
2026/06/05 15:34:49 Finished run for TestMixedDeadlock_MD2_1_CloseB
2026/06/05 15:34:49 Parse recorded trace for fuzzing information
2026/06/05 15:34:49 Create mutations
2026/06/05 15:34:49 Create GoPie mutations
2026/06/05 15:34:49 Mutate 0 scheduling chains
2026/06/05 15:34:49 Write 0 mutations to file
2026/06/05 15:34:49 Create statistics
2026/06/05 15:34:49 Current fuzzing queue size: 0
2026/06/05 15:34:49 Remaining fuzzing time: 9:59 min
2026/06/05 15:34:49 Finish fuzzing after 1 runs
2026/06/05 15:34:49 Fuzzing Run:  1
2026/06/05 15:34:49 Create  /home/advocate/Advocate/Experiments/Advocate/helper/aplas/output/oocLength/11/advocateResult/file(104)-test(7)-TwoCycleMixedDeadlock_test-TestMixedDeadlock_MD_2_2CloseU
2026/06/05 15:34:49 Execute Test
2026/06/05 15:34:49 Text executed
2026/06/05 15:34:49 Run the analyzer for /home/advocate/Advocate/Experiments/Advocate/helper/aplas/output/oocLength/11/plus/advocateTrace
2026/06/05 15:34:49 [31mTest run failed and no trace was recorded for: /home/advocate/Advocate/Experiments/Advocate/helper/aplas/output/oocLength/11/plus/TwoCycleMixedDeadlock_test.go -> TestMixedDeadlock_MD_2_2CloseU[0m
2026/06/05 15:34:49 Create statistics
2026/06/05 15:34:49 Finished run for TestMixedDeadlock_MD_2_2CloseU
2026/06/05 15:34:49 Parse recorded trace for fuzzing information
2026/06/05 15:34:49 Create mutations
2026/06/05 15:34:49 Create GoPie mutations
2026/06/05 15:34:49 Mutate 0 scheduling chains
2026/06/05 15:34:49 Write 0 mutations to file
2026/06/05 15:34:49 Create statistics
2026/06/05 15:34:49 Current fuzzing queue size: 0
2026/06/05 15:34:49 Remaining fuzzing time: 9:59 min
2026/06/05 15:34:49 Finish fuzzing after 1 runs
2026/06/05 15:34:49 Fuzzing Run:  1
2026/06/05 15:34:49 Create  /home/advocate/Advocate/Experiments/Advocate/helper/aplas/output/oocLength/11/advocateResult/file(104)-test(8)-TwoCycleMixedDeadlock_test-TestMixedDeadlock_MD_2_2CloseB
2026/06/05 15:34:49 Execute Test
2026/06/05 15:34:49 Text executed
2026/06/05 15:34:49 Run the analyzer for /home/advocate/Advocate/Experiments/Advocate/helper/aplas/output/oocLength/11/plus/advocateTrace
2026/06/05 15:34:49 [31mTest run failed and no trace was recorded for: /home/advocate/Advocate/Experiments/Advocate/helper/aplas/output/oocLength/11/plus/TwoCycleMixedDeadlock_test.go -> TestMixedDeadlock_MD_2_2CloseB[0m
2026/06/05 15:34:49 Create statistics
2026/06/05 15:34:49 Finished run for TestMixedDeadlock_MD_2_2CloseB
2026/06/05 15:34:49 Parse recorded trace for fuzzing information
2026/06/05 15:34:49 Create mutations
2026/06/05 15:34:49 Create GoPie mutations
2026/06/05 15:34:49 Mutate 0 scheduling chains
2026/06/05 15:34:49 Write 0 mutations to file
2026/06/05 15:34:49 Create statistics
2026/06/05 15:34:49 Current fuzzing queue size: 0
2026/06/05 15:34:49 Remaining fuzzing time: 9:59 min
2026/06/05 15:34:49 Finish fuzzing after 1 runs
2026/06/05 15:34:49 Fuzzing Run:  1
2026/06/05 15:34:49 Create  /home/advocate/Advocate/Experiments/Advocate/helper/aplas/output/oocLength/11/advocateResult/file(104)-test(9)-TwoCycleMixedDeadlock_test-TestMixedDeadlock_MD_2_3CloseU
2026/06/05 15:34:49 Execute Test
2026/06/05 15:34:49 Text executed
2026/06/05 15:34:49 Run the analyzer for /home/advocate/Advocate/Experiments/Advocate/helper/aplas/output/oocLength/11/plus/advocateTrace
2026/06/05 15:34:49 [31mTest run failed and no trace was recorded for: /home/advocate/Advocate/Experiments/Advocate/helper/aplas/output/oocLength/11/plus/TwoCycleMixedDeadlock_test.go -> TestMixedDeadlock_MD_2_3CloseU[0m
2026/06/05 15:34:49 Create statistics
2026/06/05 15:34:49 Finished run for TestMixedDeadlock_MD_2_3CloseU
2026/06/05 15:34:49 Parse recorded trace for fuzzing information
2026/06/05 15:34:49 Create mutations
2026/06/05 15:34:49 Create GoPie mutations
2026/06/05 15:34:49 Mutate 0 scheduling chains
2026/06/05 15:34:49 Write 0 mutations to file
2026/06/05 15:34:49 Create statistics
2026/06/05 15:34:49 Current fuzzing queue size: 0
2026/06/05 15:34:49 Remaining fuzzing time: 9:59 min
2026/06/05 15:34:49 Finish fuzzing after 1 runs
2026/06/05 15:34:49 Fuzzing Run:  1
2026/06/05 15:34:49 Create  /home/advocate/Advocate/Experiments/Advocate/helper/aplas/output/oocLength/11/advocateResult/file(104)-test(10)-TwoCycleMixedDeadlock_test-TestMixedDeadlock_MD_2_3CloseB
2026/06/05 15:34:49 Execute Test
2026/06/05 15:34:49 Text executed
2026/06/05 15:34:49 Run the analyzer for /home/advocate/Advocate/Experiments/Advocate/helper/aplas/output/oocLength/11/plus/advocateTrace
2026/06/05 15:34:49 [31mTest run failed and no trace was recorded for: /home/advocate/Advocate/Experiments/Advocate/helper/aplas/output/oocLength/11/plus/TwoCycleMixedDeadlock_test.go -> TestMixedDeadlock_MD_2_3CloseB[0m
2026/06/05 15:34:49 Create statistics
2026/06/05 15:34:49 Finished run for TestMixedDeadlock_MD_2_3CloseB
2026/06/05 15:34:49 Parse recorded trace for fuzzing information
2026/06/05 15:34:49 Create mutations
2026/06/05 15:34:49 Create GoPie mutations
2026/06/05 15:34:49 Mutate 0 scheduling chains
2026/06/05 15:34:49 Write 0 mutations to file
2026/06/05 15:34:49 Create statistics
2026/06/05 15:34:49 Current fuzzing queue size: 0
2026/06/05 15:34:49 Remaining fuzzing time: 9:59 min
2026/06/05 15:34:49 Finish fuzzing after 1 runs
2026/06/05 15:34:49 Fuzzing Run:  1
2026/06/05 15:34:49 Create  /home/advocate/Advocate/Experiments/Advocate/helper/aplas/output/oocLength/11/advocateResult/file(104)-test(11)-TwoCycleMixedDeadlock_test-TestMixedDeadlock_MD_Read
2026/06/05 15:34:49 Execute Test
2026/06/05 15:34:49 Text executed
2026/06/05 15:34:49 Run the analyzer for /home/advocate/Advocate/Experiments/Advocate/helper/aplas/output/oocLength/11/plus/advocateTrace
2026/06/05 15:34:49 [31mTest run failed and no trace was recorded for: /home/advocate/Advocate/Experiments/Advocate/helper/aplas/output/oocLength/11/plus/TwoCycleMixedDeadlock_test.go -> TestMixedDeadlock_MD_Read[0m
2026/06/05 15:34:49 Create statistics
2026/06/05 15:34:49 Finished run for TestMixedDeadlock_MD_Read
2026/06/05 15:34:49 Parse recorded trace for fuzzing information
2026/06/05 15:34:49 Create mutations
2026/06/05 15:34:49 Create GoPie mutations
2026/06/05 15:34:49 Mutate 0 scheduling chains
2026/06/05 15:34:49 Write 0 mutations to file
2026/06/05 15:34:49 Create statistics
2026/06/05 15:34:49 Current fuzzing queue size: 0
2026/06/05 15:34:49 Remaining fuzzing time: 9:59 min
2026/06/05 15:34:49 Finish fuzzing after 1 runs
2026/06/05 15:34:49 Fuzzing Run:  1
2026/06/05 15:34:49 Create  /home/advocate/Advocate/Experiments/Advocate/helper/aplas/output/oocLength/11/advocateResult/file(104)-test(12)-TwoCycleMixedDeadlock_test-TestMixedDeadlock_MD_2_1B_RW
2026/06/05 15:34:49 Execute Test
2026/06/05 15:34:49 Text executed
2026/06/05 15:34:49 Run the analyzer for /home/advocate/Advocate/Experiments/Advocate/helper/aplas/output/oocLength/11/plus/advocateTrace
2026/06/05 15:34:49 [31mTest run failed and no trace was recorded for: /home/advocate/Advocate/Experiments/Advocate/helper/aplas/output/oocLength/11/plus/TwoCycleMixedDeadlock_test.go -> TestMixedDeadlock_MD_2_1B_RW[0m
2026/06/05 15:34:49 Create statistics
2026/06/05 15:34:49 Finished run for TestMixedDeadlock_MD_2_1B_RW
2026/06/05 15:34:49 Parse recorded trace for fuzzing information
2026/06/05 15:34:49 Create mutations
2026/06/05 15:34:49 Create GoPie mutations
2026/06/05 15:34:49 Mutate 0 scheduling chains
2026/06/05 15:34:49 Write 0 mutations to file
2026/06/05 15:34:49 Create statistics
2026/06/05 15:34:49 Current fuzzing queue size: 0
2026/06/05 15:34:49 Remaining fuzzing time: 9:59 min
2026/06/05 15:34:49 Finish fuzzing after 1 runs
2026/06/05 15:34:49 Fuzzing Run:  1
2026/06/05 15:34:49 Create  /home/advocate/Advocate/Experiments/Advocate/helper/aplas/output/oocLength/11/advocateResult/file(104)-test(13)-TwoCycleMixedDeadlock_test-TestMixedDeadlock_MD_2_2U_RW
2026/06/05 15:34:49 Execute Test
2026/06/05 15:34:49 Text executed
2026/06/05 15:34:49 Run the analyzer for /home/advocate/Advocate/Experiments/Advocate/helper/aplas/output/oocLength/11/plus/advocateTrace
2026/06/05 15:34:49 [31mTest run failed and no trace was recorded for: /home/advocate/Advocate/Experiments/Advocate/helper/aplas/output/oocLength/11/plus/TwoCycleMixedDeadlock_test.go -> TestMixedDeadlock_MD_2_2U_RW[0m
2026/06/05 15:34:49 Create statistics
2026/06/05 15:34:49 Finished run for TestMixedDeadlock_MD_2_2U_RW
2026/06/05 15:34:49 Parse recorded trace for fuzzing information
2026/06/05 15:34:49 Create mutations
2026/06/05 15:34:49 Create GoPie mutations
2026/06/05 15:34:49 Mutate 0 scheduling chains
2026/06/05 15:34:49 Write 0 mutations to file
2026/06/05 15:34:49 Create statistics
2026/06/05 15:34:49 Current fuzzing queue size: 0
2026/06/05 15:34:49 Remaining fuzzing time: 9:59 min
2026/06/05 15:34:49 Finish fuzzing after 1 runs
2026/06/05 15:34:49 Fuzzing Run:  1
2026/06/05 15:34:49 Create  /home/advocate/Advocate/Experiments/Advocate/helper/aplas/output/oocLength/11/advocateResult/file(104)-test(14)-TwoCycleMixedDeadlock_test-TestMixedDeadlock_MD_2_2B_RW
2026/06/05 15:34:49 Execute Test
2026/06/05 15:34:49 Text executed
2026/06/05 15:34:49 Run the analyzer for /home/advocate/Advocate/Experiments/Advocate/helper/aplas/output/oocLength/11/plus/advocateTrace
2026/06/05 15:34:49 [31mTest run failed and no trace was recorded for: /home/advocate/Advocate/Experiments/Advocate/helper/aplas/output/oocLength/11/plus/TwoCycleMixedDeadlock_test.go -> TestMixedDeadlock_MD_2_2B_RW[0m
2026/06/05 15:34:49 Create statistics
2026/06/05 15:34:49 Finished run for TestMixedDeadlock_MD_2_2B_RW
2026/06/05 15:34:49 Parse recorded trace for fuzzing information
2026/06/05 15:34:49 Create mutations
2026/06/05 15:34:49 Create GoPie mutations
2026/06/05 15:34:49 Mutate 0 scheduling chains
2026/06/05 15:34:49 Write 0 mutations to file
2026/06/05 15:34:49 Create statistics
2026/06/05 15:34:49 Current fuzzing queue size: 0
2026/06/05 15:34:49 Remaining fuzzing time: 9:59 min
2026/06/05 15:34:49 Finish fuzzing after 1 runs
2026/06/05 15:34:49 Fuzzing Run:  1
2026/06/05 15:34:49 Create  /home/advocate/Advocate/Experiments/Advocate/helper/aplas/output/oocLength/11/advocateResult/file(104)-test(15)-TwoCycleMixedDeadlock_test-TestMixedDeadlock_MD_2_3_RW
2026/06/05 15:34:49 Execute Test
2026/06/05 15:34:49 Text executed
2026/06/05 15:34:49 Run the analyzer for /home/advocate/Advocate/Experiments/Advocate/helper/aplas/output/oocLength/11/plus/advocateTrace
2026/06/05 15:34:49 [31mTest run failed and no trace was recorded for: /home/advocate/Advocate/Experiments/Advocate/helper/aplas/output/oocLength/11/plus/TwoCycleMixedDeadlock_test.go -> TestMixedDeadlock_MD_2_3_RW[0m
2026/06/05 15:34:49 Create statistics
2026/06/05 15:34:49 Finished run for TestMixedDeadlock_MD_2_3_RW
2026/06/05 15:34:49 Parse recorded trace for fuzzing information
2026/06/05 15:34:49 Create mutations
2026/06/05 15:34:49 Create GoPie mutations
2026/06/05 15:34:49 Mutate 0 scheduling chains
2026/06/05 15:34:49 Write 0 mutations to file
2026/06/05 15:34:49 Create statistics
2026/06/05 15:34:49 Current fuzzing queue size: 0
2026/06/05 15:34:49 Remaining fuzzing time: 9:59 min
2026/06/05 15:34:49 Finish fuzzing after 1 runs
2026/06/05 15:34:49 Fuzzing Run:  1
2026/06/05 15:34:49 Create  /home/advocate/Advocate/Experiments/Advocate/helper/aplas/output/oocLength/11/advocateResult/file(104)-test(16)-TwoCycleMixedDeadlock_test-TestMixedDeadlock_MD_2_3B_RW
2026/06/05 15:34:49 Execute Test
2026/06/05 15:34:49 Text executed
2026/06/05 15:34:49 Run the analyzer for /home/advocate/Advocate/Experiments/Advocate/helper/aplas/output/oocLength/11/plus/advocateTrace
2026/06/05 15:34:49 [31mTest run failed and no trace was recorded for: /home/advocate/Advocate/Experiments/Advocate/helper/aplas/output/oocLength/11/plus/TwoCycleMixedDeadlock_test.go -> TestMixedDeadlock_MD_2_3B_RW[0m
2026/06/05 15:34:49 Create statistics
2026/06/05 15:34:49 Finished run for TestMixedDeadlock_MD_2_3B_RW
2026/06/05 15:34:49 Parse recorded trace for fuzzing information
2026/06/05 15:34:49 Create mutations
2026/06/05 15:34:49 Create GoPie mutations
2026/06/05 15:34:49 Mutate 0 scheduling chains
2026/06/05 15:34:49 Write 0 mutations to file
2026/06/05 15:34:49 Create statistics
2026/06/05 15:34:49 Current fuzzing queue size: 0
2026/06/05 15:34:49 Remaining fuzzing time: 9:59 min
2026/06/05 15:34:49 Finish fuzzing after 1 runs
2026/06/05 15:34:49 Fuzzing Run:  1
2026/06/05 15:34:49 Create  /home/advocate/Advocate/Experiments/Advocate/helper/aplas/output/oocLength/11/advocateResult/file(104)-test(17)-TwoCycleMixedDeadlock_test-TestMixedDeadlock_No_MD_BeforeCS
2026/06/05 15:34:49 Execute Test
2026/06/05 15:34:49 Text executed
2026/06/05 15:34:49 Run the analyzer for /home/advocate/Advocate/Experiments/Advocate/helper/aplas/output/oocLength/11/plus/advocateTrace
2026/06/05 15:34:49 [31mTest run failed and no trace was recorded for: /home/advocate/Advocate/Experiments/Advocate/helper/aplas/output/oocLength/11/plus/TwoCycleMixedDeadlock_test.go -> TestMixedDeadlock_No_MD_BeforeCS[0m
2026/06/05 15:34:49 Create statistics
2026/06/05 15:34:49 Finished run for TestMixedDeadlock_No_MD_BeforeCS
2026/06/05 15:34:49 Parse recorded trace for fuzzing information
2026/06/05 15:34:49 Create mutations
2026/06/05 15:34:49 Create GoPie mutations
2026/06/05 15:34:49 Mutate 0 scheduling chains
2026/06/05 15:34:49 Write 0 mutations to file
2026/06/05 15:34:49 Create statistics
2026/06/05 15:34:49 Current fuzzing queue size: 0
2026/06/05 15:34:49 Remaining fuzzing time: 9:59 min
2026/06/05 15:34:49 Finish fuzzing after 1 runs
2026/06/05 15:34:49 Fuzzing Run:  1
2026/06/05 15:34:49 Create  /home/advocate/Advocate/Experiments/Advocate/helper/aplas/output/oocLength/11/advocateResult/file(104)-test(18)-TwoCycleMixedDeadlock_test-TestMixedDeadlock_No_MD_AfterPCS
2026/06/05 15:34:49 Execute Test
2026/06/05 15:34:49 Text executed
2026/06/05 15:34:49 Run the analyzer for /home/advocate/Advocate/Experiments/Advocate/helper/aplas/output/oocLength/11/plus/advocateTrace
2026/06/05 15:34:49 [31mTest run failed and no trace was recorded for: /home/advocate/Advocate/Experiments/Advocate/helper/aplas/output/oocLength/11/plus/TwoCycleMixedDeadlock_test.go -> TestMixedDeadlock_No_MD_AfterPCS[0m
2026/06/05 15:34:49 Create statistics
2026/06/05 15:34:49 Finished run for TestMixedDeadlock_No_MD_AfterPCS
2026/06/05 15:34:49 Parse recorded trace for fuzzing information
2026/06/05 15:34:49 Create mutations
2026/06/05 15:34:49 Create GoPie mutations
2026/06/05 15:34:49 Mutate 0 scheduling chains
2026/06/05 15:34:49 Write 0 mutations to file
2026/06/05 15:34:49 Create statistics
2026/06/05 15:34:49 Current fuzzing queue size: 0
2026/06/05 15:34:49 Remaining fuzzing time: 9:59 min
2026/06/05 15:34:49 Finish fuzzing after 1 runs
2026/06/05 15:34:49 Fuzzing Run:  1
2026/06/05 15:34:49 Create  /home/advocate/Advocate/Experiments/Advocate/helper/aplas/output/oocLength/11/advocateResult/file(104)-test(19)-TwoCycleMixedDeadlock_test-TestMixedDeadlock_No_MD_DifferentLocks
2026/06/05 15:34:49 Execute Test
2026/06/05 15:34:49 Text executed
2026/06/05 15:34:49 Run the analyzer for /home/advocate/Advocate/Experiments/Advocate/helper/aplas/output/oocLength/11/plus/advocateTrace
2026/06/05 15:34:49 [31mTest run failed and no trace was recorded for: /home/advocate/Advocate/Experiments/Advocate/helper/aplas/output/oocLength/11/plus/TwoCycleMixedDeadlock_test.go -> TestMixedDeadlock_No_MD_DifferentLocks[0m
2026/06/05 15:34:49 Create statistics
2026/06/05 15:34:49 Finished run for TestMixedDeadlock_No_MD_DifferentLocks
2026/06/05 15:34:49 Parse recorded trace for fuzzing information
2026/06/05 15:34:49 Create mutations
2026/06/05 15:34:49 Create GoPie mutations
2026/06/05 15:34:49 Mutate 0 scheduling chains
2026/06/05 15:34:49 Write 0 mutations to file
2026/06/05 15:34:49 Create statistics
2026/06/05 15:34:49 Current fuzzing queue size: 0
2026/06/05 15:34:49 Remaining fuzzing time: 9:59 min
2026/06/05 15:34:49 Finish fuzzing after 1 runs
2026/06/05 15:34:49 Create fuzzing statistics
2026/06/05 15:34:49 Create program statistics
2026/06/05 15:34:49 [31mFinished with 328 errors[0m
2026/06/05 15:34:49 No internal replay timeouts occurred
2026/06/05 15:34:49 [32mTests with indicated bugs: 71[0m
2026/06/05 15:34:49 [32mNumber indicated bugs:  106[0m
