2026/06/05 15:34:49 [33mUpdated Go version in go.mod to 1.25[0m
2026/06/05 15:34:49 Run go mod tidy
2026/06/05 15:34:49 Start fuzzing in mode GoCRHB
2026/06/05 15:34:49 Run fuzzing on all tests
2026/06/05 15:34:49 Found 104 test files
2026/06/05 15:34:49 Processing file: /home/advocate/Advocate/Experiments/Advocate/helper/aplas/output/sameElementType/1/blocking/cockroach/10214/cockroach10214_test.go
2026/06/05 15:34:49 Fuzzing Run:  1
2026/06/05 15:34:49 Create  /home/advocate/Advocate/Experiments/Advocate/helper/aplas/output/sameElementType/1/advocateResult/file(1)-test(1)-cockroach10214_test-TestCockroach10214
2026/06/05 15:34:49 Execute Test
2026/06/05 15:34:50 Text executed
2026/06/05 15:34:50 Run the analyzer for /home/advocate/Advocate/Experiments/Advocate/helper/aplas/output/sameElementType/1/blocking/cockroach/10214/advocateTrace
2026/06/05 15:34:50 Read trace with 23 elements in 3 routines
2026/06/05 15:34:50 Start Analysis
2026/06/05 15:34:50 Finished HB analysis
2026/06/05 15:34:50 Analysis finished
2026/06/05 15:34:50 Start rewrite
2026/06/05 15:34:50 Finished Rewrite
2026/06/05 15:34:50 Number Results:  1
2026/06/05 15:34:50 Successfully rewrites:  0
2026/06/05 15:34:50 No need/not possible to rewrite:  1
2026/06/05 15:34:50 Failed rewrites:  0
2026/06/05 15:34:50 Start guided execution
2026/06/05 15:34:50 Found 0 rewritten traces
2026/06/05 15:34:50 Create bug reports
2026/06/05 15:34:50 [32mFound Possible Cyclic Deadlock.[0m
2026/06/05 15:34:50 Create statistics
2026/06/05 15:34:50 Finished run for TestCockroach10214
2026/06/05 15:34:50 Parse recorded trace for fuzzing information
2026/06/05 15:34:50 Create mutations
2026/06/05 15:34:50 Create GoPie mutations
2026/06/05 15:34:50 Mutate 24 scheduling chains
2026/06/05 15:34:50 Write 0 mutations to file
2026/06/05 15:34:50 Create statistics
2026/06/05 15:34:50 Current fuzzing queue size: 0
2026/06/05 15:34:50 Remaining fuzzing time: 9:58 min
2026/06/05 15:34:50 Finish fuzzing after 1 runs
2026/06/05 15:34:50 Processing file: /home/advocate/Advocate/Experiments/Advocate/helper/aplas/output/sameElementType/1/blocking/cockroach/1055/cockroach1055_test.go
2026/06/05 15:34:50 Fuzzing Run:  1
2026/06/05 15:34:50 Create  /home/advocate/Advocate/Experiments/Advocate/helper/aplas/output/sameElementType/1/advocateResult/file(2)-test(1)-cockroach1055_test-TestCockroach1055
2026/06/05 15:34:50 Execute Test
2026/06/05 15:38:52 Text executed
2026/06/05 15:38:52 Run the analyzer for /home/advocate/Advocate/Experiments/Advocate/helper/aplas/output/sameElementType/1/blocking/cockroach/1055/advocateTrace
2026/06/05 15:38:52 Read trace with 38 elements in 5 routines
2026/06/05 15:38:52 Start Analysis
2026/06/05 15:38:52 Finished HB analysis
2026/06/05 15:38:52 Analysis finished
2026/06/05 15:38:52 Start rewrite
2026/06/05 15:38:52 Finished Rewrite
2026/06/05 15:38:52 Number Results:  2
2026/06/05 15:38:52 Successfully rewrites:  0
2026/06/05 15:38:52 No need/not possible to rewrite:  2
2026/06/05 15:38:52 Failed rewrites:  0
2026/06/05 15:38:52 Start guided execution
2026/06/05 15:38:52 Found 0 rewritten traces
2026/06/05 15:38:52 Create bug reports
2026/06/05 15:38:52 [32mFound Timeout.[0m
2026/06/05 15:38:52 [32mFound Actual Non-Cyclic Blocking Bug.[0m
2026/06/05 15:38:52 Create statistics
2026/06/05 15:38:52 Finished run for TestCockroach1055
2026/06/05 15:38:52 Parse recorded trace for fuzzing information
2026/06/05 15:38:52 Create mutations
2026/06/05 15:38:52 Create GoPie mutations
2026/06/05 15:38:52 Mutate 24 scheduling chains
2026/06/05 15:38:52 Write 20 mutations to file
2026/06/05 15:38:52 Create statistics
2026/06/05 15:38:52 Current fuzzing queue size: 20
2026/06/05 15:38:52 Remaining fuzzing time: 5:58 min
2026/06/05 15:38:52 Fuzzing Run:  2
2026/06/05 15:38:52 Execute Test
2026/06/05 15:48:52 Text executed
2026/06/05 15:48:52 Run the analyzer for /home/advocate/Advocate/Experiments/Advocate/helper/aplas/output/sameElementType/1/blocking/cockroach/1055/advocateTrace
2026/06/05 15:48:52 Trace at /home/advocate/Advocate/Experiments/Advocate/helper/aplas/output/sameElementType/1/blocking/cockroach/1055/advocateTrace does not contain any elements
2026/06/05 15:48:52 Read trace with 0 elements in 0 routines
2026/06/05 15:48:52 Start Analysis
2026/06/05 15:48:52 Finished HB analysis
2026/06/05 15:48:52 Analysis finished
2026/06/05 15:48:52 Start rewrite
2026/06/05 15:48:52 Finished Rewrite
2026/06/05 15:48:52 Number Results:  1
2026/06/05 15:48:52 Successfully rewrites:  0
2026/06/05 15:48:52 No need/not possible to rewrite:  1
2026/06/05 15:48:52 Failed rewrites:  0
2026/06/05 15:48:52 Start guided execution
2026/06/05 15:48:52 Found 0 rewritten traces
2026/06/05 15:48:52 Create bug reports
2026/06/05 15:48:52 Create statistics
2026/06/05 15:48:52 Finished run for TestCockroach1055
2026/06/05 15:48:52 Parse recorded trace for fuzzing information
2026/06/05 15:48:52 Create mutations
2026/06/05 15:48:52 Create GoPie mutations
2026/06/05 15:48:52 Mutate 0 scheduling chains
2026/06/05 15:48:52 Write 0 mutations to file
2026/06/05 15:48:52 Create statistics
2026/06/05 15:48:52 Current fuzzing queue size: 0
2026/06/05 15:48:52 Finish fuzzing because maximum runtime for fuzzing (10 min) has been reached
2026/06/05 15:48:52 Processing file: /home/advocate/Advocate/Experiments/Advocate/helper/aplas/output/sameElementType/1/blocking/cockroach/10790/cockroach10790_test.go
2026/06/05 15:48:52 Fuzzing Run:  1
2026/06/05 15:48:52 Create  /home/advocate/Advocate/Experiments/Advocate/helper/aplas/output/sameElementType/1/advocateResult/file(3)-test(1)-cockroach10790_test-TestCockroach10790
2026/06/05 15:48:52 Execute Test
2026/06/05 15:48:53 Text executed
2026/06/05 15:48:53 Run the analyzer for /home/advocate/Advocate/Experiments/Advocate/helper/aplas/output/sameElementType/1/blocking/cockroach/10790/advocateTrace
2026/06/05 15:48:53 Read trace with 26 elements in 6 routines
2026/06/05 15:48:53 Start Analysis
2026/06/05 15:48:53 Finished HB analysis
2026/06/05 15:48:53 Analysis finished
2026/06/05 15:48:53 Start rewrite
2026/06/05 15:48:53 Finished Rewrite
2026/06/05 15:48:53 Number Results:  2
2026/06/05 15:48:53 Successfully rewrites:  0
2026/06/05 15:48:53 No need/not possible to rewrite:  2
2026/06/05 15:48:53 Failed rewrites:  0
2026/06/05 15:48:53 Start guided execution
2026/06/05 15:48:53 Found 0 rewritten traces
2026/06/05 15:48:53 Create bug reports
2026/06/05 15:48:53 [31mline number out of range[0m
2026/06/05 15:48:53 [32mFound Actual Non-Cyclic Blocking Bug.[0m
2026/06/05 15:48:53 [32mFound Actual Cyclic Deadlock.[0m
2026/06/05 15:48:53 Create statistics
2026/06/05 15:48:53 Finished run for TestCockroach10790
2026/06/05 15:48:53 Parse recorded trace for fuzzing information
2026/06/05 15:48:53 Create mutations
2026/06/05 15:48:53 Create GoPie mutations
2026/06/05 15:48:53 Mutate 24 scheduling chains
2026/06/05 15:48:53 Write 1 special mutation to file
2026/06/05 15:48:53 Write 0 mutations to file
2026/06/05 15:48:53 Create statistics
2026/06/05 15:48:53 Current fuzzing queue size: 0
2026/06/05 15:48:53 Remaining fuzzing time: 9:58 min
2026/06/05 15:48:53 Finish fuzzing after 1 runs
2026/06/05 15:48:53 Processing file: /home/advocate/Advocate/Experiments/Advocate/helper/aplas/output/sameElementType/1/blocking/cockroach/13197/cockroach13197_test.go
2026/06/05 15:48:53 Fuzzing Run:  1
2026/06/05 15:48:53 Create  /home/advocate/Advocate/Experiments/Advocate/helper/aplas/output/sameElementType/1/advocateResult/file(4)-test(1)-cockroach13197_test-TestCockroach13197
2026/06/05 15:48:53 Execute Test
2026/06/05 15:48:54 Text executed
2026/06/05 15:48:54 Run the analyzer for /home/advocate/Advocate/Experiments/Advocate/helper/aplas/output/sameElementType/1/blocking/cockroach/13197/advocateTrace
2026/06/05 15:48:54 Read trace with 6 elements in 2 routines
2026/06/05 15:48:54 Start Analysis
2026/06/05 15:48:54 Finished HB analysis
2026/06/05 15:48:54 Analysis finished
2026/06/05 15:48:54 Start rewrite
2026/06/05 15:48:54 Finished Rewrite
2026/06/05 15:48:54 Number Results:  2
2026/06/05 15:48:54 Successfully rewrites:  0
2026/06/05 15:48:54 No need/not possible to rewrite:  2
2026/06/05 15:48:54 Failed rewrites:  0
2026/06/05 15:48:54 Start guided execution
2026/06/05 15:48:54 Found 0 rewritten traces
2026/06/05 15:48:54 Create bug reports
2026/06/05 15:48:54 [31mline number out of range[0m
2026/06/05 15:48:54 [32mFound Actual Non-Cyclic Blocking Bug.[0m
2026/06/05 15:48:54 [32mFound Actual Cyclic Deadlock.[0m
2026/06/05 15:48:54 Create statistics
2026/06/05 15:48:54 Finished run for TestCockroach13197
2026/06/05 15:48:54 Parse recorded trace for fuzzing information
2026/06/05 15:48:54 Create mutations
2026/06/05 15:48:54 Create GoPie mutations
2026/06/05 15:48:54 Mutate 0 scheduling chains
2026/06/05 15:48:54 Write 0 mutations to file
2026/06/05 15:48:54 Create statistics
2026/06/05 15:48:54 Current fuzzing queue size: 0
2026/06/05 15:48:54 Remaining fuzzing time: 9:58 min
2026/06/05 15:48:54 Finish fuzzing after 1 runs
2026/06/05 15:48:54 Processing file: /home/advocate/Advocate/Experiments/Advocate/helper/aplas/output/sameElementType/1/blocking/cockroach/13755/cockroach13755_test.go
2026/06/05 15:48:54 Fuzzing Run:  1
2026/06/05 15:48:54 Create  /home/advocate/Advocate/Experiments/Advocate/helper/aplas/output/sameElementType/1/advocateResult/file(5)-test(1)-cockroach13755_test-TestCockroach13755
2026/06/05 15:48:54 Execute Test
2026/06/05 15:48:55 Text executed
2026/06/05 15:48:55 Run the analyzer for /home/advocate/Advocate/Experiments/Advocate/helper/aplas/output/sameElementType/1/blocking/cockroach/13755/advocateTrace
2026/06/05 15:48:55 Read trace with 6 elements in 2 routines
2026/06/05 15:48:55 Start Analysis
2026/06/05 15:48:55 Finished HB analysis
2026/06/05 15:48:55 Analysis finished
2026/06/05 15:48:55 Start rewrite
2026/06/05 15:48:55 Finished Rewrite
2026/06/05 15:48:55 Number Results:  2
2026/06/05 15:48:55 Successfully rewrites:  0
2026/06/05 15:48:55 No need/not possible to rewrite:  2
2026/06/05 15:48:55 Failed rewrites:  0
2026/06/05 15:48:55 Start guided execution
2026/06/05 15:48:55 Found 0 rewritten traces
2026/06/05 15:48:55 Create bug reports
2026/06/05 15:48:55 [31mline number out of range[0m
2026/06/05 15:48:55 [32mFound Actual Non-Cyclic Blocking Bug.[0m
2026/06/05 15:48:55 Create statistics
2026/06/05 15:48:55 Finished run for TestCockroach13755
2026/06/05 15:48:55 Parse recorded trace for fuzzing information
2026/06/05 15:48:55 Create mutations
2026/06/05 15:48:55 Create GoPie mutations
2026/06/05 15:48:55 Mutate 0 scheduling chains
2026/06/05 15:48:55 Write 0 mutations to file
2026/06/05 15:48:55 Create statistics
2026/06/05 15:48:55 Current fuzzing queue size: 0
2026/06/05 15:48:55 Remaining fuzzing time: 9:58 min
2026/06/05 15:48:55 Finish fuzzing after 1 runs
2026/06/05 15:48:55 Processing file: /home/advocate/Advocate/Experiments/Advocate/helper/aplas/output/sameElementType/1/blocking/cockroach/1462/cockroach1462_test.go
2026/06/05 15:48:55 Fuzzing Run:  1
2026/06/05 15:48:55 Create  /home/advocate/Advocate/Experiments/Advocate/helper/aplas/output/sameElementType/1/advocateResult/file(6)-test(1)-cockroach1462_test-TestCockroach1462
2026/06/05 15:48:55 Execute Test
2026/06/05 15:48:56 Text executed
2026/06/05 15:48:56 Run the analyzer for /home/advocate/Advocate/Experiments/Advocate/helper/aplas/output/sameElementType/1/blocking/cockroach/1462/advocateTrace
2026/06/05 15:48:56 Read trace with 21 elements in 3 routines
2026/06/05 15:48:56 Start Analysis
2026/06/05 15:48:56 Finished HB analysis
2026/06/05 15:48:56 Analysis finished
2026/06/05 15:48:56 Start rewrite
2026/06/05 15:48:56 Finished Rewrite
2026/06/05 15:48:56 Number Results:  2
2026/06/05 15:48:56 Successfully rewrites:  0
2026/06/05 15:48:56 No need/not possible to rewrite:  2
2026/06/05 15:48:56 Failed rewrites:  0
2026/06/05 15:48:56 Start guided execution
2026/06/05 15:48:56 Found 0 rewritten traces
2026/06/05 15:48:56 Create bug reports
2026/06/05 15:48:56 [31mline number out of range[0m
2026/06/05 15:48:56 [32mFound Actual Non-Cyclic Blocking Bug.[0m
2026/06/05 15:48:56 Create statistics
2026/06/05 15:48:56 Finished run for TestCockroach1462
2026/06/05 15:48:56 Parse recorded trace for fuzzing information
2026/06/05 15:48:56 Create mutations
2026/06/05 15:48:56 Create GoPie mutations
2026/06/05 15:48:56 Mutate 24 scheduling chains
2026/06/05 15:48:56 Write 0 mutations to file
2026/06/05 15:48:56 Create statistics
2026/06/05 15:48:56 Current fuzzing queue size: 0
2026/06/05 15:48:56 Remaining fuzzing time: 9:58 min
2026/06/05 15:48:56 Finish fuzzing after 1 runs
2026/06/05 15:48:56 Processing file: /home/advocate/Advocate/Experiments/Advocate/helper/aplas/output/sameElementType/1/blocking/cockroach/16167/cockroach16167_test.go
2026/06/05 15:48:56 Fuzzing Run:  1
2026/06/05 15:48:56 Create  /home/advocate/Advocate/Experiments/Advocate/helper/aplas/output/sameElementType/1/advocateResult/file(7)-test(1)-cockroach16167_test-TestCockroach16167
2026/06/05 15:48:56 Execute Test
2026/06/05 15:48:58 Text executed
2026/06/05 15:48:58 Run the analyzer for /home/advocate/Advocate/Experiments/Advocate/helper/aplas/output/sameElementType/1/blocking/cockroach/16167/advocateTrace
2026/06/05 15:48:58 Read trace with 7 elements in 2 routines
2026/06/05 15:48:58 Start Analysis
2026/06/05 15:48:58 Finished HB analysis
2026/06/05 15:48:58 Analysis finished
2026/06/05 15:48:58 Start rewrite
2026/06/05 15:48:58 Finished Rewrite
2026/06/05 15:48:58 Number Results:  2
2026/06/05 15:48:58 Successfully rewrites:  0
2026/06/05 15:48:58 No need/not possible to rewrite:  2
2026/06/05 15:48:58 Failed rewrites:  0
2026/06/05 15:48:58 Start guided execution
2026/06/05 15:48:58 Found 0 rewritten traces
2026/06/05 15:48:58 Create bug reports
2026/06/05 15:48:58 [31mline number out of range[0m
2026/06/05 15:48:58 Create statistics
2026/06/05 15:48:58 Finished run for TestCockroach16167
2026/06/05 15:48:58 Parse recorded trace for fuzzing information
2026/06/05 15:48:58 Create mutations
2026/06/05 15:48:58 Create GoPie mutations
2026/06/05 15:48:58 Mutate 24 scheduling chains
2026/06/05 15:48:58 Write 0 mutations to file
2026/06/05 15:48:58 Create statistics
2026/06/05 15:48:58 Current fuzzing queue size: 0
2026/06/05 15:48:58 Remaining fuzzing time: 9:58 min
2026/06/05 15:48:58 Finish fuzzing after 1 runs
2026/06/05 15:48:58 Processing file: /home/advocate/Advocate/Experiments/Advocate/helper/aplas/output/sameElementType/1/blocking/cockroach/18101/cockroach18101_test.go
2026/06/05 15:48:58 Fuzzing Run:  1
2026/06/05 15:48:58 Create  /home/advocate/Advocate/Experiments/Advocate/helper/aplas/output/sameElementType/1/advocateResult/file(8)-test(1)-cockroach18101_test-TestCockroach18101
2026/06/05 15:48:58 Execute Test
2026/06/05 15:48:59 Text executed
2026/06/05 15:48:59 Run the analyzer for /home/advocate/Advocate/Experiments/Advocate/helper/aplas/output/sameElementType/1/blocking/cockroach/18101/advocateTrace
2026/06/05 15:48:59 Read trace with 19 elements in 4 routines
2026/06/05 15:48:59 Start Analysis
2026/06/05 15:48:59 Finished HB analysis
2026/06/05 15:48:59 Analysis finished
2026/06/05 15:48:59 Start rewrite
2026/06/05 15:48:59 Finished Rewrite
2026/06/05 15:48:59 Number Results:  2
2026/06/05 15:48:59 Successfully rewrites:  0
2026/06/05 15:48:59 No need/not possible to rewrite:  2
2026/06/05 15:48:59 Failed rewrites:  0
2026/06/05 15:48:59 Start guided execution
2026/06/05 15:48:59 Found 0 rewritten traces
2026/06/05 15:48:59 Create bug reports
2026/06/05 15:48:59 [31mline number out of range[0m
2026/06/05 15:48:59 [32mFound Actual Non-Cyclic Blocking Bug.[0m
2026/06/05 15:48:59 Create statistics
2026/06/05 15:48:59 Finished run for TestCockroach18101
2026/06/05 15:48:59 Parse recorded trace for fuzzing information
2026/06/05 15:48:59 Create mutations
2026/06/05 15:48:59 Create GoPie mutations
2026/06/05 15:48:59 Mutate 24 scheduling chains
2026/06/05 15:48:59 Write 0 mutations to file
2026/06/05 15:48:59 Create statistics
2026/06/05 15:48:59 Current fuzzing queue size: 0
2026/06/05 15:48:59 Remaining fuzzing time: 9:58 min
2026/06/05 15:48:59 Finish fuzzing after 1 runs
2026/06/05 15:48:59 Processing file: /home/advocate/Advocate/Experiments/Advocate/helper/aplas/output/sameElementType/1/blocking/cockroach/2448/cockroach2448_test.go
2026/06/05 15:48:59 Fuzzing Run:  1
2026/06/05 15:48:59 Create  /home/advocate/Advocate/Experiments/Advocate/helper/aplas/output/sameElementType/1/advocateResult/file(9)-test(1)-cockroach2448_test-TestCockroach2448
2026/06/05 15:48:59 Execute Test
2026/06/05 15:49:00 Text executed
2026/06/05 15:49:00 Run the analyzer for /home/advocate/Advocate/Experiments/Advocate/helper/aplas/output/sameElementType/1/blocking/cockroach/2448/advocateTrace
2026/06/05 15:49:00 Read trace with 62 elements in 3 routines
2026/06/05 15:49:00 Start Analysis
2026/06/05 15:49:00 Finished HB analysis
2026/06/05 15:49:00 Analysis finished
2026/06/05 15:49:00 Start rewrite
2026/06/05 15:49:00 Finished Rewrite
2026/06/05 15:49:00 Number Results:  2
2026/06/05 15:49:00 Successfully rewrites:  0
2026/06/05 15:49:00 No need/not possible to rewrite:  2
2026/06/05 15:49:00 Failed rewrites:  0
2026/06/05 15:49:00 Start guided execution
2026/06/05 15:49:00 Found 0 rewritten traces
2026/06/05 15:49:00 Create bug reports
2026/06/05 15:49:00 [31mline number out of range[0m
2026/06/05 15:49:00 [32mFound Actual Non-Cyclic Blocking Bug.[0m
2026/06/05 15:49:00 [32mFound Actual Cyclic Deadlock.[0m
2026/06/05 15:49:00 Create statistics
2026/06/05 15:49:00 Finished run for TestCockroach2448
2026/06/05 15:49:00 Parse recorded trace for fuzzing information
2026/06/05 15:49:00 Create mutations
2026/06/05 15:49:00 Create GoPie mutations
2026/06/05 15:49:00 Mutate 0 scheduling chains
2026/06/05 15:49:00 Write 0 mutations to file
2026/06/05 15:49:00 Create statistics
2026/06/05 15:49:00 Current fuzzing queue size: 0
2026/06/05 15:49:00 Remaining fuzzing time: 9:58 min
2026/06/05 15:49:00 Finish fuzzing after 1 runs
2026/06/05 15:49:00 Processing file: /home/advocate/Advocate/Experiments/Advocate/helper/aplas/output/sameElementType/1/blocking/cockroach/24808/cockroach24808_test.go
2026/06/05 15:49:00 Fuzzing Run:  1
2026/06/05 15:49:00 Create  /home/advocate/Advocate/Experiments/Advocate/helper/aplas/output/sameElementType/1/advocateResult/file(10)-test(1)-cockroach24808_test-TestCockroach24808
2026/06/05 15:49:00 Execute Test
2026/06/05 15:53:01 Text executed
2026/06/05 15:53:01 Run the analyzer for /home/advocate/Advocate/Experiments/Advocate/helper/aplas/output/sameElementType/1/blocking/cockroach/24808/advocateTrace
2026/06/05 15:53:01 Read trace with 4 elements in 1 routines
2026/06/05 15:53:01 Start Analysis
2026/06/05 15:53:01 Finished HB analysis
2026/06/05 15:53:01 Analysis finished
2026/06/05 15:53:01 Start rewrite
2026/06/05 15:53:01 Finished Rewrite
2026/06/05 15:53:01 Number Results:  3
2026/06/05 15:53:01 Successfully rewrites:  0
2026/06/05 15:53:01 No need/not possible to rewrite:  3
2026/06/05 15:53:01 Failed rewrites:  0
2026/06/05 15:53:01 Start guided execution
2026/06/05 15:53:01 Found 0 rewritten traces
2026/06/05 15:53:01 Create bug reports
2026/06/05 15:53:01 [31mline number out of range[0m
2026/06/05 15:53:01 [32mFound Actual Non-Cyclic Blocking Bug.[0m
2026/06/05 15:53:01 [32mFound Actual Cyclic Deadlock.[0m
2026/06/05 15:53:01 Create statistics
2026/06/05 15:53:01 Finished run for TestCockroach24808
2026/06/05 15:53:01 Parse recorded trace for fuzzing information
2026/06/05 15:53:01 Create mutations
2026/06/05 15:53:01 Create GoPie mutations
2026/06/05 15:53:01 Mutate 0 scheduling chains
2026/06/05 15:53:01 Write 0 mutations to file
2026/06/05 15:53:01 Create statistics
2026/06/05 15:53:01 Current fuzzing queue size: 0
2026/06/05 15:53:01 Remaining fuzzing time: 5:58 min
2026/06/05 15:53:01 Finish fuzzing after 1 runs
2026/06/05 15:53:01 Processing file: /home/advocate/Advocate/Experiments/Advocate/helper/aplas/output/sameElementType/1/blocking/cockroach/25456/cockroach25456_test.go
2026/06/05 15:53:01 Fuzzing Run:  1
2026/06/05 15:53:01 Create  /home/advocate/Advocate/Experiments/Advocate/helper/aplas/output/sameElementType/1/advocateResult/file(11)-test(1)-cockroach25456_test-TestCockroach25456
2026/06/05 15:53:01 Execute Test
2026/06/05 15:57:02 Text executed
2026/06/05 15:57:02 Run the analyzer for /home/advocate/Advocate/Experiments/Advocate/helper/aplas/output/sameElementType/1/blocking/cockroach/25456/advocateTrace
2026/06/05 15:57:02 Read trace with 2 elements in 1 routines
2026/06/05 15:57:02 Start Analysis
2026/06/05 15:57:02 Finished HB analysis
2026/06/05 15:57:02 Analysis finished
2026/06/05 15:57:02 Start rewrite
2026/06/05 15:57:02 Finished Rewrite
2026/06/05 15:57:02 Number Results:  3
2026/06/05 15:57:02 Successfully rewrites:  0
2026/06/05 15:57:02 No need/not possible to rewrite:  3
2026/06/05 15:57:02 Failed rewrites:  0
2026/06/05 15:57:02 Start guided execution
2026/06/05 15:57:02 Found 0 rewritten traces
2026/06/05 15:57:02 Create bug reports
2026/06/05 15:57:02 [31mline number out of range[0m
2026/06/05 15:57:02 [32mFound Actual Non-Cyclic Blocking Bug.[0m
2026/06/05 15:57:02 Create statistics
2026/06/05 15:57:02 Finished run for TestCockroach25456
2026/06/05 15:57:02 Parse recorded trace for fuzzing information
2026/06/05 15:57:02 Create mutations
2026/06/05 15:57:02 Create GoPie mutations
2026/06/05 15:57:02 Mutate 0 scheduling chains
2026/06/05 15:57:02 Write 0 mutations to file
2026/06/05 15:57:02 Create statistics
2026/06/05 15:57:02 Current fuzzing queue size: 0
2026/06/05 15:57:02 Remaining fuzzing time: 5:58 min
2026/06/05 15:57:02 Finish fuzzing after 1 runs
2026/06/05 15:57:02 Processing file: /home/advocate/Advocate/Experiments/Advocate/helper/aplas/output/sameElementType/1/blocking/cockroach/35073/cockroach35073_test.go
2026/06/05 15:57:02 Fuzzing Run:  1
2026/06/05 15:57:02 Create  /home/advocate/Advocate/Experiments/Advocate/helper/aplas/output/sameElementType/1/advocateResult/file(12)-test(1)-cockroach35073_test-TestCockroach35073
2026/06/05 15:57:02 Execute Test
2026/06/05 16:01:03 Text executed
2026/06/05 16:01:03 Run the analyzer for /home/advocate/Advocate/Experiments/Advocate/helper/aplas/output/sameElementType/1/blocking/cockroach/35073/advocateTrace
2026/06/05 16:01:03 Read trace with 44 elements in 3 routines
2026/06/05 16:01:03 Start Analysis
2026/06/05 16:01:03 Finished HB analysis
2026/06/05 16:01:03 Analysis finished
2026/06/05 16:01:03 Start rewrite
2026/06/05 16:01:03 Finished Rewrite
2026/06/05 16:01:03 Number Results:  3
2026/06/05 16:01:03 Successfully rewrites:  0
2026/06/05 16:01:03 No need/not possible to rewrite:  3
2026/06/05 16:01:03 Failed rewrites:  0
2026/06/05 16:01:03 Start guided execution
2026/06/05 16:01:03 Found 0 rewritten traces
2026/06/05 16:01:03 Create bug reports
2026/06/05 16:01:03 [31mline number out of range[0m
2026/06/05 16:01:03 [32mFound Actual Non-Cyclic Blocking Bug.[0m
2026/06/05 16:01:03 [32mFound Actual Cyclic Deadlock.[0m
2026/06/05 16:01:03 Create statistics
2026/06/05 16:01:03 Finished run for TestCockroach35073
2026/06/05 16:01:03 Parse recorded trace for fuzzing information
2026/06/05 16:01:03 Create mutations
2026/06/05 16:01:03 Create GoPie mutations
2026/06/05 16:01:03 Mutate 24 scheduling chains
2026/06/05 16:01:03 Write 0 mutations to file
2026/06/05 16:01:03 Create statistics
2026/06/05 16:01:03 Current fuzzing queue size: 0
2026/06/05 16:01:03 Remaining fuzzing time: 5:58 min
2026/06/05 16:01:03 Finish fuzzing after 1 runs
2026/06/05 16:01:03 Processing file: /home/advocate/Advocate/Experiments/Advocate/helper/aplas/output/sameElementType/1/blocking/cockroach/35931/cockroach35931_test.go
2026/06/05 16:01:03 Fuzzing Run:  1
2026/06/05 16:01:03 Create  /home/advocate/Advocate/Experiments/Advocate/helper/aplas/output/sameElementType/1/advocateResult/file(13)-test(1)-cockroach35931_test-TestCockroach35931
2026/06/05 16:01:03 Execute Test
2026/06/05 16:05:05 Text executed
2026/06/05 16:05:05 Run the analyzer for /home/advocate/Advocate/Experiments/Advocate/helper/aplas/output/sameElementType/1/blocking/cockroach/35931/advocateTrace
2026/06/05 16:05:05 Read trace with 6 elements in 1 routines
2026/06/05 16:05:05 Start Analysis
2026/06/05 16:05:05 Finished HB analysis
2026/06/05 16:05:05 Analysis finished
2026/06/05 16:05:05 Start rewrite
2026/06/05 16:05:05 Finished Rewrite
2026/06/05 16:05:05 Number Results:  3
2026/06/05 16:05:05 Successfully rewrites:  0
2026/06/05 16:05:05 No need/not possible to rewrite:  3
2026/06/05 16:05:05 Failed rewrites:  0
2026/06/05 16:05:05 Start guided execution
2026/06/05 16:05:05 Found 0 rewritten traces
2026/06/05 16:05:05 Create bug reports
2026/06/05 16:05:05 [31mline number out of range[0m
2026/06/05 16:05:05 [32mFound Actual Non-Cyclic Blocking Bug.[0m
2026/06/05 16:05:05 [32mFound Actual Cyclic Deadlock.[0m
2026/06/05 16:05:05 Create statistics
2026/06/05 16:05:05 Finished run for TestCockroach35931
2026/06/05 16:05:05 Parse recorded trace for fuzzing information
2026/06/05 16:05:05 Create mutations
2026/06/05 16:05:05 Create GoPie mutations
2026/06/05 16:05:05 Mutate 0 scheduling chains
2026/06/05 16:05:05 Write 0 mutations to file
2026/06/05 16:05:05 Create statistics
2026/06/05 16:05:05 Current fuzzing queue size: 0
2026/06/05 16:05:05 Remaining fuzzing time: 5:58 min
2026/06/05 16:05:05 Finish fuzzing after 1 runs
2026/06/05 16:05:05 Processing file: /home/advocate/Advocate/Experiments/Advocate/helper/aplas/output/sameElementType/1/blocking/cockroach/3710/cockroach3710_test.go
2026/06/05 16:05:05 Fuzzing Run:  1
2026/06/05 16:05:05 Create  /home/advocate/Advocate/Experiments/Advocate/helper/aplas/output/sameElementType/1/advocateResult/file(14)-test(1)-cockroach3710_test-TestCockroach3710
2026/06/05 16:05:05 Execute Test
2026/06/05 16:05:06 Text executed
2026/06/05 16:05:06 Run the analyzer for /home/advocate/Advocate/Experiments/Advocate/helper/aplas/output/sameElementType/1/blocking/cockroach/3710/advocateTrace
2026/06/05 16:05:06 Read trace with 19 elements in 4 routines
2026/06/05 16:05:06 Start Analysis
2026/06/05 16:05:06 Finished HB analysis
2026/06/05 16:05:06 Analysis finished
2026/06/05 16:05:06 Start rewrite
2026/06/05 16:05:06 Finished Rewrite
2026/06/05 16:05:06 Number Results:  2
2026/06/05 16:05:06 Successfully rewrites:  0
2026/06/05 16:05:06 No need/not possible to rewrite:  2
2026/06/05 16:05:06 Failed rewrites:  0
2026/06/05 16:05:06 Start guided execution
2026/06/05 16:05:06 Found 0 rewritten traces
2026/06/05 16:05:06 Create bug reports
2026/06/05 16:05:06 [31mline number out of range[0m
2026/06/05 16:05:06 [32mFound Actual Non-Cyclic Blocking Bug.[0m
2026/06/05 16:05:06 Create statistics
2026/06/05 16:05:06 Finished run for TestCockroach3710
2026/06/05 16:05:06 Parse recorded trace for fuzzing information
2026/06/05 16:05:06 Create mutations
2026/06/05 16:05:06 Create GoPie mutations
2026/06/05 16:05:06 Mutate 24 scheduling chains
2026/06/05 16:05:06 Write 0 mutations to file
2026/06/05 16:05:06 Create statistics
2026/06/05 16:05:06 Current fuzzing queue size: 0
2026/06/05 16:05:06 Remaining fuzzing time: 9:58 min
2026/06/05 16:05:06 Finish fuzzing after 1 runs
2026/06/05 16:05:06 Processing file: /home/advocate/Advocate/Experiments/Advocate/helper/aplas/output/sameElementType/1/blocking/cockroach/584/cockroach584_test.go
2026/06/05 16:05:06 Fuzzing Run:  1
2026/06/05 16:05:06 Create  /home/advocate/Advocate/Experiments/Advocate/helper/aplas/output/sameElementType/1/advocateResult/file(15)-test(1)-cockroach584_test-TestCockroach584
2026/06/05 16:05:06 Execute Test
2026/06/05 16:05:07 Text executed
2026/06/05 16:05:07 Run the analyzer for /home/advocate/Advocate/Experiments/Advocate/helper/aplas/output/sameElementType/1/blocking/cockroach/584/advocateTrace
2026/06/05 16:05:07 Read trace with 4 elements in 2 routines
2026/06/05 16:05:07 Start Analysis
2026/06/05 16:05:07 Finished HB analysis
2026/06/05 16:05:07 Analysis finished
2026/06/05 16:05:07 Start rewrite
2026/06/05 16:05:07 Finished Rewrite
2026/06/05 16:05:07 Number Results:  2
2026/06/05 16:05:07 Successfully rewrites:  0
2026/06/05 16:05:07 No need/not possible to rewrite:  2
2026/06/05 16:05:07 Failed rewrites:  0
2026/06/05 16:05:07 Start guided execution
2026/06/05 16:05:07 Found 0 rewritten traces
2026/06/05 16:05:07 Create bug reports
2026/06/05 16:05:07 [31mline number out of range[0m
2026/06/05 16:05:07 [32mFound Actual Non-Cyclic Blocking Bug.[0m
2026/06/05 16:05:07 Create statistics
2026/06/05 16:05:07 Finished run for TestCockroach584
2026/06/05 16:05:07 Parse recorded trace for fuzzing information
2026/06/05 16:05:07 Create mutations
2026/06/05 16:05:07 Create GoPie mutations
2026/06/05 16:05:07 Mutate 0 scheduling chains
2026/06/05 16:05:07 Write 0 mutations to file
2026/06/05 16:05:07 Create statistics
2026/06/05 16:05:07 Current fuzzing queue size: 0
2026/06/05 16:05:07 Remaining fuzzing time: 9:58 min
2026/06/05 16:05:07 Finish fuzzing after 1 runs
2026/06/05 16:05:07 Processing file: /home/advocate/Advocate/Experiments/Advocate/helper/aplas/output/sameElementType/1/blocking/cockroach/6181/cockroach6181_test.go
2026/06/05 16:05:07 Fuzzing Run:  1
2026/06/05 16:05:07 Create  /home/advocate/Advocate/Experiments/Advocate/helper/aplas/output/sameElementType/1/advocateResult/file(16)-test(1)-cockroach6181_test-TestCockroach6181
2026/06/05 16:05:07 Execute Test
2026/06/05 16:05:08 Text executed
2026/06/05 16:05:08 Run the analyzer for /home/advocate/Advocate/Experiments/Advocate/helper/aplas/output/sameElementType/1/blocking/cockroach/6181/advocateTrace
2026/06/05 16:05:08 Read trace with 34 elements in 5 routines
2026/06/05 16:05:08 Start Analysis
2026/06/05 16:05:08 Finished HB analysis
2026/06/05 16:05:08 Analysis finished
2026/06/05 16:05:08 Start rewrite
2026/06/05 16:05:08 Finished Rewrite
2026/06/05 16:05:08 Number Results:  2
2026/06/05 16:05:08 Successfully rewrites:  0
2026/06/05 16:05:08 No need/not possible to rewrite:  2
2026/06/05 16:05:08 Failed rewrites:  0
2026/06/05 16:05:08 Start guided execution
2026/06/05 16:05:08 Found 0 rewritten traces
2026/06/05 16:05:08 Create bug reports
2026/06/05 16:05:08 [31mline number out of range[0m
2026/06/05 16:05:08 [32mFound Actual Non-Cyclic Blocking Bug.[0m
2026/06/05 16:05:08 Create statistics
2026/06/05 16:05:08 Finished run for TestCockroach6181
2026/06/05 16:05:08 Parse recorded trace for fuzzing information
2026/06/05 16:05:08 Create mutations
2026/06/05 16:05:08 Create GoPie mutations
2026/06/05 16:05:08 Mutate 24 scheduling chains
2026/06/05 16:05:08 Write 0 mutations to file
2026/06/05 16:05:08 Create statistics
2026/06/05 16:05:08 Current fuzzing queue size: 0
2026/06/05 16:05:08 Remaining fuzzing time: 9:58 min
2026/06/05 16:05:08 Finish fuzzing after 1 runs
2026/06/05 16:05:08 Processing file: /home/advocate/Advocate/Experiments/Advocate/helper/aplas/output/sameElementType/1/blocking/cockroach/7504/cockroach7504_test.go
2026/06/05 16:05:08 Fuzzing Run:  1
2026/06/05 16:05:08 Create  /home/advocate/Advocate/Experiments/Advocate/helper/aplas/output/sameElementType/1/advocateResult/file(17)-test(1)-cockroach7504_test-TestCockroach7504
2026/06/05 16:05:08 Execute Test
2026/06/05 16:05:09 Text executed
2026/06/05 16:05:09 Run the analyzer for /home/advocate/Advocate/Experiments/Advocate/helper/aplas/output/sameElementType/1/blocking/cockroach/7504/advocateTrace
2026/06/05 16:05:09 Read trace with 17 elements in 3 routines
2026/06/05 16:05:09 Start Analysis
2026/06/05 16:05:09 Finished HB analysis
2026/06/05 16:05:09 Analysis finished
2026/06/05 16:05:09 Start rewrite
2026/06/05 16:05:09 Finished Rewrite
2026/06/05 16:05:09 Number Results:  2
2026/06/05 16:05:09 Successfully rewrites:  0
2026/06/05 16:05:09 No need/not possible to rewrite:  2
2026/06/05 16:05:09 Failed rewrites:  0
2026/06/05 16:05:09 Start guided execution
2026/06/05 16:05:09 Found 0 rewritten traces
2026/06/05 16:05:09 Create bug reports
2026/06/05 16:05:09 [31mline number out of range[0m
2026/06/05 16:05:09 Create statistics
2026/06/05 16:05:09 Finished run for TestCockroach7504
2026/06/05 16:05:09 Parse recorded trace for fuzzing information
2026/06/05 16:05:09 Create mutations
2026/06/05 16:05:09 Create GoPie mutations
2026/06/05 16:05:09 Mutate 24 scheduling chains
2026/06/05 16:05:09 Write 0 mutations to file
2026/06/05 16:05:09 Create statistics
2026/06/05 16:05:09 Current fuzzing queue size: 0
2026/06/05 16:05:09 Remaining fuzzing time: 9:58 min
2026/06/05 16:05:09 Finish fuzzing after 1 runs
2026/06/05 16:05:09 Processing file: /home/advocate/Advocate/Experiments/Advocate/helper/aplas/output/sameElementType/1/blocking/cockroach/9935/cockroach9935_test.go
2026/06/05 16:05:09 Fuzzing Run:  1
2026/06/05 16:05:09 Create  /home/advocate/Advocate/Experiments/Advocate/helper/aplas/output/sameElementType/1/advocateResult/file(18)-test(1)-cockroach9935_test-TestCockroach9935
2026/06/05 16:05:09 Execute Test
2026/06/05 16:05:10 Text executed
2026/06/05 16:05:10 Run the analyzer for /home/advocate/Advocate/Experiments/Advocate/helper/aplas/output/sameElementType/1/blocking/cockroach/9935/advocateTrace
2026/06/05 16:05:10 Read trace with 4 elements in 2 routines
2026/06/05 16:05:10 Start Analysis
2026/06/05 16:05:10 Finished HB analysis
2026/06/05 16:05:10 Analysis finished
2026/06/05 16:05:10 Start rewrite
2026/06/05 16:05:10 Finished Rewrite
2026/06/05 16:05:10 Number Results:  2
2026/06/05 16:05:10 Successfully rewrites:  0
2026/06/05 16:05:10 No need/not possible to rewrite:  2
2026/06/05 16:05:10 Failed rewrites:  0
2026/06/05 16:05:10 Start guided execution
2026/06/05 16:05:10 Found 0 rewritten traces
2026/06/05 16:05:10 Create bug reports
2026/06/05 16:05:10 [31mline number out of range[0m
2026/06/05 16:05:10 [32mFound Actual Non-Cyclic Blocking Bug.[0m
2026/06/05 16:05:10 Create statistics
2026/06/05 16:05:10 Finished run for TestCockroach9935
2026/06/05 16:05:10 Parse recorded trace for fuzzing information
2026/06/05 16:05:10 Create mutations
2026/06/05 16:05:10 Create GoPie mutations
2026/06/05 16:05:10 Mutate 0 scheduling chains
2026/06/05 16:05:10 Write 0 mutations to file
2026/06/05 16:05:10 Create statistics
2026/06/05 16:05:10 Current fuzzing queue size: 0
2026/06/05 16:05:10 Remaining fuzzing time: 9:58 min
2026/06/05 16:05:10 Finish fuzzing after 1 runs
2026/06/05 16:05:10 Processing file: /home/advocate/Advocate/Experiments/Advocate/helper/aplas/output/sameElementType/1/blocking/etcd/10492/etcd10492_test.go
2026/06/05 16:05:10 Fuzzing Run:  1
2026/06/05 16:05:10 Create  /home/advocate/Advocate/Experiments/Advocate/helper/aplas/output/sameElementType/1/advocateResult/file(19)-test(1)-etcd10492_test-TestEtcd10492
2026/06/05 16:05:10 Execute Test
2026/06/05 16:09:11 Text executed
2026/06/05 16:09:11 Run the analyzer for /home/advocate/Advocate/Experiments/Advocate/helper/aplas/output/sameElementType/1/blocking/etcd/10492/advocateTrace
2026/06/05 16:09:11 Read trace with 6 elements in 1 routines
2026/06/05 16:09:11 Start Analysis
2026/06/05 16:09:11 Finished HB analysis
2026/06/05 16:09:12 Analysis finished
2026/06/05 16:09:12 Start rewrite
2026/06/05 16:09:12 Finished Rewrite
2026/06/05 16:09:12 Number Results:  4
2026/06/05 16:09:12 Successfully rewrites:  0
2026/06/05 16:09:12 No need/not possible to rewrite:  4
2026/06/05 16:09:12 Failed rewrites:  0
2026/06/05 16:09:12 Start guided execution
2026/06/05 16:09:12 Found 0 rewritten traces
2026/06/05 16:09:12 Create bug reports
2026/06/05 16:09:12 [31mline number out of range[0m
2026/06/05 16:09:12 [32mFound Actual Non-Cyclic Blocking Bug.[0m
2026/06/05 16:09:12 [32mFound Leak on Sync.Mutex.[0m
2026/06/05 16:09:12 Create statistics
2026/06/05 16:09:12 Finished run for TestEtcd10492
2026/06/05 16:09:12 Parse recorded trace for fuzzing information
2026/06/05 16:09:12 Create mutations
2026/06/05 16:09:12 Create GoPie mutations
2026/06/05 16:09:12 Mutate 0 scheduling chains
2026/06/05 16:09:12 Write 0 mutations to file
2026/06/05 16:09:12 Create statistics
2026/06/05 16:09:12 Current fuzzing queue size: 0
2026/06/05 16:09:12 Remaining fuzzing time: 5:58 min
2026/06/05 16:09:12 Finish fuzzing after 1 runs
2026/06/05 16:09:12 Processing file: /home/advocate/Advocate/Experiments/Advocate/helper/aplas/output/sameElementType/1/blocking/etcd/5509/etcd5509_test.go
2026/06/05 16:09:12 Fuzzing Run:  1
2026/06/05 16:09:12 Create  /home/advocate/Advocate/Experiments/Advocate/helper/aplas/output/sameElementType/1/advocateResult/file(20)-test(1)-etcd5509_test-TestEtcd5509
2026/06/05 16:09:12 Execute Test
2026/06/05 16:09:13 Text executed
2026/06/05 16:09:13 Run the analyzer for /home/advocate/Advocate/Experiments/Advocate/helper/aplas/output/sameElementType/1/blocking/etcd/5509/advocateTrace
2026/06/05 16:09:13 Read trace with 15 elements in 2 routines
2026/06/05 16:09:13 Start Analysis
2026/06/05 16:09:13 Finished HB analysis
2026/06/05 16:09:13 Analysis finished
2026/06/05 16:09:13 Start rewrite
2026/06/05 16:09:13 Finished Rewrite
2026/06/05 16:09:13 Number Results:  4
2026/06/05 16:09:13 Successfully rewrites:  0
2026/06/05 16:09:13 No need/not possible to rewrite:  4
2026/06/05 16:09:13 Failed rewrites:  0
2026/06/05 16:09:13 Start guided execution
2026/06/05 16:09:13 Found 0 rewritten traces
2026/06/05 16:09:13 Create bug reports
2026/06/05 16:09:13 [32mFound Possible Mixed Deadlock.[0m
2026/06/05 16:09:13 [31mline number out of range[0m
2026/06/05 16:09:13 [32mFound Leak on Sync.Mutex.[0m
2026/06/05 16:09:13 Create statistics
2026/06/05 16:09:13 Finished run for TestEtcd5509
2026/06/05 16:09:13 Parse recorded trace for fuzzing information
2026/06/05 16:09:13 Create mutations
2026/06/05 16:09:13 Create GoPie mutations
2026/06/05 16:09:13 Mutate 24 scheduling chains
2026/06/05 16:09:13 Write 0 mutations to file
2026/06/05 16:09:13 Create statistics
2026/06/05 16:09:13 Current fuzzing queue size: 0
2026/06/05 16:09:13 Remaining fuzzing time: 9:58 min
2026/06/05 16:09:13 Finish fuzzing after 1 runs
2026/06/05 16:09:13 Processing file: /home/advocate/Advocate/Experiments/Advocate/helper/aplas/output/sameElementType/1/blocking/etcd/6708/etcd6708_test.go
2026/06/05 16:09:13 Fuzzing Run:  1
2026/06/05 16:09:13 Create  /home/advocate/Advocate/Experiments/Advocate/helper/aplas/output/sameElementType/1/advocateResult/file(21)-test(1)-etcd6708_test-TestEtcd6708
2026/06/05 16:09:13 Execute Test
2026/06/05 16:13:14 Text executed
2026/06/05 16:13:14 Run the analyzer for /home/advocate/Advocate/Experiments/Advocate/helper/aplas/output/sameElementType/1/blocking/etcd/6708/advocateTrace
2026/06/05 16:13:14 Read trace with 2 elements in 1 routines
2026/06/05 16:13:14 Start Analysis
2026/06/05 16:13:14 Finished HB analysis
2026/06/05 16:13:14 Analysis finished
2026/06/05 16:13:14 Start rewrite
2026/06/05 16:13:14 Finished Rewrite
2026/06/05 16:13:14 Number Results:  3
2026/06/05 16:13:14 Successfully rewrites:  0
2026/06/05 16:13:14 No need/not possible to rewrite:  3
2026/06/05 16:13:14 Failed rewrites:  0
2026/06/05 16:13:14 Start guided execution
2026/06/05 16:13:14 Found 0 rewritten traces
2026/06/05 16:13:14 Create bug reports
2026/06/05 16:13:14 [31mline number out of range[0m
2026/06/05 16:13:14 [32mFound Actual Non-Cyclic Blocking Bug.[0m
2026/06/05 16:13:14 Create statistics
2026/06/05 16:13:14 Finished run for TestEtcd6708
2026/06/05 16:13:14 Parse recorded trace for fuzzing information
2026/06/05 16:13:14 Create mutations
2026/06/05 16:13:14 Create GoPie mutations
2026/06/05 16:13:14 Mutate 0 scheduling chains
2026/06/05 16:13:14 Write 0 mutations to file
2026/06/05 16:13:14 Create statistics
2026/06/05 16:13:14 Current fuzzing queue size: 0
2026/06/05 16:13:14 Remaining fuzzing time: 5:58 min
2026/06/05 16:13:14 Finish fuzzing after 1 runs
2026/06/05 16:13:14 Processing file: /home/advocate/Advocate/Experiments/Advocate/helper/aplas/output/sameElementType/1/blocking/etcd/6857/etcd6857_test.go
2026/06/05 16:13:14 Fuzzing Run:  1
2026/06/05 16:13:14 Create  /home/advocate/Advocate/Experiments/Advocate/helper/aplas/output/sameElementType/1/advocateResult/file(22)-test(1)-etcd6857_test-TestEtcd6857
2026/06/05 16:13:14 Execute Test
2026/06/05 16:13:15 Text executed
2026/06/05 16:13:15 Run the analyzer for /home/advocate/Advocate/Experiments/Advocate/helper/aplas/output/sameElementType/1/blocking/etcd/6857/advocateTrace
2026/06/05 16:13:15 Read trace with 15 elements in 4 routines
2026/06/05 16:13:15 Start Analysis
2026/06/05 16:13:15 Finished HB analysis
2026/06/05 16:13:15 Analysis finished
2026/06/05 16:13:15 Start rewrite
2026/06/05 16:13:15 Finished Rewrite
2026/06/05 16:13:15 Number Results:  2
2026/06/05 16:13:15 Successfully rewrites:  0
2026/06/05 16:13:15 No need/not possible to rewrite:  2
2026/06/05 16:13:15 Failed rewrites:  0
2026/06/05 16:13:15 Start guided execution
2026/06/05 16:13:15 Found 0 rewritten traces
2026/06/05 16:13:15 Create bug reports
2026/06/05 16:13:15 [31mline number out of range[0m
2026/06/05 16:13:15 [32mFound Actual Non-Cyclic Blocking Bug.[0m
2026/06/05 16:13:15 Create statistics
2026/06/05 16:13:15 Finished run for TestEtcd6857
2026/06/05 16:13:15 Parse recorded trace for fuzzing information
2026/06/05 16:13:15 Create mutations
2026/06/05 16:13:15 Create GoPie mutations
2026/06/05 16:13:15 Mutate 24 scheduling chains
2026/06/05 16:13:15 Write 1 special mutation to file
2026/06/05 16:13:15 Write 0 mutations to file
2026/06/05 16:13:15 Create statistics
2026/06/05 16:13:15 Current fuzzing queue size: 0
2026/06/05 16:13:15 Remaining fuzzing time: 9:58 min
2026/06/05 16:13:15 Finish fuzzing after 1 runs
2026/06/05 16:13:15 Processing file: /home/advocate/Advocate/Experiments/Advocate/helper/aplas/output/sameElementType/1/blocking/etcd/6873/etcd6873_test.go
2026/06/05 16:13:15 Fuzzing Run:  1
2026/06/05 16:13:15 Create  /home/advocate/Advocate/Experiments/Advocate/helper/aplas/output/sameElementType/1/advocateResult/file(23)-test(1)-etcd6873_test-TestEtcd
2026/06/05 16:13:15 Execute Test
2026/06/05 16:13:16 Text executed
2026/06/05 16:13:16 Run the analyzer for /home/advocate/Advocate/Experiments/Advocate/helper/aplas/output/sameElementType/1/blocking/etcd/6873/advocateTrace
2026/06/05 16:13:16 Read trace with 11 elements in 3 routines
2026/06/05 16:13:16 Start Analysis
2026/06/05 16:13:16 Finished HB analysis
2026/06/05 16:13:16 Analysis finished
2026/06/05 16:13:16 Start rewrite
2026/06/05 16:13:16 Finished Rewrite
2026/06/05 16:13:16 Number Results:  2
2026/06/05 16:13:16 Successfully rewrites:  0
2026/06/05 16:13:16 No need/not possible to rewrite:  2
2026/06/05 16:13:16 Failed rewrites:  0
2026/06/05 16:13:16 Start guided execution
2026/06/05 16:13:16 Found 0 rewritten traces
2026/06/05 16:13:16 Create bug reports
2026/06/05 16:13:16 [31mline number out of range[0m
2026/06/05 16:13:16 [32mFound Actual Non-Cyclic Blocking Bug.[0m
2026/06/05 16:13:16 [32mFound Actual Cyclic Deadlock.[0m
2026/06/05 16:13:16 Create statistics
2026/06/05 16:13:16 Finished run for TestEtcd
2026/06/05 16:13:16 Parse recorded trace for fuzzing information
2026/06/05 16:13:16 Create mutations
2026/06/05 16:13:16 Create GoPie mutations
2026/06/05 16:13:16 Mutate 24 scheduling chains
2026/06/05 16:13:16 Write 0 mutations to file
2026/06/05 16:13:16 Create statistics
2026/06/05 16:13:16 Current fuzzing queue size: 0
2026/06/05 16:13:16 Remaining fuzzing time: 9:58 min
2026/06/05 16:13:16 Finish fuzzing after 1 runs
2026/06/05 16:13:16 Processing file: /home/advocate/Advocate/Experiments/Advocate/helper/aplas/output/sameElementType/1/blocking/etcd/7443/etcd7443_test.go
2026/06/05 16:13:16 Fuzzing Run:  1
2026/06/05 16:13:16 Create  /home/advocate/Advocate/Experiments/Advocate/helper/aplas/output/sameElementType/1/advocateResult/file(24)-test(1)-etcd7443_test-TestEtcd7443
2026/06/05 16:13:16 Execute Test
2026/06/05 16:13:17 Text executed
2026/06/05 16:13:17 Run the analyzer for /home/advocate/Advocate/Experiments/Advocate/helper/aplas/output/sameElementType/1/blocking/etcd/7443/advocateTrace
2026/06/05 16:13:17 Read trace with 29 elements in 4 routines
2026/06/05 16:13:17 Start Analysis
2026/06/05 16:13:17 Finished HB analysis
2026/06/05 16:13:17 Analysis finished
2026/06/05 16:13:17 Start rewrite
2026/06/05 16:13:17 Finished Rewrite
2026/06/05 16:13:17 Number Results:  2
2026/06/05 16:13:17 Successfully rewrites:  0
2026/06/05 16:13:17 No need/not possible to rewrite:  2
2026/06/05 16:13:17 Failed rewrites:  0
2026/06/05 16:13:17 Start guided execution
2026/06/05 16:13:17 Found 0 rewritten traces
2026/06/05 16:13:17 Create bug reports
2026/06/05 16:13:17 [31mline number out of range[0m
2026/06/05 16:13:17 [32mFound Actual Cyclic Deadlock.[0m
2026/06/05 16:13:17 Create statistics
2026/06/05 16:13:17 Finished run for TestEtcd7443
2026/06/05 16:13:17 Parse recorded trace for fuzzing information
2026/06/05 16:13:17 Create mutations
2026/06/05 16:13:17 Create GoPie mutations
2026/06/05 16:13:17 Mutate 24 scheduling chains
2026/06/05 16:13:17 Write 0 mutations to file
2026/06/05 16:13:17 Create statistics
2026/06/05 16:13:17 Current fuzzing queue size: 0
2026/06/05 16:13:17 Remaining fuzzing time: 9:58 min
2026/06/05 16:13:17 Finish fuzzing after 1 runs
2026/06/05 16:13:17 Processing file: /home/advocate/Advocate/Experiments/Advocate/helper/aplas/output/sameElementType/1/blocking/etcd/7492/etcd7492_test.go
2026/06/05 16:13:17 Fuzzing Run:  1
2026/06/05 16:13:17 Create  /home/advocate/Advocate/Experiments/Advocate/helper/aplas/output/sameElementType/1/advocateResult/file(25)-test(1)-etcd7492_test-TestEtcd7492
2026/06/05 16:13:17 Execute Test
2026/06/05 16:13:18 Text executed
2026/06/05 16:13:18 Run the analyzer for /home/advocate/Advocate/Experiments/Advocate/helper/aplas/output/sameElementType/1/blocking/etcd/7492/advocateTrace
2026/06/05 16:13:18 Read trace with 51 elements in 5 routines
2026/06/05 16:13:18 Start Analysis
2026/06/05 16:13:18 Finished HB analysis
2026/06/05 16:13:18 Analysis finished
2026/06/05 16:13:18 Start rewrite
2026/06/05 16:13:18 Finished Rewrite
2026/06/05 16:13:18 Number Results:  2
2026/06/05 16:13:18 Successfully rewrites:  0
2026/06/05 16:13:18 No need/not possible to rewrite:  2
2026/06/05 16:13:18 Failed rewrites:  0
2026/06/05 16:13:18 Start guided execution
2026/06/05 16:13:18 Found 0 rewritten traces
2026/06/05 16:13:18 Create bug reports
2026/06/05 16:13:18 [31mline number out of range[0m
2026/06/05 16:13:18 Create statistics
2026/06/05 16:13:18 Finished run for TestEtcd7492
2026/06/05 16:13:18 Parse recorded trace for fuzzing information
2026/06/05 16:13:18 Create mutations
2026/06/05 16:13:18 Create GoPie mutations
2026/06/05 16:13:18 Mutate 24 scheduling chains
2026/06/05 16:13:18 Write 0 mutations to file
2026/06/05 16:13:18 Create statistics
2026/06/05 16:13:18 Current fuzzing queue size: 0
2026/06/05 16:13:18 Remaining fuzzing time: 9:58 min
2026/06/05 16:13:18 Finish fuzzing after 1 runs
2026/06/05 16:13:18 Processing file: /home/advocate/Advocate/Experiments/Advocate/helper/aplas/output/sameElementType/1/blocking/etcd/7902/etcd7902_test.go
2026/06/05 16:13:18 Fuzzing Run:  1
2026/06/05 16:13:18 Create  /home/advocate/Advocate/Experiments/Advocate/helper/aplas/output/sameElementType/1/advocateResult/file(26)-test(1)-etcd7902_test-TestEtcd7902
2026/06/05 16:13:18 Execute Test
2026/06/05 16:13:20 Text executed
2026/06/05 16:13:20 Run the analyzer for /home/advocate/Advocate/Experiments/Advocate/helper/aplas/output/sameElementType/1/blocking/etcd/7902/advocateTrace
2026/06/05 16:13:20 Read trace with 16 elements in 5 routines
2026/06/05 16:13:20 Start Analysis
2026/06/05 16:13:20 Finished HB analysis
2026/06/05 16:13:20 Analysis finished
2026/06/05 16:13:20 Start rewrite
2026/06/05 16:13:20 Finished Rewrite
2026/06/05 16:13:20 Number Results:  2
2026/06/05 16:13:20 Successfully rewrites:  0
2026/06/05 16:13:20 No need/not possible to rewrite:  2
2026/06/05 16:13:20 Failed rewrites:  0
2026/06/05 16:13:20 Start guided execution
2026/06/05 16:13:20 Found 0 rewritten traces
2026/06/05 16:13:20 Create bug reports
2026/06/05 16:13:20 [31mline number out of range[0m
2026/06/05 16:13:20 [32mFound Actual Non-Cyclic Blocking Bug.[0m
2026/06/05 16:13:20 Create statistics
2026/06/05 16:13:20 Finished run for TestEtcd7902
2026/06/05 16:13:20 Parse recorded trace for fuzzing information
2026/06/05 16:13:20 Create mutations
2026/06/05 16:13:20 Create GoPie mutations
2026/06/05 16:13:20 Mutate 24 scheduling chains
2026/06/05 16:13:20 Write 0 mutations to file
2026/06/05 16:13:20 Create statistics
2026/06/05 16:13:20 Current fuzzing queue size: 0
2026/06/05 16:13:20 Remaining fuzzing time: 9:58 min
2026/06/05 16:13:20 Finish fuzzing after 1 runs
2026/06/05 16:13:20 Processing file: /home/advocate/Advocate/Experiments/Advocate/helper/aplas/output/sameElementType/1/blocking/grpc/1275/grpc1275_test.go
2026/06/05 16:13:20 Fuzzing Run:  1
2026/06/05 16:13:20 Create  /home/advocate/Advocate/Experiments/Advocate/helper/aplas/output/sameElementType/1/advocateResult/file(27)-test(1)-grpc1275_test-TestGrpc1293
2026/06/05 16:13:20 Execute Test
2026/06/05 16:13:21 Text executed
2026/06/05 16:13:21 Run the analyzer for /home/advocate/Advocate/Experiments/Advocate/helper/aplas/output/sameElementType/1/blocking/grpc/1275/advocateTrace
2026/06/05 16:13:21 Read trace with 6 elements in 2 routines
2026/06/05 16:13:21 Start Analysis
2026/06/05 16:13:21 Finished HB analysis
2026/06/05 16:13:21 Analysis finished
2026/06/05 16:13:21 Start rewrite
2026/06/05 16:13:21 Finished Rewrite
2026/06/05 16:13:21 Number Results:  2
2026/06/05 16:13:21 Successfully rewrites:  0
2026/06/05 16:13:21 No need/not possible to rewrite:  2
2026/06/05 16:13:21 Failed rewrites:  0
2026/06/05 16:13:21 Start guided execution
2026/06/05 16:13:21 Found 0 rewritten traces
2026/06/05 16:13:21 Create bug reports
2026/06/05 16:13:21 [31mline number out of range[0m
2026/06/05 16:13:21 [32mFound Actual Non-Cyclic Blocking Bug.[0m
2026/06/05 16:13:21 Create statistics
2026/06/05 16:13:21 Finished run for TestGrpc1293
2026/06/05 16:13:21 Parse recorded trace for fuzzing information
2026/06/05 16:13:21 Create mutations
2026/06/05 16:13:21 Create GoPie mutations
2026/06/05 16:13:21 Mutate 0 scheduling chains
2026/06/05 16:13:21 Write 0 mutations to file
2026/06/05 16:13:21 Create statistics
2026/06/05 16:13:21 Current fuzzing queue size: 0
2026/06/05 16:13:21 Remaining fuzzing time: 9:58 min
2026/06/05 16:13:21 Finish fuzzing after 1 runs
2026/06/05 16:13:21 Processing file: /home/advocate/Advocate/Experiments/Advocate/helper/aplas/output/sameElementType/1/blocking/grpc/1353/grpc1353_test.go
2026/06/05 16:13:21 Fuzzing Run:  1
2026/06/05 16:13:21 Create  /home/advocate/Advocate/Experiments/Advocate/helper/aplas/output/sameElementType/1/advocateResult/file(28)-test(1)-grpc1353_test-TestGrpc1353
2026/06/05 16:13:21 Execute Test
2026/06/05 16:13:22 Text executed
2026/06/05 16:13:22 Run the analyzer for /home/advocate/Advocate/Experiments/Advocate/helper/aplas/output/sameElementType/1/blocking/grpc/1353/advocateTrace
2026/06/05 16:13:22 Read trace with 15 elements in 4 routines
2026/06/05 16:13:22 Start Analysis
2026/06/05 16:13:22 Finished HB analysis
2026/06/05 16:13:22 Analysis finished
2026/06/05 16:13:22 Start rewrite
2026/06/05 16:13:22 Finished Rewrite
2026/06/05 16:13:22 Number Results:  2
2026/06/05 16:13:22 Successfully rewrites:  0
2026/06/05 16:13:22 No need/not possible to rewrite:  2
2026/06/05 16:13:22 Failed rewrites:  0
2026/06/05 16:13:22 Start guided execution
2026/06/05 16:13:22 Found 0 rewritten traces
2026/06/05 16:13:22 Create bug reports
2026/06/05 16:13:22 [31mline number out of range[0m
2026/06/05 16:13:22 [32mFound Actual Non-Cyclic Blocking Bug.[0m
2026/06/05 16:13:22 [32mFound Actual Cyclic Deadlock.[0m
2026/06/05 16:13:22 Create statistics
2026/06/05 16:13:22 Finished run for TestGrpc1353
2026/06/05 16:13:22 Parse recorded trace for fuzzing information
2026/06/05 16:13:22 Create mutations
2026/06/05 16:13:22 Create GoPie mutations
2026/06/05 16:13:22 Mutate 24 scheduling chains
2026/06/05 16:13:22 Write 0 mutations to file
2026/06/05 16:13:22 Create statistics
2026/06/05 16:13:22 Current fuzzing queue size: 0
2026/06/05 16:13:22 Remaining fuzzing time: 9:58 min
2026/06/05 16:13:22 Finish fuzzing after 1 runs
2026/06/05 16:13:22 Processing file: /home/advocate/Advocate/Experiments/Advocate/helper/aplas/output/sameElementType/1/blocking/grpc/1424/grpc1424_test.go
2026/06/05 16:13:22 Fuzzing Run:  1
2026/06/05 16:13:22 Create  /home/advocate/Advocate/Experiments/Advocate/helper/aplas/output/sameElementType/1/advocateResult/file(29)-test(1)-grpc1424_test-TestGrpc1424
2026/06/05 16:13:22 Execute Test
2026/06/05 16:13:23 Text executed
2026/06/05 16:13:23 Run the analyzer for /home/advocate/Advocate/Experiments/Advocate/helper/aplas/output/sameElementType/1/blocking/grpc/1424/advocateTrace
2026/06/05 16:13:23 Read trace with 13 elements in 5 routines
2026/06/05 16:13:23 Start Analysis
2026/06/05 16:13:23 Finished HB analysis
2026/06/05 16:13:23 Analysis finished
2026/06/05 16:13:23 Start rewrite
2026/06/05 16:13:23 Finished Rewrite
2026/06/05 16:13:23 Number Results:  2
2026/06/05 16:13:23 Successfully rewrites:  0
2026/06/05 16:13:23 No need/not possible to rewrite:  2
2026/06/05 16:13:23 Failed rewrites:  0
2026/06/05 16:13:23 Start guided execution
2026/06/05 16:13:23 Found 0 rewritten traces
2026/06/05 16:13:23 Create bug reports
2026/06/05 16:13:23 [31mline number out of range[0m
2026/06/05 16:13:23 [31mline number out of range[0m
2026/06/05 16:13:23 [32mFound Actual Non-Cyclic Blocking Bug.[0m
2026/06/05 16:13:23 [32mFound Actual Cyclic Deadlock.[0m
2026/06/05 16:13:23 Create statistics
2026/06/05 16:13:23 Finished run for TestGrpc1424
2026/06/05 16:13:23 Parse recorded trace for fuzzing information
2026/06/05 16:13:23 Create mutations
2026/06/05 16:13:23 Create GoPie mutations
2026/06/05 16:13:23 Mutate 24 scheduling chains
2026/06/05 16:13:23 Write 0 mutations to file
2026/06/05 16:13:23 Create statistics
2026/06/05 16:13:23 Current fuzzing queue size: 0
2026/06/05 16:13:23 Remaining fuzzing time: 9:58 min
2026/06/05 16:13:23 Finish fuzzing after 1 runs
2026/06/05 16:13:23 Processing file: /home/advocate/Advocate/Experiments/Advocate/helper/aplas/output/sameElementType/1/blocking/grpc/1460/grpc1460_test.go
2026/06/05 16:13:23 Fuzzing Run:  1
2026/06/05 16:13:23 Create  /home/advocate/Advocate/Experiments/Advocate/helper/aplas/output/sameElementType/1/advocateResult/file(30)-test(1)-grpc1460_test-TestGrpc1460
2026/06/05 16:13:23 Execute Test
2026/06/05 16:13:24 Text executed
2026/06/05 16:13:24 Run the analyzer for /home/advocate/Advocate/Experiments/Advocate/helper/aplas/output/sameElementType/1/blocking/grpc/1460/advocateTrace
2026/06/05 16:13:24 Read trace with 11 elements in 3 routines
2026/06/05 16:13:24 Start Analysis
2026/06/05 16:13:24 Finished HB analysis
2026/06/05 16:13:24 Analysis finished
2026/06/05 16:13:24 Start rewrite
2026/06/05 16:13:24 Finished Rewrite
2026/06/05 16:13:24 Number Results:  2
2026/06/05 16:13:24 Successfully rewrites:  0
2026/06/05 16:13:24 No need/not possible to rewrite:  2
2026/06/05 16:13:24 Failed rewrites:  0
2026/06/05 16:13:24 Start guided execution
2026/06/05 16:13:24 Found 0 rewritten traces
2026/06/05 16:13:24 Create bug reports
2026/06/05 16:13:24 [31mline number out of range[0m
2026/06/05 16:13:24 [31mline number out of range[0m
2026/06/05 16:13:24 [32mFound Actual Non-Cyclic Blocking Bug.[0m
2026/06/05 16:13:24 Create statistics
2026/06/05 16:13:24 Finished run for TestGrpc1460
2026/06/05 16:13:24 Parse recorded trace for fuzzing information
2026/06/05 16:13:24 Create mutations
2026/06/05 16:13:24 Create GoPie mutations
2026/06/05 16:13:24 Mutate 24 scheduling chains
2026/06/05 16:13:24 Write 0 mutations to file
2026/06/05 16:13:24 Create statistics
2026/06/05 16:13:24 Current fuzzing queue size: 0
2026/06/05 16:13:24 Remaining fuzzing time: 9:58 min
2026/06/05 16:13:24 Finish fuzzing after 1 runs
2026/06/05 16:13:24 Processing file: /home/advocate/Advocate/Experiments/Advocate/helper/aplas/output/sameElementType/1/blocking/grpc/3017/grpc3017_test.go
2026/06/05 16:13:24 Fuzzing Run:  1
2026/06/05 16:13:24 Create  /home/advocate/Advocate/Experiments/Advocate/helper/aplas/output/sameElementType/1/advocateResult/file(31)-test(1)-grpc3017_test-TestGrpc3017
2026/06/05 16:13:24 Execute Test
2026/06/05 16:16:49 [31mNot enough RAM[0m
2026/06/05 16:16:49 goroutine 17 [running]:
advocate/utils/control.printAllGoroutines()
	/home/advocate/Advocate/Experiments/Advocate/advocate/utils/control/utils.go:20 +0x3d
advocate/utils/control.cancelRAM(0x77cd50, 0x77cd48, 0x77cd58)
	/home/advocate/Advocate/Experiments/Advocate/advocate/utils/control/memory.go:109 +0x6e
advocate/utils/control.Supervisor(0x77cd50, 0x77cd48, 0x77cd58)
	/home/advocate/Advocate/Experiments/Advocate/advocate/utils/control/memory.go:79 +0x12f
created by advocate/run.Run in goroutine 1
	/home/advocate/Advocate/Experiments/Advocate/advocate/run/run.go:63 +0x26f

goroutine 1 [syscall, 3 minutes]:
syscall.Syscall6(0xf7, 0x3, 0x9, 0x18e0bc90b1c8, 0x4, 0x18e0bba05320, 0x0)
	/usr/lib/go-1.26/src/syscall/syscall_linux.go:96 +0x39
internal/syscall/unix.Waitid(0x4f436d?, 0x18e0bae00080?, 0x0?, 0x18e0baeb0e00?, 0x7?)
	/usr/lib/go-1.26/src/internal/syscall/unix/waitid_linux.go:18 +0x39
os.(*Process).pidfdWait.func1(...)
	/usr/lib/go-1.26/src/os/pidfd_linux.go:108
os.ignoringEINTR(...)
	/usr/lib/go-1.26/src/os/file_posix.go:256
os.(*Process).pidfdWait(0x18e0bad79440)
	/usr/lib/go-1.26/src/os/pidfd_linux.go:107 +0x1c7
os.(*Process).wait(0x18e0bc76e340?)
	/usr/lib/go-1.26/src/os/exec_unix.go:25 +0x1a
os.(*Process).Wait(...)
	/usr/lib/go-1.26/src/os/exec.go:346
os/exec.(*Cmd).Wait(0x18e0bc76e340)
	/usr/lib/go-1.26/src/os/exec/exec.go:930 +0x45
os/exec.(*Cmd).Run(0x18e0bc76e340)
	/usr/lib/go-1.26/src/os/exec/exec.go:632 +0x2d
advocate/utils/command.RunCommand(0x18e0bacb0060, 0x18e0bacb0068, 0x18e0bae00040?, {0x18e0bae00080, 0x3b}, {0x18e0bc90b550, 0x6, 0x6})
	/home/advocate/Advocate/Experiments/Advocate/advocate/utils/command/runCommands.go:66 +0x20f
advocate/toolchain.unitTestRecord({0x18e0bc818090, 0x14}, {0x18e0bc7f9100, 0x76}, {0x18e0bc81e57c, 0xc}, 0x0, {0x0, 0x0}, {0x75faa9, ...}, ...)
	/home/advocate/Advocate/Experiments/Advocate/advocate/toolchain/fullWorkflowUnit.go:572 +0x550
advocate/toolchain.unitTestFullWorkflow({0x18e0bae00000?, 0x2c}, {0x7ffc390320ff, 0x52}, 0x1, 0x1, 0x1, {0x18e0bc81e57c, 0xc}, {0x18e0bc818090, ...}, ...)
	/home/advocate/Advocate/Experiments/Advocate/advocate/toolchain/fullWorkflowUnit.go:470 +0x51a
advocate/toolchain.runWorkflowUnit({0x7ffc390320ff, 0x52}, 0x1, 0x1, 0x1, {0x18e0baf34380, 0x76}, 0x0, {0x0, 0x0}, ...)
	/home/advocate/Advocate/Experiments/Advocate/advocate/toolchain/fullWorkflowUnit.go:171 +0x1190
advocate/toolchain.Run({0x75dd74, 0x4}, {0x18e0baf34380, 0x76}, 0x1, 0x1, 0x1, 0x0, {0x0, 0x0}, ...)
	/home/advocate/Advocate/Experiments/Advocate/advocate/toolchain/toolchain.go:72 +0x389
advocate/fuzzing.runFuzzing({0x18e0baf34380, 0x76}, 0x0, 0x1f, 0x1)
	/home/advocate/Advocate/Experiments/Advocate/advocate/fuzzing/fuzzing.go:217 +0x57b
advocate/fuzzing.Fuzzing()
	/home/advocate/Advocate/Experiments/Advocate/advocate/fuzzing/fuzzing.go:135 +0xea5
advocate/run.modeFuzzing()
	/home/advocate/Advocate/Experiments/Advocate/advocate/run/modes.go:34 +0x5e
advocate/run.Run()
	/home/advocate/Advocate/Experiments/Advocate/advocate/run/run.go:100 +0x5b5
main.main()
	/home/advocate/Advocate/Experiments/Advocate/advocate/main.go:28 +0x1c

goroutine 293 [select, 3 minutes]:
os/exec.(*Cmd).watchCtx(0x18e0bc76e340, 0x18e0bc81ad90)
	/usr/lib/go-1.26/src/os/exec/exec.go:797 +0xb1
created by os/exec.(*Cmd).Start in goroutine 1
	/usr/lib/go-1.26/src/os/exec/exec.go:783 +0x8f5
2026/06/05 16:16:49 Text executed
2026/06/05 16:16:49 Run the analyzer for /home/advocate/Advocate/Experiments/Advocate/helper/aplas/output/sameElementType/1/blocking/grpc/3017/advocateTrace
2026/06/05 16:16:49 Trace at /home/advocate/Advocate/Experiments/Advocate/helper/aplas/output/sameElementType/1/blocking/grpc/3017/advocateTrace does not contain any elements
2026/06/05 16:16:49 Read trace with 0 elements in 0 routines
2026/06/05 16:16:49 Start Analysis
2026/06/05 16:16:49 Finished HB analysis
2026/06/05 16:16:49 [31mAnalysis was canceled due to insufficient RAM[0m
2026/06/05 16:16:49 Create statistics
2026/06/05 16:16:49 Finished run for TestGrpc3017
2026/06/05 16:16:49 Parse recorded trace for fuzzing information
2026/06/05 16:16:49 [31mFuzzing run was canceled due to memory[0m
2026/06/05 16:16:49 Finish fuzzing after 1 runs
2026/06/05 16:16:49 Processing file: /home/advocate/Advocate/Experiments/Advocate/helper/aplas/output/sameElementType/1/blocking/grpc/660/grpc660_test.go
2026/06/05 16:16:49 [31mWait RAM[0m
2026/06/05 16:16:55 [31mWait RAM[0m
2026/06/05 16:16:56 [33mRAM Reset[0m
2026/06/05 16:17:01 Fuzzing Run:  1
2026/06/05 16:17:01 Create  /home/advocate/Advocate/Experiments/Advocate/helper/aplas/output/sameElementType/1/advocateResult/file(32)-test(1)-grpc660_test-TestGrpc660
2026/06/05 16:17:01 Execute Test
2026/06/05 16:17:02 Text executed
2026/06/05 16:17:02 Run the analyzer for /home/advocate/Advocate/Experiments/Advocate/helper/aplas/output/sameElementType/1/blocking/grpc/660/advocateTrace
2026/06/05 16:17:02 Read trace with 11 elements in 4 routines
2026/06/05 16:17:02 Start Analysis
2026/06/05 16:17:02 Finished HB analysis
2026/06/05 16:17:02 Analysis finished
2026/06/05 16:17:02 Start rewrite
2026/06/05 16:17:02 Finished Rewrite
2026/06/05 16:17:02 Number Results:  2
2026/06/05 16:17:02 Successfully rewrites:  0
2026/06/05 16:17:02 No need/not possible to rewrite:  2
2026/06/05 16:17:02 Failed rewrites:  0
2026/06/05 16:17:02 Start guided execution
2026/06/05 16:17:02 Found 0 rewritten traces
2026/06/05 16:17:02 Create bug reports
2026/06/05 16:17:02 [31mline number out of range[0m
2026/06/05 16:17:02 [31mline number out of range[0m
2026/06/05 16:17:02 [32mFound Actual Non-Cyclic Blocking Bug.[0m
2026/06/05 16:17:02 Create statistics
2026/06/05 16:17:02 Finished run for TestGrpc660
2026/06/05 16:17:02 Parse recorded trace for fuzzing information
2026/06/05 16:17:02 Create mutations
2026/06/05 16:17:02 Create GoPie mutations
2026/06/05 16:17:02 Mutate 0 scheduling chains
2026/06/05 16:17:02 Write 0 mutations to file
2026/06/05 16:17:02 Create statistics
2026/06/05 16:17:02 Current fuzzing queue size: 0
2026/06/05 16:17:02 Remaining fuzzing time: 9:58 min
2026/06/05 16:17:02 Finish fuzzing after 1 runs
2026/06/05 16:17:02 Processing file: /home/advocate/Advocate/Experiments/Advocate/helper/aplas/output/sameElementType/1/blocking/grpc/795/grpc795_test.go
2026/06/05 16:17:02 Fuzzing Run:  1
2026/06/05 16:17:02 Create  /home/advocate/Advocate/Experiments/Advocate/helper/aplas/output/sameElementType/1/advocateResult/file(33)-test(1)-grpc795_test-TestGrpc795
2026/06/05 16:17:02 Execute Test
2026/06/05 16:18:30 [31mNot enough RAM[0m
2026/06/05 16:18:30 goroutine 17 [running]:
advocate/utils/control.printAllGoroutines()
	/home/advocate/Advocate/Experiments/Advocate/advocate/utils/control/utils.go:20 +0x3d
advocate/utils/control.cancelRAM(0x77cd50, 0x77cd48, 0x77cd58)
	/home/advocate/Advocate/Experiments/Advocate/advocate/utils/control/memory.go:109 +0x6e
advocate/utils/control.Supervisor(0x77cd50, 0x77cd48, 0x77cd58)
	/home/advocate/Advocate/Experiments/Advocate/advocate/utils/control/memory.go:79 +0x12f
created by advocate/run.Run in goroutine 1
	/home/advocate/Advocate/Experiments/Advocate/advocate/run/run.go:63 +0x26f

goroutine 1 [syscall]:
syscall.Syscall6(0xf7, 0x3, 0x9, 0x18e0bb7431c8, 0x4, 0x18e0bbd86090, 0x0)
	/usr/lib/go-1.26/src/syscall/syscall_linux.go:96 +0x39
internal/syscall/unix.Waitid(0x4f436d?, 0x18e0bae00080?, 0x0?, 0x18e0baeb1a40?, 0x7?)
	/usr/lib/go-1.26/src/internal/syscall/unix/waitid_linux.go:18 +0x39
os.(*Process).pidfdWait.func1(...)
	/usr/lib/go-1.26/src/os/pidfd_linux.go:108
os.ignoringEINTR(...)
	/usr/lib/go-1.26/src/os/file_posix.go:256
os.(*Process).pidfdWait(0x18e0bbaa7680)
	/usr/lib/go-1.26/src/os/pidfd_linux.go:107 +0x1c7
os.(*Process).wait(0x18e0bb982820?)
	/usr/lib/go-1.26/src/os/exec_unix.go:25 +0x1a
os.(*Process).Wait(...)
	/usr/lib/go-1.26/src/os/exec.go:346
os/exec.(*Cmd).Wait(0x18e0bb982820)
	/usr/lib/go-1.26/src/os/exec/exec.go:930 +0x45
os/exec.(*Cmd).Run(0x18e0bb982820)
	/usr/lib/go-1.26/src/os/exec/exec.go:632 +0x2d
advocate/utils/command.RunCommand(0x18e0bacb0060, 0x18e0bacb0068, 0x18e0bae00040?, {0x18e0bae00080, 0x3b}, {0x18e0bb743550, 0x6, 0x6})
	/home/advocate/Advocate/Experiments/Advocate/advocate/utils/command/runCommands.go:66 +0x20f
advocate/toolchain.unitTestRecord({0x18e0bbab6960, 0x13}, {0x18e0bbbdd500, 0x74}, {0x18e0bb45d2fc, 0xb}, 0x0, {0x0, 0x0}, {0x75faa9, ...}, ...)
	/home/advocate/Advocate/Experiments/Advocate/advocate/toolchain/fullWorkflowUnit.go:572 +0x550
advocate/toolchain.unitTestFullWorkflow({0x18e0bae00000?, 0x2c}, {0x7ffc390320ff, 0x52}, 0x1, 0x1, 0x1, {0x18e0bb45d2fc, 0xb}, {0x18e0bbab6960, ...}, ...)
	/home/advocate/Advocate/Experiments/Advocate/advocate/toolchain/fullWorkflowUnit.go:470 +0x51a
advocate/toolchain.runWorkflowUnit({0x7ffc390320ff, 0x52}, 0x1, 0x1, 0x1, {0x18e0baf34580, 0x74}, 0x0, {0x0, 0x0}, ...)
	/home/advocate/Advocate/Experiments/Advocate/advocate/toolchain/fullWorkflowUnit.go:171 +0x1190
advocate/toolchain.Run({0x75dd74, 0x4}, {0x18e0baf34580, 0x74}, 0x1, 0x1, 0x1, 0x0, {0x0, 0x0}, ...)
	/home/advocate/Advocate/Experiments/Advocate/advocate/toolchain/toolchain.go:72 +0x389
advocate/fuzzing.runFuzzing({0x18e0baf34580, 0x74}, 0x0, 0x21, 0x1)
	/home/advocate/Advocate/Experiments/Advocate/advocate/fuzzing/fuzzing.go:217 +0x57b
advocate/fuzzing.Fuzzing()
	/home/advocate/Advocate/Experiments/Advocate/advocate/fuzzing/fuzzing.go:135 +0xea5
advocate/run.modeFuzzing()
	/home/advocate/Advocate/Experiments/Advocate/advocate/run/modes.go:34 +0x5e
advocate/run.Run()
	/home/advocate/Advocate/Experiments/Advocate/advocate/run/run.go:100 +0x5b5
main.main()
	/home/advocate/Advocate/Experiments/Advocate/advocate/main.go:28 +0x1c

goroutine 297 [select]:
os/exec.(*Cmd).watchCtx(0x18e0bb982820, 0x18e0bbc272d0)
	/usr/lib/go-1.26/src/os/exec/exec.go:797 +0xb1
created by os/exec.(*Cmd).Start in goroutine 1
	/usr/lib/go-1.26/src/os/exec/exec.go:783 +0x8f5
2026/06/05 16:18:30 Text executed
2026/06/05 16:18:30 Run the analyzer for /home/advocate/Advocate/Experiments/Advocate/helper/aplas/output/sameElementType/1/blocking/grpc/795/advocateTrace
2026/06/05 16:18:30 Trace at /home/advocate/Advocate/Experiments/Advocate/helper/aplas/output/sameElementType/1/blocking/grpc/795/advocateTrace does not contain any elements
2026/06/05 16:18:30 Read trace with 0 elements in 0 routines
2026/06/05 16:18:30 Start Analysis
2026/06/05 16:18:30 Finished HB analysis
2026/06/05 16:18:30 [31mAnalysis was canceled due to insufficient RAM[0m
2026/06/05 16:18:30 Create statistics
2026/06/05 16:18:30 Finished run for TestGrpc795
2026/06/05 16:18:30 Parse recorded trace for fuzzing information
2026/06/05 16:18:30 [31mFuzzing run was canceled due to memory[0m
2026/06/05 16:18:30 Finish fuzzing after 1 runs
2026/06/05 16:18:30 Processing file: /home/advocate/Advocate/Experiments/Advocate/helper/aplas/output/sameElementType/1/blocking/grpc/862/grpc862_test.go
2026/06/05 16:18:30 [31mWait RAM[0m
2026/06/05 16:18:36 [31mWait RAM[0m
2026/06/05 16:18:37 [33mRAM Reset[0m
2026/06/05 16:18:42 Fuzzing Run:  1
2026/06/05 16:18:42 Create  /home/advocate/Advocate/Experiments/Advocate/helper/aplas/output/sameElementType/1/advocateResult/file(34)-test(1)-grpc862_test-TestGrpc862
2026/06/05 16:18:42 Execute Test
2026/06/05 16:18:47 Text executed
2026/06/05 16:18:47 Run the analyzer for /home/advocate/Advocate/Experiments/Advocate/helper/aplas/output/sameElementType/1/blocking/grpc/862/advocateTrace
2026/06/05 16:18:47 Read trace with 152676 elements in 28 routines
2026/06/05 16:18:47 Start Analysis
2026/06/05 16:18:48 Finished HB analysis
2026/06/05 16:19:52 [31mNot enough RAM[0m
2026/06/05 16:19:52 goroutine 17 [running]:
advocate/utils/control.printAllGoroutines()
	/home/advocate/Advocate/Experiments/Advocate/advocate/utils/control/utils.go:20 +0x3d
advocate/utils/control.cancelRAM(0x77cd50, 0x77cd48, 0x77cd58)
	/home/advocate/Advocate/Experiments/Advocate/advocate/utils/control/memory.go:109 +0x6e
advocate/utils/control.Supervisor(0x77cd50, 0x77cd48, 0x77cd58)
	/home/advocate/Advocate/Experiments/Advocate/advocate/utils/control/memory.go:79 +0x12f
created by advocate/run.Run in goroutine 1
	/home/advocate/Advocate/Experiments/Advocate/advocate/run/run.go:63 +0x26f

goroutine 1 [runnable]:
advocate/trace.(*ElementSelect).GetTID(0x18e0c0a07680)
	/home/advocate/Advocate/Experiments/Advocate/advocate/trace/select.go:301 +0x108
advocate/analysis/analysis/scenarios.CheckForSelectCaseWithPartner()
	/home/advocate/Advocate/Experiments/Advocate/advocate/analysis/analysis/scenarios/selectPartner.go:35 +0x1ed
advocate/analysis/analysis.RunHBAnalysis(0x1)
	/home/advocate/Advocate/Experiments/Advocate/advocate/analysis/analysis/analysis.go:221 +0xb74
advocate/analysis/analysis.RunAnalysis(0x1)
	/home/advocate/Advocate/Experiments/Advocate/advocate/analysis/analysis/analysis.go:63 +0x105
advocate/toolchain.runAnalyzer({0x18e0baf3fa80, 0x72}, {0x18e0baf3fc00?, 0x64?}, {0x18e0baf3fb80, 0x78}, {0x18e0baf3fc80, 0x73}, 0x0, {0x18e0baf2a900, ...}, ...)
	/home/advocate/Advocate/Experiments/Advocate/advocate/toolchain/analyzer.go:78 +0x43b
advocate/toolchain.unitTestAnalyzer({0x18e0bb04f110, 0x64}, {0x760f26?, 0x18e0bacb0068?}, 0x0, {0x18e0baf2a900, 0x74}, {0x18e0bc2f798f, 0xb})
	/home/advocate/Advocate/Experiments/Advocate/advocate/toolchain/fullWorkflowUnit.go:619 +0x25c
advocate/toolchain.unitTestFullWorkflow({0x18e0bae00000?, 0x2c}, {0x7ffc390320ff, 0x52}, 0x1, 0x1, 0x1, {0x18e0bc2f798f, 0xb}, {0x18e0bacc6e58, ...}, ...)
	/home/advocate/Advocate/Experiments/Advocate/advocate/toolchain/fullWorkflowUnit.go:479 +0x625
advocate/toolchain.runWorkflowUnit({0x7ffc390320ff, 0x52}, 0x1, 0x1, 0x1, {0x18e0baf34680, 0x74}, 0x0, {0x0, 0x0}, ...)
	/home/advocate/Advocate/Experiments/Advocate/advocate/toolchain/fullWorkflowUnit.go:171 +0x1190
advocate/toolchain.Run({0x75dd74, 0x4}, {0x18e0baf34680, 0x74}, 0x1, 0x1, 0x1, 0x0, {0x0, 0x0}, ...)
	/home/advocate/Advocate/Experiments/Advocate/advocate/toolchain/toolchain.go:72 +0x389
advocate/fuzzing.runFuzzing({0x18e0baf34680, 0x74}, 0x0, 0x22, 0x1)
	/home/advocate/Advocate/Experiments/Advocate/advocate/fuzzing/fuzzing.go:217 +0x57b
advocate/fuzzing.Fuzzing()
	/home/advocate/Advocate/Experiments/Advocate/advocate/fuzzing/fuzzing.go:135 +0xea5
advocate/run.modeFuzzing()
	/home/advocate/Advocate/Experiments/Advocate/advocate/run/modes.go:34 +0x5e
advocate/run.Run()
	/home/advocate/Advocate/Experiments/Advocate/advocate/run/run.go:100 +0x5b5
main.main()
	/home/advocate/Advocate/Experiments/Advocate/advocate/main.go:28 +0x1c
2026/06/05 16:19:52 [31mAnalysis was canceled due to insufficient RAM[0m
2026/06/05 16:19:52 Create statistics
2026/06/05 16:19:53 Finished run for TestGrpc862
2026/06/05 16:19:53 Parse recorded trace for fuzzing information
2026/06/05 16:19:53 [31mFuzzing run was canceled due to memory[0m
2026/06/05 16:19:53 Finish fuzzing after 1 runs
2026/06/05 16:19:53 Processing file: /home/advocate/Advocate/Experiments/Advocate/helper/aplas/output/sameElementType/1/blocking/hugo/3251/hugo3251_test.go
2026/06/05 16:19:53 [31mWait RAM[0m
2026/06/05 16:19:59 [31mWait RAM[0m
2026/06/05 16:20:00 [33mRAM Reset[0m
2026/06/05 16:20:05 Fuzzing Run:  1
2026/06/05 16:20:05 Create  /home/advocate/Advocate/Experiments/Advocate/helper/aplas/output/sameElementType/1/advocateResult/file(35)-test(1)-hugo3251_test-TestHugo3251
2026/06/05 16:20:05 Execute Test
2026/06/05 16:20:59 [31mNot enough RAM[0m
2026/06/05 16:20:59 goroutine 17 [running]:
advocate/utils/control.printAllGoroutines()
	/home/advocate/Advocate/Experiments/Advocate/advocate/utils/control/utils.go:20 +0x3d
advocate/utils/control.cancelRAM(0x77cd50, 0x77cd48, 0x77cd58)
	/home/advocate/Advocate/Experiments/Advocate/advocate/utils/control/memory.go:109 +0x6e
advocate/utils/control.Supervisor(0x77cd50, 0x77cd48, 0x77cd58)
	/home/advocate/Advocate/Experiments/Advocate/advocate/utils/control/memory.go:79 +0x12f
created by advocate/run.Run in goroutine 1
	/home/advocate/Advocate/Experiments/Advocate/advocate/run/run.go:63 +0x26f

goroutine 1 [syscall]:
syscall.Syscall6(0xf7, 0x3, 0x9, 0x18e0bc6471c8, 0x4, 0x18e0baf47ef0, 0x0)
	/usr/lib/go-1.26/src/syscall/syscall_linux.go:96 +0x39
internal/syscall/unix.Waitid(0x4f436d?, 0x18e0bae00080?, 0x0?, 0x18e0bb101810?, 0x7?)
	/usr/lib/go-1.26/src/internal/syscall/unix/waitid_linux.go:18 +0x39
os.(*Process).pidfdWait.func1(...)
	/usr/lib/go-1.26/src/os/pidfd_linux.go:108
os.ignoringEINTR(...)
	/usr/lib/go-1.26/src/os/file_posix.go:256
os.(*Process).pidfdWait(0x18e0c6f7ed80)
	/usr/lib/go-1.26/src/os/pidfd_linux.go:107 +0x1c7
os.(*Process).wait(0x18e0bae12340?)
	/usr/lib/go-1.26/src/os/exec_unix.go:25 +0x1a
os.(*Process).Wait(...)
	/usr/lib/go-1.26/src/os/exec.go:346
os/exec.(*Cmd).Wait(0x18e0bae12340)
	/usr/lib/go-1.26/src/os/exec/exec.go:930 +0x45
os/exec.(*Cmd).Run(0x18e0bae12340)
	/usr/lib/go-1.26/src/os/exec/exec.go:632 +0x2d
advocate/utils/command.RunCommand(0x18e0bacb0060, 0x18e0bacb0068, 0x18e0bae00040?, {0x18e0bae00080, 0x3b}, {0x18e0bc647550, 0x6, 0x6})
	/home/advocate/Advocate/Experiments/Advocate/advocate/utils/command/runCommands.go:66 +0x20f
advocate/toolchain.unitTestRecord({0x18e0bacc6e58, 0x14}, {0x18e0baf2ad00, 0x76}, {0x18e0bc4e945f, 0xc}, 0x0, {0x0, 0x0}, {0x75faa9, ...}, ...)
	/home/advocate/Advocate/Experiments/Advocate/advocate/toolchain/fullWorkflowUnit.go:572 +0x550
advocate/toolchain.unitTestFullWorkflow({0x18e0bae00000?, 0x2c}, {0x7ffc390320ff, 0x52}, 0x1, 0x1, 0x1, {0x18e0bc4e945f, 0xc}, {0x18e0bacc6e58, ...}, ...)
	/home/advocate/Advocate/Experiments/Advocate/advocate/toolchain/fullWorkflowUnit.go:470 +0x51a
advocate/toolchain.runWorkflowUnit({0x7ffc390320ff, 0x52}, 0x1, 0x1, 0x1, {0x18e0baf34780, 0x76}, 0x0, {0x0, 0x0}, ...)
	/home/advocate/Advocate/Experiments/Advocate/advocate/toolchain/fullWorkflowUnit.go:171 +0x1190
advocate/toolchain.Run({0x75dd74, 0x4}, {0x18e0baf34780, 0x76}, 0x1, 0x1, 0x1, 0x0, {0x0, 0x0}, ...)
	/home/advocate/Advocate/Experiments/Advocate/advocate/toolchain/toolchain.go:72 +0x389
advocate/fuzzing.runFuzzing({0x18e0baf34780, 0x76}, 0x0, 0x23, 0x1)
	/home/advocate/Advocate/Experiments/Advocate/advocate/fuzzing/fuzzing.go:217 +0x57b
advocate/fuzzing.Fuzzing()
	/home/advocate/Advocate/Experiments/Advocate/advocate/fuzzing/fuzzing.go:135 +0xea5
advocate/run.modeFuzzing()
	/home/advocate/Advocate/Experiments/Advocate/advocate/run/modes.go:34 +0x5e
advocate/run.Run()
	/home/advocate/Advocate/Experiments/Advocate/advocate/run/run.go:100 +0x5b5
main.main()
	/home/advocate/Advocate/Experiments/Advocate/advocate/main.go:28 +0x1c

goroutine 215 [select]:
os/exec.(*Cmd).watchCtx(0x18e0bae12340, 0x18e0baea9b90)
	/usr/lib/go-1.26/src/os/exec/exec.go:797 +0xb1
created by os/exec.(*Cmd).Start in goroutine 1
	/usr/lib/go-1.26/src/os/exec/exec.go:783 +0x8f5
2026/06/05 16:20:59 Text executed
2026/06/05 16:20:59 Run the analyzer for /home/advocate/Advocate/Experiments/Advocate/helper/aplas/output/sameElementType/1/blocking/hugo/3251/advocateTrace
2026/06/05 16:20:59 Trace at /home/advocate/Advocate/Experiments/Advocate/helper/aplas/output/sameElementType/1/blocking/hugo/3251/advocateTrace does not contain any elements
2026/06/05 16:20:59 Read trace with 0 elements in 0 routines
2026/06/05 16:20:59 Start Analysis
2026/06/05 16:20:59 Finished HB analysis
2026/06/05 16:20:59 [31mAnalysis was canceled due to insufficient RAM[0m
2026/06/05 16:20:59 Create statistics
2026/06/05 16:20:59 Finished run for TestHugo3251
2026/06/05 16:20:59 Parse recorded trace for fuzzing information
2026/06/05 16:20:59 [31mFuzzing run was canceled due to memory[0m
2026/06/05 16:20:59 Finish fuzzing after 1 runs
2026/06/05 16:20:59 Processing file: /home/advocate/Advocate/Experiments/Advocate/helper/aplas/output/sameElementType/1/blocking/hugo/5379/hugo5379_test.go
2026/06/05 16:20:59 [31mWait RAM[0m
2026/06/05 16:21:05 [31mWait RAM[0m
2026/06/05 16:21:06 [33mRAM Reset[0m
2026/06/05 16:21:11 Fuzzing Run:  1
2026/06/05 16:21:11 Create  /home/advocate/Advocate/Experiments/Advocate/helper/aplas/output/sameElementType/1/advocateResult/file(36)-test(1)-hugo5379_test-TestHugo5379
2026/06/05 16:21:11 Execute Test
2026/06/05 16:21:51 [31mNot enough RAM[0m
2026/06/05 16:21:51 goroutine 17 [running]:
advocate/utils/control.printAllGoroutines()
	/home/advocate/Advocate/Experiments/Advocate/advocate/utils/control/utils.go:20 +0x3d
advocate/utils/control.cancelRAM(0x77cd50, 0x77cd48, 0x77cd58)
	/home/advocate/Advocate/Experiments/Advocate/advocate/utils/control/memory.go:109 +0x6e
advocate/utils/control.Supervisor(0x77cd50, 0x77cd48, 0x77cd58)
	/home/advocate/Advocate/Experiments/Advocate/advocate/utils/control/memory.go:79 +0x12f
created by advocate/run.Run in goroutine 1
	/home/advocate/Advocate/Experiments/Advocate/advocate/run/run.go:63 +0x26f

goroutine 1 [syscall]:
syscall.Syscall6(0xf7, 0x3, 0x9, 0x18e0bb7431c8, 0x4, 0x18e0bacd94d0, 0x0)
	/usr/lib/go-1.26/src/syscall/syscall_linux.go:96 +0x39
internal/syscall/unix.Waitid(0x4f436d?, 0x18e0bae00080?, 0x0?, 0x18e0bb604e00?, 0x7?)
	/usr/lib/go-1.26/src/internal/syscall/unix/waitid_linux.go:18 +0x39
os.(*Process).pidfdWait.func1(...)
	/usr/lib/go-1.26/src/os/pidfd_linux.go:108
os.ignoringEINTR(...)
	/usr/lib/go-1.26/src/os/file_posix.go:256
os.(*Process).pidfdWait(0x18e0baed6a40)
	/usr/lib/go-1.26/src/os/pidfd_linux.go:107 +0x1c7
os.(*Process).wait(0x18e0bad7e680?)
	/usr/lib/go-1.26/src/os/exec_unix.go:25 +0x1a
os.(*Process).Wait(...)
	/usr/lib/go-1.26/src/os/exec.go:346
os/exec.(*Cmd).Wait(0x18e0bad7e680)
	/usr/lib/go-1.26/src/os/exec/exec.go:930 +0x45
os/exec.(*Cmd).Run(0x18e0bad7e680)
	/usr/lib/go-1.26/src/os/exec/exec.go:632 +0x2d
advocate/utils/command.RunCommand(0x18e0bacb0060, 0x18e0bacb0068, 0x18e0bae00040?, {0x18e0bae00080, 0x3b}, {0x18e0bb743550, 0x6, 0x6})
	/home/advocate/Advocate/Experiments/Advocate/advocate/utils/command/runCommands.go:66 +0x20f
advocate/toolchain.unitTestRecord({0x18e0bacc6e58, 0x14}, {0x18e0bacd2a80, 0x76}, {0x18e0bc796b8a, 0xc}, 0x0, {0x0, 0x0}, {0x75faa9, ...}, ...)
	/home/advocate/Advocate/Experiments/Advocate/advocate/toolchain/fullWorkflowUnit.go:572 +0x550
advocate/toolchain.unitTestFullWorkflow({0x18e0bae00000?, 0x2c}, {0x7ffc390320ff, 0x52}, 0x1, 0x1, 0x1, {0x18e0bc796b8a, 0xc}, {0x18e0bacc6e58, ...}, ...)
	/home/advocate/Advocate/Experiments/Advocate/advocate/toolchain/fullWorkflowUnit.go:470 +0x51a
advocate/toolchain.runWorkflowUnit({0x7ffc390320ff, 0x52}, 0x1, 0x1, 0x1, {0x18e0baf34880, 0x76}, 0x0, {0x0, 0x0}, ...)
	/home/advocate/Advocate/Experiments/Advocate/advocate/toolchain/fullWorkflowUnit.go:171 +0x1190
advocate/toolchain.Run({0x75dd74, 0x4}, {0x18e0baf34880, 0x76}, 0x1, 0x1, 0x1, 0x0, {0x0, 0x0}, ...)
	/home/advocate/Advocate/Experiments/Advocate/advocate/toolchain/toolchain.go:72 +0x389
advocate/fuzzing.runFuzzing({0x18e0baf34880, 0x76}, 0x0, 0x24, 0x1)
	/home/advocate/Advocate/Experiments/Advocate/advocate/fuzzing/fuzzing.go:217 +0x57b
advocate/fuzzing.Fuzzing()
	/home/advocate/Advocate/Experiments/Advocate/advocate/fuzzing/fuzzing.go:135 +0xea5
advocate/run.modeFuzzing()
	/home/advocate/Advocate/Experiments/Advocate/advocate/run/modes.go:34 +0x5e
advocate/run.Run()
	/home/advocate/Advocate/Experiments/Advocate/advocate/run/run.go:100 +0x5b5
main.main()
	/home/advocate/Advocate/Experiments/Advocate/advocate/main.go:28 +0x1c

goroutine 201 [select]:
os/exec.(*Cmd).watchCtx(0x18e0bad7e680, 0x18e0bb153180)
	/usr/lib/go-1.26/src/os/exec/exec.go:797 +0xb1
created by os/exec.(*Cmd).Start in goroutine 1
	/usr/lib/go-1.26/src/os/exec/exec.go:783 +0x8f5
2026/06/05 16:21:51 Text executed
2026/06/05 16:21:51 Run the analyzer for /home/advocate/Advocate/Experiments/Advocate/helper/aplas/output/sameElementType/1/blocking/hugo/5379/advocateTrace
2026/06/05 16:21:51 Trace at /home/advocate/Advocate/Experiments/Advocate/helper/aplas/output/sameElementType/1/blocking/hugo/5379/advocateTrace does not contain any elements
2026/06/05 16:21:51 Read trace with 0 elements in 0 routines
2026/06/05 16:21:51 Start Analysis
2026/06/05 16:21:51 Finished HB analysis
2026/06/05 16:21:51 [31mAnalysis was canceled due to insufficient RAM[0m
2026/06/05 16:21:51 Create statistics
2026/06/05 16:21:51 Finished run for TestHugo5379
2026/06/05 16:21:51 Parse recorded trace for fuzzing information
2026/06/05 16:21:51 [31mFuzzing run was canceled due to memory[0m
2026/06/05 16:21:51 Finish fuzzing after 1 runs
2026/06/05 16:21:51 Processing file: /home/advocate/Advocate/Experiments/Advocate/helper/aplas/output/sameElementType/1/blocking/istio/16224/istio16224_test.go
2026/06/05 16:21:51 [31mWait RAM[0m
2026/06/05 16:21:57 [31mWait RAM[0m
2026/06/05 16:21:58 [33mRAM Reset[0m
2026/06/05 16:22:03 Fuzzing Run:  1
2026/06/05 16:22:03 Create  /home/advocate/Advocate/Experiments/Advocate/helper/aplas/output/sameElementType/1/advocateResult/file(37)-test(1)-istio16224_test-TestIstio16224
2026/06/05 16:22:03 Execute Test
2026/06/05 16:22:32 [31mNot enough RAM[0m
2026/06/05 16:22:32 goroutine 17 [running]:
advocate/utils/control.printAllGoroutines()
	/home/advocate/Advocate/Experiments/Advocate/advocate/utils/control/utils.go:20 +0x3d
advocate/utils/control.cancelRAM(0x77cd50, 0x77cd48, 0x77cd58)
	/home/advocate/Advocate/Experiments/Advocate/advocate/utils/control/memory.go:109 +0x6e
advocate/utils/control.Supervisor(0x77cd50, 0x77cd48, 0x77cd58)
	/home/advocate/Advocate/Experiments/Advocate/advocate/utils/control/memory.go:79 +0x12f
created by advocate/run.Run in goroutine 1
	/home/advocate/Advocate/Experiments/Advocate/advocate/run/run.go:63 +0x26f

goroutine 1 [syscall]:
syscall.Syscall6(0xf7, 0x3, 0x9, 0x18e0bb7431c8, 0x4, 0x18e0baf46000, 0x0)
	/usr/lib/go-1.26/src/syscall/syscall_linux.go:96 +0x39
internal/syscall/unix.Waitid(0x4f436d?, 0x18e0bae00080?, 0x0?, 0x18e0bb101960?, 0x7?)
	/usr/lib/go-1.26/src/internal/syscall/unix/waitid_linux.go:18 +0x39
os.(*Process).pidfdWait.func1(...)
	/usr/lib/go-1.26/src/os/pidfd_linux.go:108
os.ignoringEINTR(...)
	/usr/lib/go-1.26/src/os/file_posix.go:256
os.(*Process).pidfdWait(0x18e0bb5335c0)
	/usr/lib/go-1.26/src/os/pidfd_linux.go:107 +0x1c7
os.(*Process).wait(0x18e0bae12340?)
	/usr/lib/go-1.26/src/os/exec_unix.go:25 +0x1a
os.(*Process).Wait(...)
	/usr/lib/go-1.26/src/os/exec.go:346
os/exec.(*Cmd).Wait(0x18e0bae12340)
	/usr/lib/go-1.26/src/os/exec/exec.go:930 +0x45
os/exec.(*Cmd).Run(0x18e0bae12340)
	/usr/lib/go-1.26/src/os/exec/exec.go:632 +0x2d
advocate/utils/command.RunCommand(0x18e0bacb0060, 0x18e0bacb0068, 0x18e0bae00040?, {0x18e0bae00080, 0x3b}, {0x18e0bb743550, 0x6, 0x6})
	/home/advocate/Advocate/Experiments/Advocate/advocate/utils/command/runCommands.go:66 +0x20f
advocate/toolchain.unitTestRecord({0x18e0bacc6e58, 0x16}, {0x18e0baf3f980, 0x7a}, {0x18e0bb08dda0, 0xe}, 0x0, {0x0, 0x0}, {0x75faa9, ...}, ...)
	/home/advocate/Advocate/Experiments/Advocate/advocate/toolchain/fullWorkflowUnit.go:572 +0x550
advocate/toolchain.unitTestFullWorkflow({0x18e0bae00000?, 0x2c}, {0x7ffc390320ff, 0x52}, 0x1, 0x1, 0x1, {0x18e0bb08dda0, 0xe}, {0x18e0bacc6e58, ...}, ...)
	/home/advocate/Advocate/Experiments/Advocate/advocate/toolchain/fullWorkflowUnit.go:470 +0x51a
advocate/toolchain.runWorkflowUnit({0x7ffc390320ff, 0x52}, 0x1, 0x1, 0x1, {0x18e0baf34a80, 0x7a}, 0x0, {0x0, 0x0}, ...)
	/home/advocate/Advocate/Experiments/Advocate/advocate/toolchain/fullWorkflowUnit.go:171 +0x1190
advocate/toolchain.Run({0x75dd74, 0x4}, {0x18e0baf34a80, 0x7a}, 0x1, 0x1, 0x1, 0x0, {0x0, 0x0}, ...)
	/home/advocate/Advocate/Experiments/Advocate/advocate/toolchain/toolchain.go:72 +0x389
advocate/fuzzing.runFuzzing({0x18e0baf34a80, 0x7a}, 0x0, 0x25, 0x1)
	/home/advocate/Advocate/Experiments/Advocate/advocate/fuzzing/fuzzing.go:217 +0x57b
advocate/fuzzing.Fuzzing()
	/home/advocate/Advocate/Experiments/Advocate/advocate/fuzzing/fuzzing.go:135 +0xea5
advocate/run.modeFuzzing()
	/home/advocate/Advocate/Experiments/Advocate/advocate/run/modes.go:34 +0x5e
advocate/run.Run()
	/home/advocate/Advocate/Experiments/Advocate/advocate/run/run.go:100 +0x5b5
main.main()
	/home/advocate/Advocate/Experiments/Advocate/advocate/main.go:28 +0x1c

goroutine 299 [select]:
os/exec.(*Cmd).watchCtx(0x18e0bae12340, 0x18e0bb23f260)
	/usr/lib/go-1.26/src/os/exec/exec.go:797 +0xb1
created by os/exec.(*Cmd).Start in goroutine 1
	/usr/lib/go-1.26/src/os/exec/exec.go:783 +0x8f5
2026/06/05 16:22:32 Text executed
2026/06/05 16:22:32 Run the analyzer for /home/advocate/Advocate/Experiments/Advocate/helper/aplas/output/sameElementType/1/blocking/istio/16224/advocateTrace
2026/06/05 16:22:32 Trace at /home/advocate/Advocate/Experiments/Advocate/helper/aplas/output/sameElementType/1/blocking/istio/16224/advocateTrace does not contain any elements
2026/06/05 16:22:32 Read trace with 0 elements in 0 routines
2026/06/05 16:22:32 Start Analysis
2026/06/05 16:22:32 Finished HB analysis
2026/06/05 16:22:32 [31mAnalysis was canceled due to insufficient RAM[0m
2026/06/05 16:22:32 Create statistics
2026/06/05 16:22:32 Finished run for TestIstio16224
2026/06/05 16:22:32 Parse recorded trace for fuzzing information
2026/06/05 16:22:32 [31mFuzzing run was canceled due to memory[0m
2026/06/05 16:22:32 Finish fuzzing after 1 runs
2026/06/05 16:22:32 Processing file: /home/advocate/Advocate/Experiments/Advocate/helper/aplas/output/sameElementType/1/blocking/istio/17860/istio17860_test.go
2026/06/05 16:22:32 [31mWait RAM[0m
2026/06/05 16:22:38 [31mWait RAM[0m
2026/06/05 16:22:39 [33mRAM Reset[0m
2026/06/05 16:22:44 Fuzzing Run:  1
2026/06/05 16:22:44 Create  /home/advocate/Advocate/Experiments/Advocate/helper/aplas/output/sameElementType/1/advocateResult/file(38)-test(1)-istio17860_test-TestIstio17860
2026/06/05 16:22:44 Execute Test
2026/06/05 16:22:45 Text executed
2026/06/05 16:22:45 Run the analyzer for /home/advocate/Advocate/Experiments/Advocate/helper/aplas/output/sameElementType/1/blocking/istio/17860/advocateTrace
2026/06/05 16:22:45 Read trace with 30 elements in 5 routines
2026/06/05 16:22:45 Start Analysis
2026/06/05 16:22:45 Finished HB analysis
2026/06/05 16:22:45 Analysis finished
2026/06/05 16:22:45 Start rewrite
2026/06/05 16:22:45 Finished Rewrite
2026/06/05 16:22:45 Number Results:  2
2026/06/05 16:22:45 Successfully rewrites:  0
2026/06/05 16:22:45 No need/not possible to rewrite:  2
2026/06/05 16:22:45 Failed rewrites:  0
2026/06/05 16:22:45 Start guided execution
2026/06/05 16:22:45 Found 0 rewritten traces
2026/06/05 16:22:45 Create bug reports
2026/06/05 16:22:45 [31mline number out of range[0m
2026/06/05 16:22:45 [31mline number out of range[0m
2026/06/05 16:22:45 [32mFound Actual Non-Cyclic Blocking Bug.[0m
2026/06/05 16:22:45 Create statistics
2026/06/05 16:22:45 Finished run for TestIstio17860
2026/06/05 16:22:45 Parse recorded trace for fuzzing information
2026/06/05 16:22:45 Create mutations
2026/06/05 16:22:45 Create GoPie mutations
2026/06/05 16:22:45 Mutate 24 scheduling chains
2026/06/05 16:22:45 Write 0 mutations to file
2026/06/05 16:22:45 Create statistics
2026/06/05 16:22:45 Current fuzzing queue size: 0
2026/06/05 16:22:45 Remaining fuzzing time: 9:58 min
2026/06/05 16:22:45 Finish fuzzing after 1 runs
2026/06/05 16:22:45 Processing file: /home/advocate/Advocate/Experiments/Advocate/helper/aplas/output/sameElementType/1/blocking/istio/18454/istio18454_test.go
2026/06/05 16:22:45 Fuzzing Run:  1
2026/06/05 16:22:45 Create  /home/advocate/Advocate/Experiments/Advocate/helper/aplas/output/sameElementType/1/advocateResult/file(39)-test(1)-istio18454_test-TestIstio18454
2026/06/05 16:22:45 Execute Test
2026/06/05 16:22:46 Text executed
2026/06/05 16:22:46 Run the analyzer for /home/advocate/Advocate/Experiments/Advocate/helper/aplas/output/sameElementType/1/blocking/istio/18454/advocateTrace
2026/06/05 16:22:46 Read trace with 1044 elements in 3 routines
2026/06/05 16:22:46 Start Analysis
2026/06/05 16:22:46 Finished HB analysis
2026/06/05 16:22:46 Analysis finished
2026/06/05 16:22:46 Start rewrite
2026/06/05 16:22:46 Finished Rewrite
2026/06/05 16:22:46 Number Results:  2
2026/06/05 16:22:46 Successfully rewrites:  0
2026/06/05 16:22:46 No need/not possible to rewrite:  2
2026/06/05 16:22:46 Failed rewrites:  0
2026/06/05 16:22:46 Start guided execution
2026/06/05 16:22:46 Found 0 rewritten traces
2026/06/05 16:22:46 Create bug reports
2026/06/05 16:22:46 [31mline number out of range[0m
2026/06/05 16:22:46 [31mline number out of range[0m
2026/06/05 16:22:46 Create statistics
2026/06/05 16:22:46 Finished run for TestIstio18454
2026/06/05 16:22:46 Parse recorded trace for fuzzing information
2026/06/05 16:22:46 Create mutations
2026/06/05 16:22:46 Create GoPie mutations
2026/06/05 16:22:46 Mutate 0 scheduling chains
2026/06/05 16:22:46 Write 0 mutations to file
2026/06/05 16:22:46 Create statistics
2026/06/05 16:22:46 Current fuzzing queue size: 0
2026/06/05 16:22:46 Remaining fuzzing time: 9:58 min
2026/06/05 16:22:46 Finish fuzzing after 1 runs
2026/06/05 16:22:46 Processing file: /home/advocate/Advocate/Experiments/Advocate/helper/aplas/output/sameElementType/1/blocking/kubernetes/10182/kubernetes10182_test.go
2026/06/05 16:22:46 Fuzzing Run:  1
2026/06/05 16:22:46 Create  /home/advocate/Advocate/Experiments/Advocate/helper/aplas/output/sameElementType/1/advocateResult/file(40)-test(1)-kubernetes10182_test-TestKubernetes10182
2026/06/05 16:22:46 Execute Test
2026/06/05 16:22:47 Text executed
2026/06/05 16:22:47 Run the analyzer for /home/advocate/Advocate/Experiments/Advocate/helper/aplas/output/sameElementType/1/blocking/kubernetes/10182/advocateTrace
2026/06/05 16:22:47 Read trace with 15 elements in 5 routines
2026/06/05 16:22:47 Start Analysis
2026/06/05 16:22:47 Finished HB analysis
2026/06/05 16:22:47 Analysis finished
2026/06/05 16:22:47 Start rewrite
2026/06/05 16:22:47 Finished Rewrite
2026/06/05 16:22:47 Number Results:  3
2026/06/05 16:22:47 Successfully rewrites:  0
2026/06/05 16:22:47 No need/not possible to rewrite:  3
2026/06/05 16:22:47 Failed rewrites:  0
2026/06/05 16:22:47 Start guided execution
2026/06/05 16:22:47 Found 0 rewritten traces
2026/06/05 16:22:47 Create bug reports
2026/06/05 16:22:47 [31mline number out of range[0m
2026/06/05 16:22:47 [31mline number out of range[0m
2026/06/05 16:22:47 [32mFound Actual Non-Cyclic Blocking Bug.[0m
2026/06/05 16:22:47 [32mFound Leak on Sync.Mutex.[0m
2026/06/05 16:22:47 Create statistics
2026/06/05 16:22:47 Finished run for TestKubernetes10182
2026/06/05 16:22:47 Parse recorded trace for fuzzing information
2026/06/05 16:22:47 Create mutations
2026/06/05 16:22:47 Create GoPie mutations
2026/06/05 16:22:47 Mutate 24 scheduling chains
2026/06/05 16:22:47 Write 0 mutations to file
2026/06/05 16:22:47 Create statistics
2026/06/05 16:22:47 Current fuzzing queue size: 0
2026/06/05 16:22:47 Remaining fuzzing time: 9:58 min
2026/06/05 16:22:47 Finish fuzzing after 1 runs
2026/06/05 16:22:47 Processing file: /home/advocate/Advocate/Experiments/Advocate/helper/aplas/output/sameElementType/1/blocking/kubernetes/11298/kubernetes11298_test.go
2026/06/05 16:22:47 Fuzzing Run:  1
2026/06/05 16:22:47 Create  /home/advocate/Advocate/Experiments/Advocate/helper/aplas/output/sameElementType/1/advocateResult/file(41)-test(1)-kubernetes11298_test-TestKubernetes11298
2026/06/05 16:22:47 Execute Test
2026/06/05 16:22:48 Text executed
2026/06/05 16:22:48 Run the analyzer for /home/advocate/Advocate/Experiments/Advocate/helper/aplas/output/sameElementType/1/blocking/kubernetes/11298/advocateTrace
2026/06/05 16:22:48 Read trace with 16 elements in 4 routines
2026/06/05 16:22:48 Start Analysis
2026/06/05 16:22:48 Finished HB analysis
2026/06/05 16:22:48 Analysis finished
2026/06/05 16:22:48 Start rewrite
2026/06/05 16:22:48 Finished Rewrite
2026/06/05 16:22:48 Number Results:  3
2026/06/05 16:22:48 Successfully rewrites:  0
2026/06/05 16:22:48 No need/not possible to rewrite:  3
2026/06/05 16:22:48 Failed rewrites:  0
2026/06/05 16:22:48 Start guided execution
2026/06/05 16:22:48 Found 0 rewritten traces
2026/06/05 16:22:48 Create bug reports
2026/06/05 16:22:48 [31mline number out of range[0m
2026/06/05 16:22:48 [31mline number out of range[0m
2026/06/05 16:22:48 [32mFound Actual Non-Cyclic Blocking Bug.[0m
2026/06/05 16:22:48 [32mFound Leak on Sync.Mutex.[0m
2026/06/05 16:22:48 Create statistics
2026/06/05 16:22:48 Finished run for TestKubernetes11298
2026/06/05 16:22:48 Parse recorded trace for fuzzing information
2026/06/05 16:22:48 Create mutations
2026/06/05 16:22:48 Create GoPie mutations
2026/06/05 16:22:48 Mutate 24 scheduling chains
2026/06/05 16:22:48 Write 0 mutations to file
2026/06/05 16:22:48 Create statistics
2026/06/05 16:22:48 Current fuzzing queue size: 0
2026/06/05 16:22:48 Remaining fuzzing time: 9:58 min
2026/06/05 16:22:48 Finish fuzzing after 1 runs
2026/06/05 16:22:48 Processing file: /home/advocate/Advocate/Experiments/Advocate/helper/aplas/output/sameElementType/1/blocking/kubernetes/13135/kubernetes13135_test.go
2026/06/05 16:22:48 Fuzzing Run:  1
2026/06/05 16:22:48 Create  /home/advocate/Advocate/Experiments/Advocate/helper/aplas/output/sameElementType/1/advocateResult/file(42)-test(1)-kubernetes13135_test-TestKubernetes13135
2026/06/05 16:22:48 Execute Test
2026/06/05 16:22:50 Text executed
2026/06/05 16:22:50 Run the analyzer for /home/advocate/Advocate/Experiments/Advocate/helper/aplas/output/sameElementType/1/blocking/kubernetes/13135/advocateTrace
2026/06/05 16:22:50 Read trace with 62 elements in 4 routines
2026/06/05 16:22:50 Start Analysis
2026/06/05 16:22:50 Finished HB analysis
2026/06/05 16:22:50 Analysis finished
2026/06/05 16:22:50 Start rewrite
2026/06/05 16:22:50 Finished Rewrite
2026/06/05 16:22:50 Number Results:  4
2026/06/05 16:22:50 Successfully rewrites:  0
2026/06/05 16:22:50 No need/not possible to rewrite:  4
2026/06/05 16:22:50 Failed rewrites:  0
2026/06/05 16:22:50 Start guided execution
2026/06/05 16:22:50 Found 0 rewritten traces
2026/06/05 16:22:50 Create bug reports
2026/06/05 16:22:50 [32mFound Possible Cyclic Deadlock.[0m
2026/06/05 16:22:50 [31mline number out of range[0m
2026/06/05 16:22:50 [31mline number out of range[0m
2026/06/05 16:22:50 Create statistics
2026/06/05 16:22:50 Finished run for TestKubernetes13135
2026/06/05 16:22:50 Parse recorded trace for fuzzing information
2026/06/05 16:22:50 Create mutations
2026/06/05 16:22:50 Create GoPie mutations
2026/06/05 16:22:50 Mutate 24 scheduling chains
2026/06/05 16:22:50 Write 0 mutations to file
2026/06/05 16:22:50 Create statistics
2026/06/05 16:22:50 Current fuzzing queue size: 0
2026/06/05 16:22:50 Remaining fuzzing time: 9:58 min
2026/06/05 16:22:50 Finish fuzzing after 1 runs
2026/06/05 16:22:50 Processing file: /home/advocate/Advocate/Experiments/Advocate/helper/aplas/output/sameElementType/1/blocking/kubernetes/1321/kubernetes1321_test.go
2026/06/05 16:22:50 Fuzzing Run:  1
2026/06/05 16:22:50 Create  /home/advocate/Advocate/Experiments/Advocate/helper/aplas/output/sameElementType/1/advocateResult/file(43)-test(1)-kubernetes1321_test-TestKubernetes1321
2026/06/05 16:22:50 Execute Test
2026/06/05 16:22:51 Text executed
2026/06/05 16:22:51 Run the analyzer for /home/advocate/Advocate/Experiments/Advocate/helper/aplas/output/sameElementType/1/blocking/kubernetes/1321/advocateTrace
2026/06/05 16:22:51 Read trace with 413 elements in 27 routines
2026/06/05 16:22:51 Start Analysis
2026/06/05 16:22:51 Finished HB analysis
2026/06/05 16:22:51 Analysis finished
2026/06/05 16:22:51 Start rewrite
2026/06/05 16:22:51 Finished Rewrite
2026/06/05 16:22:51 Number Results:  3
2026/06/05 16:22:51 Successfully rewrites:  0
2026/06/05 16:22:51 No need/not possible to rewrite:  3
2026/06/05 16:22:51 Failed rewrites:  0
2026/06/05 16:22:51 Start guided execution
2026/06/05 16:22:51 Found 0 rewritten traces
2026/06/05 16:22:51 Create bug reports
2026/06/05 16:22:51 [31mline number out of range[0m
2026/06/05 16:22:51 [31mline number out of range[0m
2026/06/05 16:22:51 Create statistics
2026/06/05 16:22:51 Finished run for TestKubernetes1321
2026/06/05 16:22:51 Parse recorded trace for fuzzing information
2026/06/05 16:22:51 Create mutations
2026/06/05 16:22:51 Create GoPie mutations
2026/06/05 16:22:51 Mutate 9 scheduling chains
2026/06/05 16:22:51 Write 0 mutations to file
2026/06/05 16:22:51 Create statistics
2026/06/05 16:22:51 Current fuzzing queue size: 0
2026/06/05 16:22:51 Remaining fuzzing time: 9:58 min
2026/06/05 16:22:51 Finish fuzzing after 1 runs
2026/06/05 16:22:51 Processing file: /home/advocate/Advocate/Experiments/Advocate/helper/aplas/output/sameElementType/1/blocking/kubernetes/25331/kubernetes25331_test.go
2026/06/05 16:22:51 Fuzzing Run:  1
2026/06/05 16:22:51 Create  /home/advocate/Advocate/Experiments/Advocate/helper/aplas/output/sameElementType/1/advocateResult/file(44)-test(1)-kubernetes25331_test-TestKubernetes25331
2026/06/05 16:22:51 Execute Test
2026/06/05 16:22:52 Text executed
2026/06/05 16:22:52 Run the analyzer for /home/advocate/Advocate/Experiments/Advocate/helper/aplas/output/sameElementType/1/blocking/kubernetes/25331/advocateTrace
2026/06/05 16:22:52 Read trace with 17 elements in 3 routines
2026/06/05 16:22:52 Start Analysis
2026/06/05 16:22:52 Finished HB analysis
2026/06/05 16:22:52 Analysis finished
2026/06/05 16:22:52 Start rewrite
2026/06/05 16:22:52 Finished Rewrite
2026/06/05 16:22:52 Number Results:  3
2026/06/05 16:22:52 Successfully rewrites:  0
2026/06/05 16:22:52 No need/not possible to rewrite:  3
2026/06/05 16:22:52 Failed rewrites:  0
2026/06/05 16:22:52 Start guided execution
2026/06/05 16:22:52 Found 0 rewritten traces
2026/06/05 16:22:52 Create bug reports
2026/06/05 16:22:52 [31mline number out of range[0m
2026/06/05 16:22:52 [31mline number out of range[0m
2026/06/05 16:22:52 [32mFound Actual Non-Cyclic Blocking Bug.[0m
2026/06/05 16:22:52 Create statistics
2026/06/05 16:22:52 Finished run for TestKubernetes25331
2026/06/05 16:22:52 Parse recorded trace for fuzzing information
2026/06/05 16:22:52 Create mutations
2026/06/05 16:22:52 Create GoPie mutations
2026/06/05 16:22:52 Mutate 24 scheduling chains
2026/06/05 16:22:52 Write 1 special mutation to file
2026/06/05 16:22:52 Write 0 mutations to file
2026/06/05 16:22:52 Create statistics
2026/06/05 16:22:52 Current fuzzing queue size: 0
2026/06/05 16:22:52 Remaining fuzzing time: 9:58 min
2026/06/05 16:22:52 Finish fuzzing after 1 runs
2026/06/05 16:22:52 Processing file: /home/advocate/Advocate/Experiments/Advocate/helper/aplas/output/sameElementType/1/blocking/kubernetes/26980/kubernetes26980_test.go
2026/06/05 16:22:52 Fuzzing Run:  1
2026/06/05 16:22:52 Create  /home/advocate/Advocate/Experiments/Advocate/helper/aplas/output/sameElementType/1/advocateResult/file(45)-test(1)-kubernetes26980_test-TestKubernetes26980
2026/06/05 16:22:52 Execute Test
2026/06/05 16:22:53 Text executed
2026/06/05 16:22:53 Run the analyzer for /home/advocate/Advocate/Experiments/Advocate/helper/aplas/output/sameElementType/1/blocking/kubernetes/26980/advocateTrace
2026/06/05 16:22:53 Read trace with 18 elements in 3 routines
2026/06/05 16:22:53 Start Analysis
2026/06/05 16:22:53 Finished HB analysis
2026/06/05 16:22:53 Analysis finished
2026/06/05 16:22:53 Start rewrite
2026/06/05 16:22:53 Finished Rewrite
2026/06/05 16:22:53 Number Results:  3
2026/06/05 16:22:53 Successfully rewrites:  0
2026/06/05 16:22:53 No need/not possible to rewrite:  3
2026/06/05 16:22:53 Failed rewrites:  0
2026/06/05 16:22:53 Start guided execution
2026/06/05 16:22:53 Found 0 rewritten traces
2026/06/05 16:22:53 Create bug reports
2026/06/05 16:22:53 [31mline number out of range[0m
2026/06/05 16:22:53 [31mline number out of range[0m
2026/06/05 16:22:53 [32mFound Actual Non-Cyclic Blocking Bug.[0m
2026/06/05 16:22:53 Create statistics
2026/06/05 16:22:53 Finished run for TestKubernetes26980
2026/06/05 16:22:53 Parse recorded trace for fuzzing information
2026/06/05 16:22:53 Create mutations
2026/06/05 16:22:53 Create GoPie mutations
2026/06/05 16:22:53 Mutate 24 scheduling chains
2026/06/05 16:22:53 Write 0 mutations to file
2026/06/05 16:22:53 Create statistics
2026/06/05 16:22:53 Current fuzzing queue size: 0
2026/06/05 16:22:53 Remaining fuzzing time: 9:58 min
2026/06/05 16:22:53 Finish fuzzing after 1 runs
2026/06/05 16:22:53 Processing file: /home/advocate/Advocate/Experiments/Advocate/helper/aplas/output/sameElementType/1/blocking/kubernetes/30872/kubernetes30872_test.go
2026/06/05 16:22:53 Fuzzing Run:  1
2026/06/05 16:22:53 Create  /home/advocate/Advocate/Experiments/Advocate/helper/aplas/output/sameElementType/1/advocateResult/file(46)-test(1)-kubernetes30872_test-TestKubernetes30872_bad_test
2026/06/05 16:22:53 Execute Test
2026/06/05 16:22:54 Text executed
2026/06/05 16:22:54 Run the analyzer for /home/advocate/Advocate/Experiments/Advocate/helper/aplas/output/sameElementType/1/blocking/kubernetes/30872/advocateTrace
2026/06/05 16:22:54 Read trace with 26 elements in 4 routines
2026/06/05 16:22:54 Start Analysis
2026/06/05 16:22:54 Finished HB analysis
2026/06/05 16:22:54 Analysis finished
2026/06/05 16:22:54 Start rewrite
2026/06/05 16:22:54 Finished Rewrite
2026/06/05 16:22:54 Number Results:  4
2026/06/05 16:22:54 Successfully rewrites:  0
2026/06/05 16:22:54 No need/not possible to rewrite:  4
2026/06/05 16:22:54 Failed rewrites:  0
2026/06/05 16:22:54 Start guided execution
2026/06/05 16:22:54 Found 0 rewritten traces
2026/06/05 16:22:54 Create bug reports
2026/06/05 16:22:54 [32mFound Possible Cyclic Deadlock.[0m
2026/06/05 16:22:54 [31mline number out of range[0m
2026/06/05 16:22:54 [31mline number out of range[0m
2026/06/05 16:22:54 Create statistics
2026/06/05 16:22:54 Finished run for TestKubernetes30872_bad_test
2026/06/05 16:22:54 Parse recorded trace for fuzzing information
2026/06/05 16:22:54 Create mutations
2026/06/05 16:22:54 Create GoPie mutations
2026/06/05 16:22:54 Mutate 24 scheduling chains
2026/06/05 16:22:54 Write 0 mutations to file
2026/06/05 16:22:54 Create statistics
2026/06/05 16:22:54 Current fuzzing queue size: 0
2026/06/05 16:22:54 Remaining fuzzing time: 9:58 min
2026/06/05 16:22:54 Finish fuzzing after 1 runs
2026/06/05 16:22:54 Processing file: /home/advocate/Advocate/Experiments/Advocate/helper/aplas/output/sameElementType/1/blocking/kubernetes/38669/kubernetes38669_test.go
2026/06/05 16:22:54 Fuzzing Run:  1
2026/06/05 16:22:54 Create  /home/advocate/Advocate/Experiments/Advocate/helper/aplas/output/sameElementType/1/advocateResult/file(47)-test(1)-kubernetes38669_test-TestKubernetes38669
2026/06/05 16:22:54 Execute Test
2026/06/05 16:22:55 Text executed
2026/06/05 16:22:55 Run the analyzer for /home/advocate/Advocate/Experiments/Advocate/helper/aplas/output/sameElementType/1/blocking/kubernetes/38669/advocateTrace
2026/06/05 16:22:55 Read trace with 8 elements in 2 routines
2026/06/05 16:22:55 Start Analysis
2026/06/05 16:22:55 Finished HB analysis
2026/06/05 16:22:55 Analysis finished
2026/06/05 16:22:55 Start rewrite
2026/06/05 16:22:55 Finished Rewrite
2026/06/05 16:22:55 Number Results:  3
2026/06/05 16:22:55 Successfully rewrites:  0
2026/06/05 16:22:55 No need/not possible to rewrite:  3
2026/06/05 16:22:55 Failed rewrites:  0
2026/06/05 16:22:55 Start guided execution
2026/06/05 16:22:55 Found 0 rewritten traces
2026/06/05 16:22:55 Create bug reports
2026/06/05 16:22:55 [31mline number out of range[0m
2026/06/05 16:22:55 [31mline number out of range[0m
2026/06/05 16:22:55 [32mFound Actual Non-Cyclic Blocking Bug.[0m
2026/06/05 16:22:55 Create statistics
2026/06/05 16:22:55 Finished run for TestKubernetes38669
2026/06/05 16:22:55 Parse recorded trace for fuzzing information
2026/06/05 16:22:55 Create mutations
2026/06/05 16:22:55 Create GoPie mutations
2026/06/05 16:22:55 Mutate 0 scheduling chains
2026/06/05 16:22:55 Write 0 mutations to file
2026/06/05 16:22:55 Create statistics
2026/06/05 16:22:55 Current fuzzing queue size: 0
2026/06/05 16:22:55 Remaining fuzzing time: 9:58 min
2026/06/05 16:22:55 Finish fuzzing after 1 runs
2026/06/05 16:22:55 Processing file: /home/advocate/Advocate/Experiments/Advocate/helper/aplas/output/sameElementType/1/blocking/kubernetes/5316/kubernetes5316_test.go
2026/06/05 16:22:55 Fuzzing Run:  1
2026/06/05 16:22:55 Create  /home/advocate/Advocate/Experiments/Advocate/helper/aplas/output/sameElementType/1/advocateResult/file(48)-test(1)-kubernetes5316_test-TestKubernetes5316
2026/06/05 16:22:55 Execute Test
2026/06/05 16:22:56 Text executed
2026/06/05 16:22:56 Run the analyzer for /home/advocate/Advocate/Experiments/Advocate/helper/aplas/output/sameElementType/1/blocking/kubernetes/5316/advocateTrace
2026/06/05 16:22:56 Read trace with 8 elements in 3 routines
2026/06/05 16:22:56 Start Analysis
2026/06/05 16:22:56 Finished HB analysis
2026/06/05 16:22:56 Analysis finished
2026/06/05 16:22:56 Start rewrite
2026/06/05 16:22:56 Finished Rewrite
2026/06/05 16:22:56 Number Results:  3
2026/06/05 16:22:56 Successfully rewrites:  0
2026/06/05 16:22:56 No need/not possible to rewrite:  3
2026/06/05 16:22:56 Failed rewrites:  0
2026/06/05 16:22:56 Start guided execution
2026/06/05 16:22:56 Found 0 rewritten traces
2026/06/05 16:22:56 Create bug reports
2026/06/05 16:22:56 [31mline number out of range[0m
2026/06/05 16:22:56 [31mline number out of range[0m
2026/06/05 16:22:56 [32mFound Actual Non-Cyclic Blocking Bug.[0m
2026/06/05 16:22:56 Create statistics
2026/06/05 16:22:56 Finished run for TestKubernetes5316
2026/06/05 16:22:56 Parse recorded trace for fuzzing information
2026/06/05 16:22:56 Create mutations
2026/06/05 16:22:56 Create GoPie mutations
2026/06/05 16:22:56 Mutate 0 scheduling chains
2026/06/05 16:22:56 Write 0 mutations to file
2026/06/05 16:22:56 Create statistics
2026/06/05 16:22:56 Current fuzzing queue size: 0
2026/06/05 16:22:56 Remaining fuzzing time: 9:58 min
2026/06/05 16:22:56 Finish fuzzing after 1 runs
2026/06/05 16:22:56 Processing file: /home/advocate/Advocate/Experiments/Advocate/helper/aplas/output/sameElementType/1/blocking/kubernetes/58107/kubernetes58107_test.go
2026/06/05 16:22:56 Fuzzing Run:  1
2026/06/05 16:22:56 Create  /home/advocate/Advocate/Experiments/Advocate/helper/aplas/output/sameElementType/1/advocateResult/file(49)-test(1)-kubernetes58107_test-TestKubernetes58107
2026/06/05 16:22:56 Execute Test
2026/06/05 16:23:05 Text executed
2026/06/05 16:23:05 Run the analyzer for /home/advocate/Advocate/Experiments/Advocate/helper/aplas/output/sameElementType/1/blocking/kubernetes/58107/advocateTrace
2026/06/05 16:23:05 Read trace with 400022 elements in 30 routines
2026/06/05 16:23:05 Start Analysis
2026/06/05 16:23:05 Finished HB analysis
2026/06/05 16:23:06 [31mNot enough RAM[0m
2026/06/05 16:23:06 goroutine 17 [running]:
advocate/utils/control.printAllGoroutines()
	/home/advocate/Advocate/Experiments/Advocate/advocate/utils/control/utils.go:20 +0x3d
advocate/utils/control.cancelRAM(0x77cd50, 0x77cd48, 0x77cd58)
	/home/advocate/Advocate/Experiments/Advocate/advocate/utils/control/memory.go:109 +0x6e
advocate/utils/control.Supervisor(0x77cd50, 0x77cd48, 0x77cd58)
	/home/advocate/Advocate/Experiments/Advocate/advocate/utils/control/memory.go:79 +0x12f
created by advocate/run.Run in goroutine 1
	/home/advocate/Advocate/Experiments/Advocate/advocate/run/run.go:63 +0x26f

goroutine 1 [runnable]:
advocate/analysis/hb/clock.(*VectorClock).GetValue(...)
	/home/advocate/Advocate/Experiments/Advocate/advocate/analysis/hb/clock/vc.go:97
advocate/analysis/hb/clock.happensBefore(0x18e0bae15980, 0x18e0c9c36170)
	/home/advocate/Advocate/Experiments/Advocate/advocate/analysis/hb/clock/hb.go:29 +0x130
advocate/analysis/hb/clock.GetHappensBefore(0x18e0c9c36170, 0x18e0bae15980)
	/home/advocate/Advocate/Experiments/Advocate/advocate/analysis/hb/clock/hb.go:77 +0x47
advocate/analysis/analysis/scenarios.buildResidualGraph({0x18e0d5080000, 0x186a2, 0x18e0c4ab2b68?}, {0x18e0d524c000, 0x186a2, 0x1?})
	/home/advocate/Advocate/Experiments/Advocate/advocate/analysis/analysis/scenarios/graph.go:60 +0x49f
advocate/analysis/analysis/scenarios.CheckForUnlockBeforeLock()
	/home/advocate/Advocate/Experiments/Advocate/advocate/analysis/analysis/scenarios/unlockBeforeLock.go:75 +0x2b5
advocate/analysis/analysis.RunHBAnalysis(0x1)
	/home/advocate/Advocate/Experiments/Advocate/advocate/analysis/analysis/analysis.go:262 +0xc9b
advocate/analysis/analysis.RunAnalysis(0x1)
	/home/advocate/Advocate/Experiments/Advocate/advocate/analysis/analysis/analysis.go:63 +0x105
advocate/toolchain.runAnalyzer({0x18e0bd1ec400, 0x7a}, {0x18e0bd1f0630?, 0x6c?}, {0x18e0bd1ec480, 0x80}, {0x18e0bd1ec500, 0x7b}, 0x0, {0x18e0bd1c3560, ...}, ...)
	/home/advocate/Advocate/Experiments/Advocate/advocate/toolchain/analyzer.go:78 +0x43b
advocate/toolchain.unitTestAnalyzer({0x18e0bd1ee5b0, 0x6c}, {0x760f26?, 0x18e0bacb0068?}, 0x0, {0x18e0bd1c3560, 0x84}, {0x18e0bd1f4c02, 0x13})
	/home/advocate/Advocate/Experiments/Advocate/advocate/toolchain/fullWorkflowUnit.go:619 +0x25c
advocate/toolchain.unitTestFullWorkflow({0x18e0bae00000?, 0x2c}, {0x7ffc390320ff, 0x52}, 0x1, 0x1, 0x1, {0x18e0bd1f4c02, 0x13}, {0x18e0bd086ce0, ...}, ...)
	/home/advocate/Advocate/Experiments/Advocate/advocate/toolchain/fullWorkflowUnit.go:479 +0x625
advocate/toolchain.runWorkflowUnit({0x7ffc390320ff, 0x52}, 0x1, 0x1, 0x1, {0x18e0baf2d950, 0x84}, 0x0, {0x0, 0x0}, ...)
	/home/advocate/Advocate/Experiments/Advocate/advocate/toolchain/fullWorkflowUnit.go:171 +0x1190
advocate/toolchain.Run({0x75dd74, 0x4}, {0x18e0baf2d950, 0x84}, 0x1, 0x1, 0x1, 0x0, {0x0, 0x0}, ...)
	/home/advocate/Advocate/Experiments/Advocate/advocate/toolchain/toolchain.go:72 +0x389
advocate/fuzzing.runFuzzing({0x18e0baf2d950, 0x84}, 0x0, 0x31, 0x1)
	/home/advocate/Advocate/Experiments/Advocate/advocate/fuzzing/fuzzing.go:217 +0x57b
advocate/fuzzing.Fuzzing()
	/home/advocate/Advocate/Experiments/Advocate/advocate/fuzzing/fuzzing.go:135 +0xea5
advocate/run.modeFuzzing()
	/home/advocate/Advocate/Experiments/Advocate/advocate/run/modes.go:34 +0x5e
advocate/run.Run()
	/home/advocate/Advocate/Experiments/Advocate/advocate/run/run.go:100 +0x5b5
main.main()
	/home/advocate/Advocate/Experiments/Advocate/advocate/main.go:28 +0x1c
2026/06/05 16:23:13 [33mRAM Reset[0m
2026/06/05 16:23:34 [31mNot enough RAM[0m
2026/06/05 16:23:34 goroutine 17 [running]:
advocate/utils/control.printAllGoroutines()
	/home/advocate/Advocate/Experiments/Advocate/advocate/utils/control/utils.go:20 +0x3d
advocate/utils/control.cancelRAM(0x77cd50, 0x77cd48, 0x77cd58)
	/home/advocate/Advocate/Experiments/Advocate/advocate/utils/control/memory.go:109 +0x6e
advocate/utils/control.Supervisor(0x77cd50, 0x77cd48, 0x77cd58)
	/home/advocate/Advocate/Experiments/Advocate/advocate/utils/control/memory.go:79 +0x12f
created by advocate/run.Run in goroutine 1
	/home/advocate/Advocate/Experiments/Advocate/advocate/run/run.go:63 +0x26f

goroutine 1 [runnable]:
advocate/analysis/hb/clock.(*VectorClock).GetValue(...)
	/home/advocate/Advocate/Experiments/Advocate/advocate/analysis/hb/clock/vc.go:97
advocate/analysis/hb/clock.happensBefore(0x18e0c9ed7270, 0x18e0c5a119b0)
	/home/advocate/Advocate/Experiments/Advocate/advocate/analysis/hb/clock/hb.go:27 +0x96
advocate/analysis/hb/clock.GetHappensBefore(0x18e0c9ed7270, 0x18e0c5a119b0)
	/home/advocate/Advocate/Experiments/Advocate/advocate/analysis/hb/clock/hb.go:74 +0x34
advocate/analysis/analysis/scenarios.buildResidualGraph({0x18e0d5080000, 0x186a2, 0x18e0c4ab2b68?}, {0x18e0d524c000, 0x186a2, 0x1?})
	/home/advocate/Advocate/Experiments/Advocate/advocate/analysis/analysis/scenarios/graph.go:60 +0x49f
advocate/analysis/analysis/scenarios.CheckForUnlockBeforeLock()
	/home/advocate/Advocate/Experiments/Advocate/advocate/analysis/analysis/scenarios/unlockBeforeLock.go:75 +0x2b5
advocate/analysis/analysis.RunHBAnalysis(0x1)
	/home/advocate/Advocate/Experiments/Advocate/advocate/analysis/analysis/analysis.go:262 +0xc9b
advocate/analysis/analysis.RunAnalysis(0x1)
	/home/advocate/Advocate/Experiments/Advocate/advocate/analysis/analysis/analysis.go:63 +0x105
advocate/toolchain.runAnalyzer({0x18e0bd1ec400, 0x7a}, {0x18e0bd1f0630?, 0x6c?}, {0x18e0bd1ec480, 0x80}, {0x18e0bd1ec500, 0x7b}, 0x0, {0x18e0bd1c3560, ...}, ...)
	/home/advocate/Advocate/Experiments/Advocate/advocate/toolchain/analyzer.go:78 +0x43b
advocate/toolchain.unitTestAnalyzer({0x18e0bd1ee5b0, 0x6c}, {0x760f26?, 0x18e0bacb0068?}, 0x0, {0x18e0bd1c3560, 0x84}, {0x18e0bd1f4c02, 0x13})
	/home/advocate/Advocate/Experiments/Advocate/advocate/toolchain/fullWorkflowUnit.go:619 +0x25c
advocate/toolchain.unitTestFullWorkflow({0x18e0bae00000?, 0x2c}, {0x7ffc390320ff, 0x52}, 0x1, 0x1, 0x1, {0x18e0bd1f4c02, 0x13}, {0x18e0bd086ce0, ...}, ...)
	/home/advocate/Advocate/Experiments/Advocate/advocate/toolchain/fullWorkflowUnit.go:479 +0x625
advocate/toolchain.runWorkflowUnit({0x7ffc390320ff, 0x52}, 0x1, 0x1, 0x1, {0x18e0baf2d950, 0x84}, 0x0, {0x0, 0x0}, ...)
	/home/advocate/Advocate/Experiments/Advocate/advocate/toolchain/fullWorkflowUnit.go:171 +0x1190
advocate/toolchain.Run({0x75dd74, 0x4}, {0x18e0baf2d950, 0x84}, 0x1, 0x1, 0x1, 0x0, {0x0, 0x0}, ...)
	/home/advocate/Advocate/Experiments/Advocate/advocate/toolchain/toolchain.go:72 +0x389
advocate/fuzzing.runFuzzing({0x18e0baf2d950, 0x84}, 0x0, 0x31, 0x1)
	/home/advocate/Advocate/Experiments/Advocate/advocate/fuzzing/fuzzing.go:217 +0x57b
advocate/fuzzing.Fuzzing()
	/home/advocate/Advocate/Experiments/Advocate/advocate/fuzzing/fuzzing.go:135 +0xea5
advocate/run.modeFuzzing()
	/home/advocate/Advocate/Experiments/Advocate/advocate/run/modes.go:34 +0x5e
advocate/run.Run()
	/home/advocate/Advocate/Experiments/Advocate/advocate/run/run.go:100 +0x5b5
main.main()
	/home/advocate/Advocate/Experiments/Advocate/advocate/main.go:28 +0x1c
2026/06/05 16:23:41 [33mRAM Reset[0m
2026/06/05 16:23:58 [31mNot enough RAM[0m
2026/06/05 16:23:58 goroutine 17 [running]:
advocate/utils/control.printAllGoroutines()
	/home/advocate/Advocate/Experiments/Advocate/advocate/utils/control/utils.go:20 +0x3d
advocate/utils/control.cancelRAM(0x77cd50, 0x77cd48, 0x77cd58)
	/home/advocate/Advocate/Experiments/Advocate/advocate/utils/control/memory.go:109 +0x6e
advocate/utils/control.Supervisor(0x77cd50, 0x77cd48, 0x77cd58)
	/home/advocate/Advocate/Experiments/Advocate/advocate/utils/control/memory.go:79 +0x12f
created by advocate/run.Run in goroutine 1
	/home/advocate/Advocate/Experiments/Advocate/advocate/run/run.go:63 +0x26f

goroutine 1 [runnable]:
advocate/analysis/hb/clock.(*VectorClock).GetValue(...)
	/home/advocate/Advocate/Experiments/Advocate/advocate/analysis/hb/clock/vc.go:97
advocate/analysis/hb/clock.happensBefore(0x18e0c96fe990, 0x18e0c6063420)
	/home/advocate/Advocate/Experiments/Advocate/advocate/analysis/hb/clock/hb.go:27 +0x96
advocate/analysis/hb/clock.GetHappensBefore(0x18e0c96fe990, 0x18e0c6063420)
	/home/advocate/Advocate/Experiments/Advocate/advocate/analysis/hb/clock/hb.go:74 +0x34
advocate/analysis/analysis/scenarios.buildResidualGraph({0x18e0d5080000, 0x186a2, 0x18e0c4ab2b68?}, {0x18e0d524c000, 0x186a2, 0x1?})
	/home/advocate/Advocate/Experiments/Advocate/advocate/analysis/analysis/scenarios/graph.go:60 +0x49f
advocate/analysis/analysis/scenarios.CheckForUnlockBeforeLock()
	/home/advocate/Advocate/Experiments/Advocate/advocate/analysis/analysis/scenarios/unlockBeforeLock.go:75 +0x2b5
advocate/analysis/analysis.RunHBAnalysis(0x1)
	/home/advocate/Advocate/Experiments/Advocate/advocate/analysis/analysis/analysis.go:262 +0xc9b
advocate/analysis/analysis.RunAnalysis(0x1)
	/home/advocate/Advocate/Experiments/Advocate/advocate/analysis/analysis/analysis.go:63 +0x105
advocate/toolchain.runAnalyzer({0x18e0bd1ec400, 0x7a}, {0x18e0bd1f0630?, 0x6c?}, {0x18e0bd1ec480, 0x80}, {0x18e0bd1ec500, 0x7b}, 0x0, {0x18e0bd1c3560, ...}, ...)
	/home/advocate/Advocate/Experiments/Advocate/advocate/toolchain/analyzer.go:78 +0x43b
advocate/toolchain.unitTestAnalyzer({0x18e0bd1ee5b0, 0x6c}, {0x760f26?, 0x18e0bacb0068?}, 0x0, {0x18e0bd1c3560, 0x84}, {0x18e0bd1f4c02, 0x13})
	/home/advocate/Advocate/Experiments/Advocate/advocate/toolchain/fullWorkflowUnit.go:619 +0x25c
advocate/toolchain.unitTestFullWorkflow({0x18e0bae00000?, 0x2c}, {0x7ffc390320ff, 0x52}, 0x1, 0x1, 0x1, {0x18e0bd1f4c02, 0x13}, {0x18e0bd086ce0, ...}, ...)
	/home/advocate/Advocate/Experiments/Advocate/advocate/toolchain/fullWorkflowUnit.go:479 +0x625
advocate/toolchain.runWorkflowUnit({0x7ffc390320ff, 0x52}, 0x1, 0x1, 0x1, {0x18e0baf2d950, 0x84}, 0x0, {0x0, 0x0}, ...)
	/home/advocate/Advocate/Experiments/Advocate/advocate/toolchain/fullWorkflowUnit.go:171 +0x1190
advocate/toolchain.Run({0x75dd74, 0x4}, {0x18e0baf2d950, 0x84}, 0x1, 0x1, 0x1, 0x0, {0x0, 0x0}, ...)
	/home/advocate/Advocate/Experiments/Advocate/advocate/toolchain/toolchain.go:72 +0x389
advocate/fuzzing.runFuzzing({0x18e0baf2d950, 0x84}, 0x0, 0x31, 0x1)
	/home/advocate/Advocate/Experiments/Advocate/advocate/fuzzing/fuzzing.go:217 +0x57b
advocate/fuzzing.Fuzzing()
	/home/advocate/Advocate/Experiments/Advocate/advocate/fuzzing/fuzzing.go:135 +0xea5
advocate/run.modeFuzzing()
	/home/advocate/Advocate/Experiments/Advocate/advocate/run/modes.go:34 +0x5e
advocate/run.Run()
	/home/advocate/Advocate/Experiments/Advocate/advocate/run/run.go:100 +0x5b5
main.main()
	/home/advocate/Advocate/Experiments/Advocate/advocate/main.go:28 +0x1c
2026/06/05 16:24:05 [33mRAM Reset[0m
2026/06/05 16:24:16 [31mNot enough RAM[0m
2026/06/05 16:24:16 goroutine 17 [running]:
advocate/utils/control.printAllGoroutines()
	/home/advocate/Advocate/Experiments/Advocate/advocate/utils/control/utils.go:20 +0x3d
advocate/utils/control.cancelRAM(0x77cd50, 0x77cd48, 0x77cd58)
	/home/advocate/Advocate/Experiments/Advocate/advocate/utils/control/memory.go:109 +0x6e
advocate/utils/control.Supervisor(0x77cd50, 0x77cd48, 0x77cd58)
	/home/advocate/Advocate/Experiments/Advocate/advocate/utils/control/memory.go:79 +0x12f
created by advocate/run.Run in goroutine 1
	/home/advocate/Advocate/Experiments/Advocate/advocate/run/run.go:63 +0x26f

goroutine 1 [runnable]:
advocate/analysis/hb/clock.(*VectorClock).GetValue(...)
	/home/advocate/Advocate/Experiments/Advocate/advocate/analysis/hb/clock/vc.go:97
advocate/analysis/hb/clock.happensBefore(0x18e0c62b1c20, 0x18e0d0bc8180)
	/home/advocate/Advocate/Experiments/Advocate/advocate/analysis/hb/clock/hb.go:27 +0x96
advocate/analysis/hb/clock.GetHappensBefore(0x18e0d0bc8180, 0x18e0c62b1c20)
	/home/advocate/Advocate/Experiments/Advocate/advocate/analysis/hb/clock/hb.go:77 +0x47
advocate/analysis/analysis/scenarios.buildResidualGraph({0x18e0d5080000, 0x186a2, 0x18e0c4ab2b68?}, {0x18e0d524c000, 0x186a2, 0x1?})
	/home/advocate/Advocate/Experiments/Advocate/advocate/analysis/analysis/scenarios/graph.go:60 +0x49f
advocate/analysis/analysis/scenarios.CheckForUnlockBeforeLock()
	/home/advocate/Advocate/Experiments/Advocate/advocate/analysis/analysis/scenarios/unlockBeforeLock.go:75 +0x2b5
advocate/analysis/analysis.RunHBAnalysis(0x1)
	/home/advocate/Advocate/Experiments/Advocate/advocate/analysis/analysis/analysis.go:262 +0xc9b
advocate/analysis/analysis.RunAnalysis(0x1)
	/home/advocate/Advocate/Experiments/Advocate/advocate/analysis/analysis/analysis.go:63 +0x105
advocate/toolchain.runAnalyzer({0x18e0bd1ec400, 0x7a}, {0x18e0bd1f0630?, 0x6c?}, {0x18e0bd1ec480, 0x80}, {0x18e0bd1ec500, 0x7b}, 0x0, {0x18e0bd1c3560, ...}, ...)
	/home/advocate/Advocate/Experiments/Advocate/advocate/toolchain/analyzer.go:78 +0x43b
advocate/toolchain.unitTestAnalyzer({0x18e0bd1ee5b0, 0x6c}, {0x760f26?, 0x18e0bacb0068?}, 0x0, {0x18e0bd1c3560, 0x84}, {0x18e0bd1f4c02, 0x13})
	/home/advocate/Advocate/Experiments/Advocate/advocate/toolchain/fullWorkflowUnit.go:619 +0x25c
advocate/toolchain.unitTestFullWorkflow({0x18e0bae00000?, 0x2c}, {0x7ffc390320ff, 0x52}, 0x1, 0x1, 0x1, {0x18e0bd1f4c02, 0x13}, {0x18e0bd086ce0, ...}, ...)
	/home/advocate/Advocate/Experiments/Advocate/advocate/toolchain/fullWorkflowUnit.go:479 +0x625
advocate/toolchain.runWorkflowUnit({0x7ffc390320ff, 0x52}, 0x1, 0x1, 0x1, {0x18e0baf2d950, 0x84}, 0x0, {0x0, 0x0}, ...)
	/home/advocate/Advocate/Experiments/Advocate/advocate/toolchain/fullWorkflowUnit.go:171 +0x1190
advocate/toolchain.Run({0x75dd74, 0x4}, {0x18e0baf2d950, 0x84}, 0x1, 0x1, 0x1, 0x0, {0x0, 0x0}, ...)
	/home/advocate/Advocate/Experiments/Advocate/advocate/toolchain/toolchain.go:72 +0x389
advocate/fuzzing.runFuzzing({0x18e0baf2d950, 0x84}, 0x0, 0x31, 0x1)
	/home/advocate/Advocate/Experiments/Advocate/advocate/fuzzing/fuzzing.go:217 +0x57b
advocate/fuzzing.Fuzzing()
	/home/advocate/Advocate/Experiments/Advocate/advocate/fuzzing/fuzzing.go:135 +0xea5
advocate/run.modeFuzzing()
	/home/advocate/Advocate/Experiments/Advocate/advocate/run/modes.go:34 +0x5e
advocate/run.Run()
	/home/advocate/Advocate/Experiments/Advocate/advocate/run/run.go:100 +0x5b5
main.main()
	/home/advocate/Advocate/Experiments/Advocate/advocate/main.go:28 +0x1c
2026/06/05 16:24:23 [33mRAM Reset[0m
2026/06/05 16:24:31 [31mNot enough RAM[0m
2026/06/05 16:24:31 goroutine 17 [running]:
advocate/utils/control.printAllGoroutines()
	/home/advocate/Advocate/Experiments/Advocate/advocate/utils/control/utils.go:20 +0x3d
advocate/utils/control.cancelRAM(0x77cd50, 0x77cd48, 0x77cd58)
	/home/advocate/Advocate/Experiments/Advocate/advocate/utils/control/memory.go:109 +0x6e
advocate/utils/control.Supervisor(0x77cd50, 0x77cd48, 0x77cd58)
	/home/advocate/Advocate/Experiments/Advocate/advocate/utils/control/memory.go:79 +0x12f
created by advocate/run.Run in goroutine 1
	/home/advocate/Advocate/Experiments/Advocate/advocate/run/run.go:63 +0x26f

goroutine 1 [runnable]:
advocate/analysis/hb/clock.(*VectorClock).GetValue(...)
	/home/advocate/Advocate/Experiments/Advocate/advocate/analysis/hb/clock/vc.go:97
advocate/analysis/hb/clock.happensBefore(0x18e0c67a8d80, 0x18e0cba7b5e0)
	/home/advocate/Advocate/Experiments/Advocate/advocate/analysis/hb/clock/hb.go:27 +0x96
advocate/analysis/hb/clock.GetHappensBefore(0x18e0cba7b5e0, 0x18e0c67a8d80)
	/home/advocate/Advocate/Experiments/Advocate/advocate/analysis/hb/clock/hb.go:77 +0x47
advocate/analysis/analysis/scenarios.buildResidualGraph({0x18e0d5080000, 0x186a2, 0x18e0c4ab2b68?}, {0x18e0d524c000, 0x186a2, 0x1?})
	/home/advocate/Advocate/Experiments/Advocate/advocate/analysis/analysis/scenarios/graph.go:60 +0x49f
advocate/analysis/analysis/scenarios.CheckForUnlockBeforeLock()
	/home/advocate/Advocate/Experiments/Advocate/advocate/analysis/analysis/scenarios/unlockBeforeLock.go:75 +0x2b5
advocate/analysis/analysis.RunHBAnalysis(0x1)
	/home/advocate/Advocate/Experiments/Advocate/advocate/analysis/analysis/analysis.go:262 +0xc9b
advocate/analysis/analysis.RunAnalysis(0x1)
	/home/advocate/Advocate/Experiments/Advocate/advocate/analysis/analysis/analysis.go:63 +0x105
advocate/toolchain.runAnalyzer({0x18e0bd1ec400, 0x7a}, {0x18e0bd1f0630?, 0x6c?}, {0x18e0bd1ec480, 0x80}, {0x18e0bd1ec500, 0x7b}, 0x0, {0x18e0bd1c3560, ...}, ...)
	/home/advocate/Advocate/Experiments/Advocate/advocate/toolchain/analyzer.go:78 +0x43b
advocate/toolchain.unitTestAnalyzer({0x18e0bd1ee5b0, 0x6c}, {0x760f26?, 0x18e0bacb0068?}, 0x0, {0x18e0bd1c3560, 0x84}, {0x18e0bd1f4c02, 0x13})
	/home/advocate/Advocate/Experiments/Advocate/advocate/toolchain/fullWorkflowUnit.go:619 +0x25c
advocate/toolchain.unitTestFullWorkflow({0x18e0bae00000?, 0x2c}, {0x7ffc390320ff, 0x52}, 0x1, 0x1, 0x1, {0x18e0bd1f4c02, 0x13}, {0x18e0bd086ce0, ...}, ...)
	/home/advocate/Advocate/Experiments/Advocate/advocate/toolchain/fullWorkflowUnit.go:479 +0x625
advocate/toolchain.runWorkflowUnit({0x7ffc390320ff, 0x52}, 0x1, 0x1, 0x1, {0x18e0baf2d950, 0x84}, 0x0, {0x0, 0x0}, ...)
	/home/advocate/Advocate/Experiments/Advocate/advocate/toolchain/fullWorkflowUnit.go:171 +0x1190
advocate/toolchain.Run({0x75dd74, 0x4}, {0x18e0baf2d950, 0x84}, 0x1, 0x1, 0x1, 0x0, {0x0, 0x0}, ...)
	/home/advocate/Advocate/Experiments/Advocate/advocate/toolchain/toolchain.go:72 +0x389
advocate/fuzzing.runFuzzing({0x18e0baf2d950, 0x84}, 0x0, 0x31, 0x1)
	/home/advocate/Advocate/Experiments/Advocate/advocate/fuzzing/fuzzing.go:217 +0x57b
advocate/fuzzing.Fuzzing()
	/home/advocate/Advocate/Experiments/Advocate/advocate/fuzzing/fuzzing.go:135 +0xea5
advocate/run.modeFuzzing()
	/home/advocate/Advocate/Experiments/Advocate/advocate/run/modes.go:34 +0x5e
advocate/run.Run()
	/home/advocate/Advocate/Experiments/Advocate/advocate/run/run.go:100 +0x5b5
main.main()
	/home/advocate/Advocate/Experiments/Advocate/advocate/main.go:28 +0x1c
2026/06/05 16:24:38 [33mRAM Reset[0m
2026/06/05 16:24:43 [31mNot enough RAM[0m
2026/06/05 16:24:43 goroutine 17 [running]:
advocate/utils/control.printAllGoroutines()
	/home/advocate/Advocate/Experiments/Advocate/advocate/utils/control/utils.go:20 +0x3d
advocate/utils/control.cancelRAM(0x77cd50, 0x77cd48, 0x77cd58)
	/home/advocate/Advocate/Experiments/Advocate/advocate/utils/control/memory.go:109 +0x6e
advocate/utils/control.Supervisor(0x77cd50, 0x77cd48, 0x77cd58)
	/home/advocate/Advocate/Experiments/Advocate/advocate/utils/control/memory.go:79 +0x12f
created by advocate/run.Run in goroutine 1
	/home/advocate/Advocate/Experiments/Advocate/advocate/run/run.go:63 +0x26f

goroutine 1 [runnable]:
advocate/analysis/hb/clock.(*VectorClock).GetValue(...)
	/home/advocate/Advocate/Experiments/Advocate/advocate/analysis/hb/clock/vc.go:97
advocate/analysis/hb/clock.happensBefore(0x18e0c68f3380, 0x18e0c904d3d0)
	/home/advocate/Advocate/Experiments/Advocate/advocate/analysis/hb/clock/hb.go:29 +0xe6
advocate/analysis/hb/clock.GetHappensBefore(0x18e0c904d3d0, 0x18e0c68f3380)
	/home/advocate/Advocate/Experiments/Advocate/advocate/analysis/hb/clock/hb.go:77 +0x47
advocate/analysis/analysis/scenarios.buildResidualGraph({0x18e0d5080000, 0x186a2, 0x18e0c4ab2b68?}, {0x18e0d524c000, 0x186a2, 0x1?})
	/home/advocate/Advocate/Experiments/Advocate/advocate/analysis/analysis/scenarios/graph.go:60 +0x49f
advocate/analysis/analysis/scenarios.CheckForUnlockBeforeLock()
	/home/advocate/Advocate/Experiments/Advocate/advocate/analysis/analysis/scenarios/unlockBeforeLock.go:75 +0x2b5
advocate/analysis/analysis.RunHBAnalysis(0x1)
	/home/advocate/Advocate/Experiments/Advocate/advocate/analysis/analysis/analysis.go:262 +0xc9b
advocate/analysis/analysis.RunAnalysis(0x1)
	/home/advocate/Advocate/Experiments/Advocate/advocate/analysis/analysis/analysis.go:63 +0x105
advocate/toolchain.runAnalyzer({0x18e0bd1ec400, 0x7a}, {0x18e0bd1f0630?, 0x6c?}, {0x18e0bd1ec480, 0x80}, {0x18e0bd1ec500, 0x7b}, 0x0, {0x18e0bd1c3560, ...}, ...)
	/home/advocate/Advocate/Experiments/Advocate/advocate/toolchain/analyzer.go:78 +0x43b
advocate/toolchain.unitTestAnalyzer({0x18e0bd1ee5b0, 0x6c}, {0x760f26?, 0x18e0bacb0068?}, 0x0, {0x18e0bd1c3560, 0x84}, {0x18e0bd1f4c02, 0x13})
	/home/advocate/Advocate/Experiments/Advocate/advocate/toolchain/fullWorkflowUnit.go:619 +0x25c
advocate/toolchain.unitTestFullWorkflow({0x18e0bae00000?, 0x2c}, {0x7ffc390320ff, 0x52}, 0x1, 0x1, 0x1, {0x18e0bd1f4c02, 0x13}, {0x18e0bd086ce0, ...}, ...)
	/home/advocate/Advocate/Experiments/Advocate/advocate/toolchain/fullWorkflowUnit.go:479 +0x625
advocate/toolchain.runWorkflowUnit({0x7ffc390320ff, 0x52}, 0x1, 0x1, 0x1, {0x18e0baf2d950, 0x84}, 0x0, {0x0, 0x0}, ...)
	/home/advocate/Advocate/Experiments/Advocate/advocate/toolchain/fullWorkflowUnit.go:171 +0x1190
advocate/toolchain.Run({0x75dd74, 0x4}, {0x18e0baf2d950, 0x84}, 0x1, 0x1, 0x1, 0x0, {0x0, 0x0}, ...)
	/home/advocate/Advocate/Experiments/Advocate/advocate/toolchain/toolchain.go:72 +0x389
advocate/fuzzing.runFuzzing({0x18e0baf2d950, 0x84}, 0x0, 0x31, 0x1)
	/home/advocate/Advocate/Experiments/Advocate/advocate/fuzzing/fuzzing.go:217 +0x57b
advocate/fuzzing.Fuzzing()
	/home/advocate/Advocate/Experiments/Advocate/advocate/fuzzing/fuzzing.go:135 +0xea5
advocate/run.modeFuzzing()
	/home/advocate/Advocate/Experiments/Advocate/advocate/run/modes.go:34 +0x5e
advocate/run.Run()
	/home/advocate/Advocate/Experiments/Advocate/advocate/run/run.go:100 +0x5b5
main.main()
	/home/advocate/Advocate/Experiments/Advocate/advocate/main.go:28 +0x1c
2026/06/05 16:24:50 [33mRAM Reset[0m
2026/06/05 16:24:52 [31mNot enough RAM[0m
2026/06/05 16:24:52 goroutine 17 [running]:
advocate/utils/control.printAllGoroutines()
	/home/advocate/Advocate/Experiments/Advocate/advocate/utils/control/utils.go:20 +0x3d
advocate/utils/control.cancelRAM(0x77cd50, 0x77cd48, 0x77cd58)
	/home/advocate/Advocate/Experiments/Advocate/advocate/utils/control/memory.go:109 +0x6e
advocate/utils/control.Supervisor(0x77cd50, 0x77cd48, 0x77cd58)
	/home/advocate/Advocate/Experiments/Advocate/advocate/utils/control/memory.go:79 +0x12f
created by advocate/run.Run in goroutine 1
	/home/advocate/Advocate/Experiments/Advocate/advocate/run/run.go:63 +0x26f

goroutine 1 [runnable]:
advocate/analysis/hb/clock.(*VectorClock).GetValue(...)
	/home/advocate/Advocate/Experiments/Advocate/advocate/analysis/hb/clock/vc.go:97
advocate/analysis/hb/clock.happensBefore(0x18e0d0bc8f50, 0x18e0c69b6bd0)
	/home/advocate/Advocate/Experiments/Advocate/advocate/analysis/hb/clock/hb.go:27 +0x96
advocate/analysis/hb/clock.GetHappensBefore(0x18e0d0bc8f50, 0x18e0c69b6bd0)
	/home/advocate/Advocate/Experiments/Advocate/advocate/analysis/hb/clock/hb.go:74 +0x34
advocate/analysis/analysis/scenarios.buildResidualGraph({0x18e0d5080000, 0x186a2, 0x18e0c4ab2b68?}, {0x18e0d524c000, 0x186a2, 0x1?})
	/home/advocate/Advocate/Experiments/Advocate/advocate/analysis/analysis/scenarios/graph.go:60 +0x49f
advocate/analysis/analysis/scenarios.CheckForUnlockBeforeLock()
	/home/advocate/Advocate/Experiments/Advocate/advocate/analysis/analysis/scenarios/unlockBeforeLock.go:75 +0x2b5
advocate/analysis/analysis.RunHBAnalysis(0x1)
	/home/advocate/Advocate/Experiments/Advocate/advocate/analysis/analysis/analysis.go:262 +0xc9b
advocate/analysis/analysis.RunAnalysis(0x1)
	/home/advocate/Advocate/Experiments/Advocate/advocate/analysis/analysis/analysis.go:63 +0x105
advocate/toolchain.runAnalyzer({0x18e0bd1ec400, 0x7a}, {0x18e0bd1f0630?, 0x6c?}, {0x18e0bd1ec480, 0x80}, {0x18e0bd1ec500, 0x7b}, 0x0, {0x18e0bd1c3560, ...}, ...)
	/home/advocate/Advocate/Experiments/Advocate/advocate/toolchain/analyzer.go:78 +0x43b
advocate/toolchain.unitTestAnalyzer({0x18e0bd1ee5b0, 0x6c}, {0x760f26?, 0x18e0bacb0068?}, 0x0, {0x18e0bd1c3560, 0x84}, {0x18e0bd1f4c02, 0x13})
	/home/advocate/Advocate/Experiments/Advocate/advocate/toolchain/fullWorkflowUnit.go:619 +0x25c
advocate/toolchain.unitTestFullWorkflow({0x18e0bae00000?, 0x2c}, {0x7ffc390320ff, 0x52}, 0x1, 0x1, 0x1, {0x18e0bd1f4c02, 0x13}, {0x18e0bd086ce0, ...}, ...)
	/home/advocate/Advocate/Experiments/Advocate/advocate/toolchain/fullWorkflowUnit.go:479 +0x625
advocate/toolchain.runWorkflowUnit({0x7ffc390320ff, 0x52}, 0x1, 0x1, 0x1, {0x18e0baf2d950, 0x84}, 0x0, {0x0, 0x0}, ...)
	/home/advocate/Advocate/Experiments/Advocate/advocate/toolchain/fullWorkflowUnit.go:171 +0x1190
advocate/toolchain.Run({0x75dd74, 0x4}, {0x18e0baf2d950, 0x84}, 0x1, 0x1, 0x1, 0x0, {0x0, 0x0}, ...)
	/home/advocate/Advocate/Experiments/Advocate/advocate/toolchain/toolchain.go:72 +0x389
advocate/fuzzing.runFuzzing({0x18e0baf2d950, 0x84}, 0x0, 0x31, 0x1)
	/home/advocate/Advocate/Experiments/Advocate/advocate/fuzzing/fuzzing.go:217 +0x57b
advocate/fuzzing.Fuzzing()
	/home/advocate/Advocate/Experiments/Advocate/advocate/fuzzing/fuzzing.go:135 +0xea5
advocate/run.modeFuzzing()
	/home/advocate/Advocate/Experiments/Advocate/advocate/run/modes.go:34 +0x5e
advocate/run.Run()
	/home/advocate/Advocate/Experiments/Advocate/advocate/run/run.go:100 +0x5b5
main.main()
	/home/advocate/Advocate/Experiments/Advocate/advocate/main.go:28 +0x1c
2026/06/05 16:24:59 [33mRAM Reset[0m
2026/06/05 16:25:02 [31mNot enough RAM[0m
2026/06/05 16:25:02 goroutine 17 [running]:
advocate/utils/control.printAllGoroutines()
	/home/advocate/Advocate/Experiments/Advocate/advocate/utils/control/utils.go:20 +0x3d
advocate/utils/control.cancelRAM(0x77cd50, 0x77cd48, 0x77cd58)
	/home/advocate/Advocate/Experiments/Advocate/advocate/utils/control/memory.go:109 +0x6e
advocate/utils/control.Supervisor(0x77cd50, 0x77cd48, 0x77cd58)
	/home/advocate/Advocate/Experiments/Advocate/advocate/utils/control/memory.go:79 +0x12f
created by advocate/run.Run in goroutine 1
	/home/advocate/Advocate/Experiments/Advocate/advocate/run/run.go:63 +0x26f

goroutine 1 [runnable]:
advocate/analysis/hb/clock.GetHappensBefore(0x18e0d3d0dbc0?, 0x18e0c6a65e60?)
	/home/advocate/Advocate/Experiments/Advocate/advocate/analysis/hb/clock/hb.go:65 +0x8e
advocate/analysis/analysis/scenarios.buildResidualGraph({0x18e0d5080000, 0x186a2, 0x18e0c4ab2b68?}, {0x18e0d524c000, 0x186a2, 0x1?})
	/home/advocate/Advocate/Experiments/Advocate/advocate/analysis/analysis/scenarios/graph.go:60 +0x49f
advocate/analysis/analysis/scenarios.CheckForUnlockBeforeLock()
	/home/advocate/Advocate/Experiments/Advocate/advocate/analysis/analysis/scenarios/unlockBeforeLock.go:75 +0x2b5
advocate/analysis/analysis.RunHBAnalysis(0x1)
	/home/advocate/Advocate/Experiments/Advocate/advocate/analysis/analysis/analysis.go:262 +0xc9b
advocate/analysis/analysis.RunAnalysis(0x1)
	/home/advocate/Advocate/Experiments/Advocate/advocate/analysis/analysis/analysis.go:63 +0x105
advocate/toolchain.runAnalyzer({0x18e0bd1ec400, 0x7a}, {0x18e0bd1f0630?, 0x6c?}, {0x18e0bd1ec480, 0x80}, {0x18e0bd1ec500, 0x7b}, 0x0, {0x18e0bd1c3560, ...}, ...)
	/home/advocate/Advocate/Experiments/Advocate/advocate/toolchain/analyzer.go:78 +0x43b
advocate/toolchain.unitTestAnalyzer({0x18e0bd1ee5b0, 0x6c}, {0x760f26?, 0x18e0bacb0068?}, 0x0, {0x18e0bd1c3560, 0x84}, {0x18e0bd1f4c02, 0x13})
	/home/advocate/Advocate/Experiments/Advocate/advocate/toolchain/fullWorkflowUnit.go:619 +0x25c
advocate/toolchain.unitTestFullWorkflow({0x18e0bae00000?, 0x2c}, {0x7ffc390320ff, 0x52}, 0x1, 0x1, 0x1, {0x18e0bd1f4c02, 0x13}, {0x18e0bd086ce0, ...}, ...)
	/home/advocate/Advocate/Experiments/Advocate/advocate/toolchain/fullWorkflowUnit.go:479 +0x625
advocate/toolchain.runWorkflowUnit({0x7ffc390320ff, 0x52}, 0x1, 0x1, 0x1, {0x18e0baf2d950, 0x84}, 0x0, {0x0, 0x0}, ...)
	/home/advocate/Advocate/Experiments/Advocate/advocate/toolchain/fullWorkflowUnit.go:171 +0x1190
advocate/toolchain.Run({0x75dd74, 0x4}, {0x18e0baf2d950, 0x84}, 0x1, 0x1, 0x1, 0x0, {0x0, 0x0}, ...)
	/home/advocate/Advocate/Experiments/Advocate/advocate/toolchain/toolchain.go:72 +0x389
advocate/fuzzing.runFuzzing({0x18e0baf2d950, 0x84}, 0x0, 0x31, 0x1)
	/home/advocate/Advocate/Experiments/Advocate/advocate/fuzzing/fuzzing.go:217 +0x57b
advocate/fuzzing.Fuzzing()
	/home/advocate/Advocate/Experiments/Advocate/advocate/fuzzing/fuzzing.go:135 +0xea5
advocate/run.modeFuzzing()
	/home/advocate/Advocate/Experiments/Advocate/advocate/run/modes.go:34 +0x5e
advocate/run.Run()
	/home/advocate/Advocate/Experiments/Advocate/advocate/run/run.go:100 +0x5b5
main.main()
	/home/advocate/Advocate/Experiments/Advocate/advocate/main.go:28 +0x1c
2026/06/05 16:25:09 [33mRAM Reset[0m
2026/06/05 16:25:10 [31mNot enough RAM[0m
2026/06/05 16:25:10 goroutine 17 [running]:
advocate/utils/control.printAllGoroutines()
	/home/advocate/Advocate/Experiments/Advocate/advocate/utils/control/utils.go:20 +0x3d
advocate/utils/control.cancelRAM(0x77cd50, 0x77cd48, 0x77cd58)
	/home/advocate/Advocate/Experiments/Advocate/advocate/utils/control/memory.go:109 +0x6e
advocate/utils/control.Supervisor(0x77cd50, 0x77cd48, 0x77cd58)
	/home/advocate/Advocate/Experiments/Advocate/advocate/utils/control/memory.go:79 +0x12f
created by advocate/run.Run in goroutine 1
	/home/advocate/Advocate/Experiments/Advocate/advocate/run/run.go:63 +0x26f

goroutine 1 [runnable]:
advocate/analysis/hb/clock.(*VectorClock).GetValue(...)
	/home/advocate/Advocate/Experiments/Advocate/advocate/analysis/hb/clock/vc.go:97
advocate/analysis/hb/clock.happensBefore(0x18e0c6ba7700, 0x18e0d1bf1610)
	/home/advocate/Advocate/Experiments/Advocate/advocate/analysis/hb/clock/hb.go:27 +0x96
advocate/analysis/hb/clock.GetHappensBefore(0x18e0d1bf1610, 0x18e0c6ba7700)
	/home/advocate/Advocate/Experiments/Advocate/advocate/analysis/hb/clock/hb.go:77 +0x47
advocate/analysis/analysis/scenarios.buildResidualGraph({0x18e0d5080000, 0x186a2, 0x18e0c4ab2b68?}, {0x18e0d524c000, 0x186a2, 0x1?})
	/home/advocate/Advocate/Experiments/Advocate/advocate/analysis/analysis/scenarios/graph.go:60 +0x49f
advocate/analysis/analysis/scenarios.CheckForUnlockBeforeLock()
	/home/advocate/Advocate/Experiments/Advocate/advocate/analysis/analysis/scenarios/unlockBeforeLock.go:75 +0x2b5
advocate/analysis/analysis.RunHBAnalysis(0x1)
	/home/advocate/Advocate/Experiments/Advocate/advocate/analysis/analysis/analysis.go:262 +0xc9b
advocate/analysis/analysis.RunAnalysis(0x1)
	/home/advocate/Advocate/Experiments/Advocate/advocate/analysis/analysis/analysis.go:63 +0x105
advocate/toolchain.runAnalyzer({0x18e0bd1ec400, 0x7a}, {0x18e0bd1f0630?, 0x6c?}, {0x18e0bd1ec480, 0x80}, {0x18e0bd1ec500, 0x7b}, 0x0, {0x18e0bd1c3560, ...}, ...)
	/home/advocate/Advocate/Experiments/Advocate/advocate/toolchain/analyzer.go:78 +0x43b
advocate/toolchain.unitTestAnalyzer({0x18e0bd1ee5b0, 0x6c}, {0x760f26?, 0x18e0bacb0068?}, 0x0, {0x18e0bd1c3560, 0x84}, {0x18e0bd1f4c02, 0x13})
	/home/advocate/Advocate/Experiments/Advocate/advocate/toolchain/fullWorkflowUnit.go:619 +0x25c
advocate/toolchain.unitTestFullWorkflow({0x18e0bae00000?, 0x2c}, {0x7ffc390320ff, 0x52}, 0x1, 0x1, 0x1, {0x18e0bd1f4c02, 0x13}, {0x18e0bd086ce0, ...}, ...)
	/home/advocate/Advocate/Experiments/Advocate/advocate/toolchain/fullWorkflowUnit.go:479 +0x625
advocate/toolchain.runWorkflowUnit({0x7ffc390320ff, 0x52}, 0x1, 0x1, 0x1, {0x18e0baf2d950, 0x84}, 0x0, {0x0, 0x0}, ...)
	/home/advocate/Advocate/Experiments/Advocate/advocate/toolchain/fullWorkflowUnit.go:171 +0x1190
advocate/toolchain.Run({0x75dd74, 0x4}, {0x18e0baf2d950, 0x84}, 0x1, 0x1, 0x1, 0x0, {0x0, 0x0}, ...)
	/home/advocate/Advocate/Experiments/Advocate/advocate/toolchain/toolchain.go:72 +0x389
advocate/fuzzing.runFuzzing({0x18e0baf2d950, 0x84}, 0x0, 0x31, 0x1)
	/home/advocate/Advocate/Experiments/Advocate/advocate/fuzzing/fuzzing.go:217 +0x57b
advocate/fuzzing.Fuzzing()
	/home/advocate/Advocate/Experiments/Advocate/advocate/fuzzing/fuzzing.go:135 +0xea5
advocate/run.modeFuzzing()
	/home/advocate/Advocate/Experiments/Advocate/advocate/run/modes.go:34 +0x5e
advocate/run.Run()
	/home/advocate/Advocate/Experiments/Advocate/advocate/run/run.go:100 +0x5b5
main.main()
	/home/advocate/Advocate/Experiments/Advocate/advocate/main.go:28 +0x1c
2026/06/05 16:25:17 [31mNot enough RAM[0m
2026/06/05 16:25:17 goroutine 17 [running]:
advocate/utils/control.printAllGoroutines()
	/home/advocate/Advocate/Experiments/Advocate/advocate/utils/control/utils.go:20 +0x3d
advocate/utils/control.cancelRAM(0x77cd50, 0x77cd48, 0x77cd58)
	/home/advocate/Advocate/Experiments/Advocate/advocate/utils/control/memory.go:109 +0x6e
advocate/utils/control.Supervisor(0x77cd50, 0x77cd48, 0x77cd58)
	/home/advocate/Advocate/Experiments/Advocate/advocate/utils/control/memory.go:79 +0x12f
created by advocate/run.Run in goroutine 1
	/home/advocate/Advocate/Experiments/Advocate/advocate/run/run.go:63 +0x26f

goroutine 1 [runnable]:
advocate/analysis/hb/clock.(*VectorClock).GetValue(...)
	/home/advocate/Advocate/Experiments/Advocate/advocate/analysis/hb/clock/vc.go:97
advocate/analysis/hb/clock.happensBefore(0x18e0c6cba610, 0x18e0c75df650)
	/home/advocate/Advocate/Experiments/Advocate/advocate/analysis/hb/clock/hb.go:29 +0x130
advocate/analysis/hb/clock.GetHappensBefore(0x18e0c75df650, 0x18e0c6cba610)
	/home/advocate/Advocate/Experiments/Advocate/advocate/analysis/hb/clock/hb.go:77 +0x47
advocate/analysis/analysis/scenarios.buildResidualGraph({0x18e0d5080000, 0x186a2, 0x18e0c4ab2b68?}, {0x18e0d524c000, 0x186a2, 0x1?})
	/home/advocate/Advocate/Experiments/Advocate/advocate/analysis/analysis/scenarios/graph.go:60 +0x49f
advocate/analysis/analysis/scenarios.CheckForUnlockBeforeLock()
	/home/advocate/Advocate/Experiments/Advocate/advocate/analysis/analysis/scenarios/unlockBeforeLock.go:75 +0x2b5
advocate/analysis/analysis.RunHBAnalysis(0x1)
	/home/advocate/Advocate/Experiments/Advocate/advocate/analysis/analysis/analysis.go:262 +0xc9b
advocate/analysis/analysis.RunAnalysis(0x1)
	/home/advocate/Advocate/Experiments/Advocate/advocate/analysis/analysis/analysis.go:63 +0x105
advocate/toolchain.runAnalyzer({0x18e0bd1ec400, 0x7a}, {0x18e0bd1f0630?, 0x6c?}, {0x18e0bd1ec480, 0x80}, {0x18e0bd1ec500, 0x7b}, 0x0, {0x18e0bd1c3560, ...}, ...)
	/home/advocate/Advocate/Experiments/Advocate/advocate/toolchain/analyzer.go:78 +0x43b
advocate/toolchain.unitTestAnalyzer({0x18e0bd1ee5b0, 0x6c}, {0x760f26?, 0x18e0bacb0068?}, 0x0, {0x18e0bd1c3560, 0x84}, {0x18e0bd1f4c02, 0x13})
	/home/advocate/Advocate/Experiments/Advocate/advocate/toolchain/fullWorkflowUnit.go:619 +0x25c
advocate/toolchain.unitTestFullWorkflow({0x18e0bae00000?, 0x2c}, {0x7ffc390320ff, 0x52}, 0x1, 0x1, 0x1, {0x18e0bd1f4c02, 0x13}, {0x18e0bd086ce0, ...}, ...)
	/home/advocate/Advocate/Experiments/Advocate/advocate/toolchain/fullWorkflowUnit.go:479 +0x625
advocate/toolchain.runWorkflowUnit({0x7ffc390320ff, 0x52}, 0x1, 0x1, 0x1, {0x18e0baf2d950, 0x84}, 0x0, {0x0, 0x0}, ...)
	/home/advocate/Advocate/Experiments/Advocate/advocate/toolchain/fullWorkflowUnit.go:171 +0x1190
advocate/toolchain.Run({0x75dd74, 0x4}, {0x18e0baf2d950, 0x84}, 0x1, 0x1, 0x1, 0x0, {0x0, 0x0}, ...)
	/home/advocate/Advocate/Experiments/Advocate/advocate/toolchain/toolchain.go:72 +0x389
advocate/fuzzing.runFuzzing({0x18e0baf2d950, 0x84}, 0x0, 0x31, 0x1)
	/home/advocate/Advocate/Experiments/Advocate/advocate/fuzzing/fuzzing.go:217 +0x57b
advocate/fuzzing.Fuzzing()
	/home/advocate/Advocate/Experiments/Advocate/advocate/fuzzing/fuzzing.go:135 +0xea5
advocate/run.modeFuzzing()
	/home/advocate/Advocate/Experiments/Advocate/advocate/run/modes.go:34 +0x5e
advocate/run.Run()
	/home/advocate/Advocate/Experiments/Advocate/advocate/run/run.go:100 +0x5b5
main.main()
	/home/advocate/Advocate/Experiments/Advocate/advocate/main.go:28 +0x1c
2026/06/05 16:25:24 [31mNot enough RAM[0m
2026/06/05 16:25:24 goroutine 17 [running]:
advocate/utils/control.printAllGoroutines()
	/home/advocate/Advocate/Experiments/Advocate/advocate/utils/control/utils.go:20 +0x3d
advocate/utils/control.cancelRAM(0x77cd50, 0x77cd48, 0x77cd58)
	/home/advocate/Advocate/Experiments/Advocate/advocate/utils/control/memory.go:109 +0x6e
advocate/utils/control.Supervisor(0x77cd50, 0x77cd48, 0x77cd58)
	/home/advocate/Advocate/Experiments/Advocate/advocate/utils/control/memory.go:79 +0x12f
created by advocate/run.Run in goroutine 1
	/home/advocate/Advocate/Experiments/Advocate/advocate/run/run.go:63 +0x26f

goroutine 1 [runnable]:
advocate/analysis/hb/clock.(*VectorClock).GetValue(...)
	/home/advocate/Advocate/Experiments/Advocate/advocate/analysis/hb/clock/vc.go:97
advocate/analysis/hb/clock.happensBefore(0x18e0c8eff830, 0x18e0c6db5920)
	/home/advocate/Advocate/Experiments/Advocate/advocate/analysis/hb/clock/hb.go:27 +0x96
advocate/analysis/hb/clock.GetHappensBefore(0x18e0c8eff830, 0x18e0c6db5920)
	/home/advocate/Advocate/Experiments/Advocate/advocate/analysis/hb/clock/hb.go:74 +0x34
advocate/analysis/analysis/scenarios.buildResidualGraph({0x18e0d5080000, 0x186a2, 0x18e0c4ab2b68?}, {0x18e0d524c000, 0x186a2, 0x1?})
	/home/advocate/Advocate/Experiments/Advocate/advocate/analysis/analysis/scenarios/graph.go:60 +0x49f
advocate/analysis/analysis/scenarios.CheckForUnlockBeforeLock()
	/home/advocate/Advocate/Experiments/Advocate/advocate/analysis/analysis/scenarios/unlockBeforeLock.go:75 +0x2b5
advocate/analysis/analysis.RunHBAnalysis(0x1)
	/home/advocate/Advocate/Experiments/Advocate/advocate/analysis/analysis/analysis.go:262 +0xc9b
advocate/analysis/analysis.RunAnalysis(0x1)
	/home/advocate/Advocate/Experiments/Advocate/advocate/analysis/analysis/analysis.go:63 +0x105
advocate/toolchain.runAnalyzer({0x18e0bd1ec400, 0x7a}, {0x18e0bd1f0630?, 0x6c?}, {0x18e0bd1ec480, 0x80}, {0x18e0bd1ec500, 0x7b}, 0x0, {0x18e0bd1c3560, ...}, ...)
	/home/advocate/Advocate/Experiments/Advocate/advocate/toolchain/analyzer.go:78 +0x43b
advocate/toolchain.unitTestAnalyzer({0x18e0bd1ee5b0, 0x6c}, {0x760f26?, 0x18e0bacb0068?}, 0x0, {0x18e0bd1c3560, 0x84}, {0x18e0bd1f4c02, 0x13})
	/home/advocate/Advocate/Experiments/Advocate/advocate/toolchain/fullWorkflowUnit.go:619 +0x25c
advocate/toolchain.unitTestFullWorkflow({0x18e0bae00000?, 0x2c}, {0x7ffc390320ff, 0x52}, 0x1, 0x1, 0x1, {0x18e0bd1f4c02, 0x13}, {0x18e0bd086ce0, ...}, ...)
	/home/advocate/Advocate/Experiments/Advocate/advocate/toolchain/fullWorkflowUnit.go:479 +0x625
advocate/toolchain.runWorkflowUnit({0x7ffc390320ff, 0x52}, 0x1, 0x1, 0x1, {0x18e0baf2d950, 0x84}, 0x0, {0x0, 0x0}, ...)
	/home/advocate/Advocate/Experiments/Advocate/advocate/toolchain/fullWorkflowUnit.go:171 +0x1190
advocate/toolchain.Run({0x75dd74, 0x4}, {0x18e0baf2d950, 0x84}, 0x1, 0x1, 0x1, 0x0, {0x0, 0x0}, ...)
	/home/advocate/Advocate/Experiments/Advocate/advocate/toolchain/toolchain.go:72 +0x389
advocate/fuzzing.runFuzzing({0x18e0baf2d950, 0x84}, 0x0, 0x31, 0x1)
	/home/advocate/Advocate/Experiments/Advocate/advocate/fuzzing/fuzzing.go:217 +0x57b
advocate/fuzzing.Fuzzing()
	/home/advocate/Advocate/Experiments/Advocate/advocate/fuzzing/fuzzing.go:135 +0xea5
advocate/run.modeFuzzing()
	/home/advocate/Advocate/Experiments/Advocate/advocate/run/modes.go:34 +0x5e
advocate/run.Run()
	/home/advocate/Advocate/Experiments/Advocate/advocate/run/run.go:100 +0x5b5
main.main()
	/home/advocate/Advocate/Experiments/Advocate/advocate/main.go:28 +0x1c
2026/06/05 16:25:31 [31mNot enough RAM[0m
2026/06/05 16:25:31 goroutine 17 [running]:
advocate/utils/control.printAllGoroutines()
	/home/advocate/Advocate/Experiments/Advocate/advocate/utils/control/utils.go:20 +0x3d
advocate/utils/control.cancelRAM(0x77cd50, 0x77cd48, 0x77cd58)
	/home/advocate/Advocate/Experiments/Advocate/advocate/utils/control/memory.go:109 +0x6e
advocate/utils/control.Supervisor(0x77cd50, 0x77cd48, 0x77cd58)
	/home/advocate/Advocate/Experiments/Advocate/advocate/utils/control/memory.go:79 +0x12f
created by advocate/run.Run in goroutine 1
	/home/advocate/Advocate/Experiments/Advocate/advocate/run/run.go:63 +0x26f

goroutine 1 [runnable]:
advocate/analysis/hb/clock.GetHappensBefore(0x18e0cb8e17b0?, 0x18e0c7244740?)
	/home/advocate/Advocate/Experiments/Advocate/advocate/analysis/hb/clock/hb.go:65 +0x8e
advocate/analysis/analysis/scenarios.buildResidualGraph({0x18e0d5080000, 0x186a2, 0x18e0c4ab2b68?}, {0x18e0d524c000, 0x186a2, 0x1?})
	/home/advocate/Advocate/Experiments/Advocate/advocate/analysis/analysis/scenarios/graph.go:60 +0x49f
advocate/analysis/analysis/scenarios.CheckForUnlockBeforeLock()
	/home/advocate/Advocate/Experiments/Advocate/advocate/analysis/analysis/scenarios/unlockBeforeLock.go:75 +0x2b5
advocate/analysis/analysis.RunHBAnalysis(0x1)
	/home/advocate/Advocate/Experiments/Advocate/advocate/analysis/analysis/analysis.go:262 +0xc9b
advocate/analysis/analysis.RunAnalysis(0x1)
	/home/advocate/Advocate/Experiments/Advocate/advocate/analysis/analysis/analysis.go:63 +0x105
advocate/toolchain.runAnalyzer({0x18e0bd1ec400, 0x7a}, {0x18e0bd1f0630?, 0x6c?}, {0x18e0bd1ec480, 0x80}, {0x18e0bd1ec500, 0x7b}, 0x0, {0x18e0bd1c3560, ...}, ...)
	/home/advocate/Advocate/Experiments/Advocate/advocate/toolchain/analyzer.go:78 +0x43b
advocate/toolchain.unitTestAnalyzer({0x18e0bd1ee5b0, 0x6c}, {0x760f26?, 0x18e0bacb0068?}, 0x0, {0x18e0bd1c3560, 0x84}, {0x18e0bd1f4c02, 0x13})
	/home/advocate/Advocate/Experiments/Advocate/advocate/toolchain/fullWorkflowUnit.go:619 +0x25c
advocate/toolchain.unitTestFullWorkflow({0x18e0bae00000?, 0x2c}, {0x7ffc390320ff, 0x52}, 0x1, 0x1, 0x1, {0x18e0bd1f4c02, 0x13}, {0x18e0bd086ce0, ...}, ...)
	/home/advocate/Advocate/Experiments/Advocate/advocate/toolchain/fullWorkflowUnit.go:479 +0x625
advocate/toolchain.runWorkflowUnit({0x7ffc390320ff, 0x52}, 0x1, 0x1, 0x1, {0x18e0baf2d950, 0x84}, 0x0, {0x0, 0x0}, ...)
	/home/advocate/Advocate/Experiments/Advocate/advocate/toolchain/fullWorkflowUnit.go:171 +0x1190
advocate/toolchain.Run({0x75dd74, 0x4}, {0x18e0baf2d950, 0x84}, 0x1, 0x1, 0x1, 0x0, {0x0, 0x0}, ...)
	/home/advocate/Advocate/Experiments/Advocate/advocate/toolchain/toolchain.go:72 +0x389
advocate/fuzzing.runFuzzing({0x18e0baf2d950, 0x84}, 0x0, 0x31, 0x1)
	/home/advocate/Advocate/Experiments/Advocate/advocate/fuzzing/fuzzing.go:217 +0x57b
advocate/fuzzing.Fuzzing()
	/home/advocate/Advocate/Experiments/Advocate/advocate/fuzzing/fuzzing.go:135 +0xea5
advocate/run.modeFuzzing()
	/home/advocate/Advocate/Experiments/Advocate/advocate/run/modes.go:34 +0x5e
advocate/run.Run()
	/home/advocate/Advocate/Experiments/Advocate/advocate/run/run.go:100 +0x5b5
main.main()
	/home/advocate/Advocate/Experiments/Advocate/advocate/main.go:28 +0x1c
2026/06/05 16:25:38 [31mNot enough RAM[0m
2026/06/05 16:25:38 goroutine 17 [running]:
advocate/utils/control.printAllGoroutines()
	/home/advocate/Advocate/Experiments/Advocate/advocate/utils/control/utils.go:20 +0x3d
advocate/utils/control.cancelRAM(0x77cd50, 0x77cd48, 0x77cd58)
	/home/advocate/Advocate/Experiments/Advocate/advocate/utils/control/memory.go:109 +0x6e
advocate/utils/control.Supervisor(0x77cd50, 0x77cd48, 0x77cd58)
	/home/advocate/Advocate/Experiments/Advocate/advocate/utils/control/memory.go:79 +0x12f
created by advocate/run.Run in goroutine 1
	/home/advocate/Advocate/Experiments/Advocate/advocate/run/run.go:63 +0x26f

goroutine 1 [runnable]:
advocate/analysis/hb/clock.(*VectorClock).GetValue(...)
	/home/advocate/Advocate/Experiments/Advocate/advocate/analysis/hb/clock/vc.go:97
advocate/analysis/hb/clock.happensBefore(0x18e0c72efcd0, 0x18e0d1457e80)
	/home/advocate/Advocate/Experiments/Advocate/advocate/analysis/hb/clock/hb.go:27 +0x96
advocate/analysis/hb/clock.GetHappensBefore(0x18e0d1457e80, 0x18e0c72efcd0)
	/home/advocate/Advocate/Experiments/Advocate/advocate/analysis/hb/clock/hb.go:77 +0x47
advocate/analysis/analysis/scenarios.buildResidualGraph({0x18e0d5080000, 0x186a2, 0x18e0c4ab2b68?}, {0x18e0d524c000, 0x186a2, 0x1?})
	/home/advocate/Advocate/Experiments/Advocate/advocate/analysis/analysis/scenarios/graph.go:60 +0x49f
advocate/analysis/analysis/scenarios.CheckForUnlockBeforeLock()
	/home/advocate/Advocate/Experiments/Advocate/advocate/analysis/analysis/scenarios/unlockBeforeLock.go:75 +0x2b5
advocate/analysis/analysis.RunHBAnalysis(0x1)
	/home/advocate/Advocate/Experiments/Advocate/advocate/analysis/analysis/analysis.go:262 +0xc9b
advocate/analysis/analysis.RunAnalysis(0x1)
	/home/advocate/Advocate/Experiments/Advocate/advocate/analysis/analysis/analysis.go:63 +0x105
advocate/toolchain.runAnalyzer({0x18e0bd1ec400, 0x7a}, {0x18e0bd1f0630?, 0x6c?}, {0x18e0bd1ec480, 0x80}, {0x18e0bd1ec500, 0x7b}, 0x0, {0x18e0bd1c3560, ...}, ...)
	/home/advocate/Advocate/Experiments/Advocate/advocate/toolchain/analyzer.go:78 +0x43b
advocate/toolchain.unitTestAnalyzer({0x18e0bd1ee5b0, 0x6c}, {0x760f26?, 0x18e0bacb0068?}, 0x0, {0x18e0bd1c3560, 0x84}, {0x18e0bd1f4c02, 0x13})
	/home/advocate/Advocate/Experiments/Advocate/advocate/toolchain/fullWorkflowUnit.go:619 +0x25c
advocate/toolchain.unitTestFullWorkflow({0x18e0bae00000?, 0x2c}, {0x7ffc390320ff, 0x52}, 0x1, 0x1, 0x1, {0x18e0bd1f4c02, 0x13}, {0x18e0bd086ce0, ...}, ...)
	/home/advocate/Advocate/Experiments/Advocate/advocate/toolchain/fullWorkflowUnit.go:479 +0x625
advocate/toolchain.runWorkflowUnit({0x7ffc390320ff, 0x52}, 0x1, 0x1, 0x1, {0x18e0baf2d950, 0x84}, 0x0, {0x0, 0x0}, ...)
	/home/advocate/Advocate/Experiments/Advocate/advocate/toolchain/fullWorkflowUnit.go:171 +0x1190
advocate/toolchain.Run({0x75dd74, 0x4}, {0x18e0baf2d950, 0x84}, 0x1, 0x1, 0x1, 0x0, {0x0, 0x0}, ...)
	/home/advocate/Advocate/Experiments/Advocate/advocate/toolchain/toolchain.go:72 +0x389
advocate/fuzzing.runFuzzing({0x18e0baf2d950, 0x84}, 0x0, 0x31, 0x1)
	/home/advocate/Advocate/Experiments/Advocate/advocate/fuzzing/fuzzing.go:217 +0x57b
advocate/fuzzing.Fuzzing()
	/home/advocate/Advocate/Experiments/Advocate/advocate/fuzzing/fuzzing.go:135 +0xea5
advocate/run.modeFuzzing()
	/home/advocate/Advocate/Experiments/Advocate/advocate/run/modes.go:34 +0x5e
advocate/run.Run()
	/home/advocate/Advocate/Experiments/Advocate/advocate/run/run.go:100 +0x5b5
main.main()
	/home/advocate/Advocate/Experiments/Advocate/advocate/main.go:28 +0x1c
2026/06/05 16:25:45 [31mNot enough RAM[0m
2026/06/05 16:25:45 goroutine 17 [running]:
advocate/utils/control.printAllGoroutines()
	/home/advocate/Advocate/Experiments/Advocate/advocate/utils/control/utils.go:20 +0x3d
advocate/utils/control.cancelRAM(0x77cd50, 0x77cd48, 0x77cd58)
	/home/advocate/Advocate/Experiments/Advocate/advocate/utils/control/memory.go:109 +0x6e
advocate/utils/control.Supervisor(0x77cd50, 0x77cd48, 0x77cd58)
	/home/advocate/Advocate/Experiments/Advocate/advocate/utils/control/memory.go:79 +0x12f
created by advocate/run.Run in goroutine 1
	/home/advocate/Advocate/Experiments/Advocate/advocate/run/run.go:63 +0x26f

goroutine 1 [runnable]:
advocate/analysis/hb/clock.(*VectorClock).GetValue(...)
	/home/advocate/Advocate/Experiments/Advocate/advocate/analysis/hb/clock/vc.go:97
advocate/analysis/hb/clock.happensBefore(0x18e0c894d020, 0x18e0c73bb9b0)
	/home/advocate/Advocate/Experiments/Advocate/advocate/analysis/hb/clock/hb.go:27 +0x96
advocate/analysis/hb/clock.GetHappensBefore(0x18e0c894d020, 0x18e0c73bb9b0)
	/home/advocate/Advocate/Experiments/Advocate/advocate/analysis/hb/clock/hb.go:74 +0x34
advocate/analysis/analysis/scenarios.buildResidualGraph({0x18e0d5080000, 0x186a2, 0x18e0c4ab2b68?}, {0x18e0d524c000, 0x186a2, 0x1?})
	/home/advocate/Advocate/Experiments/Advocate/advocate/analysis/analysis/scenarios/graph.go:60 +0x49f
advocate/analysis/analysis/scenarios.CheckForUnlockBeforeLock()
	/home/advocate/Advocate/Experiments/Advocate/advocate/analysis/analysis/scenarios/unlockBeforeLock.go:75 +0x2b5
advocate/analysis/analysis.RunHBAnalysis(0x1)
	/home/advocate/Advocate/Experiments/Advocate/advocate/analysis/analysis/analysis.go:262 +0xc9b
advocate/analysis/analysis.RunAnalysis(0x1)
	/home/advocate/Advocate/Experiments/Advocate/advocate/analysis/analysis/analysis.go:63 +0x105
advocate/toolchain.runAnalyzer({0x18e0bd1ec400, 0x7a}, {0x18e0bd1f0630?, 0x6c?}, {0x18e0bd1ec480, 0x80}, {0x18e0bd1ec500, 0x7b}, 0x0, {0x18e0bd1c3560, ...}, ...)
	/home/advocate/Advocate/Experiments/Advocate/advocate/toolchain/analyzer.go:78 +0x43b
advocate/toolchain.unitTestAnalyzer({0x18e0bd1ee5b0, 0x6c}, {0x760f26?, 0x18e0bacb0068?}, 0x0, {0x18e0bd1c3560, 0x84}, {0x18e0bd1f4c02, 0x13})
	/home/advocate/Advocate/Experiments/Advocate/advocate/toolchain/fullWorkflowUnit.go:619 +0x25c
advocate/toolchain.unitTestFullWorkflow({0x18e0bae00000?, 0x2c}, {0x7ffc390320ff, 0x52}, 0x1, 0x1, 0x1, {0x18e0bd1f4c02, 0x13}, {0x18e0bd086ce0, ...}, ...)
	/home/advocate/Advocate/Experiments/Advocate/advocate/toolchain/fullWorkflowUnit.go:479 +0x625
advocate/toolchain.runWorkflowUnit({0x7ffc390320ff, 0x52}, 0x1, 0x1, 0x1, {0x18e0baf2d950, 0x84}, 0x0, {0x0, 0x0}, ...)
	/home/advocate/Advocate/Experiments/Advocate/advocate/toolchain/fullWorkflowUnit.go:171 +0x1190
advocate/toolchain.Run({0x75dd74, 0x4}, {0x18e0baf2d950, 0x84}, 0x1, 0x1, 0x1, 0x0, {0x0, 0x0}, ...)
	/home/advocate/Advocate/Experiments/Advocate/advocate/toolchain/toolchain.go:72 +0x389
advocate/fuzzing.runFuzzing({0x18e0baf2d950, 0x84}, 0x0, 0x31, 0x1)
	/home/advocate/Advocate/Experiments/Advocate/advocate/fuzzing/fuzzing.go:217 +0x57b
advocate/fuzzing.Fuzzing()
	/home/advocate/Advocate/Experiments/Advocate/advocate/fuzzing/fuzzing.go:135 +0xea5
advocate/run.modeFuzzing()
	/home/advocate/Advocate/Experiments/Advocate/advocate/run/modes.go:34 +0x5e
advocate/run.Run()
	/home/advocate/Advocate/Experiments/Advocate/advocate/run/run.go:100 +0x5b5
main.main()
	/home/advocate/Advocate/Experiments/Advocate/advocate/main.go:28 +0x1c
2026/06/05 16:25:52 [31mNot enough RAM[0m
2026/06/05 16:25:52 goroutine 17 [running]:
advocate/utils/control.printAllGoroutines()
	/home/advocate/Advocate/Experiments/Advocate/advocate/utils/control/utils.go:20 +0x3d
advocate/utils/control.cancelRAM(0x77cd50, 0x77cd48, 0x77cd58)
	/home/advocate/Advocate/Experiments/Advocate/advocate/utils/control/memory.go:109 +0x6e
advocate/utils/control.Supervisor(0x77cd50, 0x77cd48, 0x77cd58)
	/home/advocate/Advocate/Experiments/Advocate/advocate/utils/control/memory.go:79 +0x12f
created by advocate/run.Run in goroutine 1
	/home/advocate/Advocate/Experiments/Advocate/advocate/run/run.go:63 +0x26f

goroutine 1 [runnable]:
advocate/analysis/hb/clock.(*VectorClock).GetValue(...)
	/home/advocate/Advocate/Experiments/Advocate/advocate/analysis/hb/clock/vc.go:97
advocate/analysis/hb/clock.happensBefore(0x18e0cb6aa250, 0x18e0c74c03e0)
	/home/advocate/Advocate/Experiments/Advocate/advocate/analysis/hb/clock/hb.go:27 +0x96
advocate/analysis/hb/clock.GetHappensBefore(0x18e0cb6aa250, 0x18e0c74c03e0)
	/home/advocate/Advocate/Experiments/Advocate/advocate/analysis/hb/clock/hb.go:74 +0x34
advocate/analysis/analysis/scenarios.buildResidualGraph({0x18e0d5080000, 0x186a2, 0x18e0c4ab2b68?}, {0x18e0d524c000, 0x186a2, 0x1?})
	/home/advocate/Advocate/Experiments/Advocate/advocate/analysis/analysis/scenarios/graph.go:60 +0x49f
advocate/analysis/analysis/scenarios.CheckForUnlockBeforeLock()
	/home/advocate/Advocate/Experiments/Advocate/advocate/analysis/analysis/scenarios/unlockBeforeLock.go:75 +0x2b5
advocate/analysis/analysis.RunHBAnalysis(0x1)
	/home/advocate/Advocate/Experiments/Advocate/advocate/analysis/analysis/analysis.go:262 +0xc9b
advocate/analysis/analysis.RunAnalysis(0x1)
	/home/advocate/Advocate/Experiments/Advocate/advocate/analysis/analysis/analysis.go:63 +0x105
advocate/toolchain.runAnalyzer({0x18e0bd1ec400, 0x7a}, {0x18e0bd1f0630?, 0x6c?}, {0x18e0bd1ec480, 0x80}, {0x18e0bd1ec500, 0x7b}, 0x0, {0x18e0bd1c3560, ...}, ...)
	/home/advocate/Advocate/Experiments/Advocate/advocate/toolchain/analyzer.go:78 +0x43b
advocate/toolchain.unitTestAnalyzer({0x18e0bd1ee5b0, 0x6c}, {0x760f26?, 0x18e0bacb0068?}, 0x0, {0x18e0bd1c3560, 0x84}, {0x18e0bd1f4c02, 0x13})
	/home/advocate/Advocate/Experiments/Advocate/advocate/toolchain/fullWorkflowUnit.go:619 +0x25c
advocate/toolchain.unitTestFullWorkflow({0x18e0bae00000?, 0x2c}, {0x7ffc390320ff, 0x52}, 0x1, 0x1, 0x1, {0x18e0bd1f4c02, 0x13}, {0x18e0bd086ce0, ...}, ...)
	/home/advocate/Advocate/Experiments/Advocate/advocate/toolchain/fullWorkflowUnit.go:479 +0x625
advocate/toolchain.runWorkflowUnit({0x7ffc390320ff, 0x52}, 0x1, 0x1, 0x1, {0x18e0baf2d950, 0x84}, 0x0, {0x0, 0x0}, ...)
	/home/advocate/Advocate/Experiments/Advocate/advocate/toolchain/fullWorkflowUnit.go:171 +0x1190
advocate/toolchain.Run({0x75dd74, 0x4}, {0x18e0baf2d950, 0x84}, 0x1, 0x1, 0x1, 0x0, {0x0, 0x0}, ...)
	/home/advocate/Advocate/Experiments/Advocate/advocate/toolchain/toolchain.go:72 +0x389
advocate/fuzzing.runFuzzing({0x18e0baf2d950, 0x84}, 0x0, 0x31, 0x1)
	/home/advocate/Advocate/Experiments/Advocate/advocate/fuzzing/fuzzing.go:217 +0x57b
advocate/fuzzing.Fuzzing()
	/home/advocate/Advocate/Experiments/Advocate/advocate/fuzzing/fuzzing.go:135 +0xea5
advocate/run.modeFuzzing()
	/home/advocate/Advocate/Experiments/Advocate/advocate/run/modes.go:34 +0x5e
advocate/run.Run()
	/home/advocate/Advocate/Experiments/Advocate/advocate/run/run.go:100 +0x5b5
main.main()
	/home/advocate/Advocate/Experiments/Advocate/advocate/main.go:28 +0x1c
2026/06/05 16:25:59 [31mNot enough RAM[0m
2026/06/05 16:25:59 goroutine 17 [running]:
advocate/utils/control.printAllGoroutines()
	/home/advocate/Advocate/Experiments/Advocate/advocate/utils/control/utils.go:20 +0x3d
advocate/utils/control.cancelRAM(0x77cd50, 0x77cd48, 0x77cd58)
	/home/advocate/Advocate/Experiments/Advocate/advocate/utils/control/memory.go:109 +0x6e
advocate/utils/control.Supervisor(0x77cd50, 0x77cd48, 0x77cd58)
	/home/advocate/Advocate/Experiments/Advocate/advocate/utils/control/memory.go:79 +0x12f
created by advocate/run.Run in goroutine 1
	/home/advocate/Advocate/Experiments/Advocate/advocate/run/run.go:63 +0x26f

goroutine 1 [runnable]:
advocate/analysis/hb/clock.(*VectorClock).GetValue(...)
	/home/advocate/Advocate/Experiments/Advocate/advocate/analysis/hb/clock/vc.go:97
advocate/analysis/hb/clock.happensBefore(0x18e0c759d7e0, 0x18e0d1c06590)
	/home/advocate/Advocate/Experiments/Advocate/advocate/analysis/hb/clock/hb.go:27 +0x65
advocate/analysis/hb/clock.GetHappensBefore(0x18e0d1c06590, 0x18e0c759d7e0)
	/home/advocate/Advocate/Experiments/Advocate/advocate/analysis/hb/clock/hb.go:77 +0x47
advocate/analysis/analysis/scenarios.buildResidualGraph({0x18e0d5080000, 0x186a2, 0x18e0c4ab2b68?}, {0x18e0d524c000, 0x186a2, 0x1?})
	/home/advocate/Advocate/Experiments/Advocate/advocate/analysis/analysis/scenarios/graph.go:60 +0x49f
advocate/analysis/analysis/scenarios.CheckForUnlockBeforeLock()
	/home/advocate/Advocate/Experiments/Advocate/advocate/analysis/analysis/scenarios/unlockBeforeLock.go:75 +0x2b5
advocate/analysis/analysis.RunHBAnalysis(0x1)
	/home/advocate/Advocate/Experiments/Advocate/advocate/analysis/analysis/analysis.go:262 +0xc9b
advocate/analysis/analysis.RunAnalysis(0x1)
	/home/advocate/Advocate/Experiments/Advocate/advocate/analysis/analysis/analysis.go:63 +0x105
advocate/toolchain.runAnalyzer({0x18e0bd1ec400, 0x7a}, {0x18e0bd1f0630?, 0x6c?}, {0x18e0bd1ec480, 0x80}, {0x18e0bd1ec500, 0x7b}, 0x0, {0x18e0bd1c3560, ...}, ...)
	/home/advocate/Advocate/Experiments/Advocate/advocate/toolchain/analyzer.go:78 +0x43b
advocate/toolchain.unitTestAnalyzer({0x18e0bd1ee5b0, 0x6c}, {0x760f26?, 0x18e0bacb0068?}, 0x0, {0x18e0bd1c3560, 0x84}, {0x18e0bd1f4c02, 0x13})
	/home/advocate/Advocate/Experiments/Advocate/advocate/toolchain/fullWorkflowUnit.go:619 +0x25c
advocate/toolchain.unitTestFullWorkflow({0x18e0bae00000?, 0x2c}, {0x7ffc390320ff, 0x52}, 0x1, 0x1, 0x1, {0x18e0bd1f4c02, 0x13}, {0x18e0bd086ce0, ...}, ...)
	/home/advocate/Advocate/Experiments/Advocate/advocate/toolchain/fullWorkflowUnit.go:479 +0x625
advocate/toolchain.runWorkflowUnit({0x7ffc390320ff, 0x52}, 0x1, 0x1, 0x1, {0x18e0baf2d950, 0x84}, 0x0, {0x0, 0x0}, ...)
	/home/advocate/Advocate/Experiments/Advocate/advocate/toolchain/fullWorkflowUnit.go:171 +0x1190
advocate/toolchain.Run({0x75dd74, 0x4}, {0x18e0baf2d950, 0x84}, 0x1, 0x1, 0x1, 0x0, {0x0, 0x0}, ...)
	/home/advocate/Advocate/Experiments/Advocate/advocate/toolchain/toolchain.go:72 +0x389
advocate/fuzzing.runFuzzing({0x18e0baf2d950, 0x84}, 0x0, 0x31, 0x1)
	/home/advocate/Advocate/Experiments/Advocate/advocate/fuzzing/fuzzing.go:217 +0x57b
advocate/fuzzing.Fuzzing()
	/home/advocate/Advocate/Experiments/Advocate/advocate/fuzzing/fuzzing.go:135 +0xea5
advocate/run.modeFuzzing()
	/home/advocate/Advocate/Experiments/Advocate/advocate/run/modes.go:34 +0x5e
advocate/run.Run()
	/home/advocate/Advocate/Experiments/Advocate/advocate/run/run.go:100 +0x5b5
main.main()
	/home/advocate/Advocate/Experiments/Advocate/advocate/main.go:28 +0x1c
2026/06/05 16:26:06 [31mNot enough RAM[0m
2026/06/05 16:26:06 goroutine 17 [running]:
advocate/utils/control.printAllGoroutines()
	/home/advocate/Advocate/Experiments/Advocate/advocate/utils/control/utils.go:20 +0x3d
advocate/utils/control.cancelRAM(0x77cd50, 0x77cd48, 0x77cd58)
	/home/advocate/Advocate/Experiments/Advocate/advocate/utils/control/memory.go:109 +0x6e
advocate/utils/control.Supervisor(0x77cd50, 0x77cd48, 0x77cd58)
	/home/advocate/Advocate/Experiments/Advocate/advocate/utils/control/memory.go:79 +0x12f
created by advocate/run.Run in goroutine 1
	/home/advocate/Advocate/Experiments/Advocate/advocate/run/run.go:63 +0x26f

goroutine 1 [runnable]:
advocate/analysis/hb/clock.(*VectorClock).GetValue(...)
	/home/advocate/Advocate/Experiments/Advocate/advocate/analysis/hb/clock/vc.go:97
advocate/analysis/hb/clock.happensBefore(0x18e0d1a92370, 0x18e0c7694230)
	/home/advocate/Advocate/Experiments/Advocate/advocate/analysis/hb/clock/hb.go:27 +0x96
advocate/analysis/hb/clock.GetHappensBefore(0x18e0d1a92370, 0x18e0c7694230)
	/home/advocate/Advocate/Experiments/Advocate/advocate/analysis/hb/clock/hb.go:74 +0x34
advocate/analysis/analysis/scenarios.buildResidualGraph({0x18e0d5080000, 0x186a2, 0x18e0c4ab2b68?}, {0x18e0d524c000, 0x186a2, 0x1?})
	/home/advocate/Advocate/Experiments/Advocate/advocate/analysis/analysis/scenarios/graph.go:60 +0x49f
advocate/analysis/analysis/scenarios.CheckForUnlockBeforeLock()
	/home/advocate/Advocate/Experiments/Advocate/advocate/analysis/analysis/scenarios/unlockBeforeLock.go:75 +0x2b5
advocate/analysis/analysis.RunHBAnalysis(0x1)
	/home/advocate/Advocate/Experiments/Advocate/advocate/analysis/analysis/analysis.go:262 +0xc9b
advocate/analysis/analysis.RunAnalysis(0x1)
	/home/advocate/Advocate/Experiments/Advocate/advocate/analysis/analysis/analysis.go:63 +0x105
advocate/toolchain.runAnalyzer({0x18e0bd1ec400, 0x7a}, {0x18e0bd1f0630?, 0x6c?}, {0x18e0bd1ec480, 0x80}, {0x18e0bd1ec500, 0x7b}, 0x0, {0x18e0bd1c3560, ...}, ...)
	/home/advocate/Advocate/Experiments/Advocate/advocate/toolchain/analyzer.go:78 +0x43b
advocate/toolchain.unitTestAnalyzer({0x18e0bd1ee5b0, 0x6c}, {0x760f26?, 0x18e0bacb0068?}, 0x0, {0x18e0bd1c3560, 0x84}, {0x18e0bd1f4c02, 0x13})
	/home/advocate/Advocate/Experiments/Advocate/advocate/toolchain/fullWorkflowUnit.go:619 +0x25c
advocate/toolchain.unitTestFullWorkflow({0x18e0bae00000?, 0x2c}, {0x7ffc390320ff, 0x52}, 0x1, 0x1, 0x1, {0x18e0bd1f4c02, 0x13}, {0x18e0bd086ce0, ...}, ...)
	/home/advocate/Advocate/Experiments/Advocate/advocate/toolchain/fullWorkflowUnit.go:479 +0x625
advocate/toolchain.runWorkflowUnit({0x7ffc390320ff, 0x52}, 0x1, 0x1, 0x1, {0x18e0baf2d950, 0x84}, 0x0, {0x0, 0x0}, ...)
	/home/advocate/Advocate/Experiments/Advocate/advocate/toolchain/fullWorkflowUnit.go:171 +0x1190
advocate/toolchain.Run({0x75dd74, 0x4}, {0x18e0baf2d950, 0x84}, 0x1, 0x1, 0x1, 0x0, {0x0, 0x0}, ...)
	/home/advocate/Advocate/Experiments/Advocate/advocate/toolchain/toolchain.go:72 +0x389
advocate/fuzzing.runFuzzing({0x18e0baf2d950, 0x84}, 0x0, 0x31, 0x1)
	/home/advocate/Advocate/Experiments/Advocate/advocate/fuzzing/fuzzing.go:217 +0x57b
advocate/fuzzing.Fuzzing()
	/home/advocate/Advocate/Experiments/Advocate/advocate/fuzzing/fuzzing.go:135 +0xea5
advocate/run.modeFuzzing()
	/home/advocate/Advocate/Experiments/Advocate/advocate/run/modes.go:34 +0x5e
advocate/run.Run()
	/home/advocate/Advocate/Experiments/Advocate/advocate/run/run.go:100 +0x5b5
main.main()
	/home/advocate/Advocate/Experiments/Advocate/advocate/main.go:28 +0x1c
2026/06/05 16:26:13 [31mNot enough RAM[0m
2026/06/05 16:26:13 goroutine 17 [running]:
advocate/utils/control.printAllGoroutines()
	/home/advocate/Advocate/Experiments/Advocate/advocate/utils/control/utils.go:20 +0x3d
advocate/utils/control.cancelRAM(0x77cd50, 0x77cd48, 0x77cd58)
	/home/advocate/Advocate/Experiments/Advocate/advocate/utils/control/memory.go:109 +0x6e
advocate/utils/control.Supervisor(0x77cd50, 0x77cd48, 0x77cd58)
	/home/advocate/Advocate/Experiments/Advocate/advocate/utils/control/memory.go:79 +0x12f
created by advocate/run.Run in goroutine 1
	/home/advocate/Advocate/Experiments/Advocate/advocate/run/run.go:63 +0x26f

goroutine 1 [runnable]:
advocate/analysis/hb/clock.(*VectorClock).GetValue(...)
	/home/advocate/Advocate/Experiments/Advocate/advocate/analysis/hb/clock/vc.go:97
advocate/analysis/hb/clock.happensBefore(0x18e0cf87cb80, 0x18e0c774e280)
	/home/advocate/Advocate/Experiments/Advocate/advocate/analysis/hb/clock/hb.go:29 +0xe6
advocate/analysis/hb/clock.GetHappensBefore(0x18e0cf87cb80, 0x18e0c774e280)
	/home/advocate/Advocate/Experiments/Advocate/advocate/analysis/hb/clock/hb.go:74 +0x34
advocate/analysis/analysis/scenarios.buildResidualGraph({0x18e0d5080000, 0x186a2, 0x18e0c4ab2b68?}, {0x18e0d524c000, 0x186a2, 0x1?})
	/home/advocate/Advocate/Experiments/Advocate/advocate/analysis/analysis/scenarios/graph.go:60 +0x49f
advocate/analysis/analysis/scenarios.CheckForUnlockBeforeLock()
	/home/advocate/Advocate/Experiments/Advocate/advocate/analysis/analysis/scenarios/unlockBeforeLock.go:75 +0x2b5
advocate/analysis/analysis.RunHBAnalysis(0x1)
	/home/advocate/Advocate/Experiments/Advocate/advocate/analysis/analysis/analysis.go:262 +0xc9b
advocate/analysis/analysis.RunAnalysis(0x1)
	/home/advocate/Advocate/Experiments/Advocate/advocate/analysis/analysis/analysis.go:63 +0x105
advocate/toolchain.runAnalyzer({0x18e0bd1ec400, 0x7a}, {0x18e0bd1f0630?, 0x6c?}, {0x18e0bd1ec480, 0x80}, {0x18e0bd1ec500, 0x7b}, 0x0, {0x18e0bd1c3560, ...}, ...)
	/home/advocate/Advocate/Experiments/Advocate/advocate/toolchain/analyzer.go:78 +0x43b
advocate/toolchain.unitTestAnalyzer({0x18e0bd1ee5b0, 0x6c}, {0x760f26?, 0x18e0bacb0068?}, 0x0, {0x18e0bd1c3560, 0x84}, {0x18e0bd1f4c02, 0x13})
	/home/advocate/Advocate/Experiments/Advocate/advocate/toolchain/fullWorkflowUnit.go:619 +0x25c
advocate/toolchain.unitTestFullWorkflow({0x18e0bae00000?, 0x2c}, {0x7ffc390320ff, 0x52}, 0x1, 0x1, 0x1, {0x18e0bd1f4c02, 0x13}, {0x18e0bd086ce0, ...}, ...)
	/home/advocate/Advocate/Experiments/Advocate/advocate/toolchain/fullWorkflowUnit.go:479 +0x625
advocate/toolchain.runWorkflowUnit({0x7ffc390320ff, 0x52}, 0x1, 0x1, 0x1, {0x18e0baf2d950, 0x84}, 0x0, {0x0, 0x0}, ...)
	/home/advocate/Advocate/Experiments/Advocate/advocate/toolchain/fullWorkflowUnit.go:171 +0x1190
advocate/toolchain.Run({0x75dd74, 0x4}, {0x18e0baf2d950, 0x84}, 0x1, 0x1, 0x1, 0x0, {0x0, 0x0}, ...)
	/home/advocate/Advocate/Experiments/Advocate/advocate/toolchain/toolchain.go:72 +0x389
advocate/fuzzing.runFuzzing({0x18e0baf2d950, 0x84}, 0x0, 0x31, 0x1)
	/home/advocate/Advocate/Experiments/Advocate/advocate/fuzzing/fuzzing.go:217 +0x57b
advocate/fuzzing.Fuzzing()
	/home/advocate/Advocate/Experiments/Advocate/advocate/fuzzing/fuzzing.go:135 +0xea5
advocate/run.modeFuzzing()
	/home/advocate/Advocate/Experiments/Advocate/advocate/run/modes.go:34 +0x5e
advocate/run.Run()
	/home/advocate/Advocate/Experiments/Advocate/advocate/run/run.go:100 +0x5b5
main.main()
	/home/advocate/Advocate/Experiments/Advocate/advocate/main.go:28 +0x1c
2026/06/05 16:26:20 [31mNot enough RAM[0m
2026/06/05 16:26:20 goroutine 17 [running]:
advocate/utils/control.printAllGoroutines()
	/home/advocate/Advocate/Experiments/Advocate/advocate/utils/control/utils.go:20 +0x3d
advocate/utils/control.cancelRAM(0x77cd50, 0x77cd48, 0x77cd58)
	/home/advocate/Advocate/Experiments/Advocate/advocate/utils/control/memory.go:109 +0x6e
advocate/utils/control.Supervisor(0x77cd50, 0x77cd48, 0x77cd58)
	/home/advocate/Advocate/Experiments/Advocate/advocate/utils/control/memory.go:79 +0x12f
created by advocate/run.Run in goroutine 1
	/home/advocate/Advocate/Experiments/Advocate/advocate/run/run.go:63 +0x26f

goroutine 1 [runnable]:
advocate/analysis/hb/clock.(*VectorClock).GetValue(...)
	/home/advocate/Advocate/Experiments/Advocate/advocate/analysis/hb/clock/vc.go:97
advocate/analysis/hb/clock.happensBefore(0x18e0d0f27470, 0x18e0c7859950)
	/home/advocate/Advocate/Experiments/Advocate/advocate/analysis/hb/clock/hb.go:27 +0x96
advocate/analysis/hb/clock.GetHappensBefore(0x18e0d0f27470, 0x18e0c7859950)
	/home/advocate/Advocate/Experiments/Advocate/advocate/analysis/hb/clock/hb.go:74 +0x34
advocate/analysis/analysis/scenarios.buildResidualGraph({0x18e0d5080000, 0x186a2, 0x18e0c4ab2b68?}, {0x18e0d524c000, 0x186a2, 0x1?})
	/home/advocate/Advocate/Experiments/Advocate/advocate/analysis/analysis/scenarios/graph.go:60 +0x49f
advocate/analysis/analysis/scenarios.CheckForUnlockBeforeLock()
	/home/advocate/Advocate/Experiments/Advocate/advocate/analysis/analysis/scenarios/unlockBeforeLock.go:75 +0x2b5
advocate/analysis/analysis.RunHBAnalysis(0x1)
	/home/advocate/Advocate/Experiments/Advocate/advocate/analysis/analysis/analysis.go:262 +0xc9b
advocate/analysis/analysis.RunAnalysis(0x1)
	/home/advocate/Advocate/Experiments/Advocate/advocate/analysis/analysis/analysis.go:63 +0x105
advocate/toolchain.runAnalyzer({0x18e0bd1ec400, 0x7a}, {0x18e0bd1f0630?, 0x6c?}, {0x18e0bd1ec480, 0x80}, {0x18e0bd1ec500, 0x7b}, 0x0, {0x18e0bd1c3560, ...}, ...)
	/home/advocate/Advocate/Experiments/Advocate/advocate/toolchain/analyzer.go:78 +0x43b
advocate/toolchain.unitTestAnalyzer({0x18e0bd1ee5b0, 0x6c}, {0x760f26?, 0x18e0bacb0068?}, 0x0, {0x18e0bd1c3560, 0x84}, {0x18e0bd1f4c02, 0x13})
	/home/advocate/Advocate/Experiments/Advocate/advocate/toolchain/fullWorkflowUnit.go:619 +0x25c
advocate/toolchain.unitTestFullWorkflow({0x18e0bae00000?, 0x2c}, {0x7ffc390320ff, 0x52}, 0x1, 0x1, 0x1, {0x18e0bd1f4c02, 0x13}, {0x18e0bd086ce0, ...}, ...)
	/home/advocate/Advocate/Experiments/Advocate/advocate/toolchain/fullWorkflowUnit.go:479 +0x625
advocate/toolchain.runWorkflowUnit({0x7ffc390320ff, 0x52}, 0x1, 0x1, 0x1, {0x18e0baf2d950, 0x84}, 0x0, {0x0, 0x0}, ...)
	/home/advocate/Advocate/Experiments/Advocate/advocate/toolchain/fullWorkflowUnit.go:171 +0x1190
advocate/toolchain.Run({0x75dd74, 0x4}, {0x18e0baf2d950, 0x84}, 0x1, 0x1, 0x1, 0x0, {0x0, 0x0}, ...)
	/home/advocate/Advocate/Experiments/Advocate/advocate/toolchain/toolchain.go:72 +0x389
advocate/fuzzing.runFuzzing({0x18e0baf2d950, 0x84}, 0x0, 0x31, 0x1)
	/home/advocate/Advocate/Experiments/Advocate/advocate/fuzzing/fuzzing.go:217 +0x57b
advocate/fuzzing.Fuzzing()
	/home/advocate/Advocate/Experiments/Advocate/advocate/fuzzing/fuzzing.go:135 +0xea5
advocate/run.modeFuzzing()
	/home/advocate/Advocate/Experiments/Advocate/advocate/run/modes.go:34 +0x5e
advocate/run.Run()
	/home/advocate/Advocate/Experiments/Advocate/advocate/run/run.go:100 +0x5b5
main.main()
	/home/advocate/Advocate/Experiments/Advocate/advocate/main.go:28 +0x1c
2026/06/05 16:26:28 [31mNot enough RAM[0m
2026/06/05 16:26:28 goroutine 17 [running]:
advocate/utils/control.printAllGoroutines()
	/home/advocate/Advocate/Experiments/Advocate/advocate/utils/control/utils.go:20 +0x3d
advocate/utils/control.cancelRAM(0x77cd50, 0x77cd48, 0x77cd58)
	/home/advocate/Advocate/Experiments/Advocate/advocate/utils/control/memory.go:109 +0x6e
advocate/utils/control.Supervisor(0x77cd50, 0x77cd48, 0x77cd58)
	/home/advocate/Advocate/Experiments/Advocate/advocate/utils/control/memory.go:79 +0x12f
created by advocate/run.Run in goroutine 1
	/home/advocate/Advocate/Experiments/Advocate/advocate/run/run.go:63 +0x26f

goroutine 1 [runnable]:
advocate/analysis/hb/clock.(*VectorClock).GetValue(...)
	/home/advocate/Advocate/Experiments/Advocate/advocate/analysis/hb/clock/vc.go:97
advocate/analysis/hb/clock.happensBefore(0x18e0c79149b0, 0x18e0d3964b80)
	/home/advocate/Advocate/Experiments/Advocate/advocate/analysis/hb/clock/hb.go:29 +0x130
advocate/analysis/hb/clock.GetHappensBefore(0x18e0d3964b80, 0x18e0c79149b0)
	/home/advocate/Advocate/Experiments/Advocate/advocate/analysis/hb/clock/hb.go:77 +0x47
advocate/analysis/analysis/scenarios.buildResidualGraph({0x18e0d5080000, 0x186a2, 0x18e0c4ab2b68?}, {0x18e0d524c000, 0x186a2, 0x1?})
	/home/advocate/Advocate/Experiments/Advocate/advocate/analysis/analysis/scenarios/graph.go:60 +0x49f
advocate/analysis/analysis/scenarios.CheckForUnlockBeforeLock()
	/home/advocate/Advocate/Experiments/Advocate/advocate/analysis/analysis/scenarios/unlockBeforeLock.go:75 +0x2b5
advocate/analysis/analysis.RunHBAnalysis(0x1)
	/home/advocate/Advocate/Experiments/Advocate/advocate/analysis/analysis/analysis.go:262 +0xc9b
advocate/analysis/analysis.RunAnalysis(0x1)
	/home/advocate/Advocate/Experiments/Advocate/advocate/analysis/analysis/analysis.go:63 +0x105
advocate/toolchain.runAnalyzer({0x18e0bd1ec400, 0x7a}, {0x18e0bd1f0630?, 0x6c?}, {0x18e0bd1ec480, 0x80}, {0x18e0bd1ec500, 0x7b}, 0x0, {0x18e0bd1c3560, ...}, ...)
	/home/advocate/Advocate/Experiments/Advocate/advocate/toolchain/analyzer.go:78 +0x43b
advocate/toolchain.unitTestAnalyzer({0x18e0bd1ee5b0, 0x6c}, {0x760f26?, 0x18e0bacb0068?}, 0x0, {0x18e0bd1c3560, 0x84}, {0x18e0bd1f4c02, 0x13})
	/home/advocate/Advocate/Experiments/Advocate/advocate/toolchain/fullWorkflowUnit.go:619 +0x25c
advocate/toolchain.unitTestFullWorkflow({0x18e0bae00000?, 0x2c}, {0x7ffc390320ff, 0x52}, 0x1, 0x1, 0x1, {0x18e0bd1f4c02, 0x13}, {0x18e0bd086ce0, ...}, ...)
	/home/advocate/Advocate/Experiments/Advocate/advocate/toolchain/fullWorkflowUnit.go:479 +0x625
advocate/toolchain.runWorkflowUnit({0x7ffc390320ff, 0x52}, 0x1, 0x1, 0x1, {0x18e0baf2d950, 0x84}, 0x0, {0x0, 0x0}, ...)
	/home/advocate/Advocate/Experiments/Advocate/advocate/toolchain/fullWorkflowUnit.go:171 +0x1190
advocate/toolchain.Run({0x75dd74, 0x4}, {0x18e0baf2d950, 0x84}, 0x1, 0x1, 0x1, 0x0, {0x0, 0x0}, ...)
	/home/advocate/Advocate/Experiments/Advocate/advocate/toolchain/toolchain.go:72 +0x389
advocate/fuzzing.runFuzzing({0x18e0baf2d950, 0x84}, 0x0, 0x31, 0x1)
	/home/advocate/Advocate/Experiments/Advocate/advocate/fuzzing/fuzzing.go:217 +0x57b
advocate/fuzzing.Fuzzing()
	/home/advocate/Advocate/Experiments/Advocate/advocate/fuzzing/fuzzing.go:135 +0xea5
advocate/run.modeFuzzing()
	/home/advocate/Advocate/Experiments/Advocate/advocate/run/modes.go:34 +0x5e
advocate/run.Run()
	/home/advocate/Advocate/Experiments/Advocate/advocate/run/run.go:100 +0x5b5
main.main()
	/home/advocate/Advocate/Experiments/Advocate/advocate/main.go:28 +0x1c
2026/06/05 16:26:35 [31mNot enough RAM[0m
2026/06/05 16:26:35 goroutine 17 [running]:
advocate/utils/control.printAllGoroutines()
	/home/advocate/Advocate/Experiments/Advocate/advocate/utils/control/utils.go:20 +0x3d
advocate/utils/control.cancelRAM(0x77cd50, 0x77cd48, 0x77cd58)
	/home/advocate/Advocate/Experiments/Advocate/advocate/utils/control/memory.go:109 +0x6e
advocate/utils/control.Supervisor(0x77cd50, 0x77cd48, 0x77cd58)
	/home/advocate/Advocate/Experiments/Advocate/advocate/utils/control/memory.go:79 +0x12f
created by advocate/run.Run in goroutine 1
	/home/advocate/Advocate/Experiments/Advocate/advocate/run/run.go:63 +0x26f

goroutine 1 [runnable]:
advocate/analysis/hb/clock.(*VectorClock).GetValue(...)
	/home/advocate/Advocate/Experiments/Advocate/advocate/analysis/hb/clock/vc.go:97
advocate/analysis/hb/clock.happensBefore(0x18e0c79abce0, 0x18e0cc666d80)
	/home/advocate/Advocate/Experiments/Advocate/advocate/analysis/hb/clock/hb.go:29 +0xe6
advocate/analysis/hb/clock.GetHappensBefore(0x18e0cc666d80, 0x18e0c79abce0)
	/home/advocate/Advocate/Experiments/Advocate/advocate/analysis/hb/clock/hb.go:77 +0x47
advocate/analysis/analysis/scenarios.buildResidualGraph({0x18e0d5080000, 0x186a2, 0x18e0c4ab2b68?}, {0x18e0d524c000, 0x186a2, 0x1?})
	/home/advocate/Advocate/Experiments/Advocate/advocate/analysis/analysis/scenarios/graph.go:60 +0x49f
advocate/analysis/analysis/scenarios.CheckForUnlockBeforeLock()
	/home/advocate/Advocate/Experiments/Advocate/advocate/analysis/analysis/scenarios/unlockBeforeLock.go:75 +0x2b5
advocate/analysis/analysis.RunHBAnalysis(0x1)
	/home/advocate/Advocate/Experiments/Advocate/advocate/analysis/analysis/analysis.go:262 +0xc9b
advocate/analysis/analysis.RunAnalysis(0x1)
	/home/advocate/Advocate/Experiments/Advocate/advocate/analysis/analysis/analysis.go:63 +0x105
advocate/toolchain.runAnalyzer({0x18e0bd1ec400, 0x7a}, {0x18e0bd1f0630?, 0x6c?}, {0x18e0bd1ec480, 0x80}, {0x18e0bd1ec500, 0x7b}, 0x0, {0x18e0bd1c3560, ...}, ...)
	/home/advocate/Advocate/Experiments/Advocate/advocate/toolchain/analyzer.go:78 +0x43b
advocate/toolchain.unitTestAnalyzer({0x18e0bd1ee5b0, 0x6c}, {0x760f26?, 0x18e0bacb0068?}, 0x0, {0x18e0bd1c3560, 0x84}, {0x18e0bd1f4c02, 0x13})
	/home/advocate/Advocate/Experiments/Advocate/advocate/toolchain/fullWorkflowUnit.go:619 +0x25c
advocate/toolchain.unitTestFullWorkflow({0x18e0bae00000?, 0x2c}, {0x7ffc390320ff, 0x52}, 0x1, 0x1, 0x1, {0x18e0bd1f4c02, 0x13}, {0x18e0bd086ce0, ...}, ...)
	/home/advocate/Advocate/Experiments/Advocate/advocate/toolchain/fullWorkflowUnit.go:479 +0x625
advocate/toolchain.runWorkflowUnit({0x7ffc390320ff, 0x52}, 0x1, 0x1, 0x1, {0x18e0baf2d950, 0x84}, 0x0, {0x0, 0x0}, ...)
	/home/advocate/Advocate/Experiments/Advocate/advocate/toolchain/fullWorkflowUnit.go:171 +0x1190
advocate/toolchain.Run({0x75dd74, 0x4}, {0x18e0baf2d950, 0x84}, 0x1, 0x1, 0x1, 0x0, {0x0, 0x0}, ...)
	/home/advocate/Advocate/Experiments/Advocate/advocate/toolchain/toolchain.go:72 +0x389
advocate/fuzzing.runFuzzing({0x18e0baf2d950, 0x84}, 0x0, 0x31, 0x1)
	/home/advocate/Advocate/Experiments/Advocate/advocate/fuzzing/fuzzing.go:217 +0x57b
advocate/fuzzing.Fuzzing()
	/home/advocate/Advocate/Experiments/Advocate/advocate/fuzzing/fuzzing.go:135 +0xea5
advocate/run.modeFuzzing()
	/home/advocate/Advocate/Experiments/Advocate/advocate/run/modes.go:34 +0x5e
advocate/run.Run()
	/home/advocate/Advocate/Experiments/Advocate/advocate/run/run.go:100 +0x5b5
main.main()
	/home/advocate/Advocate/Experiments/Advocate/advocate/main.go:28 +0x1c
2026/06/05 16:26:42 [31mNot enough RAM[0m
2026/06/05 16:26:42 goroutine 17 [running]:
advocate/utils/control.printAllGoroutines()
	/home/advocate/Advocate/Experiments/Advocate/advocate/utils/control/utils.go:20 +0x3d
advocate/utils/control.cancelRAM(0x77cd50, 0x77cd48, 0x77cd58)
	/home/advocate/Advocate/Experiments/Advocate/advocate/utils/control/memory.go:109 +0x6e
advocate/utils/control.Supervisor(0x77cd50, 0x77cd48, 0x77cd58)
	/home/advocate/Advocate/Experiments/Advocate/advocate/utils/control/memory.go:79 +0x12f
created by advocate/run.Run in goroutine 1
	/home/advocate/Advocate/Experiments/Advocate/advocate/run/run.go:63 +0x26f

goroutine 1 [runnable]:
advocate/analysis/hb/clock.(*VectorClock).GetValue(...)
	/home/advocate/Advocate/Experiments/Advocate/advocate/analysis/hb/clock/vc.go:97
advocate/analysis/hb/clock.happensBefore(0x18e0c7a655b0, 0x18e0d1f7d7a0)
	/home/advocate/Advocate/Experiments/Advocate/advocate/analysis/hb/clock/hb.go:29 +0x130
advocate/analysis/hb/clock.GetHappensBefore(0x18e0d1f7d7a0, 0x18e0c7a655b0)
	/home/advocate/Advocate/Experiments/Advocate/advocate/analysis/hb/clock/hb.go:77 +0x47
advocate/analysis/analysis/scenarios.buildResidualGraph({0x18e0d5080000, 0x186a2, 0x18e0c4ab2b68?}, {0x18e0d524c000, 0x186a2, 0x1?})
	/home/advocate/Advocate/Experiments/Advocate/advocate/analysis/analysis/scenarios/graph.go:60 +0x49f
advocate/analysis/analysis/scenarios.CheckForUnlockBeforeLock()
	/home/advocate/Advocate/Experiments/Advocate/advocate/analysis/analysis/scenarios/unlockBeforeLock.go:75 +0x2b5
advocate/analysis/analysis.RunHBAnalysis(0x1)
	/home/advocate/Advocate/Experiments/Advocate/advocate/analysis/analysis/analysis.go:262 +0xc9b
advocate/analysis/analysis.RunAnalysis(0x1)
	/home/advocate/Advocate/Experiments/Advocate/advocate/analysis/analysis/analysis.go:63 +0x105
advocate/toolchain.runAnalyzer({0x18e0bd1ec400, 0x7a}, {0x18e0bd1f0630?, 0x6c?}, {0x18e0bd1ec480, 0x80}, {0x18e0bd1ec500, 0x7b}, 0x0, {0x18e0bd1c3560, ...}, ...)
	/home/advocate/Advocate/Experiments/Advocate/advocate/toolchain/analyzer.go:78 +0x43b
advocate/toolchain.unitTestAnalyzer({0x18e0bd1ee5b0, 0x6c}, {0x760f26?, 0x18e0bacb0068?}, 0x0, {0x18e0bd1c3560, 0x84}, {0x18e0bd1f4c02, 0x13})
	/home/advocate/Advocate/Experiments/Advocate/advocate/toolchain/fullWorkflowUnit.go:619 +0x25c
advocate/toolchain.unitTestFullWorkflow({0x18e0bae00000?, 0x2c}, {0x7ffc390320ff, 0x52}, 0x1, 0x1, 0x1, {0x18e0bd1f4c02, 0x13}, {0x18e0bd086ce0, ...}, ...)
	/home/advocate/Advocate/Experiments/Advocate/advocate/toolchain/fullWorkflowUnit.go:479 +0x625
advocate/toolchain.runWorkflowUnit({0x7ffc390320ff, 0x52}, 0x1, 0x1, 0x1, {0x18e0baf2d950, 0x84}, 0x0, {0x0, 0x0}, ...)
	/home/advocate/Advocate/Experiments/Advocate/advocate/toolchain/fullWorkflowUnit.go:171 +0x1190
advocate/toolchain.Run({0x75dd74, 0x4}, {0x18e0baf2d950, 0x84}, 0x1, 0x1, 0x1, 0x0, {0x0, 0x0}, ...)
	/home/advocate/Advocate/Experiments/Advocate/advocate/toolchain/toolchain.go:72 +0x389
advocate/fuzzing.runFuzzing({0x18e0baf2d950, 0x84}, 0x0, 0x31, 0x1)
	/home/advocate/Advocate/Experiments/Advocate/advocate/fuzzing/fuzzing.go:217 +0x57b
advocate/fuzzing.Fuzzing()
	/home/advocate/Advocate/Experiments/Advocate/advocate/fuzzing/fuzzing.go:135 +0xea5
advocate/run.modeFuzzing()
	/home/advocate/Advocate/Experiments/Advocate/advocate/run/modes.go:34 +0x5e
advocate/run.Run()
	/home/advocate/Advocate/Experiments/Advocate/advocate/run/run.go:100 +0x5b5
main.main()
	/home/advocate/Advocate/Experiments/Advocate/advocate/main.go:28 +0x1c
2026/06/05 16:26:49 [31mNot enough RAM[0m
2026/06/05 16:26:49 goroutine 17 [running]:
advocate/utils/control.printAllGoroutines()
	/home/advocate/Advocate/Experiments/Advocate/advocate/utils/control/utils.go:20 +0x3d
advocate/utils/control.cancelRAM(0x77cd50, 0x77cd48, 0x77cd58)
	/home/advocate/Advocate/Experiments/Advocate/advocate/utils/control/memory.go:109 +0x6e
advocate/utils/control.Supervisor(0x77cd50, 0x77cd48, 0x77cd58)
	/home/advocate/Advocate/Experiments/Advocate/advocate/utils/control/memory.go:79 +0x12f
created by advocate/run.Run in goroutine 1
	/home/advocate/Advocate/Experiments/Advocate/advocate/run/run.go:63 +0x26f

goroutine 1 [runnable]:
advocate/analysis/hb/clock.(*VectorClock).GetValue(...)
	/home/advocate/Advocate/Experiments/Advocate/advocate/analysis/hb/clock/vc.go:97
advocate/analysis/hb/clock.happensBefore(0x18e0c7b26930, 0x18e0ce05ce00)
	/home/advocate/Advocate/Experiments/Advocate/advocate/analysis/hb/clock/hb.go:29 +0x130
advocate/analysis/hb/clock.GetHappensBefore(0x18e0ce05ce00, 0x18e0c7b26930)
	/home/advocate/Advocate/Experiments/Advocate/advocate/analysis/hb/clock/hb.go:77 +0x47
advocate/analysis/analysis/scenarios.buildResidualGraph({0x18e0d5080000, 0x186a2, 0x18e0c4ab2b68?}, {0x18e0d524c000, 0x186a2, 0x1?})
	/home/advocate/Advocate/Experiments/Advocate/advocate/analysis/analysis/scenarios/graph.go:60 +0x49f
advocate/analysis/analysis/scenarios.CheckForUnlockBeforeLock()
	/home/advocate/Advocate/Experiments/Advocate/advocate/analysis/analysis/scenarios/unlockBeforeLock.go:75 +0x2b5
advocate/analysis/analysis.RunHBAnalysis(0x1)
	/home/advocate/Advocate/Experiments/Advocate/advocate/analysis/analysis/analysis.go:262 +0xc9b
advocate/analysis/analysis.RunAnalysis(0x1)
	/home/advocate/Advocate/Experiments/Advocate/advocate/analysis/analysis/analysis.go:63 +0x105
advocate/toolchain.runAnalyzer({0x18e0bd1ec400, 0x7a}, {0x18e0bd1f0630?, 0x6c?}, {0x18e0bd1ec480, 0x80}, {0x18e0bd1ec500, 0x7b}, 0x0, {0x18e0bd1c3560, ...}, ...)
	/home/advocate/Advocate/Experiments/Advocate/advocate/toolchain/analyzer.go:78 +0x43b
advocate/toolchain.unitTestAnalyzer({0x18e0bd1ee5b0, 0x6c}, {0x760f26?, 0x18e0bacb0068?}, 0x0, {0x18e0bd1c3560, 0x84}, {0x18e0bd1f4c02, 0x13})
	/home/advocate/Advocate/Experiments/Advocate/advocate/toolchain/fullWorkflowUnit.go:619 +0x25c
advocate/toolchain.unitTestFullWorkflow({0x18e0bae00000?, 0x2c}, {0x7ffc390320ff, 0x52}, 0x1, 0x1, 0x1, {0x18e0bd1f4c02, 0x13}, {0x18e0bd086ce0, ...}, ...)
	/home/advocate/Advocate/Experiments/Advocate/advocate/toolchain/fullWorkflowUnit.go:479 +0x625
advocate/toolchain.runWorkflowUnit({0x7ffc390320ff, 0x52}, 0x1, 0x1, 0x1, {0x18e0baf2d950, 0x84}, 0x0, {0x0, 0x0}, ...)
	/home/advocate/Advocate/Experiments/Advocate/advocate/toolchain/fullWorkflowUnit.go:171 +0x1190
advocate/toolchain.Run({0x75dd74, 0x4}, {0x18e0baf2d950, 0x84}, 0x1, 0x1, 0x1, 0x0, {0x0, 0x0}, ...)
	/home/advocate/Advocate/Experiments/Advocate/advocate/toolchain/toolchain.go:72 +0x389
advocate/fuzzing.runFuzzing({0x18e0baf2d950, 0x84}, 0x0, 0x31, 0x1)
	/home/advocate/Advocate/Experiments/Advocate/advocate/fuzzing/fuzzing.go:217 +0x57b
advocate/fuzzing.Fuzzing()
	/home/advocate/Advocate/Experiments/Advocate/advocate/fuzzing/fuzzing.go:135 +0xea5
advocate/run.modeFuzzing()
	/home/advocate/Advocate/Experiments/Advocate/advocate/run/modes.go:34 +0x5e
advocate/run.Run()
	/home/advocate/Advocate/Experiments/Advocate/advocate/run/run.go:100 +0x5b5
main.main()
	/home/advocate/Advocate/Experiments/Advocate/advocate/main.go:28 +0x1c
2026/06/05 16:26:56 [31mNot enough RAM[0m
2026/06/05 16:26:56 goroutine 17 [running]:
advocate/utils/control.printAllGoroutines()
	/home/advocate/Advocate/Experiments/Advocate/advocate/utils/control/utils.go:20 +0x3d
advocate/utils/control.cancelRAM(0x77cd50, 0x77cd48, 0x77cd58)
	/home/advocate/Advocate/Experiments/Advocate/advocate/utils/control/memory.go:109 +0x6e
advocate/utils/control.Supervisor(0x77cd50, 0x77cd48, 0x77cd58)
	/home/advocate/Advocate/Experiments/Advocate/advocate/utils/control/memory.go:79 +0x12f
created by advocate/run.Run in goroutine 1
	/home/advocate/Advocate/Experiments/Advocate/advocate/run/run.go:63 +0x26f

goroutine 1 [runnable]:
advocate/analysis/hb/clock.(*VectorClock).GetValue(...)
	/home/advocate/Advocate/Experiments/Advocate/advocate/analysis/hb/clock/vc.go:97
advocate/analysis/hb/clock.happensBefore(0x18e0c7be0610, 0x18e0ced5b320)
	/home/advocate/Advocate/Experiments/Advocate/advocate/analysis/hb/clock/hb.go:29 +0xe6
advocate/analysis/hb/clock.GetHappensBefore(0x18e0ced5b320, 0x18e0c7be0610)
	/home/advocate/Advocate/Experiments/Advocate/advocate/analysis/hb/clock/hb.go:77 +0x47
advocate/analysis/analysis/scenarios.buildResidualGraph({0x18e0d5080000, 0x186a2, 0x18e0c4ab2b68?}, {0x18e0d524c000, 0x186a2, 0x1?})
	/home/advocate/Advocate/Experiments/Advocate/advocate/analysis/analysis/scenarios/graph.go:60 +0x49f
advocate/analysis/analysis/scenarios.CheckForUnlockBeforeLock()
	/home/advocate/Advocate/Experiments/Advocate/advocate/analysis/analysis/scenarios/unlockBeforeLock.go:75 +0x2b5
advocate/analysis/analysis.RunHBAnalysis(0x1)
	/home/advocate/Advocate/Experiments/Advocate/advocate/analysis/analysis/analysis.go:262 +0xc9b
advocate/analysis/analysis.RunAnalysis(0x1)
	/home/advocate/Advocate/Experiments/Advocate/advocate/analysis/analysis/analysis.go:63 +0x105
advocate/toolchain.runAnalyzer({0x18e0bd1ec400, 0x7a}, {0x18e0bd1f0630?, 0x6c?}, {0x18e0bd1ec480, 0x80}, {0x18e0bd1ec500, 0x7b}, 0x0, {0x18e0bd1c3560, ...}, ...)
	/home/advocate/Advocate/Experiments/Advocate/advocate/toolchain/analyzer.go:78 +0x43b
advocate/toolchain.unitTestAnalyzer({0x18e0bd1ee5b0, 0x6c}, {0x760f26?, 0x18e0bacb0068?}, 0x0, {0x18e0bd1c3560, 0x84}, {0x18e0bd1f4c02, 0x13})
	/home/advocate/Advocate/Experiments/Advocate/advocate/toolchain/fullWorkflowUnit.go:619 +0x25c
advocate/toolchain.unitTestFullWorkflow({0x18e0bae00000?, 0x2c}, {0x7ffc390320ff, 0x52}, 0x1, 0x1, 0x1, {0x18e0bd1f4c02, 0x13}, {0x18e0bd086ce0, ...}, ...)
	/home/advocate/Advocate/Experiments/Advocate/advocate/toolchain/fullWorkflowUnit.go:479 +0x625
advocate/toolchain.runWorkflowUnit({0x7ffc390320ff, 0x52}, 0x1, 0x1, 0x1, {0x18e0baf2d950, 0x84}, 0x0, {0x0, 0x0}, ...)
	/home/advocate/Advocate/Experiments/Advocate/advocate/toolchain/fullWorkflowUnit.go:171 +0x1190
advocate/toolchain.Run({0x75dd74, 0x4}, {0x18e0baf2d950, 0x84}, 0x1, 0x1, 0x1, 0x0, {0x0, 0x0}, ...)
	/home/advocate/Advocate/Experiments/Advocate/advocate/toolchain/toolchain.go:72 +0x389
advocate/fuzzing.runFuzzing({0x18e0baf2d950, 0x84}, 0x0, 0x31, 0x1)
	/home/advocate/Advocate/Experiments/Advocate/advocate/fuzzing/fuzzing.go:217 +0x57b
advocate/fuzzing.Fuzzing()
	/home/advocate/Advocate/Experiments/Advocate/advocate/fuzzing/fuzzing.go:135 +0xea5
advocate/run.modeFuzzing()
	/home/advocate/Advocate/Experiments/Advocate/advocate/run/modes.go:34 +0x5e
advocate/run.Run()
	/home/advocate/Advocate/Experiments/Advocate/advocate/run/run.go:100 +0x5b5
main.main()
	/home/advocate/Advocate/Experiments/Advocate/advocate/main.go:28 +0x1c
2026/06/05 16:27:03 [31mNot enough RAM[0m
2026/06/05 16:27:03 goroutine 17 [running]:
advocate/utils/control.printAllGoroutines()
	/home/advocate/Advocate/Experiments/Advocate/advocate/utils/control/utils.go:20 +0x3d
advocate/utils/control.cancelRAM(0x77cd50, 0x77cd48, 0x77cd58)
	/home/advocate/Advocate/Experiments/Advocate/advocate/utils/control/memory.go:109 +0x6e
advocate/utils/control.Supervisor(0x77cd50, 0x77cd48, 0x77cd58)
	/home/advocate/Advocate/Experiments/Advocate/advocate/utils/control/memory.go:79 +0x12f
created by advocate/run.Run in goroutine 1
	/home/advocate/Advocate/Experiments/Advocate/advocate/run/run.go:63 +0x26f

goroutine 1 [runnable]:
advocate/analysis/hb/clock.(*VectorClock).GetValue(...)
	/home/advocate/Advocate/Experiments/Advocate/advocate/analysis/hb/clock/vc.go:97
advocate/analysis/hb/clock.happensBefore(0x18e0c7c8c2f0, 0x18e0d0157450)
	/home/advocate/Advocate/Experiments/Advocate/advocate/analysis/hb/clock/hb.go:29 +0x130
advocate/analysis/hb/clock.GetHappensBefore(0x18e0d0157450, 0x18e0c7c8c2f0)
	/home/advocate/Advocate/Experiments/Advocate/advocate/analysis/hb/clock/hb.go:77 +0x47
advocate/analysis/analysis/scenarios.buildResidualGraph({0x18e0d5080000, 0x186a2, 0x18e0c4ab2b68?}, {0x18e0d524c000, 0x186a2, 0x1?})
	/home/advocate/Advocate/Experiments/Advocate/advocate/analysis/analysis/scenarios/graph.go:60 +0x49f
advocate/analysis/analysis/scenarios.CheckForUnlockBeforeLock()
	/home/advocate/Advocate/Experiments/Advocate/advocate/analysis/analysis/scenarios/unlockBeforeLock.go:75 +0x2b5
advocate/analysis/analysis.RunHBAnalysis(0x1)
	/home/advocate/Advocate/Experiments/Advocate/advocate/analysis/analysis/analysis.go:262 +0xc9b
advocate/analysis/analysis.RunAnalysis(0x1)
	/home/advocate/Advocate/Experiments/Advocate/advocate/analysis/analysis/analysis.go:63 +0x105
advocate/toolchain.runAnalyzer({0x18e0bd1ec400, 0x7a}, {0x18e0bd1f0630?, 0x6c?}, {0x18e0bd1ec480, 0x80}, {0x18e0bd1ec500, 0x7b}, 0x0, {0x18e0bd1c3560, ...}, ...)
	/home/advocate/Advocate/Experiments/Advocate/advocate/toolchain/analyzer.go:78 +0x43b
advocate/toolchain.unitTestAnalyzer({0x18e0bd1ee5b0, 0x6c}, {0x760f26?, 0x18e0bacb0068?}, 0x0, {0x18e0bd1c3560, 0x84}, {0x18e0bd1f4c02, 0x13})
	/home/advocate/Advocate/Experiments/Advocate/advocate/toolchain/fullWorkflowUnit.go:619 +0x25c
advocate/toolchain.unitTestFullWorkflow({0x18e0bae00000?, 0x2c}, {0x7ffc390320ff, 0x52}, 0x1, 0x1, 0x1, {0x18e0bd1f4c02, 0x13}, {0x18e0bd086ce0, ...}, ...)
	/home/advocate/Advocate/Experiments/Advocate/advocate/toolchain/fullWorkflowUnit.go:479 +0x625
advocate/toolchain.runWorkflowUnit({0x7ffc390320ff, 0x52}, 0x1, 0x1, 0x1, {0x18e0baf2d950, 0x84}, 0x0, {0x0, 0x0}, ...)
	/home/advocate/Advocate/Experiments/Advocate/advocate/toolchain/fullWorkflowUnit.go:171 +0x1190
advocate/toolchain.Run({0x75dd74, 0x4}, {0x18e0baf2d950, 0x84}, 0x1, 0x1, 0x1, 0x0, {0x0, 0x0}, ...)
	/home/advocate/Advocate/Experiments/Advocate/advocate/toolchain/toolchain.go:72 +0x389
advocate/fuzzing.runFuzzing({0x18e0baf2d950, 0x84}, 0x0, 0x31, 0x1)
	/home/advocate/Advocate/Experiments/Advocate/advocate/fuzzing/fuzzing.go:217 +0x57b
advocate/fuzzing.Fuzzing()
	/home/advocate/Advocate/Experiments/Advocate/advocate/fuzzing/fuzzing.go:135 +0xea5
advocate/run.modeFuzzing()
	/home/advocate/Advocate/Experiments/Advocate/advocate/run/modes.go:34 +0x5e
advocate/run.Run()
	/home/advocate/Advocate/Experiments/Advocate/advocate/run/run.go:100 +0x5b5
main.main()
	/home/advocate/Advocate/Experiments/Advocate/advocate/main.go:28 +0x1c
2026/06/05 16:27:10 [31mNot enough RAM[0m
2026/06/05 16:27:10 goroutine 17 [running]:
advocate/utils/control.printAllGoroutines()
	/home/advocate/Advocate/Experiments/Advocate/advocate/utils/control/utils.go:20 +0x3d
advocate/utils/control.cancelRAM(0x77cd50, 0x77cd48, 0x77cd58)
	/home/advocate/Advocate/Experiments/Advocate/advocate/utils/control/memory.go:109 +0x6e
advocate/utils/control.Supervisor(0x77cd50, 0x77cd48, 0x77cd58)
	/home/advocate/Advocate/Experiments/Advocate/advocate/utils/control/memory.go:79 +0x12f
created by advocate/run.Run in goroutine 1
	/home/advocate/Advocate/Experiments/Advocate/advocate/run/run.go:63 +0x26f

goroutine 1 [runnable]:
advocate/analysis/hb/clock.(*VectorClock).GetValue(...)
	/home/advocate/Advocate/Experiments/Advocate/advocate/analysis/hb/clock/vc.go:97
advocate/analysis/hb/clock.happensBefore(0x18e0d211cff0, 0x18e0c7d42bb0)
	/home/advocate/Advocate/Experiments/Advocate/advocate/analysis/hb/clock/hb.go:27 +0x96
advocate/analysis/hb/clock.GetHappensBefore(0x18e0d211cff0, 0x18e0c7d42bb0)
	/home/advocate/Advocate/Experiments/Advocate/advocate/analysis/hb/clock/hb.go:74 +0x34
advocate/analysis/analysis/scenarios.buildResidualGraph({0x18e0d5080000, 0x186a2, 0x18e0c4ab2b68?}, {0x18e0d524c000, 0x186a2, 0x1?})
	/home/advocate/Advocate/Experiments/Advocate/advocate/analysis/analysis/scenarios/graph.go:60 +0x49f
advocate/analysis/analysis/scenarios.CheckForUnlockBeforeLock()
	/home/advocate/Advocate/Experiments/Advocate/advocate/analysis/analysis/scenarios/unlockBeforeLock.go:75 +0x2b5
advocate/analysis/analysis.RunHBAnalysis(0x1)
	/home/advocate/Advocate/Experiments/Advocate/advocate/analysis/analysis/analysis.go:262 +0xc9b
advocate/analysis/analysis.RunAnalysis(0x1)
	/home/advocate/Advocate/Experiments/Advocate/advocate/analysis/analysis/analysis.go:63 +0x105
advocate/toolchain.runAnalyzer({0x18e0bd1ec400, 0x7a}, {0x18e0bd1f0630?, 0x6c?}, {0x18e0bd1ec480, 0x80}, {0x18e0bd1ec500, 0x7b}, 0x0, {0x18e0bd1c3560, ...}, ...)
	/home/advocate/Advocate/Experiments/Advocate/advocate/toolchain/analyzer.go:78 +0x43b
advocate/toolchain.unitTestAnalyzer({0x18e0bd1ee5b0, 0x6c}, {0x760f26?, 0x18e0bacb0068?}, 0x0, {0x18e0bd1c3560, 0x84}, {0x18e0bd1f4c02, 0x13})
	/home/advocate/Advocate/Experiments/Advocate/advocate/toolchain/fullWorkflowUnit.go:619 +0x25c
advocate/toolchain.unitTestFullWorkflow({0x18e0bae00000?, 0x2c}, {0x7ffc390320ff, 0x52}, 0x1, 0x1, 0x1, {0x18e0bd1f4c02, 0x13}, {0x18e0bd086ce0, ...}, ...)
	/home/advocate/Advocate/Experiments/Advocate/advocate/toolchain/fullWorkflowUnit.go:479 +0x625
advocate/toolchain.runWorkflowUnit({0x7ffc390320ff, 0x52}, 0x1, 0x1, 0x1, {0x18e0baf2d950, 0x84}, 0x0, {0x0, 0x0}, ...)
	/home/advocate/Advocate/Experiments/Advocate/advocate/toolchain/fullWorkflowUnit.go:171 +0x1190
advocate/toolchain.Run({0x75dd74, 0x4}, {0x18e0baf2d950, 0x84}, 0x1, 0x1, 0x1, 0x0, {0x0, 0x0}, ...)
	/home/advocate/Advocate/Experiments/Advocate/advocate/toolchain/toolchain.go:72 +0x389
advocate/fuzzing.runFuzzing({0x18e0baf2d950, 0x84}, 0x0, 0x31, 0x1)
	/home/advocate/Advocate/Experiments/Advocate/advocate/fuzzing/fuzzing.go:217 +0x57b
advocate/fuzzing.Fuzzing()
	/home/advocate/Advocate/Experiments/Advocate/advocate/fuzzing/fuzzing.go:135 +0xea5
advocate/run.modeFuzzing()
	/home/advocate/Advocate/Experiments/Advocate/advocate/run/modes.go:34 +0x5e
advocate/run.Run()
	/home/advocate/Advocate/Experiments/Advocate/advocate/run/run.go:100 +0x5b5
main.main()
	/home/advocate/Advocate/Experiments/Advocate/advocate/main.go:28 +0x1c
2026/06/05 16:27:17 [31mNot enough RAM[0m
2026/06/05 16:27:17 goroutine 17 [running]:
advocate/utils/control.printAllGoroutines()
	/home/advocate/Advocate/Experiments/Advocate/advocate/utils/control/utils.go:20 +0x3d
advocate/utils/control.cancelRAM(0x77cd50, 0x77cd48, 0x77cd58)
	/home/advocate/Advocate/Experiments/Advocate/advocate/utils/control/memory.go:109 +0x6e
advocate/utils/control.Supervisor(0x77cd50, 0x77cd48, 0x77cd58)
	/home/advocate/Advocate/Experiments/Advocate/advocate/utils/control/memory.go:79 +0x12f
created by advocate/run.Run in goroutine 1
	/home/advocate/Advocate/Experiments/Advocate/advocate/run/run.go:63 +0x26f

goroutine 1 [runnable]:
advocate/analysis/hb/clock.(*VectorClock).GetValue(...)
	/home/advocate/Advocate/Experiments/Advocate/advocate/analysis/hb/clock/vc.go:97
advocate/analysis/hb/clock.happensBefore(0x18e0c7e28c70, 0x18e0c93e4df0)
	/home/advocate/Advocate/Experiments/Advocate/advocate/analysis/hb/clock/hb.go:27 +0x65
advocate/analysis/hb/clock.GetHappensBefore(0x18e0c93e4df0, 0x18e0c7e28c70)
	/home/advocate/Advocate/Experiments/Advocate/advocate/analysis/hb/clock/hb.go:77 +0x47
advocate/analysis/analysis/scenarios.buildResidualGraph({0x18e0d5080000, 0x186a2, 0x18e0c4ab2b68?}, {0x18e0d524c000, 0x186a2, 0x1?})
	/home/advocate/Advocate/Experiments/Advocate/advocate/analysis/analysis/scenarios/graph.go:60 +0x49f
advocate/analysis/analysis/scenarios.CheckForUnlockBeforeLock()
	/home/advocate/Advocate/Experiments/Advocate/advocate/analysis/analysis/scenarios/unlockBeforeLock.go:75 +0x2b5
advocate/analysis/analysis.RunHBAnalysis(0x1)
	/home/advocate/Advocate/Experiments/Advocate/advocate/analysis/analysis/analysis.go:262 +0xc9b
advocate/analysis/analysis.RunAnalysis(0x1)
	/home/advocate/Advocate/Experiments/Advocate/advocate/analysis/analysis/analysis.go:63 +0x105
advocate/toolchain.runAnalyzer({0x18e0bd1ec400, 0x7a}, {0x18e0bd1f0630?, 0x6c?}, {0x18e0bd1ec480, 0x80}, {0x18e0bd1ec500, 0x7b}, 0x0, {0x18e0bd1c3560, ...}, ...)
	/home/advocate/Advocate/Experiments/Advocate/advocate/toolchain/analyzer.go:78 +0x43b
advocate/toolchain.unitTestAnalyzer({0x18e0bd1ee5b0, 0x6c}, {0x760f26?, 0x18e0bacb0068?}, 0x0, {0x18e0bd1c3560, 0x84}, {0x18e0bd1f4c02, 0x13})
	/home/advocate/Advocate/Experiments/Advocate/advocate/toolchain/fullWorkflowUnit.go:619 +0x25c
advocate/toolchain.unitTestFullWorkflow({0x18e0bae00000?, 0x2c}, {0x7ffc390320ff, 0x52}, 0x1, 0x1, 0x1, {0x18e0bd1f4c02, 0x13}, {0x18e0bd086ce0, ...}, ...)
	/home/advocate/Advocate/Experiments/Advocate/advocate/toolchain/fullWorkflowUnit.go:479 +0x625
advocate/toolchain.runWorkflowUnit({0x7ffc390320ff, 0x52}, 0x1, 0x1, 0x1, {0x18e0baf2d950, 0x84}, 0x0, {0x0, 0x0}, ...)
	/home/advocate/Advocate/Experiments/Advocate/advocate/toolchain/fullWorkflowUnit.go:171 +0x1190
advocate/toolchain.Run({0x75dd74, 0x4}, {0x18e0baf2d950, 0x84}, 0x1, 0x1, 0x1, 0x0, {0x0, 0x0}, ...)
	/home/advocate/Advocate/Experiments/Advocate/advocate/toolchain/toolchain.go:72 +0x389
advocate/fuzzing.runFuzzing({0x18e0baf2d950, 0x84}, 0x0, 0x31, 0x1)
	/home/advocate/Advocate/Experiments/Advocate/advocate/fuzzing/fuzzing.go:217 +0x57b
advocate/fuzzing.Fuzzing()
	/home/advocate/Advocate/Experiments/Advocate/advocate/fuzzing/fuzzing.go:135 +0xea5
advocate/run.modeFuzzing()
	/home/advocate/Advocate/Experiments/Advocate/advocate/run/modes.go:34 +0x5e
advocate/run.Run()
	/home/advocate/Advocate/Experiments/Advocate/advocate/run/run.go:100 +0x5b5
main.main()
	/home/advocate/Advocate/Experiments/Advocate/advocate/main.go:28 +0x1c
2026/06/05 16:27:24 [31mNot enough RAM[0m
2026/06/05 16:27:24 goroutine 17 [running]:
advocate/utils/control.printAllGoroutines()
	/home/advocate/Advocate/Experiments/Advocate/advocate/utils/control/utils.go:20 +0x3d
advocate/utils/control.cancelRAM(0x77cd50, 0x77cd48, 0x77cd58)
	/home/advocate/Advocate/Experiments/Advocate/advocate/utils/control/memory.go:109 +0x6e
advocate/utils/control.Supervisor(0x77cd50, 0x77cd48, 0x77cd58)
	/home/advocate/Advocate/Experiments/Advocate/advocate/utils/control/memory.go:79 +0x12f
created by advocate/run.Run in goroutine 1
	/home/advocate/Advocate/Experiments/Advocate/advocate/run/run.go:63 +0x26f

goroutine 1 [runnable]:
advocate/analysis/hb/clock.(*VectorClock).GetValue(...)
	/home/advocate/Advocate/Experiments/Advocate/advocate/analysis/hb/clock/vc.go:97
advocate/analysis/hb/clock.happensBefore(0x18e0c7edd690, 0x18e0cfc88ce0)
	/home/advocate/Advocate/Experiments/Advocate/advocate/analysis/hb/clock/hb.go:29 +0x130
advocate/analysis/hb/clock.GetHappensBefore(0x18e0cfc88ce0, 0x18e0c7edd690)
	/home/advocate/Advocate/Experiments/Advocate/advocate/analysis/hb/clock/hb.go:77 +0x47
advocate/analysis/analysis/scenarios.buildResidualGraph({0x18e0d5080000, 0x186a2, 0x18e0c4ab2b68?}, {0x18e0d524c000, 0x186a2, 0x1?})
	/home/advocate/Advocate/Experiments/Advocate/advocate/analysis/analysis/scenarios/graph.go:60 +0x49f
advocate/analysis/analysis/scenarios.CheckForUnlockBeforeLock()
	/home/advocate/Advocate/Experiments/Advocate/advocate/analysis/analysis/scenarios/unlockBeforeLock.go:75 +0x2b5
advocate/analysis/analysis.RunHBAnalysis(0x1)
	/home/advocate/Advocate/Experiments/Advocate/advocate/analysis/analysis/analysis.go:262 +0xc9b
advocate/analysis/analysis.RunAnalysis(0x1)
	/home/advocate/Advocate/Experiments/Advocate/advocate/analysis/analysis/analysis.go:63 +0x105
advocate/toolchain.runAnalyzer({0x18e0bd1ec400, 0x7a}, {0x18e0bd1f0630?, 0x6c?}, {0x18e0bd1ec480, 0x80}, {0x18e0bd1ec500, 0x7b}, 0x0, {0x18e0bd1c3560, ...}, ...)
	/home/advocate/Advocate/Experiments/Advocate/advocate/toolchain/analyzer.go:78 +0x43b
advocate/toolchain.unitTestAnalyzer({0x18e0bd1ee5b0, 0x6c}, {0x760f26?, 0x18e0bacb0068?}, 0x0, {0x18e0bd1c3560, 0x84}, {0x18e0bd1f4c02, 0x13})
	/home/advocate/Advocate/Experiments/Advocate/advocate/toolchain/fullWorkflowUnit.go:619 +0x25c
advocate/toolchain.unitTestFullWorkflow({0x18e0bae00000?, 0x2c}, {0x7ffc390320ff, 0x52}, 0x1, 0x1, 0x1, {0x18e0bd1f4c02, 0x13}, {0x18e0bd086ce0, ...}, ...)
	/home/advocate/Advocate/Experiments/Advocate/advocate/toolchain/fullWorkflowUnit.go:479 +0x625
advocate/toolchain.runWorkflowUnit({0x7ffc390320ff, 0x52}, 0x1, 0x1, 0x1, {0x18e0baf2d950, 0x84}, 0x0, {0x0, 0x0}, ...)
	/home/advocate/Advocate/Experiments/Advocate/advocate/toolchain/fullWorkflowUnit.go:171 +0x1190
advocate/toolchain.Run({0x75dd74, 0x4}, {0x18e0baf2d950, 0x84}, 0x1, 0x1, 0x1, 0x0, {0x0, 0x0}, ...)
	/home/advocate/Advocate/Experiments/Advocate/advocate/toolchain/toolchain.go:72 +0x389
advocate/fuzzing.runFuzzing({0x18e0baf2d950, 0x84}, 0x0, 0x31, 0x1)
	/home/advocate/Advocate/Experiments/Advocate/advocate/fuzzing/fuzzing.go:217 +0x57b
advocate/fuzzing.Fuzzing()
	/home/advocate/Advocate/Experiments/Advocate/advocate/fuzzing/fuzzing.go:135 +0xea5
advocate/run.modeFuzzing()
	/home/advocate/Advocate/Experiments/Advocate/advocate/run/modes.go:34 +0x5e
advocate/run.Run()
	/home/advocate/Advocate/Experiments/Advocate/advocate/run/run.go:100 +0x5b5
main.main()
	/home/advocate/Advocate/Experiments/Advocate/advocate/main.go:28 +0x1c
2026/06/05 16:27:31 [31mNot enough RAM[0m
2026/06/05 16:27:31 goroutine 17 [running]:
advocate/utils/control.printAllGoroutines()
	/home/advocate/Advocate/Experiments/Advocate/advocate/utils/control/utils.go:20 +0x3d
advocate/utils/control.cancelRAM(0x77cd50, 0x77cd48, 0x77cd58)
	/home/advocate/Advocate/Experiments/Advocate/advocate/utils/control/memory.go:109 +0x6e
advocate/utils/control.Supervisor(0x77cd50, 0x77cd48, 0x77cd58)
	/home/advocate/Advocate/Experiments/Advocate/advocate/utils/control/memory.go:79 +0x12f
created by advocate/run.Run in goroutine 1
	/home/advocate/Advocate/Experiments/Advocate/advocate/run/run.go:63 +0x26f

goroutine 1 [runnable]:
advocate/analysis/hb/clock.(*VectorClock).GetValue(...)
	/home/advocate/Advocate/Experiments/Advocate/advocate/analysis/hb/clock/vc.go:97
advocate/analysis/hb/clock.happensBefore(0x18e0ce50f700, 0x18e0c7f94430)
	/home/advocate/Advocate/Experiments/Advocate/advocate/analysis/hb/clock/hb.go:27 +0x96
advocate/analysis/hb/clock.GetHappensBefore(0x18e0ce50f700, 0x18e0c7f94430)
	/home/advocate/Advocate/Experiments/Advocate/advocate/analysis/hb/clock/hb.go:74 +0x34
advocate/analysis/analysis/scenarios.buildResidualGraph({0x18e0d5080000, 0x186a2, 0x18e0c4ab2b68?}, {0x18e0d524c000, 0x186a2, 0x1?})
	/home/advocate/Advocate/Experiments/Advocate/advocate/analysis/analysis/scenarios/graph.go:60 +0x49f
advocate/analysis/analysis/scenarios.CheckForUnlockBeforeLock()
	/home/advocate/Advocate/Experiments/Advocate/advocate/analysis/analysis/scenarios/unlockBeforeLock.go:75 +0x2b5
advocate/analysis/analysis.RunHBAnalysis(0x1)
	/home/advocate/Advocate/Experiments/Advocate/advocate/analysis/analysis/analysis.go:262 +0xc9b
advocate/analysis/analysis.RunAnalysis(0x1)
	/home/advocate/Advocate/Experiments/Advocate/advocate/analysis/analysis/analysis.go:63 +0x105
advocate/toolchain.runAnalyzer({0x18e0bd1ec400, 0x7a}, {0x18e0bd1f0630?, 0x6c?}, {0x18e0bd1ec480, 0x80}, {0x18e0bd1ec500, 0x7b}, 0x0, {0x18e0bd1c3560, ...}, ...)
	/home/advocate/Advocate/Experiments/Advocate/advocate/toolchain/analyzer.go:78 +0x43b
advocate/toolchain.unitTestAnalyzer({0x18e0bd1ee5b0, 0x6c}, {0x760f26?, 0x18e0bacb0068?}, 0x0, {0x18e0bd1c3560, 0x84}, {0x18e0bd1f4c02, 0x13})
	/home/advocate/Advocate/Experiments/Advocate/advocate/toolchain/fullWorkflowUnit.go:619 +0x25c
advocate/toolchain.unitTestFullWorkflow({0x18e0bae00000?, 0x2c}, {0x7ffc390320ff, 0x52}, 0x1, 0x1, 0x1, {0x18e0bd1f4c02, 0x13}, {0x18e0bd086ce0, ...}, ...)
	/home/advocate/Advocate/Experiments/Advocate/advocate/toolchain/fullWorkflowUnit.go:479 +0x625
advocate/toolchain.runWorkflowUnit({0x7ffc390320ff, 0x52}, 0x1, 0x1, 0x1, {0x18e0baf2d950, 0x84}, 0x0, {0x0, 0x0}, ...)
	/home/advocate/Advocate/Experiments/Advocate/advocate/toolchain/fullWorkflowUnit.go:171 +0x1190
advocate/toolchain.Run({0x75dd74, 0x4}, {0x18e0baf2d950, 0x84}, 0x1, 0x1, 0x1, 0x0, {0x0, 0x0}, ...)
	/home/advocate/Advocate/Experiments/Advocate/advocate/toolchain/toolchain.go:72 +0x389
advocate/fuzzing.runFuzzing({0x18e0baf2d950, 0x84}, 0x0, 0x31, 0x1)
	/home/advocate/Advocate/Experiments/Advocate/advocate/fuzzing/fuzzing.go:217 +0x57b
advocate/fuzzing.Fuzzing()
	/home/advocate/Advocate/Experiments/Advocate/advocate/fuzzing/fuzzing.go:135 +0xea5
advocate/run.modeFuzzing()
	/home/advocate/Advocate/Experiments/Advocate/advocate/run/modes.go:34 +0x5e
advocate/run.Run()
	/home/advocate/Advocate/Experiments/Advocate/advocate/run/run.go:100 +0x5b5
main.main()
	/home/advocate/Advocate/Experiments/Advocate/advocate/main.go:28 +0x1c
2026/06/05 16:27:38 [31mNot enough RAM[0m
2026/06/05 16:27:38 goroutine 17 [running]:
advocate/utils/control.printAllGoroutines()
	/home/advocate/Advocate/Experiments/Advocate/advocate/utils/control/utils.go:20 +0x3d
advocate/utils/control.cancelRAM(0x77cd50, 0x77cd48, 0x77cd58)
	/home/advocate/Advocate/Experiments/Advocate/advocate/utils/control/memory.go:109 +0x6e
advocate/utils/control.Supervisor(0x77cd50, 0x77cd48, 0x77cd58)
	/home/advocate/Advocate/Experiments/Advocate/advocate/utils/control/memory.go:79 +0x12f
created by advocate/run.Run in goroutine 1
	/home/advocate/Advocate/Experiments/Advocate/advocate/run/run.go:63 +0x26f

goroutine 1 [runnable]:
advocate/analysis/hb/clock.happensBefore(0x18e0d1d12650, 0x18e0c8075ed0)
	/home/advocate/Advocate/Experiments/Advocate/advocate/analysis/hb/clock/hb.go:24 +0x189
advocate/analysis/hb/clock.GetHappensBefore(0x18e0d1d12650, 0x18e0c8075ed0)
	/home/advocate/Advocate/Experiments/Advocate/advocate/analysis/hb/clock/hb.go:74 +0x34
advocate/analysis/analysis/scenarios.buildResidualGraph({0x18e0d5080000, 0x186a2, 0x18e0c4ab2b68?}, {0x18e0d524c000, 0x186a2, 0x1?})
	/home/advocate/Advocate/Experiments/Advocate/advocate/analysis/analysis/scenarios/graph.go:60 +0x49f
advocate/analysis/analysis/scenarios.CheckForUnlockBeforeLock()
	/home/advocate/Advocate/Experiments/Advocate/advocate/analysis/analysis/scenarios/unlockBeforeLock.go:75 +0x2b5
advocate/analysis/analysis.RunHBAnalysis(0x1)
	/home/advocate/Advocate/Experiments/Advocate/advocate/analysis/analysis/analysis.go:262 +0xc9b
advocate/analysis/analysis.RunAnalysis(0x1)
	/home/advocate/Advocate/Experiments/Advocate/advocate/analysis/analysis/analysis.go:63 +0x105
advocate/toolchain.runAnalyzer({0x18e0bd1ec400, 0x7a}, {0x18e0bd1f0630?, 0x6c?}, {0x18e0bd1ec480, 0x80}, {0x18e0bd1ec500, 0x7b}, 0x0, {0x18e0bd1c3560, ...}, ...)
	/home/advocate/Advocate/Experiments/Advocate/advocate/toolchain/analyzer.go:78 +0x43b
advocate/toolchain.unitTestAnalyzer({0x18e0bd1ee5b0, 0x6c}, {0x760f26?, 0x18e0bacb0068?}, 0x0, {0x18e0bd1c3560, 0x84}, {0x18e0bd1f4c02, 0x13})
	/home/advocate/Advocate/Experiments/Advocate/advocate/toolchain/fullWorkflowUnit.go:619 +0x25c
advocate/toolchain.unitTestFullWorkflow({0x18e0bae00000?, 0x2c}, {0x7ffc390320ff, 0x52}, 0x1, 0x1, 0x1, {0x18e0bd1f4c02, 0x13}, {0x18e0bd086ce0, ...}, ...)
	/home/advocate/Advocate/Experiments/Advocate/advocate/toolchain/fullWorkflowUnit.go:479 +0x625
advocate/toolchain.runWorkflowUnit({0x7ffc390320ff, 0x52}, 0x1, 0x1, 0x1, {0x18e0baf2d950, 0x84}, 0x0, {0x0, 0x0}, ...)
	/home/advocate/Advocate/Experiments/Advocate/advocate/toolchain/fullWorkflowUnit.go:171 +0x1190
advocate/toolchain.Run({0x75dd74, 0x4}, {0x18e0baf2d950, 0x84}, 0x1, 0x1, 0x1, 0x0, {0x0, 0x0}, ...)
	/home/advocate/Advocate/Experiments/Advocate/advocate/toolchain/toolchain.go:72 +0x389
advocate/fuzzing.runFuzzing({0x18e0baf2d950, 0x84}, 0x0, 0x31, 0x1)
	/home/advocate/Advocate/Experiments/Advocate/advocate/fuzzing/fuzzing.go:217 +0x57b
advocate/fuzzing.Fuzzing()
	/home/advocate/Advocate/Experiments/Advocate/advocate/fuzzing/fuzzing.go:135 +0xea5
advocate/run.modeFuzzing()
	/home/advocate/Advocate/Experiments/Advocate/advocate/run/modes.go:34 +0x5e
advocate/run.Run()
	/home/advocate/Advocate/Experiments/Advocate/advocate/run/run.go:100 +0x5b5
main.main()
	/home/advocate/Advocate/Experiments/Advocate/advocate/main.go:28 +0x1c
2026/06/05 16:27:46 [31mNot enough RAM[0m
2026/06/05 16:27:46 goroutine 17 [running]:
advocate/utils/control.printAllGoroutines()
	/home/advocate/Advocate/Experiments/Advocate/advocate/utils/control/utils.go:20 +0x3d
advocate/utils/control.cancelRAM(0x77cd50, 0x77cd48, 0x77cd58)
	/home/advocate/Advocate/Experiments/Advocate/advocate/utils/control/memory.go:109 +0x6e
advocate/utils/control.Supervisor(0x77cd50, 0x77cd48, 0x77cd58)
	/home/advocate/Advocate/Experiments/Advocate/advocate/utils/control/memory.go:79 +0x12f
created by advocate/run.Run in goroutine 1
	/home/advocate/Advocate/Experiments/Advocate/advocate/run/run.go:63 +0x26f

goroutine 1 [runnable]:
advocate/analysis/hb/clock.(*VectorClock).GetValue(...)
	/home/advocate/Advocate/Experiments/Advocate/advocate/analysis/hb/clock/vc.go:97
advocate/analysis/hb/clock.happensBefore(0x18e0c60a2180, 0x18e0c817a040)
	/home/advocate/Advocate/Experiments/Advocate/advocate/analysis/hb/clock/hb.go:27 +0x96
advocate/analysis/hb/clock.GetHappensBefore(0x18e0c60a2180, 0x18e0c817a040)
	/home/advocate/Advocate/Experiments/Advocate/advocate/analysis/hb/clock/hb.go:74 +0x34
advocate/analysis/analysis/scenarios.buildResidualGraph({0x18e0d5080000, 0x186a2, 0x18e0c4ab2b68?}, {0x18e0d524c000, 0x186a2, 0x1?})
	/home/advocate/Advocate/Experiments/Advocate/advocate/analysis/analysis/scenarios/graph.go:60 +0x49f
advocate/analysis/analysis/scenarios.CheckForUnlockBeforeLock()
	/home/advocate/Advocate/Experiments/Advocate/advocate/analysis/analysis/scenarios/unlockBeforeLock.go:75 +0x2b5
advocate/analysis/analysis.RunHBAnalysis(0x1)
	/home/advocate/Advocate/Experiments/Advocate/advocate/analysis/analysis/analysis.go:262 +0xc9b
advocate/analysis/analysis.RunAnalysis(0x1)
	/home/advocate/Advocate/Experiments/Advocate/advocate/analysis/analysis/analysis.go:63 +0x105
advocate/toolchain.runAnalyzer({0x18e0bd1ec400, 0x7a}, {0x18e0bd1f0630?, 0x6c?}, {0x18e0bd1ec480, 0x80}, {0x18e0bd1ec500, 0x7b}, 0x0, {0x18e0bd1c3560, ...}, ...)
	/home/advocate/Advocate/Experiments/Advocate/advocate/toolchain/analyzer.go:78 +0x43b
advocate/toolchain.unitTestAnalyzer({0x18e0bd1ee5b0, 0x6c}, {0x760f26?, 0x18e0bacb0068?}, 0x0, {0x18e0bd1c3560, 0x84}, {0x18e0bd1f4c02, 0x13})
	/home/advocate/Advocate/Experiments/Advocate/advocate/toolchain/fullWorkflowUnit.go:619 +0x25c
advocate/toolchain.unitTestFullWorkflow({0x18e0bae00000?, 0x2c}, {0x7ffc390320ff, 0x52}, 0x1, 0x1, 0x1, {0x18e0bd1f4c02, 0x13}, {0x18e0bd086ce0, ...}, ...)
	/home/advocate/Advocate/Experiments/Advocate/advocate/toolchain/fullWorkflowUnit.go:479 +0x625
advocate/toolchain.runWorkflowUnit({0x7ffc390320ff, 0x52}, 0x1, 0x1, 0x1, {0x18e0baf2d950, 0x84}, 0x0, {0x0, 0x0}, ...)
	/home/advocate/Advocate/Experiments/Advocate/advocate/toolchain/fullWorkflowUnit.go:171 +0x1190
advocate/toolchain.Run({0x75dd74, 0x4}, {0x18e0baf2d950, 0x84}, 0x1, 0x1, 0x1, 0x0, {0x0, 0x0}, ...)
	/home/advocate/Advocate/Experiments/Advocate/advocate/toolchain/toolchain.go:72 +0x389
advocate/fuzzing.runFuzzing({0x18e0baf2d950, 0x84}, 0x0, 0x31, 0x1)
	/home/advocate/Advocate/Experiments/Advocate/advocate/fuzzing/fuzzing.go:217 +0x57b
advocate/fuzzing.Fuzzing()
	/home/advocate/Advocate/Experiments/Advocate/advocate/fuzzing/fuzzing.go:135 +0xea5
advocate/run.modeFuzzing()
	/home/advocate/Advocate/Experiments/Advocate/advocate/run/modes.go:34 +0x5e
advocate/run.Run()
	/home/advocate/Advocate/Experiments/Advocate/advocate/run/run.go:100 +0x5b5
main.main()
	/home/advocate/Advocate/Experiments/Advocate/advocate/main.go:28 +0x1c
2026/06/05 16:27:53 [31mNot enough RAM[0m
2026/06/05 16:27:53 goroutine 17 [running]:
advocate/utils/control.printAllGoroutines()
	/home/advocate/Advocate/Experiments/Advocate/advocate/utils/control/utils.go:20 +0x3d
advocate/utils/control.cancelRAM(0x77cd50, 0x77cd48, 0x77cd58)
	/home/advocate/Advocate/Experiments/Advocate/advocate/utils/control/memory.go:109 +0x6e
advocate/utils/control.Supervisor(0x77cd50, 0x77cd48, 0x77cd58)
	/home/advocate/Advocate/Experiments/Advocate/advocate/utils/control/memory.go:79 +0x12f
created by advocate/run.Run in goroutine 1
	/home/advocate/Advocate/Experiments/Advocate/advocate/run/run.go:63 +0x26f

goroutine 1 [runnable]:
advocate/analysis/hb/clock.(*VectorClock).GetValue(...)
	/home/advocate/Advocate/Experiments/Advocate/advocate/analysis/hb/clock/vc.go:97
advocate/analysis/hb/clock.happensBefore(0x18e0c8263a00, 0x18e0cba3f1d0)
	/home/advocate/Advocate/Experiments/Advocate/advocate/analysis/hb/clock/hb.go:29 +0xe6
advocate/analysis/hb/clock.GetHappensBefore(0x18e0cba3f1d0, 0x18e0c8263a00)
	/home/advocate/Advocate/Experiments/Advocate/advocate/analysis/hb/clock/hb.go:77 +0x47
advocate/analysis/analysis/scenarios.buildResidualGraph({0x18e0d5080000, 0x186a2, 0x18e0c4ab2b68?}, {0x18e0d524c000, 0x186a2, 0x1?})
	/home/advocate/Advocate/Experiments/Advocate/advocate/analysis/analysis/scenarios/graph.go:60 +0x49f
advocate/analysis/analysis/scenarios.CheckForUnlockBeforeLock()
	/home/advocate/Advocate/Experiments/Advocate/advocate/analysis/analysis/scenarios/unlockBeforeLock.go:75 +0x2b5
advocate/analysis/analysis.RunHBAnalysis(0x1)
	/home/advocate/Advocate/Experiments/Advocate/advocate/analysis/analysis/analysis.go:262 +0xc9b
advocate/analysis/analysis.RunAnalysis(0x1)
	/home/advocate/Advocate/Experiments/Advocate/advocate/analysis/analysis/analysis.go:63 +0x105
advocate/toolchain.runAnalyzer({0x18e0bd1ec400, 0x7a}, {0x18e0bd1f0630?, 0x6c?}, {0x18e0bd1ec480, 0x80}, {0x18e0bd1ec500, 0x7b}, 0x0, {0x18e0bd1c3560, ...}, ...)
	/home/advocate/Advocate/Experiments/Advocate/advocate/toolchain/analyzer.go:78 +0x43b
advocate/toolchain.unitTestAnalyzer({0x18e0bd1ee5b0, 0x6c}, {0x760f26?, 0x18e0bacb0068?}, 0x0, {0x18e0bd1c3560, 0x84}, {0x18e0bd1f4c02, 0x13})
	/home/advocate/Advocate/Experiments/Advocate/advocate/toolchain/fullWorkflowUnit.go:619 +0x25c
advocate/toolchain.unitTestFullWorkflow({0x18e0bae00000?, 0x2c}, {0x7ffc390320ff, 0x52}, 0x1, 0x1, 0x1, {0x18e0bd1f4c02, 0x13}, {0x18e0bd086ce0, ...}, ...)
	/home/advocate/Advocate/Experiments/Advocate/advocate/toolchain/fullWorkflowUnit.go:479 +0x625
advocate/toolchain.runWorkflowUnit({0x7ffc390320ff, 0x52}, 0x1, 0x1, 0x1, {0x18e0baf2d950, 0x84}, 0x0, {0x0, 0x0}, ...)
	/home/advocate/Advocate/Experiments/Advocate/advocate/toolchain/fullWorkflowUnit.go:171 +0x1190
advocate/toolchain.Run({0x75dd74, 0x4}, {0x18e0baf2d950, 0x84}, 0x1, 0x1, 0x1, 0x0, {0x0, 0x0}, ...)
	/home/advocate/Advocate/Experiments/Advocate/advocate/toolchain/toolchain.go:72 +0x389
advocate/fuzzing.runFuzzing({0x18e0baf2d950, 0x84}, 0x0, 0x31, 0x1)
	/home/advocate/Advocate/Experiments/Advocate/advocate/fuzzing/fuzzing.go:217 +0x57b
advocate/fuzzing.Fuzzing()
	/home/advocate/Advocate/Experiments/Advocate/advocate/fuzzing/fuzzing.go:135 +0xea5
advocate/run.modeFuzzing()
	/home/advocate/Advocate/Experiments/Advocate/advocate/run/modes.go:34 +0x5e
advocate/run.Run()
	/home/advocate/Advocate/Experiments/Advocate/advocate/run/run.go:100 +0x5b5
main.main()
	/home/advocate/Advocate/Experiments/Advocate/advocate/main.go:28 +0x1c
2026/06/05 16:28:00 [31mNot enough RAM[0m
2026/06/05 16:28:00 goroutine 17 [running]:
advocate/utils/control.printAllGoroutines()
	/home/advocate/Advocate/Experiments/Advocate/advocate/utils/control/utils.go:20 +0x3d
advocate/utils/control.cancelRAM(0x77cd50, 0x77cd48, 0x77cd58)
	/home/advocate/Advocate/Experiments/Advocate/advocate/utils/control/memory.go:109 +0x6e
advocate/utils/control.Supervisor(0x77cd50, 0x77cd48, 0x77cd58)
	/home/advocate/Advocate/Experiments/Advocate/advocate/utils/control/memory.go:79 +0x12f
created by advocate/run.Run in goroutine 1
	/home/advocate/Advocate/Experiments/Advocate/advocate/run/run.go:63 +0x26f

goroutine 1 [runnable]:
advocate/analysis/hb/clock.(*VectorClock).GetValue(...)
	/home/advocate/Advocate/Experiments/Advocate/advocate/analysis/hb/clock/vc.go:97
advocate/analysis/hb/clock.happensBefore(0x18e0caedaa20, 0x18e0c837ebc0)
	/home/advocate/Advocate/Experiments/Advocate/advocate/analysis/hb/clock/hb.go:27 +0x96
advocate/analysis/hb/clock.GetHappensBefore(0x18e0caedaa20, 0x18e0c837ebc0)
	/home/advocate/Advocate/Experiments/Advocate/advocate/analysis/hb/clock/hb.go:74 +0x34
advocate/analysis/analysis/scenarios.buildResidualGraph({0x18e0d5080000, 0x186a2, 0x18e0c4ab2b68?}, {0x18e0d524c000, 0x186a2, 0x1?})
	/home/advocate/Advocate/Experiments/Advocate/advocate/analysis/analysis/scenarios/graph.go:60 +0x49f
advocate/analysis/analysis/scenarios.CheckForUnlockBeforeLock()
	/home/advocate/Advocate/Experiments/Advocate/advocate/analysis/analysis/scenarios/unlockBeforeLock.go:75 +0x2b5
advocate/analysis/analysis.RunHBAnalysis(0x1)
	/home/advocate/Advocate/Experiments/Advocate/advocate/analysis/analysis/analysis.go:262 +0xc9b
advocate/analysis/analysis.RunAnalysis(0x1)
	/home/advocate/Advocate/Experiments/Advocate/advocate/analysis/analysis/analysis.go:63 +0x105
advocate/toolchain.runAnalyzer({0x18e0bd1ec400, 0x7a}, {0x18e0bd1f0630?, 0x6c?}, {0x18e0bd1ec480, 0x80}, {0x18e0bd1ec500, 0x7b}, 0x0, {0x18e0bd1c3560, ...}, ...)
	/home/advocate/Advocate/Experiments/Advocate/advocate/toolchain/analyzer.go:78 +0x43b
advocate/toolchain.unitTestAnalyzer({0x18e0bd1ee5b0, 0x6c}, {0x760f26?, 0x18e0bacb0068?}, 0x0, {0x18e0bd1c3560, 0x84}, {0x18e0bd1f4c02, 0x13})
	/home/advocate/Advocate/Experiments/Advocate/advocate/toolchain/fullWorkflowUnit.go:619 +0x25c
advocate/toolchain.unitTestFullWorkflow({0x18e0bae00000?, 0x2c}, {0x7ffc390320ff, 0x52}, 0x1, 0x1, 0x1, {0x18e0bd1f4c02, 0x13}, {0x18e0bd086ce0, ...}, ...)
	/home/advocate/Advocate/Experiments/Advocate/advocate/toolchain/fullWorkflowUnit.go:479 +0x625
advocate/toolchain.runWorkflowUnit({0x7ffc390320ff, 0x52}, 0x1, 0x1, 0x1, {0x18e0baf2d950, 0x84}, 0x0, {0x0, 0x0}, ...)
	/home/advocate/Advocate/Experiments/Advocate/advocate/toolchain/fullWorkflowUnit.go:171 +0x1190
advocate/toolchain.Run({0x75dd74, 0x4}, {0x18e0baf2d950, 0x84}, 0x1, 0x1, 0x1, 0x0, {0x0, 0x0}, ...)
	/home/advocate/Advocate/Experiments/Advocate/advocate/toolchain/toolchain.go:72 +0x389
advocate/fuzzing.runFuzzing({0x18e0baf2d950, 0x84}, 0x0, 0x31, 0x1)
	/home/advocate/Advocate/Experiments/Advocate/advocate/fuzzing/fuzzing.go:217 +0x57b
advocate/fuzzing.Fuzzing()
	/home/advocate/Advocate/Experiments/Advocate/advocate/fuzzing/fuzzing.go:135 +0xea5
advocate/run.modeFuzzing()
	/home/advocate/Advocate/Experiments/Advocate/advocate/run/modes.go:34 +0x5e
advocate/run.Run()
	/home/advocate/Advocate/Experiments/Advocate/advocate/run/run.go:100 +0x5b5
main.main()
	/home/advocate/Advocate/Experiments/Advocate/advocate/main.go:28 +0x1c
2026/06/05 16:28:07 [31mNot enough RAM[0m
2026/06/05 16:28:07 goroutine 17 [running]:
advocate/utils/control.printAllGoroutines()
	/home/advocate/Advocate/Experiments/Advocate/advocate/utils/control/utils.go:20 +0x3d
advocate/utils/control.cancelRAM(0x77cd50, 0x77cd48, 0x77cd58)
	/home/advocate/Advocate/Experiments/Advocate/advocate/utils/control/memory.go:109 +0x6e
advocate/utils/control.Supervisor(0x77cd50, 0x77cd48, 0x77cd58)
	/home/advocate/Advocate/Experiments/Advocate/advocate/utils/control/memory.go:79 +0x12f
created by advocate/run.Run in goroutine 1
	/home/advocate/Advocate/Experiments/Advocate/advocate/run/run.go:63 +0x26f

goroutine 1 [runnable]:
advocate/analysis/hb/clock.(*VectorClock).GetValue(...)
	/home/advocate/Advocate/Experiments/Advocate/advocate/analysis/hb/clock/vc.go:97
advocate/analysis/hb/clock.happensBefore(0x18e0c8437460, 0x18e0cd1543f0)
	/home/advocate/Advocate/Experiments/Advocate/advocate/analysis/hb/clock/hb.go:29 +0xe6
advocate/analysis/hb/clock.GetHappensBefore(0x18e0cd1543f0, 0x18e0c8437460)
	/home/advocate/Advocate/Experiments/Advocate/advocate/analysis/hb/clock/hb.go:77 +0x47
advocate/analysis/analysis/scenarios.buildResidualGraph({0x18e0d5080000, 0x186a2, 0x18e0c4ab2b68?}, {0x18e0d524c000, 0x186a2, 0x1?})
	/home/advocate/Advocate/Experiments/Advocate/advocate/analysis/analysis/scenarios/graph.go:60 +0x49f
advocate/analysis/analysis/scenarios.CheckForUnlockBeforeLock()
	/home/advocate/Advocate/Experiments/Advocate/advocate/analysis/analysis/scenarios/unlockBeforeLock.go:75 +0x2b5
advocate/analysis/analysis.RunHBAnalysis(0x1)
	/home/advocate/Advocate/Experiments/Advocate/advocate/analysis/analysis/analysis.go:262 +0xc9b
advocate/analysis/analysis.RunAnalysis(0x1)
	/home/advocate/Advocate/Experiments/Advocate/advocate/analysis/analysis/analysis.go:63 +0x105
advocate/toolchain.runAnalyzer({0x18e0bd1ec400, 0x7a}, {0x18e0bd1f0630?, 0x6c?}, {0x18e0bd1ec480, 0x80}, {0x18e0bd1ec500, 0x7b}, 0x0, {0x18e0bd1c3560, ...}, ...)
	/home/advocate/Advocate/Experiments/Advocate/advocate/toolchain/analyzer.go:78 +0x43b
advocate/toolchain.unitTestAnalyzer({0x18e0bd1ee5b0, 0x6c}, {0x760f26?, 0x18e0bacb0068?}, 0x0, {0x18e0bd1c3560, 0x84}, {0x18e0bd1f4c02, 0x13})
	/home/advocate/Advocate/Experiments/Advocate/advocate/toolchain/fullWorkflowUnit.go:619 +0x25c
advocate/toolchain.unitTestFullWorkflow({0x18e0bae00000?, 0x2c}, {0x7ffc390320ff, 0x52}, 0x1, 0x1, 0x1, {0x18e0bd1f4c02, 0x13}, {0x18e0bd086ce0, ...}, ...)
	/home/advocate/Advocate/Experiments/Advocate/advocate/toolchain/fullWorkflowUnit.go:479 +0x625
advocate/toolchain.runWorkflowUnit({0x7ffc390320ff, 0x52}, 0x1, 0x1, 0x1, {0x18e0baf2d950, 0x84}, 0x0, {0x0, 0x0}, ...)
	/home/advocate/Advocate/Experiments/Advocate/advocate/toolchain/fullWorkflowUnit.go:171 +0x1190
advocate/toolchain.Run({0x75dd74, 0x4}, {0x18e0baf2d950, 0x84}, 0x1, 0x1, 0x1, 0x0, {0x0, 0x0}, ...)
	/home/advocate/Advocate/Experiments/Advocate/advocate/toolchain/toolchain.go:72 +0x389
advocate/fuzzing.runFuzzing({0x18e0baf2d950, 0x84}, 0x0, 0x31, 0x1)
	/home/advocate/Advocate/Experiments/Advocate/advocate/fuzzing/fuzzing.go:217 +0x57b
advocate/fuzzing.Fuzzing()
	/home/advocate/Advocate/Experiments/Advocate/advocate/fuzzing/fuzzing.go:135 +0xea5
advocate/run.modeFuzzing()
	/home/advocate/Advocate/Experiments/Advocate/advocate/run/modes.go:34 +0x5e
advocate/run.Run()
	/home/advocate/Advocate/Experiments/Advocate/advocate/run/run.go:100 +0x5b5
main.main()
	/home/advocate/Advocate/Experiments/Advocate/advocate/main.go:28 +0x1c
2026/06/05 16:28:14 [31mNot enough RAM[0m
2026/06/05 16:28:14 goroutine 17 [running]:
advocate/utils/control.printAllGoroutines()
	/home/advocate/Advocate/Experiments/Advocate/advocate/utils/control/utils.go:20 +0x3d
advocate/utils/control.cancelRAM(0x77cd50, 0x77cd48, 0x77cd58)
	/home/advocate/Advocate/Experiments/Advocate/advocate/utils/control/memory.go:109 +0x6e
advocate/utils/control.Supervisor(0x77cd50, 0x77cd48, 0x77cd58)
	/home/advocate/Advocate/Experiments/Advocate/advocate/utils/control/memory.go:79 +0x12f
created by advocate/run.Run in goroutine 1
	/home/advocate/Advocate/Experiments/Advocate/advocate/run/run.go:63 +0x26f

goroutine 1 [runnable]:
advocate/analysis/hb/clock.(*VectorClock).GetValue(...)
	/home/advocate/Advocate/Experiments/Advocate/advocate/analysis/hb/clock/vc.go:97
advocate/analysis/hb/clock.happensBefore(0x18e0c856bb00, 0x18e0c84c5910)
	/home/advocate/Advocate/Experiments/Advocate/advocate/analysis/hb/clock/hb.go:27 +0x96
advocate/analysis/hb/clock.GetHappensBefore(0x18e0c856bb00, 0x18e0c84c5910)
	/home/advocate/Advocate/Experiments/Advocate/advocate/analysis/hb/clock/hb.go:74 +0x34
advocate/analysis/analysis/scenarios.buildResidualGraph({0x18e0d5080000, 0x186a2, 0x18e0c4ab2b68?}, {0x18e0d524c000, 0x186a2, 0x1?})
	/home/advocate/Advocate/Experiments/Advocate/advocate/analysis/analysis/scenarios/graph.go:60 +0x49f
advocate/analysis/analysis/scenarios.CheckForUnlockBeforeLock()
	/home/advocate/Advocate/Experiments/Advocate/advocate/analysis/analysis/scenarios/unlockBeforeLock.go:75 +0x2b5
advocate/analysis/analysis.RunHBAnalysis(0x1)
	/home/advocate/Advocate/Experiments/Advocate/advocate/analysis/analysis/analysis.go:262 +0xc9b
advocate/analysis/analysis.RunAnalysis(0x1)
	/home/advocate/Advocate/Experiments/Advocate/advocate/analysis/analysis/analysis.go:63 +0x105
advocate/toolchain.runAnalyzer({0x18e0bd1ec400, 0x7a}, {0x18e0bd1f0630?, 0x6c?}, {0x18e0bd1ec480, 0x80}, {0x18e0bd1ec500, 0x7b}, 0x0, {0x18e0bd1c3560, ...}, ...)
	/home/advocate/Advocate/Experiments/Advocate/advocate/toolchain/analyzer.go:78 +0x43b
advocate/toolchain.unitTestAnalyzer({0x18e0bd1ee5b0, 0x6c}, {0x760f26?, 0x18e0bacb0068?}, 0x0, {0x18e0bd1c3560, 0x84}, {0x18e0bd1f4c02, 0x13})
	/home/advocate/Advocate/Experiments/Advocate/advocate/toolchain/fullWorkflowUnit.go:619 +0x25c
advocate/toolchain.unitTestFullWorkflow({0x18e0bae00000?, 0x2c}, {0x7ffc390320ff, 0x52}, 0x1, 0x1, 0x1, {0x18e0bd1f4c02, 0x13}, {0x18e0bd086ce0, ...}, ...)
	/home/advocate/Advocate/Experiments/Advocate/advocate/toolchain/fullWorkflowUnit.go:479 +0x625
advocate/toolchain.runWorkflowUnit({0x7ffc390320ff, 0x52}, 0x1, 0x1, 0x1, {0x18e0baf2d950, 0x84}, 0x0, {0x0, 0x0}, ...)
	/home/advocate/Advocate/Experiments/Advocate/advocate/toolchain/fullWorkflowUnit.go:171 +0x1190
advocate/toolchain.Run({0x75dd74, 0x4}, {0x18e0baf2d950, 0x84}, 0x1, 0x1, 0x1, 0x0, {0x0, 0x0}, ...)
	/home/advocate/Advocate/Experiments/Advocate/advocate/toolchain/toolchain.go:72 +0x389
advocate/fuzzing.runFuzzing({0x18e0baf2d950, 0x84}, 0x0, 0x31, 0x1)
	/home/advocate/Advocate/Experiments/Advocate/advocate/fuzzing/fuzzing.go:217 +0x57b
advocate/fuzzing.Fuzzing()
	/home/advocate/Advocate/Experiments/Advocate/advocate/fuzzing/fuzzing.go:135 +0xea5
advocate/run.modeFuzzing()
	/home/advocate/Advocate/Experiments/Advocate/advocate/run/modes.go:34 +0x5e
advocate/run.Run()
	/home/advocate/Advocate/Experiments/Advocate/advocate/run/run.go:100 +0x5b5
main.main()
	/home/advocate/Advocate/Experiments/Advocate/advocate/main.go:28 +0x1c
2026/06/05 16:28:21 [31mNot enough RAM[0m
2026/06/05 16:28:21 goroutine 17 [running]:
advocate/utils/control.printAllGoroutines()
	/home/advocate/Advocate/Experiments/Advocate/advocate/utils/control/utils.go:20 +0x3d
advocate/utils/control.cancelRAM(0x77cd50, 0x77cd48, 0x77cd58)
	/home/advocate/Advocate/Experiments/Advocate/advocate/utils/control/memory.go:109 +0x6e
advocate/utils/control.Supervisor(0x77cd50, 0x77cd48, 0x77cd58)
	/home/advocate/Advocate/Experiments/Advocate/advocate/utils/control/memory.go:79 +0x12f
created by advocate/run.Run in goroutine 1
	/home/advocate/Advocate/Experiments/Advocate/advocate/run/run.go:63 +0x26f

goroutine 1 [runnable]:
advocate/analysis/hb/clock.(*VectorClock).GetValue(...)
	/home/advocate/Advocate/Experiments/Advocate/advocate/analysis/hb/clock/vc.go:97
advocate/analysis/hb/clock.happensBefore(0x18e0c85cda00, 0x18e0cd828750)
	/home/advocate/Advocate/Experiments/Advocate/advocate/analysis/hb/clock/hb.go:27 +0x96
advocate/analysis/hb/clock.GetHappensBefore(0x18e0cd828750, 0x18e0c85cda00)
	/home/advocate/Advocate/Experiments/Advocate/advocate/analysis/hb/clock/hb.go:77 +0x47
advocate/analysis/analysis/scenarios.buildResidualGraph({0x18e0d5080000, 0x186a2, 0x18e0c4ab2b68?}, {0x18e0d524c000, 0x186a2, 0x1?})
	/home/advocate/Advocate/Experiments/Advocate/advocate/analysis/analysis/scenarios/graph.go:60 +0x49f
advocate/analysis/analysis/scenarios.CheckForUnlockBeforeLock()
	/home/advocate/Advocate/Experiments/Advocate/advocate/analysis/analysis/scenarios/unlockBeforeLock.go:75 +0x2b5
advocate/analysis/analysis.RunHBAnalysis(0x1)
	/home/advocate/Advocate/Experiments/Advocate/advocate/analysis/analysis/analysis.go:262 +0xc9b
advocate/analysis/analysis.RunAnalysis(0x1)
	/home/advocate/Advocate/Experiments/Advocate/advocate/analysis/analysis/analysis.go:63 +0x105
advocate/toolchain.runAnalyzer({0x18e0bd1ec400, 0x7a}, {0x18e0bd1f0630?, 0x6c?}, {0x18e0bd1ec480, 0x80}, {0x18e0bd1ec500, 0x7b}, 0x0, {0x18e0bd1c3560, ...}, ...)
	/home/advocate/Advocate/Experiments/Advocate/advocate/toolchain/analyzer.go:78 +0x43b
advocate/toolchain.unitTestAnalyzer({0x18e0bd1ee5b0, 0x6c}, {0x760f26?, 0x18e0bacb0068?}, 0x0, {0x18e0bd1c3560, 0x84}, {0x18e0bd1f4c02, 0x13})
	/home/advocate/Advocate/Experiments/Advocate/advocate/toolchain/fullWorkflowUnit.go:619 +0x25c
advocate/toolchain.unitTestFullWorkflow({0x18e0bae00000?, 0x2c}, {0x7ffc390320ff, 0x52}, 0x1, 0x1, 0x1, {0x18e0bd1f4c02, 0x13}, {0x18e0bd086ce0, ...}, ...)
	/home/advocate/Advocate/Experiments/Advocate/advocate/toolchain/fullWorkflowUnit.go:479 +0x625
advocate/toolchain.runWorkflowUnit({0x7ffc390320ff, 0x52}, 0x1, 0x1, 0x1, {0x18e0baf2d950, 0x84}, 0x0, {0x0, 0x0}, ...)
	/home/advocate/Advocate/Experiments/Advocate/advocate/toolchain/fullWorkflowUnit.go:171 +0x1190
advocate/toolchain.Run({0x75dd74, 0x4}, {0x18e0baf2d950, 0x84}, 0x1, 0x1, 0x1, 0x0, {0x0, 0x0}, ...)
	/home/advocate/Advocate/Experiments/Advocate/advocate/toolchain/toolchain.go:72 +0x389
advocate/fuzzing.runFuzzing({0x18e0baf2d950, 0x84}, 0x0, 0x31, 0x1)
	/home/advocate/Advocate/Experiments/Advocate/advocate/fuzzing/fuzzing.go:217 +0x57b
advocate/fuzzing.Fuzzing()
	/home/advocate/Advocate/Experiments/Advocate/advocate/fuzzing/fuzzing.go:135 +0xea5
advocate/run.modeFuzzing()
	/home/advocate/Advocate/Experiments/Advocate/advocate/run/modes.go:34 +0x5e
advocate/run.Run()
	/home/advocate/Advocate/Experiments/Advocate/advocate/run/run.go:100 +0x5b5
main.main()
	/home/advocate/Advocate/Experiments/Advocate/advocate/main.go:28 +0x1c
2026/06/05 16:28:28 [31mNot enough RAM[0m
2026/06/05 16:28:28 goroutine 17 [running]:
advocate/utils/control.printAllGoroutines()
	/home/advocate/Advocate/Experiments/Advocate/advocate/utils/control/utils.go:20 +0x3d
advocate/utils/control.cancelRAM(0x77cd50, 0x77cd48, 0x77cd58)
	/home/advocate/Advocate/Experiments/Advocate/advocate/utils/control/memory.go:109 +0x6e
advocate/utils/control.Supervisor(0x77cd50, 0x77cd48, 0x77cd58)
	/home/advocate/Advocate/Experiments/Advocate/advocate/utils/control/memory.go:79 +0x12f
created by advocate/run.Run in goroutine 1
	/home/advocate/Advocate/Experiments/Advocate/advocate/run/run.go:63 +0x26f

goroutine 1 [runnable]:
advocate/analysis/hb/clock.(*VectorClock).GetValue(...)
	/home/advocate/Advocate/Experiments/Advocate/advocate/analysis/hb/clock/vc.go:97
advocate/analysis/hb/clock.happensBefore(0x18e0c8687da0, 0x18e0cd547710)
	/home/advocate/Advocate/Experiments/Advocate/advocate/analysis/hb/clock/hb.go:29 +0x130
advocate/analysis/hb/clock.GetHappensBefore(0x18e0cd547710, 0x18e0c8687da0)
	/home/advocate/Advocate/Experiments/Advocate/advocate/analysis/hb/clock/hb.go:77 +0x47
advocate/analysis/analysis/scenarios.buildResidualGraph({0x18e0d5080000, 0x186a2, 0x18e0c4ab2b68?}, {0x18e0d524c000, 0x186a2, 0x1?})
	/home/advocate/Advocate/Experiments/Advocate/advocate/analysis/analysis/scenarios/graph.go:60 +0x49f
advocate/analysis/analysis/scenarios.CheckForUnlockBeforeLock()
	/home/advocate/Advocate/Experiments/Advocate/advocate/analysis/analysis/scenarios/unlockBeforeLock.go:75 +0x2b5
advocate/analysis/analysis.RunHBAnalysis(0x1)
	/home/advocate/Advocate/Experiments/Advocate/advocate/analysis/analysis/analysis.go:262 +0xc9b
advocate/analysis/analysis.RunAnalysis(0x1)
	/home/advocate/Advocate/Experiments/Advocate/advocate/analysis/analysis/analysis.go:63 +0x105
advocate/toolchain.runAnalyzer({0x18e0bd1ec400, 0x7a}, {0x18e0bd1f0630?, 0x6c?}, {0x18e0bd1ec480, 0x80}, {0x18e0bd1ec500, 0x7b}, 0x0, {0x18e0bd1c3560, ...}, ...)
	/home/advocate/Advocate/Experiments/Advocate/advocate/toolchain/analyzer.go:78 +0x43b
advocate/toolchain.unitTestAnalyzer({0x18e0bd1ee5b0, 0x6c}, {0x760f26?, 0x18e0bacb0068?}, 0x0, {0x18e0bd1c3560, 0x84}, {0x18e0bd1f4c02, 0x13})
	/home/advocate/Advocate/Experiments/Advocate/advocate/toolchain/fullWorkflowUnit.go:619 +0x25c
advocate/toolchain.unitTestFullWorkflow({0x18e0bae00000?, 0x2c}, {0x7ffc390320ff, 0x52}, 0x1, 0x1, 0x1, {0x18e0bd1f4c02, 0x13}, {0x18e0bd086ce0, ...}, ...)
	/home/advocate/Advocate/Experiments/Advocate/advocate/toolchain/fullWorkflowUnit.go:479 +0x625
advocate/toolchain.runWorkflowUnit({0x7ffc390320ff, 0x52}, 0x1, 0x1, 0x1, {0x18e0baf2d950, 0x84}, 0x0, {0x0, 0x0}, ...)
	/home/advocate/Advocate/Experiments/Advocate/advocate/toolchain/fullWorkflowUnit.go:171 +0x1190
advocate/toolchain.Run({0x75dd74, 0x4}, {0x18e0baf2d950, 0x84}, 0x1, 0x1, 0x1, 0x0, {0x0, 0x0}, ...)
	/home/advocate/Advocate/Experiments/Advocate/advocate/toolchain/toolchain.go:72 +0x389
advocate/fuzzing.runFuzzing({0x18e0baf2d950, 0x84}, 0x0, 0x31, 0x1)
	/home/advocate/Advocate/Experiments/Advocate/advocate/fuzzing/fuzzing.go:217 +0x57b
advocate/fuzzing.Fuzzing()
	/home/advocate/Advocate/Experiments/Advocate/advocate/fuzzing/fuzzing.go:135 +0xea5
advocate/run.modeFuzzing()
	/home/advocate/Advocate/Experiments/Advocate/advocate/run/modes.go:34 +0x5e
advocate/run.Run()
	/home/advocate/Advocate/Experiments/Advocate/advocate/run/run.go:100 +0x5b5
main.main()
	/home/advocate/Advocate/Experiments/Advocate/advocate/main.go:28 +0x1c
2026/06/05 16:28:35 [31mNot enough RAM[0m
2026/06/05 16:28:35 goroutine 17 [running]:
advocate/utils/control.printAllGoroutines()
	/home/advocate/Advocate/Experiments/Advocate/advocate/utils/control/utils.go:20 +0x3d
advocate/utils/control.cancelRAM(0x77cd50, 0x77cd48, 0x77cd58)
	/home/advocate/Advocate/Experiments/Advocate/advocate/utils/control/memory.go:109 +0x6e
advocate/utils/control.Supervisor(0x77cd50, 0x77cd48, 0x77cd58)
	/home/advocate/Advocate/Experiments/Advocate/advocate/utils/control/memory.go:79 +0x12f
created by advocate/run.Run in goroutine 1
	/home/advocate/Advocate/Experiments/Advocate/advocate/run/run.go:63 +0x26f

goroutine 1 [runnable]:
advocate/analysis/hb/clock.(*VectorClock).GetValue(...)
	/home/advocate/Advocate/Experiments/Advocate/advocate/analysis/hb/clock/vc.go:97
advocate/analysis/hb/clock.happensBefore(0x18e0d43dfa20, 0x18e0c873d820)
	/home/advocate/Advocate/Experiments/Advocate/advocate/analysis/hb/clock/hb.go:27 +0x96
advocate/analysis/hb/clock.GetHappensBefore(0x18e0d43dfa20, 0x18e0c873d820)
	/home/advocate/Advocate/Experiments/Advocate/advocate/analysis/hb/clock/hb.go:74 +0x34
advocate/analysis/analysis/scenarios.buildResidualGraph({0x18e0d5080000, 0x186a2, 0x18e0c4ab2b68?}, {0x18e0d524c000, 0x186a2, 0x1?})
	/home/advocate/Advocate/Experiments/Advocate/advocate/analysis/analysis/scenarios/graph.go:60 +0x49f
advocate/analysis/analysis/scenarios.CheckForUnlockBeforeLock()
	/home/advocate/Advocate/Experiments/Advocate/advocate/analysis/analysis/scenarios/unlockBeforeLock.go:75 +0x2b5
advocate/analysis/analysis.RunHBAnalysis(0x1)
	/home/advocate/Advocate/Experiments/Advocate/advocate/analysis/analysis/analysis.go:262 +0xc9b
advocate/analysis/analysis.RunAnalysis(0x1)
	/home/advocate/Advocate/Experiments/Advocate/advocate/analysis/analysis/analysis.go:63 +0x105
advocate/toolchain.runAnalyzer({0x18e0bd1ec400, 0x7a}, {0x18e0bd1f0630?, 0x6c?}, {0x18e0bd1ec480, 0x80}, {0x18e0bd1ec500, 0x7b}, 0x0, {0x18e0bd1c3560, ...}, ...)
	/home/advocate/Advocate/Experiments/Advocate/advocate/toolchain/analyzer.go:78 +0x43b
advocate/toolchain.unitTestAnalyzer({0x18e0bd1ee5b0, 0x6c}, {0x760f26?, 0x18e0bacb0068?}, 0x0, {0x18e0bd1c3560, 0x84}, {0x18e0bd1f4c02, 0x13})
	/home/advocate/Advocate/Experiments/Advocate/advocate/toolchain/fullWorkflowUnit.go:619 +0x25c
advocate/toolchain.unitTestFullWorkflow({0x18e0bae00000?, 0x2c}, {0x7ffc390320ff, 0x52}, 0x1, 0x1, 0x1, {0x18e0bd1f4c02, 0x13}, {0x18e0bd086ce0, ...}, ...)
	/home/advocate/Advocate/Experiments/Advocate/advocate/toolchain/fullWorkflowUnit.go:479 +0x625
advocate/toolchain.runWorkflowUnit({0x7ffc390320ff, 0x52}, 0x1, 0x1, 0x1, {0x18e0baf2d950, 0x84}, 0x0, {0x0, 0x0}, ...)
	/home/advocate/Advocate/Experiments/Advocate/advocate/toolchain/fullWorkflowUnit.go:171 +0x1190
advocate/toolchain.Run({0x75dd74, 0x4}, {0x18e0baf2d950, 0x84}, 0x1, 0x1, 0x1, 0x0, {0x0, 0x0}, ...)
	/home/advocate/Advocate/Experiments/Advocate/advocate/toolchain/toolchain.go:72 +0x389
advocate/fuzzing.runFuzzing({0x18e0baf2d950, 0x84}, 0x0, 0x31, 0x1)
	/home/advocate/Advocate/Experiments/Advocate/advocate/fuzzing/fuzzing.go:217 +0x57b
advocate/fuzzing.Fuzzing()
	/home/advocate/Advocate/Experiments/Advocate/advocate/fuzzing/fuzzing.go:135 +0xea5
advocate/run.modeFuzzing()
	/home/advocate/Advocate/Experiments/Advocate/advocate/run/modes.go:34 +0x5e
advocate/run.Run()
	/home/advocate/Advocate/Experiments/Advocate/advocate/run/run.go:100 +0x5b5
main.main()
	/home/advocate/Advocate/Experiments/Advocate/advocate/main.go:28 +0x1c
2026/06/05 16:28:42 [31mNot enough RAM[0m
2026/06/05 16:28:42 goroutine 17 [running]:
advocate/utils/control.printAllGoroutines()
	/home/advocate/Advocate/Experiments/Advocate/advocate/utils/control/utils.go:20 +0x3d
advocate/utils/control.cancelRAM(0x77cd50, 0x77cd48, 0x77cd58)
	/home/advocate/Advocate/Experiments/Advocate/advocate/utils/control/memory.go:109 +0x6e
advocate/utils/control.Supervisor(0x77cd50, 0x77cd48, 0x77cd58)
	/home/advocate/Advocate/Experiments/Advocate/advocate/utils/control/memory.go:79 +0x12f
created by advocate/run.Run in goroutine 1
	/home/advocate/Advocate/Experiments/Advocate/advocate/run/run.go:63 +0x26f

goroutine 1 [runnable]:
advocate/analysis/hb/clock.(*VectorClock).GetValue(...)
	/home/advocate/Advocate/Experiments/Advocate/advocate/analysis/hb/clock/vc.go:97
advocate/analysis/hb/clock.happensBefore(0x18e0d02c6a40, 0x18e0c8847170)
	/home/advocate/Advocate/Experiments/Advocate/advocate/analysis/hb/clock/hb.go:27 +0x96
advocate/analysis/hb/clock.GetHappensBefore(0x18e0d02c6a40, 0x18e0c8847170)
	/home/advocate/Advocate/Experiments/Advocate/advocate/analysis/hb/clock/hb.go:74 +0x34
advocate/analysis/analysis/scenarios.buildResidualGraph({0x18e0d5080000, 0x186a2, 0x18e0c4ab2b68?}, {0x18e0d524c000, 0x186a2, 0x1?})
	/home/advocate/Advocate/Experiments/Advocate/advocate/analysis/analysis/scenarios/graph.go:60 +0x49f
advocate/analysis/analysis/scenarios.CheckForUnlockBeforeLock()
	/home/advocate/Advocate/Experiments/Advocate/advocate/analysis/analysis/scenarios/unlockBeforeLock.go:75 +0x2b5
advocate/analysis/analysis.RunHBAnalysis(0x1)
	/home/advocate/Advocate/Experiments/Advocate/advocate/analysis/analysis/analysis.go:262 +0xc9b
advocate/analysis/analysis.RunAnalysis(0x1)
	/home/advocate/Advocate/Experiments/Advocate/advocate/analysis/analysis/analysis.go:63 +0x105
advocate/toolchain.runAnalyzer({0x18e0bd1ec400, 0x7a}, {0x18e0bd1f0630?, 0x6c?}, {0x18e0bd1ec480, 0x80}, {0x18e0bd1ec500, 0x7b}, 0x0, {0x18e0bd1c3560, ...}, ...)
	/home/advocate/Advocate/Experiments/Advocate/advocate/toolchain/analyzer.go:78 +0x43b
advocate/toolchain.unitTestAnalyzer({0x18e0bd1ee5b0, 0x6c}, {0x760f26?, 0x18e0bacb0068?}, 0x0, {0x18e0bd1c3560, 0x84}, {0x18e0bd1f4c02, 0x13})
	/home/advocate/Advocate/Experiments/Advocate/advocate/toolchain/fullWorkflowUnit.go:619 +0x25c
advocate/toolchain.unitTestFullWorkflow({0x18e0bae00000?, 0x2c}, {0x7ffc390320ff, 0x52}, 0x1, 0x1, 0x1, {0x18e0bd1f4c02, 0x13}, {0x18e0bd086ce0, ...}, ...)
	/home/advocate/Advocate/Experiments/Advocate/advocate/toolchain/fullWorkflowUnit.go:479 +0x625
advocate/toolchain.runWorkflowUnit({0x7ffc390320ff, 0x52}, 0x1, 0x1, 0x1, {0x18e0baf2d950, 0x84}, 0x0, {0x0, 0x0}, ...)
	/home/advocate/Advocate/Experiments/Advocate/advocate/toolchain/fullWorkflowUnit.go:171 +0x1190
advocate/toolchain.Run({0x75dd74, 0x4}, {0x18e0baf2d950, 0x84}, 0x1, 0x1, 0x1, 0x0, {0x0, 0x0}, ...)
	/home/advocate/Advocate/Experiments/Advocate/advocate/toolchain/toolchain.go:72 +0x389
advocate/fuzzing.runFuzzing({0x18e0baf2d950, 0x84}, 0x0, 0x31, 0x1)
	/home/advocate/Advocate/Experiments/Advocate/advocate/fuzzing/fuzzing.go:217 +0x57b
advocate/fuzzing.Fuzzing()
	/home/advocate/Advocate/Experiments/Advocate/advocate/fuzzing/fuzzing.go:135 +0xea5
advocate/run.modeFuzzing()
	/home/advocate/Advocate/Experiments/Advocate/advocate/run/modes.go:34 +0x5e
advocate/run.Run()
	/home/advocate/Advocate/Experiments/Advocate/advocate/run/run.go:100 +0x5b5
main.main()
	/home/advocate/Advocate/Experiments/Advocate/advocate/main.go:28 +0x1c
2026/06/05 16:28:49 [31mNot enough RAM[0m
2026/06/05 16:28:49 goroutine 17 [running]:
advocate/utils/control.printAllGoroutines()
	/home/advocate/Advocate/Experiments/Advocate/advocate/utils/control/utils.go:20 +0x3d
advocate/utils/control.cancelRAM(0x77cd50, 0x77cd48, 0x77cd58)
	/home/advocate/Advocate/Experiments/Advocate/advocate/utils/control/memory.go:109 +0x6e
advocate/utils/control.Supervisor(0x77cd50, 0x77cd48, 0x77cd58)
	/home/advocate/Advocate/Experiments/Advocate/advocate/utils/control/memory.go:79 +0x12f
created by advocate/run.Run in goroutine 1
	/home/advocate/Advocate/Experiments/Advocate/advocate/run/run.go:63 +0x26f

goroutine 1 [runnable]:
advocate/analysis/hb/clock.(*VectorClock).GetValue(...)
	/home/advocate/Advocate/Experiments/Advocate/advocate/analysis/hb/clock/vc.go:97
advocate/analysis/hb/clock.happensBefore(0x18e0c89118f0, 0x18e0cff52cb0)
	/home/advocate/Advocate/Experiments/Advocate/advocate/analysis/hb/clock/hb.go:27 +0x65
advocate/analysis/hb/clock.GetHappensBefore(0x18e0cff52cb0, 0x18e0c89118f0)
	/home/advocate/Advocate/Experiments/Advocate/advocate/analysis/hb/clock/hb.go:77 +0x47
advocate/analysis/analysis/scenarios.buildResidualGraph({0x18e0d5080000, 0x186a2, 0x18e0c4ab2b68?}, {0x18e0d524c000, 0x186a2, 0x1?})
	/home/advocate/Advocate/Experiments/Advocate/advocate/analysis/analysis/scenarios/graph.go:60 +0x49f
advocate/analysis/analysis/scenarios.CheckForUnlockBeforeLock()
	/home/advocate/Advocate/Experiments/Advocate/advocate/analysis/analysis/scenarios/unlockBeforeLock.go:75 +0x2b5
advocate/analysis/analysis.RunHBAnalysis(0x1)
	/home/advocate/Advocate/Experiments/Advocate/advocate/analysis/analysis/analysis.go:262 +0xc9b
advocate/analysis/analysis.RunAnalysis(0x1)
	/home/advocate/Advocate/Experiments/Advocate/advocate/analysis/analysis/analysis.go:63 +0x105
advocate/toolchain.runAnalyzer({0x18e0bd1ec400, 0x7a}, {0x18e0bd1f0630?, 0x6c?}, {0x18e0bd1ec480, 0x80}, {0x18e0bd1ec500, 0x7b}, 0x0, {0x18e0bd1c3560, ...}, ...)
	/home/advocate/Advocate/Experiments/Advocate/advocate/toolchain/analyzer.go:78 +0x43b
advocate/toolchain.unitTestAnalyzer({0x18e0bd1ee5b0, 0x6c}, {0x760f26?, 0x18e0bacb0068?}, 0x0, {0x18e0bd1c3560, 0x84}, {0x18e0bd1f4c02, 0x13})
	/home/advocate/Advocate/Experiments/Advocate/advocate/toolchain/fullWorkflowUnit.go:619 +0x25c
advocate/toolchain.unitTestFullWorkflow({0x18e0bae00000?, 0x2c}, {0x7ffc390320ff, 0x52}, 0x1, 0x1, 0x1, {0x18e0bd1f4c02, 0x13}, {0x18e0bd086ce0, ...}, ...)
	/home/advocate/Advocate/Experiments/Advocate/advocate/toolchain/fullWorkflowUnit.go:479 +0x625
advocate/toolchain.runWorkflowUnit({0x7ffc390320ff, 0x52}, 0x1, 0x1, 0x1, {0x18e0baf2d950, 0x84}, 0x0, {0x0, 0x0}, ...)
	/home/advocate/Advocate/Experiments/Advocate/advocate/toolchain/fullWorkflowUnit.go:171 +0x1190
advocate/toolchain.Run({0x75dd74, 0x4}, {0x18e0baf2d950, 0x84}, 0x1, 0x1, 0x1, 0x0, {0x0, 0x0}, ...)
	/home/advocate/Advocate/Experiments/Advocate/advocate/toolchain/toolchain.go:72 +0x389
advocate/fuzzing.runFuzzing({0x18e0baf2d950, 0x84}, 0x0, 0x31, 0x1)
	/home/advocate/Advocate/Experiments/Advocate/advocate/fuzzing/fuzzing.go:217 +0x57b
advocate/fuzzing.Fuzzing()
	/home/advocate/Advocate/Experiments/Advocate/advocate/fuzzing/fuzzing.go:135 +0xea5
advocate/run.modeFuzzing()
	/home/advocate/Advocate/Experiments/Advocate/advocate/run/modes.go:34 +0x5e
advocate/run.Run()
	/home/advocate/Advocate/Experiments/Advocate/advocate/run/run.go:100 +0x5b5
main.main()
	/home/advocate/Advocate/Experiments/Advocate/advocate/main.go:28 +0x1c
2026/06/05 16:28:56 [31mNot enough RAM[0m
2026/06/05 16:28:56 goroutine 17 [running]:
advocate/utils/control.printAllGoroutines()
	/home/advocate/Advocate/Experiments/Advocate/advocate/utils/control/utils.go:20 +0x3d
advocate/utils/control.cancelRAM(0x77cd50, 0x77cd48, 0x77cd58)
	/home/advocate/Advocate/Experiments/Advocate/advocate/utils/control/memory.go:109 +0x6e
advocate/utils/control.Supervisor(0x77cd50, 0x77cd48, 0x77cd58)
	/home/advocate/Advocate/Experiments/Advocate/advocate/utils/control/memory.go:79 +0x12f
created by advocate/run.Run in goroutine 1
	/home/advocate/Advocate/Experiments/Advocate/advocate/run/run.go:63 +0x26f

goroutine 1 [runnable]:
advocate/analysis/hb/clock.(*VectorClock).GetValue(...)
	/home/advocate/Advocate/Experiments/Advocate/advocate/analysis/hb/clock/vc.go:97
advocate/analysis/hb/clock.happensBefore(0x18e0c88598d0, 0x18e0c89dc980)
	/home/advocate/Advocate/Experiments/Advocate/advocate/analysis/hb/clock/hb.go:27 +0x96
advocate/analysis/hb/clock.GetHappensBefore(0x18e0c88598d0, 0x18e0c89dc980)
	/home/advocate/Advocate/Experiments/Advocate/advocate/analysis/hb/clock/hb.go:74 +0x34
advocate/analysis/analysis/scenarios.buildResidualGraph({0x18e0d5080000, 0x186a2, 0x18e0c4ab2b68?}, {0x18e0d524c000, 0x186a2, 0x1?})
	/home/advocate/Advocate/Experiments/Advocate/advocate/analysis/analysis/scenarios/graph.go:60 +0x49f
advocate/analysis/analysis/scenarios.CheckForUnlockBeforeLock()
	/home/advocate/Advocate/Experiments/Advocate/advocate/analysis/analysis/scenarios/unlockBeforeLock.go:75 +0x2b5
advocate/analysis/analysis.RunHBAnalysis(0x1)
	/home/advocate/Advocate/Experiments/Advocate/advocate/analysis/analysis/analysis.go:262 +0xc9b
advocate/analysis/analysis.RunAnalysis(0x1)
	/home/advocate/Advocate/Experiments/Advocate/advocate/analysis/analysis/analysis.go:63 +0x105
advocate/toolchain.runAnalyzer({0x18e0bd1ec400, 0x7a}, {0x18e0bd1f0630?, 0x6c?}, {0x18e0bd1ec480, 0x80}, {0x18e0bd1ec500, 0x7b}, 0x0, {0x18e0bd1c3560, ...}, ...)
	/home/advocate/Advocate/Experiments/Advocate/advocate/toolchain/analyzer.go:78 +0x43b
advocate/toolchain.unitTestAnalyzer({0x18e0bd1ee5b0, 0x6c}, {0x760f26?, 0x18e0bacb0068?}, 0x0, {0x18e0bd1c3560, 0x84}, {0x18e0bd1f4c02, 0x13})
	/home/advocate/Advocate/Experiments/Advocate/advocate/toolchain/fullWorkflowUnit.go:619 +0x25c
advocate/toolchain.unitTestFullWorkflow({0x18e0bae00000?, 0x2c}, {0x7ffc390320ff, 0x52}, 0x1, 0x1, 0x1, {0x18e0bd1f4c02, 0x13}, {0x18e0bd086ce0, ...}, ...)
	/home/advocate/Advocate/Experiments/Advocate/advocate/toolchain/fullWorkflowUnit.go:479 +0x625
advocate/toolchain.runWorkflowUnit({0x7ffc390320ff, 0x52}, 0x1, 0x1, 0x1, {0x18e0baf2d950, 0x84}, 0x0, {0x0, 0x0}, ...)
	/home/advocate/Advocate/Experiments/Advocate/advocate/toolchain/fullWorkflowUnit.go:171 +0x1190
advocate/toolchain.Run({0x75dd74, 0x4}, {0x18e0baf2d950, 0x84}, 0x1, 0x1, 0x1, 0x0, {0x0, 0x0}, ...)
	/home/advocate/Advocate/Experiments/Advocate/advocate/toolchain/toolchain.go:72 +0x389
advocate/fuzzing.runFuzzing({0x18e0baf2d950, 0x84}, 0x0, 0x31, 0x1)
	/home/advocate/Advocate/Experiments/Advocate/advocate/fuzzing/fuzzing.go:217 +0x57b
advocate/fuzzing.Fuzzing()
	/home/advocate/Advocate/Experiments/Advocate/advocate/fuzzing/fuzzing.go:135 +0xea5
advocate/run.modeFuzzing()
	/home/advocate/Advocate/Experiments/Advocate/advocate/run/modes.go:34 +0x5e
advocate/run.Run()
	/home/advocate/Advocate/Experiments/Advocate/advocate/run/run.go:100 +0x5b5
main.main()
	/home/advocate/Advocate/Experiments/Advocate/advocate/main.go:28 +0x1c
2026/06/05 16:29:04 [31mNot enough RAM[0m
2026/06/05 16:29:04 goroutine 17 [running]:
advocate/utils/control.printAllGoroutines()
	/home/advocate/Advocate/Experiments/Advocate/advocate/utils/control/utils.go:20 +0x3d
advocate/utils/control.cancelRAM(0x77cd50, 0x77cd48, 0x77cd58)
	/home/advocate/Advocate/Experiments/Advocate/advocate/utils/control/memory.go:109 +0x6e
advocate/utils/control.Supervisor(0x77cd50, 0x77cd48, 0x77cd58)
	/home/advocate/Advocate/Experiments/Advocate/advocate/utils/control/memory.go:79 +0x12f
created by advocate/run.Run in goroutine 1
	/home/advocate/Advocate/Experiments/Advocate/advocate/run/run.go:63 +0x26f

goroutine 1 [runnable]:
advocate/analysis/hb/clock.(*VectorClock).GetValue(...)
	/home/advocate/Advocate/Experiments/Advocate/advocate/analysis/hb/clock/vc.go:97
advocate/analysis/hb/clock.happensBefore(0x18e0c76e7ac0, 0x18e0c8aa84e0)
	/home/advocate/Advocate/Experiments/Advocate/advocate/analysis/hb/clock/hb.go:27 +0x96
advocate/analysis/hb/clock.GetHappensBefore(0x18e0c76e7ac0, 0x18e0c8aa84e0)
	/home/advocate/Advocate/Experiments/Advocate/advocate/analysis/hb/clock/hb.go:74 +0x34
advocate/analysis/analysis/scenarios.buildResidualGraph({0x18e0d5080000, 0x186a2, 0x18e0c4ab2b68?}, {0x18e0d524c000, 0x186a2, 0x1?})
	/home/advocate/Advocate/Experiments/Advocate/advocate/analysis/analysis/scenarios/graph.go:60 +0x49f
advocate/analysis/analysis/scenarios.CheckForUnlockBeforeLock()
	/home/advocate/Advocate/Experiments/Advocate/advocate/analysis/analysis/scenarios/unlockBeforeLock.go:75 +0x2b5
advocate/analysis/analysis.RunHBAnalysis(0x1)
	/home/advocate/Advocate/Experiments/Advocate/advocate/analysis/analysis/analysis.go:262 +0xc9b
advocate/analysis/analysis.RunAnalysis(0x1)
	/home/advocate/Advocate/Experiments/Advocate/advocate/analysis/analysis/analysis.go:63 +0x105
advocate/toolchain.runAnalyzer({0x18e0bd1ec400, 0x7a}, {0x18e0bd1f0630?, 0x6c?}, {0x18e0bd1ec480, 0x80}, {0x18e0bd1ec500, 0x7b}, 0x0, {0x18e0bd1c3560, ...}, ...)
	/home/advocate/Advocate/Experiments/Advocate/advocate/toolchain/analyzer.go:78 +0x43b
advocate/toolchain.unitTestAnalyzer({0x18e0bd1ee5b0, 0x6c}, {0x760f26?, 0x18e0bacb0068?}, 0x0, {0x18e0bd1c3560, 0x84}, {0x18e0bd1f4c02, 0x13})
	/home/advocate/Advocate/Experiments/Advocate/advocate/toolchain/fullWorkflowUnit.go:619 +0x25c
advocate/toolchain.unitTestFullWorkflow({0x18e0bae00000?, 0x2c}, {0x7ffc390320ff, 0x52}, 0x1, 0x1, 0x1, {0x18e0bd1f4c02, 0x13}, {0x18e0bd086ce0, ...}, ...)
	/home/advocate/Advocate/Experiments/Advocate/advocate/toolchain/fullWorkflowUnit.go:479 +0x625
advocate/toolchain.runWorkflowUnit({0x7ffc390320ff, 0x52}, 0x1, 0x1, 0x1, {0x18e0baf2d950, 0x84}, 0x0, {0x0, 0x0}, ...)
	/home/advocate/Advocate/Experiments/Advocate/advocate/toolchain/fullWorkflowUnit.go:171 +0x1190
advocate/toolchain.Run({0x75dd74, 0x4}, {0x18e0baf2d950, 0x84}, 0x1, 0x1, 0x1, 0x0, {0x0, 0x0}, ...)
	/home/advocate/Advocate/Experiments/Advocate/advocate/toolchain/toolchain.go:72 +0x389
advocate/fuzzing.runFuzzing({0x18e0baf2d950, 0x84}, 0x0, 0x31, 0x1)
	/home/advocate/Advocate/Experiments/Advocate/advocate/fuzzing/fuzzing.go:217 +0x57b
advocate/fuzzing.Fuzzing()
	/home/advocate/Advocate/Experiments/Advocate/advocate/fuzzing/fuzzing.go:135 +0xea5
advocate/run.modeFuzzing()
	/home/advocate/Advocate/Experiments/Advocate/advocate/run/modes.go:34 +0x5e
advocate/run.Run()
	/home/advocate/Advocate/Experiments/Advocate/advocate/run/run.go:100 +0x5b5
main.main()
	/home/advocate/Advocate/Experiments/Advocate/advocate/main.go:28 +0x1c
2026/06/05 16:29:11 [31mNot enough RAM[0m
2026/06/05 16:29:11 goroutine 17 [running]:
advocate/utils/control.printAllGoroutines()
	/home/advocate/Advocate/Experiments/Advocate/advocate/utils/control/utils.go:20 +0x3d
advocate/utils/control.cancelRAM(0x77cd50, 0x77cd48, 0x77cd58)
	/home/advocate/Advocate/Experiments/Advocate/advocate/utils/control/memory.go:109 +0x6e
advocate/utils/control.Supervisor(0x77cd50, 0x77cd48, 0x77cd58)
	/home/advocate/Advocate/Experiments/Advocate/advocate/utils/control/memory.go:79 +0x12f
created by advocate/run.Run in goroutine 1
	/home/advocate/Advocate/Experiments/Advocate/advocate/run/run.go:63 +0x26f

goroutine 1 [runnable]:
advocate/analysis/hb/clock.(*VectorClock).GetValue(...)
	/home/advocate/Advocate/Experiments/Advocate/advocate/analysis/hb/clock/vc.go:97
advocate/analysis/hb/clock.happensBefore(0x18e0c8b531b0, 0x18e0cb093250)
	/home/advocate/Advocate/Experiments/Advocate/advocate/analysis/hb/clock/hb.go:29 +0x130
advocate/analysis/hb/clock.GetHappensBefore(0x18e0cb093250, 0x18e0c8b531b0)
	/home/advocate/Advocate/Experiments/Advocate/advocate/analysis/hb/clock/hb.go:77 +0x47
advocate/analysis/analysis/scenarios.buildResidualGraph({0x18e0d5080000, 0x186a2, 0x18e0c4ab2b68?}, {0x18e0d524c000, 0x186a2, 0x1?})
	/home/advocate/Advocate/Experiments/Advocate/advocate/analysis/analysis/scenarios/graph.go:60 +0x49f
advocate/analysis/analysis/scenarios.CheckForUnlockBeforeLock()
	/home/advocate/Advocate/Experiments/Advocate/advocate/analysis/analysis/scenarios/unlockBeforeLock.go:75 +0x2b5
advocate/analysis/analysis.RunHBAnalysis(0x1)
	/home/advocate/Advocate/Experiments/Advocate/advocate/analysis/analysis/analysis.go:262 +0xc9b
advocate/analysis/analysis.RunAnalysis(0x1)
	/home/advocate/Advocate/Experiments/Advocate/advocate/analysis/analysis/analysis.go:63 +0x105
advocate/toolchain.runAnalyzer({0x18e0bd1ec400, 0x7a}, {0x18e0bd1f0630?, 0x6c?}, {0x18e0bd1ec480, 0x80}, {0x18e0bd1ec500, 0x7b}, 0x0, {0x18e0bd1c3560, ...}, ...)
	/home/advocate/Advocate/Experiments/Advocate/advocate/toolchain/analyzer.go:78 +0x43b
advocate/toolchain.unitTestAnalyzer({0x18e0bd1ee5b0, 0x6c}, {0x760f26?, 0x18e0bacb0068?}, 0x0, {0x18e0bd1c3560, 0x84}, {0x18e0bd1f4c02, 0x13})
	/home/advocate/Advocate/Experiments/Advocate/advocate/toolchain/fullWorkflowUnit.go:619 +0x25c
advocate/toolchain.unitTestFullWorkflow({0x18e0bae00000?, 0x2c}, {0x7ffc390320ff, 0x52}, 0x1, 0x1, 0x1, {0x18e0bd1f4c02, 0x13}, {0x18e0bd086ce0, ...}, ...)
	/home/advocate/Advocate/Experiments/Advocate/advocate/toolchain/fullWorkflowUnit.go:479 +0x625
advocate/toolchain.runWorkflowUnit({0x7ffc390320ff, 0x52}, 0x1, 0x1, 0x1, {0x18e0baf2d950, 0x84}, 0x0, {0x0, 0x0}, ...)
	/home/advocate/Advocate/Experiments/Advocate/advocate/toolchain/fullWorkflowUnit.go:171 +0x1190
advocate/toolchain.Run({0x75dd74, 0x4}, {0x18e0baf2d950, 0x84}, 0x1, 0x1, 0x1, 0x0, {0x0, 0x0}, ...)
	/home/advocate/Advocate/Experiments/Advocate/advocate/toolchain/toolchain.go:72 +0x389
advocate/fuzzing.runFuzzing({0x18e0baf2d950, 0x84}, 0x0, 0x31, 0x1)
	/home/advocate/Advocate/Experiments/Advocate/advocate/fuzzing/fuzzing.go:217 +0x57b
advocate/fuzzing.Fuzzing()
	/home/advocate/Advocate/Experiments/Advocate/advocate/fuzzing/fuzzing.go:135 +0xea5
advocate/run.modeFuzzing()
	/home/advocate/Advocate/Experiments/Advocate/advocate/run/modes.go:34 +0x5e
advocate/run.Run()
	/home/advocate/Advocate/Experiments/Advocate/advocate/run/run.go:100 +0x5b5
main.main()
	/home/advocate/Advocate/Experiments/Advocate/advocate/main.go:28 +0x1c
2026/06/05 16:29:18 [31mNot enough RAM[0m
2026/06/05 16:29:18 goroutine 17 [running]:
advocate/utils/control.printAllGoroutines()
	/home/advocate/Advocate/Experiments/Advocate/advocate/utils/control/utils.go:20 +0x3d
advocate/utils/control.cancelRAM(0x77cd50, 0x77cd48, 0x77cd58)
	/home/advocate/Advocate/Experiments/Advocate/advocate/utils/control/memory.go:109 +0x6e
advocate/utils/control.Supervisor(0x77cd50, 0x77cd48, 0x77cd58)
	/home/advocate/Advocate/Experiments/Advocate/advocate/utils/control/memory.go:79 +0x12f
created by advocate/run.Run in goroutine 1
	/home/advocate/Advocate/Experiments/Advocate/advocate/run/run.go:63 +0x26f

goroutine 1 [runnable]:
advocate/analysis/hb/clock.(*VectorClock).GetValue(...)
	/home/advocate/Advocate/Experiments/Advocate/advocate/analysis/hb/clock/vc.go:97
advocate/analysis/hb/clock.happensBefore(0x18e0d1cb1c00, 0x18e0c8c12d10)
	/home/advocate/Advocate/Experiments/Advocate/advocate/analysis/hb/clock/hb.go:27 +0x96
advocate/analysis/hb/clock.GetHappensBefore(0x18e0d1cb1c00, 0x18e0c8c12d10)
	/home/advocate/Advocate/Experiments/Advocate/advocate/analysis/hb/clock/hb.go:74 +0x34
advocate/analysis/analysis/scenarios.buildResidualGraph({0x18e0d5080000, 0x186a2, 0x18e0c4ab2b68?}, {0x18e0d524c000, 0x186a2, 0x1?})
	/home/advocate/Advocate/Experiments/Advocate/advocate/analysis/analysis/scenarios/graph.go:60 +0x49f
advocate/analysis/analysis/scenarios.CheckForUnlockBeforeLock()
	/home/advocate/Advocate/Experiments/Advocate/advocate/analysis/analysis/scenarios/unlockBeforeLock.go:75 +0x2b5
advocate/analysis/analysis.RunHBAnalysis(0x1)
	/home/advocate/Advocate/Experiments/Advocate/advocate/analysis/analysis/analysis.go:262 +0xc9b
advocate/analysis/analysis.RunAnalysis(0x1)
	/home/advocate/Advocate/Experiments/Advocate/advocate/analysis/analysis/analysis.go:63 +0x105
advocate/toolchain.runAnalyzer({0x18e0bd1ec400, 0x7a}, {0x18e0bd1f0630?, 0x6c?}, {0x18e0bd1ec480, 0x80}, {0x18e0bd1ec500, 0x7b}, 0x0, {0x18e0bd1c3560, ...}, ...)
	/home/advocate/Advocate/Experiments/Advocate/advocate/toolchain/analyzer.go:78 +0x43b
advocate/toolchain.unitTestAnalyzer({0x18e0bd1ee5b0, 0x6c}, {0x760f26?, 0x18e0bacb0068?}, 0x0, {0x18e0bd1c3560, 0x84}, {0x18e0bd1f4c02, 0x13})
	/home/advocate/Advocate/Experiments/Advocate/advocate/toolchain/fullWorkflowUnit.go:619 +0x25c
advocate/toolchain.unitTestFullWorkflow({0x18e0bae00000?, 0x2c}, {0x7ffc390320ff, 0x52}, 0x1, 0x1, 0x1, {0x18e0bd1f4c02, 0x13}, {0x18e0bd086ce0, ...}, ...)
	/home/advocate/Advocate/Experiments/Advocate/advocate/toolchain/fullWorkflowUnit.go:479 +0x625
advocate/toolchain.runWorkflowUnit({0x7ffc390320ff, 0x52}, 0x1, 0x1, 0x1, {0x18e0baf2d950, 0x84}, 0x0, {0x0, 0x0}, ...)
	/home/advocate/Advocate/Experiments/Advocate/advocate/toolchain/fullWorkflowUnit.go:171 +0x1190
advocate/toolchain.Run({0x75dd74, 0x4}, {0x18e0baf2d950, 0x84}, 0x1, 0x1, 0x1, 0x0, {0x0, 0x0}, ...)
	/home/advocate/Advocate/Experiments/Advocate/advocate/toolchain/toolchain.go:72 +0x389
advocate/fuzzing.runFuzzing({0x18e0baf2d950, 0x84}, 0x0, 0x31, 0x1)
	/home/advocate/Advocate/Experiments/Advocate/advocate/fuzzing/fuzzing.go:217 +0x57b
advocate/fuzzing.Fuzzing()
	/home/advocate/Advocate/Experiments/Advocate/advocate/fuzzing/fuzzing.go:135 +0xea5
advocate/run.modeFuzzing()
	/home/advocate/Advocate/Experiments/Advocate/advocate/run/modes.go:34 +0x5e
advocate/run.Run()
	/home/advocate/Advocate/Experiments/Advocate/advocate/run/run.go:100 +0x5b5
main.main()
	/home/advocate/Advocate/Experiments/Advocate/advocate/main.go:28 +0x1c
2026/06/05 16:29:25 [31mNot enough RAM[0m
2026/06/05 16:29:25 goroutine 17 [running]:
advocate/utils/control.printAllGoroutines()
	/home/advocate/Advocate/Experiments/Advocate/advocate/utils/control/utils.go:20 +0x3d
advocate/utils/control.cancelRAM(0x77cd50, 0x77cd48, 0x77cd58)
	/home/advocate/Advocate/Experiments/Advocate/advocate/utils/control/memory.go:109 +0x6e
advocate/utils/control.Supervisor(0x77cd50, 0x77cd48, 0x77cd58)
	/home/advocate/Advocate/Experiments/Advocate/advocate/utils/control/memory.go:79 +0x12f
created by advocate/run.Run in goroutine 1
	/home/advocate/Advocate/Experiments/Advocate/advocate/run/run.go:63 +0x26f

goroutine 1 [runnable]:
advocate/analysis/hb/clock.(*VectorClock).GetValue(...)
	/home/advocate/Advocate/Experiments/Advocate/advocate/analysis/hb/clock/vc.go:97
advocate/analysis/hb/clock.happensBefore(0x18e0c8ce98a0, 0x18e0c6d73cf0)
	/home/advocate/Advocate/Experiments/Advocate/advocate/analysis/hb/clock/hb.go:29 +0x130
advocate/analysis/hb/clock.GetHappensBefore(0x18e0c6d73cf0, 0x18e0c8ce98a0)
	/home/advocate/Advocate/Experiments/Advocate/advocate/analysis/hb/clock/hb.go:77 +0x47
advocate/analysis/analysis/scenarios.buildResidualGraph({0x18e0d5080000, 0x186a2, 0x18e0c4ab2b68?}, {0x18e0d524c000, 0x186a2, 0x1?})
	/home/advocate/Advocate/Experiments/Advocate/advocate/analysis/analysis/scenarios/graph.go:60 +0x49f
advocate/analysis/analysis/scenarios.CheckForUnlockBeforeLock()
	/home/advocate/Advocate/Experiments/Advocate/advocate/analysis/analysis/scenarios/unlockBeforeLock.go:75 +0x2b5
advocate/analysis/analysis.RunHBAnalysis(0x1)
	/home/advocate/Advocate/Experiments/Advocate/advocate/analysis/analysis/analysis.go:262 +0xc9b
advocate/analysis/analysis.RunAnalysis(0x1)
	/home/advocate/Advocate/Experiments/Advocate/advocate/analysis/analysis/analysis.go:63 +0x105
advocate/toolchain.runAnalyzer({0x18e0bd1ec400, 0x7a}, {0x18e0bd1f0630?, 0x6c?}, {0x18e0bd1ec480, 0x80}, {0x18e0bd1ec500, 0x7b}, 0x0, {0x18e0bd1c3560, ...}, ...)
	/home/advocate/Advocate/Experiments/Advocate/advocate/toolchain/analyzer.go:78 +0x43b
advocate/toolchain.unitTestAnalyzer({0x18e0bd1ee5b0, 0x6c}, {0x760f26?, 0x18e0bacb0068?}, 0x0, {0x18e0bd1c3560, 0x84}, {0x18e0bd1f4c02, 0x13})
	/home/advocate/Advocate/Experiments/Advocate/advocate/toolchain/fullWorkflowUnit.go:619 +0x25c
advocate/toolchain.unitTestFullWorkflow({0x18e0bae00000?, 0x2c}, {0x7ffc390320ff, 0x52}, 0x1, 0x1, 0x1, {0x18e0bd1f4c02, 0x13}, {0x18e0bd086ce0, ...}, ...)
	/home/advocate/Advocate/Experiments/Advocate/advocate/toolchain/fullWorkflowUnit.go:479 +0x625
advocate/toolchain.runWorkflowUnit({0x7ffc390320ff, 0x52}, 0x1, 0x1, 0x1, {0x18e0baf2d950, 0x84}, 0x0, {0x0, 0x0}, ...)
	/home/advocate/Advocate/Experiments/Advocate/advocate/toolchain/fullWorkflowUnit.go:171 +0x1190
advocate/toolchain.Run({0x75dd74, 0x4}, {0x18e0baf2d950, 0x84}, 0x1, 0x1, 0x1, 0x0, {0x0, 0x0}, ...)
	/home/advocate/Advocate/Experiments/Advocate/advocate/toolchain/toolchain.go:72 +0x389
advocate/fuzzing.runFuzzing({0x18e0baf2d950, 0x84}, 0x0, 0x31, 0x1)
	/home/advocate/Advocate/Experiments/Advocate/advocate/fuzzing/fuzzing.go:217 +0x57b
advocate/fuzzing.Fuzzing()
	/home/advocate/Advocate/Experiments/Advocate/advocate/fuzzing/fuzzing.go:135 +0xea5
advocate/run.modeFuzzing()
	/home/advocate/Advocate/Experiments/Advocate/advocate/run/modes.go:34 +0x5e
advocate/run.Run()
	/home/advocate/Advocate/Experiments/Advocate/advocate/run/run.go:100 +0x5b5
main.main()
	/home/advocate/Advocate/Experiments/Advocate/advocate/main.go:28 +0x1c
2026/06/05 16:29:32 [31mNot enough RAM[0m
2026/06/05 16:29:32 goroutine 17 [running]:
advocate/utils/control.printAllGoroutines()
	/home/advocate/Advocate/Experiments/Advocate/advocate/utils/control/utils.go:20 +0x3d
advocate/utils/control.cancelRAM(0x77cd50, 0x77cd48, 0x77cd58)
	/home/advocate/Advocate/Experiments/Advocate/advocate/utils/control/memory.go:109 +0x6e
advocate/utils/control.Supervisor(0x77cd50, 0x77cd48, 0x77cd58)
	/home/advocate/Advocate/Experiments/Advocate/advocate/utils/control/memory.go:79 +0x12f
created by advocate/run.Run in goroutine 1
	/home/advocate/Advocate/Experiments/Advocate/advocate/run/run.go:63 +0x26f

goroutine 1 [runnable]:
advocate/analysis/hb/clock.(*VectorClock).GetValue(...)
	/home/advocate/Advocate/Experiments/Advocate/advocate/analysis/hb/clock/vc.go:97
advocate/analysis/hb/clock.happensBefore(0x18e0c8d83e50, 0x18e0cd828320)
	/home/advocate/Advocate/Experiments/Advocate/advocate/analysis/hb/clock/hb.go:29 +0x130
advocate/analysis/hb/clock.GetHappensBefore(0x18e0cd828320, 0x18e0c8d83e50)
	/home/advocate/Advocate/Experiments/Advocate/advocate/analysis/hb/clock/hb.go:77 +0x47
advocate/analysis/analysis/scenarios.buildResidualGraph({0x18e0d5080000, 0x186a2, 0x18e0c4ab2b68?}, {0x18e0d524c000, 0x186a2, 0x1?})
	/home/advocate/Advocate/Experiments/Advocate/advocate/analysis/analysis/scenarios/graph.go:60 +0x49f
advocate/analysis/analysis/scenarios.CheckForUnlockBeforeLock()
	/home/advocate/Advocate/Experiments/Advocate/advocate/analysis/analysis/scenarios/unlockBeforeLock.go:75 +0x2b5
advocate/analysis/analysis.RunHBAnalysis(0x1)
	/home/advocate/Advocate/Experiments/Advocate/advocate/analysis/analysis/analysis.go:262 +0xc9b
advocate/analysis/analysis.RunAnalysis(0x1)
	/home/advocate/Advocate/Experiments/Advocate/advocate/analysis/analysis/analysis.go:63 +0x105
advocate/toolchain.runAnalyzer({0x18e0bd1ec400, 0x7a}, {0x18e0bd1f0630?, 0x6c?}, {0x18e0bd1ec480, 0x80}, {0x18e0bd1ec500, 0x7b}, 0x0, {0x18e0bd1c3560, ...}, ...)
	/home/advocate/Advocate/Experiments/Advocate/advocate/toolchain/analyzer.go:78 +0x43b
advocate/toolchain.unitTestAnalyzer({0x18e0bd1ee5b0, 0x6c}, {0x760f26?, 0x18e0bacb0068?}, 0x0, {0x18e0bd1c3560, 0x84}, {0x18e0bd1f4c02, 0x13})
	/home/advocate/Advocate/Experiments/Advocate/advocate/toolchain/fullWorkflowUnit.go:619 +0x25c
advocate/toolchain.unitTestFullWorkflow({0x18e0bae00000?, 0x2c}, {0x7ffc390320ff, 0x52}, 0x1, 0x1, 0x1, {0x18e0bd1f4c02, 0x13}, {0x18e0bd086ce0, ...}, ...)
	/home/advocate/Advocate/Experiments/Advocate/advocate/toolchain/fullWorkflowUnit.go:479 +0x625
advocate/toolchain.runWorkflowUnit({0x7ffc390320ff, 0x52}, 0x1, 0x1, 0x1, {0x18e0baf2d950, 0x84}, 0x0, {0x0, 0x0}, ...)
	/home/advocate/Advocate/Experiments/Advocate/advocate/toolchain/fullWorkflowUnit.go:171 +0x1190
advocate/toolchain.Run({0x75dd74, 0x4}, {0x18e0baf2d950, 0x84}, 0x1, 0x1, 0x1, 0x0, {0x0, 0x0}, ...)
	/home/advocate/Advocate/Experiments/Advocate/advocate/toolchain/toolchain.go:72 +0x389
advocate/fuzzing.runFuzzing({0x18e0baf2d950, 0x84}, 0x0, 0x31, 0x1)
	/home/advocate/Advocate/Experiments/Advocate/advocate/fuzzing/fuzzing.go:217 +0x57b
advocate/fuzzing.Fuzzing()
	/home/advocate/Advocate/Experiments/Advocate/advocate/fuzzing/fuzzing.go:135 +0xea5
advocate/run.modeFuzzing()
	/home/advocate/Advocate/Experiments/Advocate/advocate/run/modes.go:34 +0x5e
advocate/run.Run()
	/home/advocate/Advocate/Experiments/Advocate/advocate/run/run.go:100 +0x5b5
main.main()
	/home/advocate/Advocate/Experiments/Advocate/advocate/main.go:28 +0x1c
2026/06/05 16:29:39 [31mNot enough RAM[0m
2026/06/05 16:29:39 goroutine 17 [running]:
advocate/utils/control.printAllGoroutines()
	/home/advocate/Advocate/Experiments/Advocate/advocate/utils/control/utils.go:20 +0x3d
advocate/utils/control.cancelRAM(0x77cd50, 0x77cd48, 0x77cd58)
	/home/advocate/Advocate/Experiments/Advocate/advocate/utils/control/memory.go:109 +0x6e
advocate/utils/control.Supervisor(0x77cd50, 0x77cd48, 0x77cd58)
	/home/advocate/Advocate/Experiments/Advocate/advocate/utils/control/memory.go:79 +0x12f
created by advocate/run.Run in goroutine 1
	/home/advocate/Advocate/Experiments/Advocate/advocate/run/run.go:63 +0x26f

goroutine 1 [runnable]:
advocate/analysis/hb/clock.(*VectorClock).GetValue(...)
	/home/advocate/Advocate/Experiments/Advocate/advocate/analysis/hb/clock/vc.go:97
advocate/analysis/hb/clock.happensBefore(0x18e0c8e3eea0, 0x18e0cdaa8f70)
	/home/advocate/Advocate/Experiments/Advocate/advocate/analysis/hb/clock/hb.go:27 +0x96
advocate/analysis/hb/clock.GetHappensBefore(0x18e0cdaa8f70, 0x18e0c8e3eea0)
	/home/advocate/Advocate/Experiments/Advocate/advocate/analysis/hb/clock/hb.go:77 +0x47
advocate/analysis/analysis/scenarios.buildResidualGraph({0x18e0d5080000, 0x186a2, 0x18e0c4ab2b68?}, {0x18e0d524c000, 0x186a2, 0x1?})
	/home/advocate/Advocate/Experiments/Advocate/advocate/analysis/analysis/scenarios/graph.go:60 +0x49f
advocate/analysis/analysis/scenarios.CheckForUnlockBeforeLock()
	/home/advocate/Advocate/Experiments/Advocate/advocate/analysis/analysis/scenarios/unlockBeforeLock.go:75 +0x2b5
advocate/analysis/analysis.RunHBAnalysis(0x1)
	/home/advocate/Advocate/Experiments/Advocate/advocate/analysis/analysis/analysis.go:262 +0xc9b
advocate/analysis/analysis.RunAnalysis(0x1)
	/home/advocate/Advocate/Experiments/Advocate/advocate/analysis/analysis/analysis.go:63 +0x105
advocate/toolchain.runAnalyzer({0x18e0bd1ec400, 0x7a}, {0x18e0bd1f0630?, 0x6c?}, {0x18e0bd1ec480, 0x80}, {0x18e0bd1ec500, 0x7b}, 0x0, {0x18e0bd1c3560, ...}, ...)
	/home/advocate/Advocate/Experiments/Advocate/advocate/toolchain/analyzer.go:78 +0x43b
advocate/toolchain.unitTestAnalyzer({0x18e0bd1ee5b0, 0x6c}, {0x760f26?, 0x18e0bacb0068?}, 0x0, {0x18e0bd1c3560, 0x84}, {0x18e0bd1f4c02, 0x13})
	/home/advocate/Advocate/Experiments/Advocate/advocate/toolchain/fullWorkflowUnit.go:619 +0x25c
advocate/toolchain.unitTestFullWorkflow({0x18e0bae00000?, 0x2c}, {0x7ffc390320ff, 0x52}, 0x1, 0x1, 0x1, {0x18e0bd1f4c02, 0x13}, {0x18e0bd086ce0, ...}, ...)
	/home/advocate/Advocate/Experiments/Advocate/advocate/toolchain/fullWorkflowUnit.go:479 +0x625
advocate/toolchain.runWorkflowUnit({0x7ffc390320ff, 0x52}, 0x1, 0x1, 0x1, {0x18e0baf2d950, 0x84}, 0x0, {0x0, 0x0}, ...)
	/home/advocate/Advocate/Experiments/Advocate/advocate/toolchain/fullWorkflowUnit.go:171 +0x1190
advocate/toolchain.Run({0x75dd74, 0x4}, {0x18e0baf2d950, 0x84}, 0x1, 0x1, 0x1, 0x0, {0x0, 0x0}, ...)
	/home/advocate/Advocate/Experiments/Advocate/advocate/toolchain/toolchain.go:72 +0x389
advocate/fuzzing.runFuzzing({0x18e0baf2d950, 0x84}, 0x0, 0x31, 0x1)
	/home/advocate/Advocate/Experiments/Advocate/advocate/fuzzing/fuzzing.go:217 +0x57b
advocate/fuzzing.Fuzzing()
	/home/advocate/Advocate/Experiments/Advocate/advocate/fuzzing/fuzzing.go:135 +0xea5
advocate/run.modeFuzzing()
	/home/advocate/Advocate/Experiments/Advocate/advocate/run/modes.go:34 +0x5e
advocate/run.Run()
	/home/advocate/Advocate/Experiments/Advocate/advocate/run/run.go:100 +0x5b5
main.main()
	/home/advocate/Advocate/Experiments/Advocate/advocate/main.go:28 +0x1c
2026/06/05 16:29:46 [31mNot enough RAM[0m
2026/06/05 16:29:46 goroutine 17 [running]:
advocate/utils/control.printAllGoroutines()
	/home/advocate/Advocate/Experiments/Advocate/advocate/utils/control/utils.go:20 +0x3d
advocate/utils/control.cancelRAM(0x77cd50, 0x77cd48, 0x77cd58)
	/home/advocate/Advocate/Experiments/Advocate/advocate/utils/control/memory.go:109 +0x6e
advocate/utils/control.Supervisor(0x77cd50, 0x77cd48, 0x77cd58)
	/home/advocate/Advocate/Experiments/Advocate/advocate/utils/control/memory.go:79 +0x12f
created by advocate/run.Run in goroutine 1
	/home/advocate/Advocate/Experiments/Advocate/advocate/run/run.go:63 +0x26f

goroutine 1 [runnable]:
advocate/analysis/hb/clock.happensBefore(0x18e0c8ee9130, 0x18e0d1487c00)
	/home/advocate/Advocate/Experiments/Advocate/advocate/analysis/hb/clock/hb.go:26 +0x25
advocate/analysis/hb/clock.GetHappensBefore(0x18e0d1487c00, 0x18e0c8ee9130)
	/home/advocate/Advocate/Experiments/Advocate/advocate/analysis/hb/clock/hb.go:77 +0x47
advocate/analysis/analysis/scenarios.buildResidualGraph({0x18e0d5080000, 0x186a2, 0x18e0c4ab2b68?}, {0x18e0d524c000, 0x186a2, 0x1?})
	/home/advocate/Advocate/Experiments/Advocate/advocate/analysis/analysis/scenarios/graph.go:60 +0x49f
advocate/analysis/analysis/scenarios.CheckForUnlockBeforeLock()
	/home/advocate/Advocate/Experiments/Advocate/advocate/analysis/analysis/scenarios/unlockBeforeLock.go:75 +0x2b5
advocate/analysis/analysis.RunHBAnalysis(0x1)
	/home/advocate/Advocate/Experiments/Advocate/advocate/analysis/analysis/analysis.go:262 +0xc9b
advocate/analysis/analysis.RunAnalysis(0x1)
	/home/advocate/Advocate/Experiments/Advocate/advocate/analysis/analysis/analysis.go:63 +0x105
advocate/toolchain.runAnalyzer({0x18e0bd1ec400, 0x7a}, {0x18e0bd1f0630?, 0x6c?}, {0x18e0bd1ec480, 0x80}, {0x18e0bd1ec500, 0x7b}, 0x0, {0x18e0bd1c3560, ...}, ...)
	/home/advocate/Advocate/Experiments/Advocate/advocate/toolchain/analyzer.go:78 +0x43b
advocate/toolchain.unitTestAnalyzer({0x18e0bd1ee5b0, 0x6c}, {0x760f26?, 0x18e0bacb0068?}, 0x0, {0x18e0bd1c3560, 0x84}, {0x18e0bd1f4c02, 0x13})
	/home/advocate/Advocate/Experiments/Advocate/advocate/toolchain/fullWorkflowUnit.go:619 +0x25c
advocate/toolchain.unitTestFullWorkflow({0x18e0bae00000?, 0x2c}, {0x7ffc390320ff, 0x52}, 0x1, 0x1, 0x1, {0x18e0bd1f4c02, 0x13}, {0x18e0bd086ce0, ...}, ...)
	/home/advocate/Advocate/Experiments/Advocate/advocate/toolchain/fullWorkflowUnit.go:479 +0x625
advocate/toolchain.runWorkflowUnit({0x7ffc390320ff, 0x52}, 0x1, 0x1, 0x1, {0x18e0baf2d950, 0x84}, 0x0, {0x0, 0x0}, ...)
	/home/advocate/Advocate/Experiments/Advocate/advocate/toolchain/fullWorkflowUnit.go:171 +0x1190
advocate/toolchain.Run({0x75dd74, 0x4}, {0x18e0baf2d950, 0x84}, 0x1, 0x1, 0x1, 0x0, {0x0, 0x0}, ...)
	/home/advocate/Advocate/Experiments/Advocate/advocate/toolchain/toolchain.go:72 +0x389
advocate/fuzzing.runFuzzing({0x18e0baf2d950, 0x84}, 0x0, 0x31, 0x1)
	/home/advocate/Advocate/Experiments/Advocate/advocate/fuzzing/fuzzing.go:217 +0x57b
advocate/fuzzing.Fuzzing()
	/home/advocate/Advocate/Experiments/Advocate/advocate/fuzzing/fuzzing.go:135 +0xea5
advocate/run.modeFuzzing()
	/home/advocate/Advocate/Experiments/Advocate/advocate/run/modes.go:34 +0x5e
advocate/run.Run()
	/home/advocate/Advocate/Experiments/Advocate/advocate/run/run.go:100 +0x5b5
main.main()
	/home/advocate/Advocate/Experiments/Advocate/advocate/main.go:28 +0x1c
2026/06/05 16:29:53 [31mNot enough RAM[0m
2026/06/05 16:29:53 goroutine 17 [running]:
advocate/utils/control.printAllGoroutines()
	/home/advocate/Advocate/Experiments/Advocate/advocate/utils/control/utils.go:20 +0x3d
advocate/utils/control.cancelRAM(0x77cd50, 0x77cd48, 0x77cd58)
	/home/advocate/Advocate/Experiments/Advocate/advocate/utils/control/memory.go:109 +0x6e
advocate/utils/control.Supervisor(0x77cd50, 0x77cd48, 0x77cd58)
	/home/advocate/Advocate/Experiments/Advocate/advocate/utils/control/memory.go:79 +0x12f
created by advocate/run.Run in goroutine 1
	/home/advocate/Advocate/Experiments/Advocate/advocate/run/run.go:63 +0x26f

goroutine 1 [runnable]:
advocate/analysis/hb/clock.(*VectorClock).GetValue(...)
	/home/advocate/Advocate/Experiments/Advocate/advocate/analysis/hb/clock/vc.go:97
advocate/analysis/hb/clock.happensBefore(0x18e0c8f93d30, 0x18e0cf84c2b0)
	/home/advocate/Advocate/Experiments/Advocate/advocate/analysis/hb/clock/hb.go:29 +0x130
advocate/analysis/hb/clock.GetHappensBefore(0x18e0cf84c2b0, 0x18e0c8f93d30)
	/home/advocate/Advocate/Experiments/Advocate/advocate/analysis/hb/clock/hb.go:77 +0x47
advocate/analysis/analysis/scenarios.buildResidualGraph({0x18e0d5080000, 0x186a2, 0x18e0c4ab2b68?}, {0x18e0d524c000, 0x186a2, 0x1?})
	/home/advocate/Advocate/Experiments/Advocate/advocate/analysis/analysis/scenarios/graph.go:60 +0x49f
advocate/analysis/analysis/scenarios.CheckForUnlockBeforeLock()
	/home/advocate/Advocate/Experiments/Advocate/advocate/analysis/analysis/scenarios/unlockBeforeLock.go:75 +0x2b5
advocate/analysis/analysis.RunHBAnalysis(0x1)
	/home/advocate/Advocate/Experiments/Advocate/advocate/analysis/analysis/analysis.go:262 +0xc9b
advocate/analysis/analysis.RunAnalysis(0x1)
	/home/advocate/Advocate/Experiments/Advocate/advocate/analysis/analysis/analysis.go:63 +0x105
advocate/toolchain.runAnalyzer({0x18e0bd1ec400, 0x7a}, {0x18e0bd1f0630?, 0x6c?}, {0x18e0bd1ec480, 0x80}, {0x18e0bd1ec500, 0x7b}, 0x0, {0x18e0bd1c3560, ...}, ...)
	/home/advocate/Advocate/Experiments/Advocate/advocate/toolchain/analyzer.go:78 +0x43b
advocate/toolchain.unitTestAnalyzer({0x18e0bd1ee5b0, 0x6c}, {0x760f26?, 0x18e0bacb0068?}, 0x0, {0x18e0bd1c3560, 0x84}, {0x18e0bd1f4c02, 0x13})
	/home/advocate/Advocate/Experiments/Advocate/advocate/toolchain/fullWorkflowUnit.go:619 +0x25c
advocate/toolchain.unitTestFullWorkflow({0x18e0bae00000?, 0x2c}, {0x7ffc390320ff, 0x52}, 0x1, 0x1, 0x1, {0x18e0bd1f4c02, 0x13}, {0x18e0bd086ce0, ...}, ...)
	/home/advocate/Advocate/Experiments/Advocate/advocate/toolchain/fullWorkflowUnit.go:479 +0x625
advocate/toolchain.runWorkflowUnit({0x7ffc390320ff, 0x52}, 0x1, 0x1, 0x1, {0x18e0baf2d950, 0x84}, 0x0, {0x0, 0x0}, ...)
	/home/advocate/Advocate/Experiments/Advocate/advocate/toolchain/fullWorkflowUnit.go:171 +0x1190
advocate/toolchain.Run({0x75dd74, 0x4}, {0x18e0baf2d950, 0x84}, 0x1, 0x1, 0x1, 0x0, {0x0, 0x0}, ...)
	/home/advocate/Advocate/Experiments/Advocate/advocate/toolchain/toolchain.go:72 +0x389
advocate/fuzzing.runFuzzing({0x18e0baf2d950, 0x84}, 0x0, 0x31, 0x1)
	/home/advocate/Advocate/Experiments/Advocate/advocate/fuzzing/fuzzing.go:217 +0x57b
advocate/fuzzing.Fuzzing()
	/home/advocate/Advocate/Experiments/Advocate/advocate/fuzzing/fuzzing.go:135 +0xea5
advocate/run.modeFuzzing()
	/home/advocate/Advocate/Experiments/Advocate/advocate/run/modes.go:34 +0x5e
advocate/run.Run()
	/home/advocate/Advocate/Experiments/Advocate/advocate/run/run.go:100 +0x5b5
main.main()
	/home/advocate/Advocate/Experiments/Advocate/advocate/main.go:28 +0x1c
2026/06/05 16:30:00 [31mNot enough RAM[0m
2026/06/05 16:30:00 goroutine 17 [running]:
advocate/utils/control.printAllGoroutines()
	/home/advocate/Advocate/Experiments/Advocate/advocate/utils/control/utils.go:20 +0x3d
advocate/utils/control.cancelRAM(0x77cd50, 0x77cd48, 0x77cd58)
	/home/advocate/Advocate/Experiments/Advocate/advocate/utils/control/memory.go:109 +0x6e
advocate/utils/control.Supervisor(0x77cd50, 0x77cd48, 0x77cd58)
	/home/advocate/Advocate/Experiments/Advocate/advocate/utils/control/memory.go:79 +0x12f
created by advocate/run.Run in goroutine 1
	/home/advocate/Advocate/Experiments/Advocate/advocate/run/run.go:63 +0x26f

goroutine 1 [runnable]:
advocate/analysis/hb/clock.(*VectorClock).GetValue(...)
	/home/advocate/Advocate/Experiments/Advocate/advocate/analysis/hb/clock/vc.go:97
advocate/analysis/hb/clock.happensBefore(0x18e0c861d8d0, 0x18e0c904c540)
	/home/advocate/Advocate/Experiments/Advocate/advocate/analysis/hb/clock/hb.go:29 +0xe6
advocate/analysis/hb/clock.GetHappensBefore(0x18e0c861d8d0, 0x18e0c904c540)
	/home/advocate/Advocate/Experiments/Advocate/advocate/analysis/hb/clock/hb.go:74 +0x34
advocate/analysis/analysis/scenarios.buildResidualGraph({0x18e0d5080000, 0x186a2, 0x18e0c4ab2b68?}, {0x18e0d524c000, 0x186a2, 0x1?})
	/home/advocate/Advocate/Experiments/Advocate/advocate/analysis/analysis/scenarios/graph.go:60 +0x49f
advocate/analysis/analysis/scenarios.CheckForUnlockBeforeLock()
	/home/advocate/Advocate/Experiments/Advocate/advocate/analysis/analysis/scenarios/unlockBeforeLock.go:75 +0x2b5
advocate/analysis/analysis.RunHBAnalysis(0x1)
	/home/advocate/Advocate/Experiments/Advocate/advocate/analysis/analysis/analysis.go:262 +0xc9b
advocate/analysis/analysis.RunAnalysis(0x1)
	/home/advocate/Advocate/Experiments/Advocate/advocate/analysis/analysis/analysis.go:63 +0x105
advocate/toolchain.runAnalyzer({0x18e0bd1ec400, 0x7a}, {0x18e0bd1f0630?, 0x6c?}, {0x18e0bd1ec480, 0x80}, {0x18e0bd1ec500, 0x7b}, 0x0, {0x18e0bd1c3560, ...}, ...)
	/home/advocate/Advocate/Experiments/Advocate/advocate/toolchain/analyzer.go:78 +0x43b
advocate/toolchain.unitTestAnalyzer({0x18e0bd1ee5b0, 0x6c}, {0x760f26?, 0x18e0bacb0068?}, 0x0, {0x18e0bd1c3560, 0x84}, {0x18e0bd1f4c02, 0x13})
	/home/advocate/Advocate/Experiments/Advocate/advocate/toolchain/fullWorkflowUnit.go:619 +0x25c
advocate/toolchain.unitTestFullWorkflow({0x18e0bae00000?, 0x2c}, {0x7ffc390320ff, 0x52}, 0x1, 0x1, 0x1, {0x18e0bd1f4c02, 0x13}, {0x18e0bd086ce0, ...}, ...)
	/home/advocate/Advocate/Experiments/Advocate/advocate/toolchain/fullWorkflowUnit.go:479 +0x625
advocate/toolchain.runWorkflowUnit({0x7ffc390320ff, 0x52}, 0x1, 0x1, 0x1, {0x18e0baf2d950, 0x84}, 0x0, {0x0, 0x0}, ...)
	/home/advocate/Advocate/Experiments/Advocate/advocate/toolchain/fullWorkflowUnit.go:171 +0x1190
advocate/toolchain.Run({0x75dd74, 0x4}, {0x18e0baf2d950, 0x84}, 0x1, 0x1, 0x1, 0x0, {0x0, 0x0}, ...)
	/home/advocate/Advocate/Experiments/Advocate/advocate/toolchain/toolchain.go:72 +0x389
advocate/fuzzing.runFuzzing({0x18e0baf2d950, 0x84}, 0x0, 0x31, 0x1)
	/home/advocate/Advocate/Experiments/Advocate/advocate/fuzzing/fuzzing.go:217 +0x57b
advocate/fuzzing.Fuzzing()
	/home/advocate/Advocate/Experiments/Advocate/advocate/fuzzing/fuzzing.go:135 +0xea5
advocate/run.modeFuzzing()
	/home/advocate/Advocate/Experiments/Advocate/advocate/run/modes.go:34 +0x5e
advocate/run.Run()
	/home/advocate/Advocate/Experiments/Advocate/advocate/run/run.go:100 +0x5b5
main.main()
	/home/advocate/Advocate/Experiments/Advocate/advocate/main.go:28 +0x1c
2026/06/05 16:30:07 [31mNot enough RAM[0m
2026/06/05 16:30:07 goroutine 17 [running]:
advocate/utils/control.printAllGoroutines()
	/home/advocate/Advocate/Experiments/Advocate/advocate/utils/control/utils.go:20 +0x3d
advocate/utils/control.cancelRAM(0x77cd50, 0x77cd48, 0x77cd58)
	/home/advocate/Advocate/Experiments/Advocate/advocate/utils/control/memory.go:109 +0x6e
advocate/utils/control.Supervisor(0x77cd50, 0x77cd48, 0x77cd58)
	/home/advocate/Advocate/Experiments/Advocate/advocate/utils/control/memory.go:79 +0x12f
created by advocate/run.Run in goroutine 1
	/home/advocate/Advocate/Experiments/Advocate/advocate/run/run.go:63 +0x26f

goroutine 1 [runnable]:
advocate/analysis/hb/clock.(*VectorClock).GetValue(...)
	/home/advocate/Advocate/Experiments/Advocate/advocate/analysis/hb/clock/vc.go:97
advocate/analysis/hb/clock.happensBefore(0x18e0c9119280, 0x18e0d3c787a0)
	/home/advocate/Advocate/Experiments/Advocate/advocate/analysis/hb/clock/hb.go:27 +0x96
advocate/analysis/hb/clock.GetHappensBefore(0x18e0d3c787a0, 0x18e0c9119280)
	/home/advocate/Advocate/Experiments/Advocate/advocate/analysis/hb/clock/hb.go:77 +0x47
advocate/analysis/analysis/scenarios.buildResidualGraph({0x18e0d5080000, 0x186a2, 0x18e0c4ab2b68?}, {0x18e0d524c000, 0x186a2, 0x1?})
	/home/advocate/Advocate/Experiments/Advocate/advocate/analysis/analysis/scenarios/graph.go:60 +0x49f
advocate/analysis/analysis/scenarios.CheckForUnlockBeforeLock()
	/home/advocate/Advocate/Experiments/Advocate/advocate/analysis/analysis/scenarios/unlockBeforeLock.go:75 +0x2b5
advocate/analysis/analysis.RunHBAnalysis(0x1)
	/home/advocate/Advocate/Experiments/Advocate/advocate/analysis/analysis/analysis.go:262 +0xc9b
advocate/analysis/analysis.RunAnalysis(0x1)
	/home/advocate/Advocate/Experiments/Advocate/advocate/analysis/analysis/analysis.go:63 +0x105
advocate/toolchain.runAnalyzer({0x18e0bd1ec400, 0x7a}, {0x18e0bd1f0630?, 0x6c?}, {0x18e0bd1ec480, 0x80}, {0x18e0bd1ec500, 0x7b}, 0x0, {0x18e0bd1c3560, ...}, ...)
	/home/advocate/Advocate/Experiments/Advocate/advocate/toolchain/analyzer.go:78 +0x43b
advocate/toolchain.unitTestAnalyzer({0x18e0bd1ee5b0, 0x6c}, {0x760f26?, 0x18e0bacb0068?}, 0x0, {0x18e0bd1c3560, 0x84}, {0x18e0bd1f4c02, 0x13})
	/home/advocate/Advocate/Experiments/Advocate/advocate/toolchain/fullWorkflowUnit.go:619 +0x25c
advocate/toolchain.unitTestFullWorkflow({0x18e0bae00000?, 0x2c}, {0x7ffc390320ff, 0x52}, 0x1, 0x1, 0x1, {0x18e0bd1f4c02, 0x13}, {0x18e0bd086ce0, ...}, ...)
	/home/advocate/Advocate/Experiments/Advocate/advocate/toolchain/fullWorkflowUnit.go:479 +0x625
advocate/toolchain.runWorkflowUnit({0x7ffc390320ff, 0x52}, 0x1, 0x1, 0x1, {0x18e0baf2d950, 0x84}, 0x0, {0x0, 0x0}, ...)
	/home/advocate/Advocate/Experiments/Advocate/advocate/toolchain/fullWorkflowUnit.go:171 +0x1190
advocate/toolchain.Run({0x75dd74, 0x4}, {0x18e0baf2d950, 0x84}, 0x1, 0x1, 0x1, 0x0, {0x0, 0x0}, ...)
	/home/advocate/Advocate/Experiments/Advocate/advocate/toolchain/toolchain.go:72 +0x389
advocate/fuzzing.runFuzzing({0x18e0baf2d950, 0x84}, 0x0, 0x31, 0x1)
	/home/advocate/Advocate/Experiments/Advocate/advocate/fuzzing/fuzzing.go:217 +0x57b
advocate/fuzzing.Fuzzing()
	/home/advocate/Advocate/Experiments/Advocate/advocate/fuzzing/fuzzing.go:135 +0xea5
advocate/run.modeFuzzing()
	/home/advocate/Advocate/Experiments/Advocate/advocate/run/modes.go:34 +0x5e
advocate/run.Run()
	/home/advocate/Advocate/Experiments/Advocate/advocate/run/run.go:100 +0x5b5
main.main()
	/home/advocate/Advocate/Experiments/Advocate/advocate/main.go:28 +0x1c
2026/06/05 16:30:14 [31mNot enough RAM[0m
2026/06/05 16:30:14 goroutine 17 [running]:
advocate/utils/control.printAllGoroutines()
	/home/advocate/Advocate/Experiments/Advocate/advocate/utils/control/utils.go:20 +0x3d
advocate/utils/control.cancelRAM(0x77cd50, 0x77cd48, 0x77cd58)
	/home/advocate/Advocate/Experiments/Advocate/advocate/utils/control/memory.go:109 +0x6e
advocate/utils/control.Supervisor(0x77cd50, 0x77cd48, 0x77cd58)
	/home/advocate/Advocate/Experiments/Advocate/advocate/utils/control/memory.go:79 +0x12f
created by advocate/run.Run in goroutine 1
	/home/advocate/Advocate/Experiments/Advocate/advocate/run/run.go:63 +0x26f

goroutine 1 [runnable]:
advocate/analysis/hb/clock.(*VectorClock).GetValue(...)
	/home/advocate/Advocate/Experiments/Advocate/advocate/analysis/hb/clock/vc.go:97
advocate/analysis/hb/clock.happensBefore(0x18e0cc695000, 0x18e0c91e6330)
	/home/advocate/Advocate/Experiments/Advocate/advocate/analysis/hb/clock/hb.go:27 +0x96
advocate/analysis/hb/clock.GetHappensBefore(0x18e0cc695000, 0x18e0c91e6330)
	/home/advocate/Advocate/Experiments/Advocate/advocate/analysis/hb/clock/hb.go:74 +0x34
advocate/analysis/analysis/scenarios.buildResidualGraph({0x18e0d5080000, 0x186a2, 0x18e0c4ab2b68?}, {0x18e0d524c000, 0x186a2, 0x1?})
	/home/advocate/Advocate/Experiments/Advocate/advocate/analysis/analysis/scenarios/graph.go:60 +0x49f
advocate/analysis/analysis/scenarios.CheckForUnlockBeforeLock()
	/home/advocate/Advocate/Experiments/Advocate/advocate/analysis/analysis/scenarios/unlockBeforeLock.go:75 +0x2b5
advocate/analysis/analysis.RunHBAnalysis(0x1)
	/home/advocate/Advocate/Experiments/Advocate/advocate/analysis/analysis/analysis.go:262 +0xc9b
advocate/analysis/analysis.RunAnalysis(0x1)
	/home/advocate/Advocate/Experiments/Advocate/advocate/analysis/analysis/analysis.go:63 +0x105
advocate/toolchain.runAnalyzer({0x18e0bd1ec400, 0x7a}, {0x18e0bd1f0630?, 0x6c?}, {0x18e0bd1ec480, 0x80}, {0x18e0bd1ec500, 0x7b}, 0x0, {0x18e0bd1c3560, ...}, ...)
	/home/advocate/Advocate/Experiments/Advocate/advocate/toolchain/analyzer.go:78 +0x43b
advocate/toolchain.unitTestAnalyzer({0x18e0bd1ee5b0, 0x6c}, {0x760f26?, 0x18e0bacb0068?}, 0x0, {0x18e0bd1c3560, 0x84}, {0x18e0bd1f4c02, 0x13})
	/home/advocate/Advocate/Experiments/Advocate/advocate/toolchain/fullWorkflowUnit.go:619 +0x25c
advocate/toolchain.unitTestFullWorkflow({0x18e0bae00000?, 0x2c}, {0x7ffc390320ff, 0x52}, 0x1, 0x1, 0x1, {0x18e0bd1f4c02, 0x13}, {0x18e0bd086ce0, ...}, ...)
	/home/advocate/Advocate/Experiments/Advocate/advocate/toolchain/fullWorkflowUnit.go:479 +0x625
advocate/toolchain.runWorkflowUnit({0x7ffc390320ff, 0x52}, 0x1, 0x1, 0x1, {0x18e0baf2d950, 0x84}, 0x0, {0x0, 0x0}, ...)
	/home/advocate/Advocate/Experiments/Advocate/advocate/toolchain/fullWorkflowUnit.go:171 +0x1190
advocate/toolchain.Run({0x75dd74, 0x4}, {0x18e0baf2d950, 0x84}, 0x1, 0x1, 0x1, 0x0, {0x0, 0x0}, ...)
	/home/advocate/Advocate/Experiments/Advocate/advocate/toolchain/toolchain.go:72 +0x389
advocate/fuzzing.runFuzzing({0x18e0baf2d950, 0x84}, 0x0, 0x31, 0x1)
	/home/advocate/Advocate/Experiments/Advocate/advocate/fuzzing/fuzzing.go:217 +0x57b
advocate/fuzzing.Fuzzing()
	/home/advocate/Advocate/Experiments/Advocate/advocate/fuzzing/fuzzing.go:135 +0xea5
advocate/run.modeFuzzing()
	/home/advocate/Advocate/Experiments/Advocate/advocate/run/modes.go:34 +0x5e
advocate/run.Run()
	/home/advocate/Advocate/Experiments/Advocate/advocate/run/run.go:100 +0x5b5
main.main()
	/home/advocate/Advocate/Experiments/Advocate/advocate/main.go:28 +0x1c
2026/06/05 16:30:22 [31mNot enough RAM[0m
2026/06/05 16:30:22 goroutine 17 [running]:
advocate/utils/control.printAllGoroutines()
	/home/advocate/Advocate/Experiments/Advocate/advocate/utils/control/utils.go:20 +0x3d
advocate/utils/control.cancelRAM(0x77cd50, 0x77cd48, 0x77cd58)
	/home/advocate/Advocate/Experiments/Advocate/advocate/utils/control/memory.go:109 +0x6e
advocate/utils/control.Supervisor(0x77cd50, 0x77cd48, 0x77cd58)
	/home/advocate/Advocate/Experiments/Advocate/advocate/utils/control/memory.go:79 +0x12f
created by advocate/run.Run in goroutine 1
	/home/advocate/Advocate/Experiments/Advocate/advocate/run/run.go:63 +0x26f

goroutine 1 [runnable]:
advocate/analysis/hb/clock.(*VectorClock).GetValue(...)
	/home/advocate/Advocate/Experiments/Advocate/advocate/analysis/hb/clock/vc.go:97
advocate/analysis/hb/clock.happensBefore(0x18e0c92b5310, 0x18e0cf1783a0)
	/home/advocate/Advocate/Experiments/Advocate/advocate/analysis/hb/clock/hb.go:27 +0x65
advocate/analysis/hb/clock.GetHappensBefore(0x18e0cf1783a0, 0x18e0c92b5310)
	/home/advocate/Advocate/Experiments/Advocate/advocate/analysis/hb/clock/hb.go:77 +0x47
advocate/analysis/analysis/scenarios.buildResidualGraph({0x18e0d5080000, 0x186a2, 0x18e0c4ab2b68?}, {0x18e0d524c000, 0x186a2, 0x1?})
	/home/advocate/Advocate/Experiments/Advocate/advocate/analysis/analysis/scenarios/graph.go:60 +0x49f
advocate/analysis/analysis/scenarios.CheckForUnlockBeforeLock()
	/home/advocate/Advocate/Experiments/Advocate/advocate/analysis/analysis/scenarios/unlockBeforeLock.go:75 +0x2b5
advocate/analysis/analysis.RunHBAnalysis(0x1)
	/home/advocate/Advocate/Experiments/Advocate/advocate/analysis/analysis/analysis.go:262 +0xc9b
advocate/analysis/analysis.RunAnalysis(0x1)
	/home/advocate/Advocate/Experiments/Advocate/advocate/analysis/analysis/analysis.go:63 +0x105
advocate/toolchain.runAnalyzer({0x18e0bd1ec400, 0x7a}, {0x18e0bd1f0630?, 0x6c?}, {0x18e0bd1ec480, 0x80}, {0x18e0bd1ec500, 0x7b}, 0x0, {0x18e0bd1c3560, ...}, ...)
	/home/advocate/Advocate/Experiments/Advocate/advocate/toolchain/analyzer.go:78 +0x43b
advocate/toolchain.unitTestAnalyzer({0x18e0bd1ee5b0, 0x6c}, {0x760f26?, 0x18e0bacb0068?}, 0x0, {0x18e0bd1c3560, 0x84}, {0x18e0bd1f4c02, 0x13})
	/home/advocate/Advocate/Experiments/Advocate/advocate/toolchain/fullWorkflowUnit.go:619 +0x25c
advocate/toolchain.unitTestFullWorkflow({0x18e0bae00000?, 0x2c}, {0x7ffc390320ff, 0x52}, 0x1, 0x1, 0x1, {0x18e0bd1f4c02, 0x13}, {0x18e0bd086ce0, ...}, ...)
	/home/advocate/Advocate/Experiments/Advocate/advocate/toolchain/fullWorkflowUnit.go:479 +0x625
advocate/toolchain.runWorkflowUnit({0x7ffc390320ff, 0x52}, 0x1, 0x1, 0x1, {0x18e0baf2d950, 0x84}, 0x0, {0x0, 0x0}, ...)
	/home/advocate/Advocate/Experiments/Advocate/advocate/toolchain/fullWorkflowUnit.go:171 +0x1190
advocate/toolchain.Run({0x75dd74, 0x4}, {0x18e0baf2d950, 0x84}, 0x1, 0x1, 0x1, 0x0, {0x0, 0x0}, ...)
	/home/advocate/Advocate/Experiments/Advocate/advocate/toolchain/toolchain.go:72 +0x389
advocate/fuzzing.runFuzzing({0x18e0baf2d950, 0x84}, 0x0, 0x31, 0x1)
	/home/advocate/Advocate/Experiments/Advocate/advocate/fuzzing/fuzzing.go:217 +0x57b
advocate/fuzzing.Fuzzing()
	/home/advocate/Advocate/Experiments/Advocate/advocate/fuzzing/fuzzing.go:135 +0xea5
advocate/run.modeFuzzing()
	/home/advocate/Advocate/Experiments/Advocate/advocate/run/modes.go:34 +0x5e
advocate/run.Run()
	/home/advocate/Advocate/Experiments/Advocate/advocate/run/run.go:100 +0x5b5
main.main()
	/home/advocate/Advocate/Experiments/Advocate/advocate/main.go:28 +0x1c
2026/06/05 16:30:29 [31mNot enough RAM[0m
2026/06/05 16:30:29 goroutine 17 [running]:
advocate/utils/control.printAllGoroutines()
	/home/advocate/Advocate/Experiments/Advocate/advocate/utils/control/utils.go:20 +0x3d
advocate/utils/control.cancelRAM(0x77cd50, 0x77cd48, 0x77cd58)
	/home/advocate/Advocate/Experiments/Advocate/advocate/utils/control/memory.go:109 +0x6e
advocate/utils/control.Supervisor(0x77cd50, 0x77cd48, 0x77cd58)
	/home/advocate/Advocate/Experiments/Advocate/advocate/utils/control/memory.go:79 +0x12f
created by advocate/run.Run in goroutine 1
	/home/advocate/Advocate/Experiments/Advocate/advocate/run/run.go:63 +0x26f

goroutine 1 [runnable]:
advocate/analysis/hb/clock.(*VectorClock).GetValue(...)
	/home/advocate/Advocate/Experiments/Advocate/advocate/analysis/hb/clock/vc.go:97
advocate/analysis/hb/clock.happensBefore(0x18e0d2b7ebe0, 0x18e0c93926f0)
	/home/advocate/Advocate/Experiments/Advocate/advocate/analysis/hb/clock/hb.go:27 +0x96
advocate/analysis/hb/clock.GetHappensBefore(0x18e0d2b7ebe0, 0x18e0c93926f0)
	/home/advocate/Advocate/Experiments/Advocate/advocate/analysis/hb/clock/hb.go:74 +0x34
advocate/analysis/analysis/scenarios.buildResidualGraph({0x18e0d5080000, 0x186a2, 0x18e0c4ab2b68?}, {0x18e0d524c000, 0x186a2, 0x1?})
	/home/advocate/Advocate/Experiments/Advocate/advocate/analysis/analysis/scenarios/graph.go:60 +0x49f
advocate/analysis/analysis/scenarios.CheckForUnlockBeforeLock()
	/home/advocate/Advocate/Experiments/Advocate/advocate/analysis/analysis/scenarios/unlockBeforeLock.go:75 +0x2b5
advocate/analysis/analysis.RunHBAnalysis(0x1)
	/home/advocate/Advocate/Experiments/Advocate/advocate/analysis/analysis/analysis.go:262 +0xc9b
advocate/analysis/analysis.RunAnalysis(0x1)
	/home/advocate/Advocate/Experiments/Advocate/advocate/analysis/analysis/analysis.go:63 +0x105
advocate/toolchain.runAnalyzer({0x18e0bd1ec400, 0x7a}, {0x18e0bd1f0630?, 0x6c?}, {0x18e0bd1ec480, 0x80}, {0x18e0bd1ec500, 0x7b}, 0x0, {0x18e0bd1c3560, ...}, ...)
	/home/advocate/Advocate/Experiments/Advocate/advocate/toolchain/analyzer.go:78 +0x43b
advocate/toolchain.unitTestAnalyzer({0x18e0bd1ee5b0, 0x6c}, {0x760f26?, 0x18e0bacb0068?}, 0x0, {0x18e0bd1c3560, 0x84}, {0x18e0bd1f4c02, 0x13})
	/home/advocate/Advocate/Experiments/Advocate/advocate/toolchain/fullWorkflowUnit.go:619 +0x25c
advocate/toolchain.unitTestFullWorkflow({0x18e0bae00000?, 0x2c}, {0x7ffc390320ff, 0x52}, 0x1, 0x1, 0x1, {0x18e0bd1f4c02, 0x13}, {0x18e0bd086ce0, ...}, ...)
	/home/advocate/Advocate/Experiments/Advocate/advocate/toolchain/fullWorkflowUnit.go:479 +0x625
advocate/toolchain.runWorkflowUnit({0x7ffc390320ff, 0x52}, 0x1, 0x1, 0x1, {0x18e0baf2d950, 0x84}, 0x0, {0x0, 0x0}, ...)
	/home/advocate/Advocate/Experiments/Advocate/advocate/toolchain/fullWorkflowUnit.go:171 +0x1190
advocate/toolchain.Run({0x75dd74, 0x4}, {0x18e0baf2d950, 0x84}, 0x1, 0x1, 0x1, 0x0, {0x0, 0x0}, ...)
	/home/advocate/Advocate/Experiments/Advocate/advocate/toolchain/toolchain.go:72 +0x389
advocate/fuzzing.runFuzzing({0x18e0baf2d950, 0x84}, 0x0, 0x31, 0x1)
	/home/advocate/Advocate/Experiments/Advocate/advocate/fuzzing/fuzzing.go:217 +0x57b
advocate/fuzzing.Fuzzing()
	/home/advocate/Advocate/Experiments/Advocate/advocate/fuzzing/fuzzing.go:135 +0xea5
advocate/run.modeFuzzing()
	/home/advocate/Advocate/Experiments/Advocate/advocate/run/modes.go:34 +0x5e
advocate/run.Run()
	/home/advocate/Advocate/Experiments/Advocate/advocate/run/run.go:100 +0x5b5
main.main()
	/home/advocate/Advocate/Experiments/Advocate/advocate/main.go:28 +0x1c
2026/06/05 16:30:36 [31mNot enough RAM[0m
2026/06/05 16:30:36 goroutine 17 [running]:
advocate/utils/control.printAllGoroutines()
	/home/advocate/Advocate/Experiments/Advocate/advocate/utils/control/utils.go:20 +0x3d
advocate/utils/control.cancelRAM(0x77cd50, 0x77cd48, 0x77cd58)
	/home/advocate/Advocate/Experiments/Advocate/advocate/utils/control/memory.go:109 +0x6e
advocate/utils/control.Supervisor(0x77cd50, 0x77cd48, 0x77cd58)
	/home/advocate/Advocate/Experiments/Advocate/advocate/utils/control/memory.go:79 +0x12f
created by advocate/run.Run in goroutine 1
	/home/advocate/Advocate/Experiments/Advocate/advocate/run/run.go:63 +0x26f

goroutine 1 [runnable]:
advocate/analysis/hb/clock.(*VectorClock).GetValue(...)
	/home/advocate/Advocate/Experiments/Advocate/advocate/analysis/hb/clock/vc.go:97
advocate/analysis/hb/clock.happensBefore(0x18e0c9473380, 0x18e0d0b4fbf0)
	/home/advocate/Advocate/Experiments/Advocate/advocate/analysis/hb/clock/hb.go:29 +0xe6
advocate/analysis/hb/clock.GetHappensBefore(0x18e0d0b4fbf0, 0x18e0c9473380)
	/home/advocate/Advocate/Experiments/Advocate/advocate/analysis/hb/clock/hb.go:77 +0x47
advocate/analysis/analysis/scenarios.buildResidualGraph({0x18e0d5080000, 0x186a2, 0x18e0c4ab2b68?}, {0x18e0d524c000, 0x186a2, 0x1?})
	/home/advocate/Advocate/Experiments/Advocate/advocate/analysis/analysis/scenarios/graph.go:60 +0x49f
advocate/analysis/analysis/scenarios.CheckForUnlockBeforeLock()
	/home/advocate/Advocate/Experiments/Advocate/advocate/analysis/analysis/scenarios/unlockBeforeLock.go:75 +0x2b5
advocate/analysis/analysis.RunHBAnalysis(0x1)
	/home/advocate/Advocate/Experiments/Advocate/advocate/analysis/analysis/analysis.go:262 +0xc9b
advocate/analysis/analysis.RunAnalysis(0x1)
	/home/advocate/Advocate/Experiments/Advocate/advocate/analysis/analysis/analysis.go:63 +0x105
advocate/toolchain.runAnalyzer({0x18e0bd1ec400, 0x7a}, {0x18e0bd1f0630?, 0x6c?}, {0x18e0bd1ec480, 0x80}, {0x18e0bd1ec500, 0x7b}, 0x0, {0x18e0bd1c3560, ...}, ...)
	/home/advocate/Advocate/Experiments/Advocate/advocate/toolchain/analyzer.go:78 +0x43b
advocate/toolchain.unitTestAnalyzer({0x18e0bd1ee5b0, 0x6c}, {0x760f26?, 0x18e0bacb0068?}, 0x0, {0x18e0bd1c3560, 0x84}, {0x18e0bd1f4c02, 0x13})
	/home/advocate/Advocate/Experiments/Advocate/advocate/toolchain/fullWorkflowUnit.go:619 +0x25c
advocate/toolchain.unitTestFullWorkflow({0x18e0bae00000?, 0x2c}, {0x7ffc390320ff, 0x52}, 0x1, 0x1, 0x1, {0x18e0bd1f4c02, 0x13}, {0x18e0bd086ce0, ...}, ...)
	/home/advocate/Advocate/Experiments/Advocate/advocate/toolchain/fullWorkflowUnit.go:479 +0x625
advocate/toolchain.runWorkflowUnit({0x7ffc390320ff, 0x52}, 0x1, 0x1, 0x1, {0x18e0baf2d950, 0x84}, 0x0, {0x0, 0x0}, ...)
	/home/advocate/Advocate/Experiments/Advocate/advocate/toolchain/fullWorkflowUnit.go:171 +0x1190
advocate/toolchain.Run({0x75dd74, 0x4}, {0x18e0baf2d950, 0x84}, 0x1, 0x1, 0x1, 0x0, {0x0, 0x0}, ...)
	/home/advocate/Advocate/Experiments/Advocate/advocate/toolchain/toolchain.go:72 +0x389
advocate/fuzzing.runFuzzing({0x18e0baf2d950, 0x84}, 0x0, 0x31, 0x1)
	/home/advocate/Advocate/Experiments/Advocate/advocate/fuzzing/fuzzing.go:217 +0x57b
advocate/fuzzing.Fuzzing()
	/home/advocate/Advocate/Experiments/Advocate/advocate/fuzzing/fuzzing.go:135 +0xea5
advocate/run.modeFuzzing()
	/home/advocate/Advocate/Experiments/Advocate/advocate/run/modes.go:34 +0x5e
advocate/run.Run()
	/home/advocate/Advocate/Experiments/Advocate/advocate/run/run.go:100 +0x5b5
main.main()
	/home/advocate/Advocate/Experiments/Advocate/advocate/main.go:28 +0x1c
2026/06/05 16:30:43 [31mNot enough RAM[0m
2026/06/05 16:30:43 goroutine 17 [running]:
advocate/utils/control.printAllGoroutines()
	/home/advocate/Advocate/Experiments/Advocate/advocate/utils/control/utils.go:20 +0x3d
advocate/utils/control.cancelRAM(0x77cd50, 0x77cd48, 0x77cd58)
	/home/advocate/Advocate/Experiments/Advocate/advocate/utils/control/memory.go:109 +0x6e
advocate/utils/control.Supervisor(0x77cd50, 0x77cd48, 0x77cd58)
	/home/advocate/Advocate/Experiments/Advocate/advocate/utils/control/memory.go:79 +0x12f
created by advocate/run.Run in goroutine 1
	/home/advocate/Advocate/Experiments/Advocate/advocate/run/run.go:63 +0x26f

goroutine 1 [runnable]:
advocate/analysis/hb/clock.(*VectorClock).GetValue(...)
	/home/advocate/Advocate/Experiments/Advocate/advocate/analysis/hb/clock/vc.go:97
advocate/analysis/hb/clock.happensBefore(0x18e0c953f4e0, 0x18e0c8d0bbd0)
	/home/advocate/Advocate/Experiments/Advocate/advocate/analysis/hb/clock/hb.go:27 +0x65
advocate/analysis/hb/clock.GetHappensBefore(0x18e0c8d0bbd0, 0x18e0c953f4e0)
	/home/advocate/Advocate/Experiments/Advocate/advocate/analysis/hb/clock/hb.go:77 +0x47
advocate/analysis/analysis/scenarios.buildResidualGraph({0x18e0d5080000, 0x186a2, 0x18e0c4ab2b68?}, {0x18e0d524c000, 0x186a2, 0x1?})
	/home/advocate/Advocate/Experiments/Advocate/advocate/analysis/analysis/scenarios/graph.go:60 +0x49f
advocate/analysis/analysis/scenarios.CheckForUnlockBeforeLock()
	/home/advocate/Advocate/Experiments/Advocate/advocate/analysis/analysis/scenarios/unlockBeforeLock.go:75 +0x2b5
advocate/analysis/analysis.RunHBAnalysis(0x1)
	/home/advocate/Advocate/Experiments/Advocate/advocate/analysis/analysis/analysis.go:262 +0xc9b
advocate/analysis/analysis.RunAnalysis(0x1)
	/home/advocate/Advocate/Experiments/Advocate/advocate/analysis/analysis/analysis.go:63 +0x105
advocate/toolchain.runAnalyzer({0x18e0bd1ec400, 0x7a}, {0x18e0bd1f0630?, 0x6c?}, {0x18e0bd1ec480, 0x80}, {0x18e0bd1ec500, 0x7b}, 0x0, {0x18e0bd1c3560, ...}, ...)
	/home/advocate/Advocate/Experiments/Advocate/advocate/toolchain/analyzer.go:78 +0x43b
advocate/toolchain.unitTestAnalyzer({0x18e0bd1ee5b0, 0x6c}, {0x760f26?, 0x18e0bacb0068?}, 0x0, {0x18e0bd1c3560, 0x84}, {0x18e0bd1f4c02, 0x13})
	/home/advocate/Advocate/Experiments/Advocate/advocate/toolchain/fullWorkflowUnit.go:619 +0x25c
advocate/toolchain.unitTestFullWorkflow({0x18e0bae00000?, 0x2c}, {0x7ffc390320ff, 0x52}, 0x1, 0x1, 0x1, {0x18e0bd1f4c02, 0x13}, {0x18e0bd086ce0, ...}, ...)
	/home/advocate/Advocate/Experiments/Advocate/advocate/toolchain/fullWorkflowUnit.go:479 +0x625
advocate/toolchain.runWorkflowUnit({0x7ffc390320ff, 0x52}, 0x1, 0x1, 0x1, {0x18e0baf2d950, 0x84}, 0x0, {0x0, 0x0}, ...)
	/home/advocate/Advocate/Experiments/Advocate/advocate/toolchain/fullWorkflowUnit.go:171 +0x1190
advocate/toolchain.Run({0x75dd74, 0x4}, {0x18e0baf2d950, 0x84}, 0x1, 0x1, 0x1, 0x0, {0x0, 0x0}, ...)
	/home/advocate/Advocate/Experiments/Advocate/advocate/toolchain/toolchain.go:72 +0x389
advocate/fuzzing.runFuzzing({0x18e0baf2d950, 0x84}, 0x0, 0x31, 0x1)
	/home/advocate/Advocate/Experiments/Advocate/advocate/fuzzing/fuzzing.go:217 +0x57b
advocate/fuzzing.Fuzzing()
	/home/advocate/Advocate/Experiments/Advocate/advocate/fuzzing/fuzzing.go:135 +0xea5
advocate/run.modeFuzzing()
	/home/advocate/Advocate/Experiments/Advocate/advocate/run/modes.go:34 +0x5e
advocate/run.Run()
	/home/advocate/Advocate/Experiments/Advocate/advocate/run/run.go:100 +0x5b5
main.main()
	/home/advocate/Advocate/Experiments/Advocate/advocate/main.go:28 +0x1c
2026/06/05 16:30:50 [31mNot enough RAM[0m
2026/06/05 16:30:50 goroutine 17 [running]:
advocate/utils/control.printAllGoroutines()
	/home/advocate/Advocate/Experiments/Advocate/advocate/utils/control/utils.go:20 +0x3d
advocate/utils/control.cancelRAM(0x77cd50, 0x77cd48, 0x77cd58)
	/home/advocate/Advocate/Experiments/Advocate/advocate/utils/control/memory.go:109 +0x6e
advocate/utils/control.Supervisor(0x77cd50, 0x77cd48, 0x77cd58)
	/home/advocate/Advocate/Experiments/Advocate/advocate/utils/control/memory.go:79 +0x12f
created by advocate/run.Run in goroutine 1
	/home/advocate/Advocate/Experiments/Advocate/advocate/run/run.go:63 +0x26f

goroutine 1 [runnable]:
advocate/analysis/hb/clock.(*VectorClock).GetValue(...)
	/home/advocate/Advocate/Experiments/Advocate/advocate/analysis/hb/clock/vc.go:97
advocate/analysis/hb/clock.happensBefore(0x18e0c960b6b0, 0x18e0ca8a2cb0)
	/home/advocate/Advocate/Experiments/Advocate/advocate/analysis/hb/clock/hb.go:27 +0x65
advocate/analysis/hb/clock.GetHappensBefore(0x18e0ca8a2cb0, 0x18e0c960b6b0)
	/home/advocate/Advocate/Experiments/Advocate/advocate/analysis/hb/clock/hb.go:77 +0x47
advocate/analysis/analysis/scenarios.buildResidualGraph({0x18e0d5080000, 0x186a2, 0x18e0c4ab2b68?}, {0x18e0d524c000, 0x186a2, 0x1?})
	/home/advocate/Advocate/Experiments/Advocate/advocate/analysis/analysis/scenarios/graph.go:60 +0x49f
advocate/analysis/analysis/scenarios.CheckForUnlockBeforeLock()
	/home/advocate/Advocate/Experiments/Advocate/advocate/analysis/analysis/scenarios/unlockBeforeLock.go:75 +0x2b5
advocate/analysis/analysis.RunHBAnalysis(0x1)
	/home/advocate/Advocate/Experiments/Advocate/advocate/analysis/analysis/analysis.go:262 +0xc9b
advocate/analysis/analysis.RunAnalysis(0x1)
	/home/advocate/Advocate/Experiments/Advocate/advocate/analysis/analysis/analysis.go:63 +0x105
advocate/toolchain.runAnalyzer({0x18e0bd1ec400, 0x7a}, {0x18e0bd1f0630?, 0x6c?}, {0x18e0bd1ec480, 0x80}, {0x18e0bd1ec500, 0x7b}, 0x0, {0x18e0bd1c3560, ...}, ...)
	/home/advocate/Advocate/Experiments/Advocate/advocate/toolchain/analyzer.go:78 +0x43b
advocate/toolchain.unitTestAnalyzer({0x18e0bd1ee5b0, 0x6c}, {0x760f26?, 0x18e0bacb0068?}, 0x0, {0x18e0bd1c3560, 0x84}, {0x18e0bd1f4c02, 0x13})
	/home/advocate/Advocate/Experiments/Advocate/advocate/toolchain/fullWorkflowUnit.go:619 +0x25c
advocate/toolchain.unitTestFullWorkflow({0x18e0bae00000?, 0x2c}, {0x7ffc390320ff, 0x52}, 0x1, 0x1, 0x1, {0x18e0bd1f4c02, 0x13}, {0x18e0bd086ce0, ...}, ...)
	/home/advocate/Advocate/Experiments/Advocate/advocate/toolchain/fullWorkflowUnit.go:479 +0x625
advocate/toolchain.runWorkflowUnit({0x7ffc390320ff, 0x52}, 0x1, 0x1, 0x1, {0x18e0baf2d950, 0x84}, 0x0, {0x0, 0x0}, ...)
	/home/advocate/Advocate/Experiments/Advocate/advocate/toolchain/fullWorkflowUnit.go:171 +0x1190
advocate/toolchain.Run({0x75dd74, 0x4}, {0x18e0baf2d950, 0x84}, 0x1, 0x1, 0x1, 0x0, {0x0, 0x0}, ...)
	/home/advocate/Advocate/Experiments/Advocate/advocate/toolchain/toolchain.go:72 +0x389
advocate/fuzzing.runFuzzing({0x18e0baf2d950, 0x84}, 0x0, 0x31, 0x1)
	/home/advocate/Advocate/Experiments/Advocate/advocate/fuzzing/fuzzing.go:217 +0x57b
advocate/fuzzing.Fuzzing()
	/home/advocate/Advocate/Experiments/Advocate/advocate/fuzzing/fuzzing.go:135 +0xea5
advocate/run.modeFuzzing()
	/home/advocate/Advocate/Experiments/Advocate/advocate/run/modes.go:34 +0x5e
advocate/run.Run()
	/home/advocate/Advocate/Experiments/Advocate/advocate/run/run.go:100 +0x5b5
main.main()
	/home/advocate/Advocate/Experiments/Advocate/advocate/main.go:28 +0x1c
2026/06/05 16:30:57 [31mNot enough RAM[0m
2026/06/05 16:30:57 goroutine 17 [running]:
advocate/utils/control.printAllGoroutines()
	/home/advocate/Advocate/Experiments/Advocate/advocate/utils/control/utils.go:20 +0x3d
advocate/utils/control.cancelRAM(0x77cd50, 0x77cd48, 0x77cd58)
	/home/advocate/Advocate/Experiments/Advocate/advocate/utils/control/memory.go:109 +0x6e
advocate/utils/control.Supervisor(0x77cd50, 0x77cd48, 0x77cd58)
	/home/advocate/Advocate/Experiments/Advocate/advocate/utils/control/memory.go:79 +0x12f
created by advocate/run.Run in goroutine 1
	/home/advocate/Advocate/Experiments/Advocate/advocate/run/run.go:63 +0x26f

goroutine 1 [runnable]:
advocate/analysis/hb/clock.(*VectorClock).GetValue(...)
	/home/advocate/Advocate/Experiments/Advocate/advocate/analysis/hb/clock/vc.go:97
advocate/analysis/hb/clock.happensBefore(0x18e0d27d6b90, 0x18e0c96fed90)
	/home/advocate/Advocate/Experiments/Advocate/advocate/analysis/hb/clock/hb.go:27 +0x96
advocate/analysis/hb/clock.GetHappensBefore(0x18e0d27d6b90, 0x18e0c96fed90)
	/home/advocate/Advocate/Experiments/Advocate/advocate/analysis/hb/clock/hb.go:74 +0x34
advocate/analysis/analysis/scenarios.buildResidualGraph({0x18e0d5080000, 0x186a2, 0x18e0c4ab2b68?}, {0x18e0d524c000, 0x186a2, 0x1?})
	/home/advocate/Advocate/Experiments/Advocate/advocate/analysis/analysis/scenarios/graph.go:60 +0x49f
advocate/analysis/analysis/scenarios.CheckForUnlockBeforeLock()
	/home/advocate/Advocate/Experiments/Advocate/advocate/analysis/analysis/scenarios/unlockBeforeLock.go:75 +0x2b5
advocate/analysis/analysis.RunHBAnalysis(0x1)
	/home/advocate/Advocate/Experiments/Advocate/advocate/analysis/analysis/analysis.go:262 +0xc9b
advocate/analysis/analysis.RunAnalysis(0x1)
	/home/advocate/Advocate/Experiments/Advocate/advocate/analysis/analysis/analysis.go:63 +0x105
advocate/toolchain.runAnalyzer({0x18e0bd1ec400, 0x7a}, {0x18e0bd1f0630?, 0x6c?}, {0x18e0bd1ec480, 0x80}, {0x18e0bd1ec500, 0x7b}, 0x0, {0x18e0bd1c3560, ...}, ...)
	/home/advocate/Advocate/Experiments/Advocate/advocate/toolchain/analyzer.go:78 +0x43b
advocate/toolchain.unitTestAnalyzer({0x18e0bd1ee5b0, 0x6c}, {0x760f26?, 0x18e0bacb0068?}, 0x0, {0x18e0bd1c3560, 0x84}, {0x18e0bd1f4c02, 0x13})
	/home/advocate/Advocate/Experiments/Advocate/advocate/toolchain/fullWorkflowUnit.go:619 +0x25c
advocate/toolchain.unitTestFullWorkflow({0x18e0bae00000?, 0x2c}, {0x7ffc390320ff, 0x52}, 0x1, 0x1, 0x1, {0x18e0bd1f4c02, 0x13}, {0x18e0bd086ce0, ...}, ...)
	/home/advocate/Advocate/Experiments/Advocate/advocate/toolchain/fullWorkflowUnit.go:479 +0x625
advocate/toolchain.runWorkflowUnit({0x7ffc390320ff, 0x52}, 0x1, 0x1, 0x1, {0x18e0baf2d950, 0x84}, 0x0, {0x0, 0x0}, ...)
	/home/advocate/Advocate/Experiments/Advocate/advocate/toolchain/fullWorkflowUnit.go:171 +0x1190
advocate/toolchain.Run({0x75dd74, 0x4}, {0x18e0baf2d950, 0x84}, 0x1, 0x1, 0x1, 0x0, {0x0, 0x0}, ...)
	/home/advocate/Advocate/Experiments/Advocate/advocate/toolchain/toolchain.go:72 +0x389
advocate/fuzzing.runFuzzing({0x18e0baf2d950, 0x84}, 0x0, 0x31, 0x1)
	/home/advocate/Advocate/Experiments/Advocate/advocate/fuzzing/fuzzing.go:217 +0x57b
advocate/fuzzing.Fuzzing()
	/home/advocate/Advocate/Experiments/Advocate/advocate/fuzzing/fuzzing.go:135 +0xea5
advocate/run.modeFuzzing()
	/home/advocate/Advocate/Experiments/Advocate/advocate/run/modes.go:34 +0x5e
advocate/run.Run()
	/home/advocate/Advocate/Experiments/Advocate/advocate/run/run.go:100 +0x5b5
main.main()
	/home/advocate/Advocate/Experiments/Advocate/advocate/main.go:28 +0x1c
2026/06/05 16:31:04 [31mNot enough RAM[0m
2026/06/05 16:31:04 goroutine 17 [running]:
advocate/utils/control.printAllGoroutines()
	/home/advocate/Advocate/Experiments/Advocate/advocate/utils/control/utils.go:20 +0x3d
advocate/utils/control.cancelRAM(0x77cd50, 0x77cd48, 0x77cd58)
	/home/advocate/Advocate/Experiments/Advocate/advocate/utils/control/memory.go:109 +0x6e
advocate/utils/control.Supervisor(0x77cd50, 0x77cd48, 0x77cd58)
	/home/advocate/Advocate/Experiments/Advocate/advocate/utils/control/memory.go:79 +0x12f
created by advocate/run.Run in goroutine 1
	/home/advocate/Advocate/Experiments/Advocate/advocate/run/run.go:63 +0x26f

goroutine 1 [runnable]:
advocate/analysis/hb/clock.(*VectorClock).GetValue(...)
	/home/advocate/Advocate/Experiments/Advocate/advocate/analysis/hb/clock/vc.go:97
advocate/analysis/hb/clock.happensBefore(0x18e0c97b5c60, 0x18e0d1208540)
	/home/advocate/Advocate/Experiments/Advocate/advocate/analysis/hb/clock/hb.go:29 +0xe6
advocate/analysis/hb/clock.GetHappensBefore(0x18e0d1208540, 0x18e0c97b5c60)
	/home/advocate/Advocate/Experiments/Advocate/advocate/analysis/hb/clock/hb.go:77 +0x47
advocate/analysis/analysis/scenarios.buildResidualGraph({0x18e0d5080000, 0x186a2, 0x18e0c4ab2b68?}, {0x18e0d524c000, 0x186a2, 0x1?})
	/home/advocate/Advocate/Experiments/Advocate/advocate/analysis/analysis/scenarios/graph.go:60 +0x49f
advocate/analysis/analysis/scenarios.CheckForUnlockBeforeLock()
	/home/advocate/Advocate/Experiments/Advocate/advocate/analysis/analysis/scenarios/unlockBeforeLock.go:75 +0x2b5
advocate/analysis/analysis.RunHBAnalysis(0x1)
	/home/advocate/Advocate/Experiments/Advocate/advocate/analysis/analysis/analysis.go:262 +0xc9b
advocate/analysis/analysis.RunAnalysis(0x1)
	/home/advocate/Advocate/Experiments/Advocate/advocate/analysis/analysis/analysis.go:63 +0x105
advocate/toolchain.runAnalyzer({0x18e0bd1ec400, 0x7a}, {0x18e0bd1f0630?, 0x6c?}, {0x18e0bd1ec480, 0x80}, {0x18e0bd1ec500, 0x7b}, 0x0, {0x18e0bd1c3560, ...}, ...)
	/home/advocate/Advocate/Experiments/Advocate/advocate/toolchain/analyzer.go:78 +0x43b
advocate/toolchain.unitTestAnalyzer({0x18e0bd1ee5b0, 0x6c}, {0x760f26?, 0x18e0bacb0068?}, 0x0, {0x18e0bd1c3560, 0x84}, {0x18e0bd1f4c02, 0x13})
	/home/advocate/Advocate/Experiments/Advocate/advocate/toolchain/fullWorkflowUnit.go:619 +0x25c
advocate/toolchain.unitTestFullWorkflow({0x18e0bae00000?, 0x2c}, {0x7ffc390320ff, 0x52}, 0x1, 0x1, 0x1, {0x18e0bd1f4c02, 0x13}, {0x18e0bd086ce0, ...}, ...)
	/home/advocate/Advocate/Experiments/Advocate/advocate/toolchain/fullWorkflowUnit.go:479 +0x625
advocate/toolchain.runWorkflowUnit({0x7ffc390320ff, 0x52}, 0x1, 0x1, 0x1, {0x18e0baf2d950, 0x84}, 0x0, {0x0, 0x0}, ...)
	/home/advocate/Advocate/Experiments/Advocate/advocate/toolchain/fullWorkflowUnit.go:171 +0x1190
advocate/toolchain.Run({0x75dd74, 0x4}, {0x18e0baf2d950, 0x84}, 0x1, 0x1, 0x1, 0x0, {0x0, 0x0}, ...)
	/home/advocate/Advocate/Experiments/Advocate/advocate/toolchain/toolchain.go:72 +0x389
advocate/fuzzing.runFuzzing({0x18e0baf2d950, 0x84}, 0x0, 0x31, 0x1)
	/home/advocate/Advocate/Experiments/Advocate/advocate/fuzzing/fuzzing.go:217 +0x57b
advocate/fuzzing.Fuzzing()
	/home/advocate/Advocate/Experiments/Advocate/advocate/fuzzing/fuzzing.go:135 +0xea5
advocate/run.modeFuzzing()
	/home/advocate/Advocate/Experiments/Advocate/advocate/run/modes.go:34 +0x5e
advocate/run.Run()
	/home/advocate/Advocate/Experiments/Advocate/advocate/run/run.go:100 +0x5b5
main.main()
	/home/advocate/Advocate/Experiments/Advocate/advocate/main.go:28 +0x1c
2026/06/05 16:31:11 [31mNot enough RAM[0m
2026/06/05 16:31:11 goroutine 17 [running]:
advocate/utils/control.printAllGoroutines()
	/home/advocate/Advocate/Experiments/Advocate/advocate/utils/control/utils.go:20 +0x3d
advocate/utils/control.cancelRAM(0x77cd50, 0x77cd48, 0x77cd58)
	/home/advocate/Advocate/Experiments/Advocate/advocate/utils/control/memory.go:109 +0x6e
advocate/utils/control.Supervisor(0x77cd50, 0x77cd48, 0x77cd58)
	/home/advocate/Advocate/Experiments/Advocate/advocate/utils/control/memory.go:79 +0x12f
created by advocate/run.Run in goroutine 1
	/home/advocate/Advocate/Experiments/Advocate/advocate/run/run.go:63 +0x26f

goroutine 1 [runnable]:
advocate/analysis/hb/clock.(*VectorClock).GetValue(...)
	/home/advocate/Advocate/Experiments/Advocate/advocate/analysis/hb/clock/vc.go:97
advocate/analysis/hb/clock.happensBefore(0x18e0c983a470, 0x18e0cd2e1820)
	/home/advocate/Advocate/Experiments/Advocate/advocate/analysis/hb/clock/hb.go:27 +0x96
advocate/analysis/hb/clock.GetHappensBefore(0x18e0cd2e1820, 0x18e0c983a470)
	/home/advocate/Advocate/Experiments/Advocate/advocate/analysis/hb/clock/hb.go:77 +0x47
advocate/analysis/analysis/scenarios.buildResidualGraph({0x18e0d5080000, 0x186a2, 0x18e0c4ab2b68?}, {0x18e0d524c000, 0x186a2, 0x1?})
	/home/advocate/Advocate/Experiments/Advocate/advocate/analysis/analysis/scenarios/graph.go:60 +0x49f
advocate/analysis/analysis/scenarios.CheckForUnlockBeforeLock()
	/home/advocate/Advocate/Experiments/Advocate/advocate/analysis/analysis/scenarios/unlockBeforeLock.go:75 +0x2b5
advocate/analysis/analysis.RunHBAnalysis(0x1)
	/home/advocate/Advocate/Experiments/Advocate/advocate/analysis/analysis/analysis.go:262 +0xc9b
advocate/analysis/analysis.RunAnalysis(0x1)
	/home/advocate/Advocate/Experiments/Advocate/advocate/analysis/analysis/analysis.go:63 +0x105
advocate/toolchain.runAnalyzer({0x18e0bd1ec400, 0x7a}, {0x18e0bd1f0630?, 0x6c?}, {0x18e0bd1ec480, 0x80}, {0x18e0bd1ec500, 0x7b}, 0x0, {0x18e0bd1c3560, ...}, ...)
	/home/advocate/Advocate/Experiments/Advocate/advocate/toolchain/analyzer.go:78 +0x43b
advocate/toolchain.unitTestAnalyzer({0x18e0bd1ee5b0, 0x6c}, {0x760f26?, 0x18e0bacb0068?}, 0x0, {0x18e0bd1c3560, 0x84}, {0x18e0bd1f4c02, 0x13})
	/home/advocate/Advocate/Experiments/Advocate/advocate/toolchain/fullWorkflowUnit.go:619 +0x25c
advocate/toolchain.unitTestFullWorkflow({0x18e0bae00000?, 0x2c}, {0x7ffc390320ff, 0x52}, 0x1, 0x1, 0x1, {0x18e0bd1f4c02, 0x13}, {0x18e0bd086ce0, ...}, ...)
	/home/advocate/Advocate/Experiments/Advocate/advocate/toolchain/fullWorkflowUnit.go:479 +0x625
advocate/toolchain.runWorkflowUnit({0x7ffc390320ff, 0x52}, 0x1, 0x1, 0x1, {0x18e0baf2d950, 0x84}, 0x0, {0x0, 0x0}, ...)
	/home/advocate/Advocate/Experiments/Advocate/advocate/toolchain/fullWorkflowUnit.go:171 +0x1190
advocate/toolchain.Run({0x75dd74, 0x4}, {0x18e0baf2d950, 0x84}, 0x1, 0x1, 0x1, 0x0, {0x0, 0x0}, ...)
	/home/advocate/Advocate/Experiments/Advocate/advocate/toolchain/toolchain.go:72 +0x389
advocate/fuzzing.runFuzzing({0x18e0baf2d950, 0x84}, 0x0, 0x31, 0x1)
	/home/advocate/Advocate/Experiments/Advocate/advocate/fuzzing/fuzzing.go:217 +0x57b
advocate/fuzzing.Fuzzing()
	/home/advocate/Advocate/Experiments/Advocate/advocate/fuzzing/fuzzing.go:135 +0xea5
advocate/run.modeFuzzing()
	/home/advocate/Advocate/Experiments/Advocate/advocate/run/modes.go:34 +0x5e
advocate/run.Run()
	/home/advocate/Advocate/Experiments/Advocate/advocate/run/run.go:100 +0x5b5
main.main()
	/home/advocate/Advocate/Experiments/Advocate/advocate/main.go:28 +0x1c
2026/06/05 16:31:18 [31mNot enough RAM[0m
2026/06/05 16:31:18 goroutine 17 [running]:
advocate/utils/control.printAllGoroutines()
	/home/advocate/Advocate/Experiments/Advocate/advocate/utils/control/utils.go:20 +0x3d
advocate/utils/control.cancelRAM(0x77cd50, 0x77cd48, 0x77cd58)
	/home/advocate/Advocate/Experiments/Advocate/advocate/utils/control/memory.go:109 +0x6e
advocate/utils/control.Supervisor(0x77cd50, 0x77cd48, 0x77cd58)
	/home/advocate/Advocate/Experiments/Advocate/advocate/utils/control/memory.go:79 +0x12f
created by advocate/run.Run in goroutine 1
	/home/advocate/Advocate/Experiments/Advocate/advocate/run/run.go:63 +0x26f

goroutine 1 [runnable]:
advocate/analysis/hb/clock.(*VectorClock).GetValue(...)
	/home/advocate/Advocate/Experiments/Advocate/advocate/analysis/hb/clock/vc.go:93
advocate/analysis/hb/clock.happensBefore(0x18e0c989a5d0, 0x18e0d23e4460)
	/home/advocate/Advocate/Experiments/Advocate/advocate/analysis/hb/clock/hb.go:29 +0xc8
advocate/analysis/hb/clock.GetHappensBefore(0x18e0d23e4460, 0x18e0c989a5d0)
	/home/advocate/Advocate/Experiments/Advocate/advocate/analysis/hb/clock/hb.go:77 +0x47
advocate/analysis/analysis/scenarios.buildResidualGraph({0x18e0d5080000, 0x186a2, 0x18e0c4ab2b68?}, {0x18e0d524c000, 0x186a2, 0x1?})
	/home/advocate/Advocate/Experiments/Advocate/advocate/analysis/analysis/scenarios/graph.go:60 +0x49f
advocate/analysis/analysis/scenarios.CheckForUnlockBeforeLock()
	/home/advocate/Advocate/Experiments/Advocate/advocate/analysis/analysis/scenarios/unlockBeforeLock.go:75 +0x2b5
advocate/analysis/analysis.RunHBAnalysis(0x1)
	/home/advocate/Advocate/Experiments/Advocate/advocate/analysis/analysis/analysis.go:262 +0xc9b
advocate/analysis/analysis.RunAnalysis(0x1)
	/home/advocate/Advocate/Experiments/Advocate/advocate/analysis/analysis/analysis.go:63 +0x105
advocate/toolchain.runAnalyzer({0x18e0bd1ec400, 0x7a}, {0x18e0bd1f0630?, 0x6c?}, {0x18e0bd1ec480, 0x80}, {0x18e0bd1ec500, 0x7b}, 0x0, {0x18e0bd1c3560, ...}, ...)
	/home/advocate/Advocate/Experiments/Advocate/advocate/toolchain/analyzer.go:78 +0x43b
advocate/toolchain.unitTestAnalyzer({0x18e0bd1ee5b0, 0x6c}, {0x760f26?, 0x18e0bacb0068?}, 0x0, {0x18e0bd1c3560, 0x84}, {0x18e0bd1f4c02, 0x13})
	/home/advocate/Advocate/Experiments/Advocate/advocate/toolchain/fullWorkflowUnit.go:619 +0x25c
advocate/toolchain.unitTestFullWorkflow({0x18e0bae00000?, 0x2c}, {0x7ffc390320ff, 0x52}, 0x1, 0x1, 0x1, {0x18e0bd1f4c02, 0x13}, {0x18e0bd086ce0, ...}, ...)
	/home/advocate/Advocate/Experiments/Advocate/advocate/toolchain/fullWorkflowUnit.go:479 +0x625
advocate/toolchain.runWorkflowUnit({0x7ffc390320ff, 0x52}, 0x1, 0x1, 0x1, {0x18e0baf2d950, 0x84}, 0x0, {0x0, 0x0}, ...)
	/home/advocate/Advocate/Experiments/Advocate/advocate/toolchain/fullWorkflowUnit.go:171 +0x1190
advocate/toolchain.Run({0x75dd74, 0x4}, {0x18e0baf2d950, 0x84}, 0x1, 0x1, 0x1, 0x0, {0x0, 0x0}, ...)
	/home/advocate/Advocate/Experiments/Advocate/advocate/toolchain/toolchain.go:72 +0x389
advocate/fuzzing.runFuzzing({0x18e0baf2d950, 0x84}, 0x0, 0x31, 0x1)
	/home/advocate/Advocate/Experiments/Advocate/advocate/fuzzing/fuzzing.go:217 +0x57b
advocate/fuzzing.Fuzzing()
	/home/advocate/Advocate/Experiments/Advocate/advocate/fuzzing/fuzzing.go:135 +0xea5
advocate/run.modeFuzzing()
	/home/advocate/Advocate/Experiments/Advocate/advocate/run/modes.go:34 +0x5e
advocate/run.Run()
	/home/advocate/Advocate/Experiments/Advocate/advocate/run/run.go:100 +0x5b5
main.main()
	/home/advocate/Advocate/Experiments/Advocate/advocate/main.go:28 +0x1c
2026/06/05 16:31:25 [31mNot enough RAM[0m
2026/06/05 16:31:25 goroutine 17 [running]:
advocate/utils/control.printAllGoroutines()
	/home/advocate/Advocate/Experiments/Advocate/advocate/utils/control/utils.go:20 +0x3d
advocate/utils/control.cancelRAM(0x77cd50, 0x77cd48, 0x77cd58)
	/home/advocate/Advocate/Experiments/Advocate/advocate/utils/control/memory.go:109 +0x6e
advocate/utils/control.Supervisor(0x77cd50, 0x77cd48, 0x77cd58)
	/home/advocate/Advocate/Experiments/Advocate/advocate/utils/control/memory.go:79 +0x12f
created by advocate/run.Run in goroutine 1
	/home/advocate/Advocate/Experiments/Advocate/advocate/run/run.go:63 +0x26f

goroutine 1 [runnable]:
advocate/analysis/hb/clock.(*VectorClock).GetValue(...)
	/home/advocate/Advocate/Experiments/Advocate/advocate/analysis/hb/clock/vc.go:97
advocate/analysis/hb/clock.happensBefore(0x18e0c8bfdc50, 0x18e0c99d41c0)
	/home/advocate/Advocate/Experiments/Advocate/advocate/analysis/hb/clock/hb.go:27 +0x96
advocate/analysis/hb/clock.GetHappensBefore(0x18e0c8bfdc50, 0x18e0c99d41c0)
	/home/advocate/Advocate/Experiments/Advocate/advocate/analysis/hb/clock/hb.go:74 +0x34
advocate/analysis/analysis/scenarios.buildResidualGraph({0x18e0d5080000, 0x186a2, 0x18e0c4ab2b68?}, {0x18e0d524c000, 0x186a2, 0x1?})
	/home/advocate/Advocate/Experiments/Advocate/advocate/analysis/analysis/scenarios/graph.go:60 +0x49f
advocate/analysis/analysis/scenarios.CheckForUnlockBeforeLock()
	/home/advocate/Advocate/Experiments/Advocate/advocate/analysis/analysis/scenarios/unlockBeforeLock.go:75 +0x2b5
advocate/analysis/analysis.RunHBAnalysis(0x1)
	/home/advocate/Advocate/Experiments/Advocate/advocate/analysis/analysis/analysis.go:262 +0xc9b
advocate/analysis/analysis.RunAnalysis(0x1)
	/home/advocate/Advocate/Experiments/Advocate/advocate/analysis/analysis/analysis.go:63 +0x105
advocate/toolchain.runAnalyzer({0x18e0bd1ec400, 0x7a}, {0x18e0bd1f0630?, 0x6c?}, {0x18e0bd1ec480, 0x80}, {0x18e0bd1ec500, 0x7b}, 0x0, {0x18e0bd1c3560, ...}, ...)
	/home/advocate/Advocate/Experiments/Advocate/advocate/toolchain/analyzer.go:78 +0x43b
advocate/toolchain.unitTestAnalyzer({0x18e0bd1ee5b0, 0x6c}, {0x760f26?, 0x18e0bacb0068?}, 0x0, {0x18e0bd1c3560, 0x84}, {0x18e0bd1f4c02, 0x13})
	/home/advocate/Advocate/Experiments/Advocate/advocate/toolchain/fullWorkflowUnit.go:619 +0x25c
advocate/toolchain.unitTestFullWorkflow({0x18e0bae00000?, 0x2c}, {0x7ffc390320ff, 0x52}, 0x1, 0x1, 0x1, {0x18e0bd1f4c02, 0x13}, {0x18e0bd086ce0, ...}, ...)
	/home/advocate/Advocate/Experiments/Advocate/advocate/toolchain/fullWorkflowUnit.go:479 +0x625
advocate/toolchain.runWorkflowUnit({0x7ffc390320ff, 0x52}, 0x1, 0x1, 0x1, {0x18e0baf2d950, 0x84}, 0x0, {0x0, 0x0}, ...)
	/home/advocate/Advocate/Experiments/Advocate/advocate/toolchain/fullWorkflowUnit.go:171 +0x1190
advocate/toolchain.Run({0x75dd74, 0x4}, {0x18e0baf2d950, 0x84}, 0x1, 0x1, 0x1, 0x0, {0x0, 0x0}, ...)
	/home/advocate/Advocate/Experiments/Advocate/advocate/toolchain/toolchain.go:72 +0x389
advocate/fuzzing.runFuzzing({0x18e0baf2d950, 0x84}, 0x0, 0x31, 0x1)
	/home/advocate/Advocate/Experiments/Advocate/advocate/fuzzing/fuzzing.go:217 +0x57b
advocate/fuzzing.Fuzzing()
	/home/advocate/Advocate/Experiments/Advocate/advocate/fuzzing/fuzzing.go:135 +0xea5
advocate/run.modeFuzzing()
	/home/advocate/Advocate/Experiments/Advocate/advocate/run/modes.go:34 +0x5e
advocate/run.Run()
	/home/advocate/Advocate/Experiments/Advocate/advocate/run/run.go:100 +0x5b5
main.main()
	/home/advocate/Advocate/Experiments/Advocate/advocate/main.go:28 +0x1c
2026/06/05 16:31:33 [31mNot enough RAM[0m
2026/06/05 16:31:33 goroutine 17 [running]:
advocate/utils/control.printAllGoroutines()
	/home/advocate/Advocate/Experiments/Advocate/advocate/utils/control/utils.go:20 +0x3d
advocate/utils/control.cancelRAM(0x77cd50, 0x77cd48, 0x77cd58)
	/home/advocate/Advocate/Experiments/Advocate/advocate/utils/control/memory.go:109 +0x6e
advocate/utils/control.Supervisor(0x77cd50, 0x77cd48, 0x77cd58)
	/home/advocate/Advocate/Experiments/Advocate/advocate/utils/control/memory.go:79 +0x12f
created by advocate/run.Run in goroutine 1
	/home/advocate/Advocate/Experiments/Advocate/advocate/run/run.go:63 +0x26f

goroutine 1 [runnable]:
advocate/analysis/hb/clock.(*VectorClock).GetValue(...)
	/home/advocate/Advocate/Experiments/Advocate/advocate/analysis/hb/clock/vc.go:97
advocate/analysis/hb/clock.happensBefore(0x18e0c9a77d90, 0x18e0c6751d50)
	/home/advocate/Advocate/Experiments/Advocate/advocate/analysis/hb/clock/hb.go:27 +0x65
advocate/analysis/hb/clock.GetHappensBefore(0x18e0c6751d50, 0x18e0c9a77d90)
	/home/advocate/Advocate/Experiments/Advocate/advocate/analysis/hb/clock/hb.go:77 +0x47
advocate/analysis/analysis/scenarios.buildResidualGraph({0x18e0d5080000, 0x186a2, 0x18e0c4ab2b68?}, {0x18e0d524c000, 0x186a2, 0x1?})
	/home/advocate/Advocate/Experiments/Advocate/advocate/analysis/analysis/scenarios/graph.go:60 +0x49f
advocate/analysis/analysis/scenarios.CheckForUnlockBeforeLock()
	/home/advocate/Advocate/Experiments/Advocate/advocate/analysis/analysis/scenarios/unlockBeforeLock.go:75 +0x2b5
advocate/analysis/analysis.RunHBAnalysis(0x1)
	/home/advocate/Advocate/Experiments/Advocate/advocate/analysis/analysis/analysis.go:262 +0xc9b
advocate/analysis/analysis.RunAnalysis(0x1)
	/home/advocate/Advocate/Experiments/Advocate/advocate/analysis/analysis/analysis.go:63 +0x105
advocate/toolchain.runAnalyzer({0x18e0bd1ec400, 0x7a}, {0x18e0bd1f0630?, 0x6c?}, {0x18e0bd1ec480, 0x80}, {0x18e0bd1ec500, 0x7b}, 0x0, {0x18e0bd1c3560, ...}, ...)
	/home/advocate/Advocate/Experiments/Advocate/advocate/toolchain/analyzer.go:78 +0x43b
advocate/toolchain.unitTestAnalyzer({0x18e0bd1ee5b0, 0x6c}, {0x760f26?, 0x18e0bacb0068?}, 0x0, {0x18e0bd1c3560, 0x84}, {0x18e0bd1f4c02, 0x13})
	/home/advocate/Advocate/Experiments/Advocate/advocate/toolchain/fullWorkflowUnit.go:619 +0x25c
advocate/toolchain.unitTestFullWorkflow({0x18e0bae00000?, 0x2c}, {0x7ffc390320ff, 0x52}, 0x1, 0x1, 0x1, {0x18e0bd1f4c02, 0x13}, {0x18e0bd086ce0, ...}, ...)
	/home/advocate/Advocate/Experiments/Advocate/advocate/toolchain/fullWorkflowUnit.go:479 +0x625
advocate/toolchain.runWorkflowUnit({0x7ffc390320ff, 0x52}, 0x1, 0x1, 0x1, {0x18e0baf2d950, 0x84}, 0x0, {0x0, 0x0}, ...)
	/home/advocate/Advocate/Experiments/Advocate/advocate/toolchain/fullWorkflowUnit.go:171 +0x1190
advocate/toolchain.Run({0x75dd74, 0x4}, {0x18e0baf2d950, 0x84}, 0x1, 0x1, 0x1, 0x0, {0x0, 0x0}, ...)
	/home/advocate/Advocate/Experiments/Advocate/advocate/toolchain/toolchain.go:72 +0x389
advocate/fuzzing.runFuzzing({0x18e0baf2d950, 0x84}, 0x0, 0x31, 0x1)
	/home/advocate/Advocate/Experiments/Advocate/advocate/fuzzing/fuzzing.go:217 +0x57b
advocate/fuzzing.Fuzzing()
	/home/advocate/Advocate/Experiments/Advocate/advocate/fuzzing/fuzzing.go:135 +0xea5
advocate/run.modeFuzzing()
	/home/advocate/Advocate/Experiments/Advocate/advocate/run/modes.go:34 +0x5e
advocate/run.Run()
	/home/advocate/Advocate/Experiments/Advocate/advocate/run/run.go:100 +0x5b5
main.main()
	/home/advocate/Advocate/Experiments/Advocate/advocate/main.go:28 +0x1c
2026/06/05 16:31:40 [31mNot enough RAM[0m
2026/06/05 16:31:40 goroutine 17 [running]:
advocate/utils/control.printAllGoroutines()
	/home/advocate/Advocate/Experiments/Advocate/advocate/utils/control/utils.go:20 +0x3d
advocate/utils/control.cancelRAM(0x77cd50, 0x77cd48, 0x77cd58)
	/home/advocate/Advocate/Experiments/Advocate/advocate/utils/control/memory.go:109 +0x6e
advocate/utils/control.Supervisor(0x77cd50, 0x77cd48, 0x77cd58)
	/home/advocate/Advocate/Experiments/Advocate/advocate/utils/control/memory.go:79 +0x12f
created by advocate/run.Run in goroutine 1
	/home/advocate/Advocate/Experiments/Advocate/advocate/run/run.go:63 +0x26f

goroutine 1 [runnable]:
advocate/analysis/hb/clock.(*VectorClock).GetValue(...)
	/home/advocate/Advocate/Experiments/Advocate/advocate/analysis/hb/clock/vc.go:97
advocate/analysis/hb/clock.happensBefore(0x18e0c9b585c0, 0x18e0d16ec320)
	/home/advocate/Advocate/Experiments/Advocate/advocate/analysis/hb/clock/hb.go:27 +0x65
advocate/analysis/hb/clock.GetHappensBefore(0x18e0d16ec320, 0x18e0c9b585c0)
	/home/advocate/Advocate/Experiments/Advocate/advocate/analysis/hb/clock/hb.go:77 +0x47
advocate/analysis/analysis/scenarios.buildResidualGraph({0x18e0d5080000, 0x186a2, 0x18e0c4ab2b68?}, {0x18e0d524c000, 0x186a2, 0x1?})
	/home/advocate/Advocate/Experiments/Advocate/advocate/analysis/analysis/scenarios/graph.go:60 +0x49f
advocate/analysis/analysis/scenarios.CheckForUnlockBeforeLock()
	/home/advocate/Advocate/Experiments/Advocate/advocate/analysis/analysis/scenarios/unlockBeforeLock.go:75 +0x2b5
advocate/analysis/analysis.RunHBAnalysis(0x1)
	/home/advocate/Advocate/Experiments/Advocate/advocate/analysis/analysis/analysis.go:262 +0xc9b
advocate/analysis/analysis.RunAnalysis(0x1)
	/home/advocate/Advocate/Experiments/Advocate/advocate/analysis/analysis/analysis.go:63 +0x105
advocate/toolchain.runAnalyzer({0x18e0bd1ec400, 0x7a}, {0x18e0bd1f0630?, 0x6c?}, {0x18e0bd1ec480, 0x80}, {0x18e0bd1ec500, 0x7b}, 0x0, {0x18e0bd1c3560, ...}, ...)
	/home/advocate/Advocate/Experiments/Advocate/advocate/toolchain/analyzer.go:78 +0x43b
advocate/toolchain.unitTestAnalyzer({0x18e0bd1ee5b0, 0x6c}, {0x760f26?, 0x18e0bacb0068?}, 0x0, {0x18e0bd1c3560, 0x84}, {0x18e0bd1f4c02, 0x13})
	/home/advocate/Advocate/Experiments/Advocate/advocate/toolchain/fullWorkflowUnit.go:619 +0x25c
advocate/toolchain.unitTestFullWorkflow({0x18e0bae00000?, 0x2c}, {0x7ffc390320ff, 0x52}, 0x1, 0x1, 0x1, {0x18e0bd1f4c02, 0x13}, {0x18e0bd086ce0, ...}, ...)
	/home/advocate/Advocate/Experiments/Advocate/advocate/toolchain/fullWorkflowUnit.go:479 +0x625
advocate/toolchain.runWorkflowUnit({0x7ffc390320ff, 0x52}, 0x1, 0x1, 0x1, {0x18e0baf2d950, 0x84}, 0x0, {0x0, 0x0}, ...)
	/home/advocate/Advocate/Experiments/Advocate/advocate/toolchain/fullWorkflowUnit.go:171 +0x1190
advocate/toolchain.Run({0x75dd74, 0x4}, {0x18e0baf2d950, 0x84}, 0x1, 0x1, 0x1, 0x0, {0x0, 0x0}, ...)
	/home/advocate/Advocate/Experiments/Advocate/advocate/toolchain/toolchain.go:72 +0x389
advocate/fuzzing.runFuzzing({0x18e0baf2d950, 0x84}, 0x0, 0x31, 0x1)
	/home/advocate/Advocate/Experiments/Advocate/advocate/fuzzing/fuzzing.go:217 +0x57b
advocate/fuzzing.Fuzzing()
	/home/advocate/Advocate/Experiments/Advocate/advocate/fuzzing/fuzzing.go:135 +0xea5
advocate/run.modeFuzzing()
	/home/advocate/Advocate/Experiments/Advocate/advocate/run/modes.go:34 +0x5e
advocate/run.Run()
	/home/advocate/Advocate/Experiments/Advocate/advocate/run/run.go:100 +0x5b5
main.main()
	/home/advocate/Advocate/Experiments/Advocate/advocate/main.go:28 +0x1c
2026/06/05 16:31:47 [31mNot enough RAM[0m
2026/06/05 16:31:47 goroutine 17 [running]:
advocate/utils/control.printAllGoroutines()
	/home/advocate/Advocate/Experiments/Advocate/advocate/utils/control/utils.go:20 +0x3d
advocate/utils/control.cancelRAM(0x77cd50, 0x77cd48, 0x77cd58)
	/home/advocate/Advocate/Experiments/Advocate/advocate/utils/control/memory.go:109 +0x6e
advocate/utils/control.Supervisor(0x77cd50, 0x77cd48, 0x77cd58)
	/home/advocate/Advocate/Experiments/Advocate/advocate/utils/control/memory.go:79 +0x12f
created by advocate/run.Run in goroutine 1
	/home/advocate/Advocate/Experiments/Advocate/advocate/run/run.go:63 +0x26f

goroutine 1 [runnable]:
advocate/analysis/hb/clock.(*VectorClock).GetValue(...)
	/home/advocate/Advocate/Experiments/Advocate/advocate/analysis/hb/clock/vc.go:97
advocate/analysis/hb/clock.happensBefore(0x18e0c9c37280, 0x18e0c6a9fc90)
	/home/advocate/Advocate/Experiments/Advocate/advocate/analysis/hb/clock/hb.go:29 +0x130
advocate/analysis/hb/clock.GetHappensBefore(0x18e0c6a9fc90, 0x18e0c9c37280)
	/home/advocate/Advocate/Experiments/Advocate/advocate/analysis/hb/clock/hb.go:77 +0x47
advocate/analysis/analysis/scenarios.buildResidualGraph({0x18e0d5080000, 0x186a2, 0x18e0c4ab2b68?}, {0x18e0d524c000, 0x186a2, 0x1?})
	/home/advocate/Advocate/Experiments/Advocate/advocate/analysis/analysis/scenarios/graph.go:60 +0x49f
advocate/analysis/analysis/scenarios.CheckForUnlockBeforeLock()
	/home/advocate/Advocate/Experiments/Advocate/advocate/analysis/analysis/scenarios/unlockBeforeLock.go:75 +0x2b5
advocate/analysis/analysis.RunHBAnalysis(0x1)
	/home/advocate/Advocate/Experiments/Advocate/advocate/analysis/analysis/analysis.go:262 +0xc9b
advocate/analysis/analysis.RunAnalysis(0x1)
	/home/advocate/Advocate/Experiments/Advocate/advocate/analysis/analysis/analysis.go:63 +0x105
advocate/toolchain.runAnalyzer({0x18e0bd1ec400, 0x7a}, {0x18e0bd1f0630?, 0x6c?}, {0x18e0bd1ec480, 0x80}, {0x18e0bd1ec500, 0x7b}, 0x0, {0x18e0bd1c3560, ...}, ...)
	/home/advocate/Advocate/Experiments/Advocate/advocate/toolchain/analyzer.go:78 +0x43b
advocate/toolchain.unitTestAnalyzer({0x18e0bd1ee5b0, 0x6c}, {0x760f26?, 0x18e0bacb0068?}, 0x0, {0x18e0bd1c3560, 0x84}, {0x18e0bd1f4c02, 0x13})
	/home/advocate/Advocate/Experiments/Advocate/advocate/toolchain/fullWorkflowUnit.go:619 +0x25c
advocate/toolchain.unitTestFullWorkflow({0x18e0bae00000?, 0x2c}, {0x7ffc390320ff, 0x52}, 0x1, 0x1, 0x1, {0x18e0bd1f4c02, 0x13}, {0x18e0bd086ce0, ...}, ...)
	/home/advocate/Advocate/Experiments/Advocate/advocate/toolchain/fullWorkflowUnit.go:479 +0x625
advocate/toolchain.runWorkflowUnit({0x7ffc390320ff, 0x52}, 0x1, 0x1, 0x1, {0x18e0baf2d950, 0x84}, 0x0, {0x0, 0x0}, ...)
	/home/advocate/Advocate/Experiments/Advocate/advocate/toolchain/fullWorkflowUnit.go:171 +0x1190
advocate/toolchain.Run({0x75dd74, 0x4}, {0x18e0baf2d950, 0x84}, 0x1, 0x1, 0x1, 0x0, {0x0, 0x0}, ...)
	/home/advocate/Advocate/Experiments/Advocate/advocate/toolchain/toolchain.go:72 +0x389
advocate/fuzzing.runFuzzing({0x18e0baf2d950, 0x84}, 0x0, 0x31, 0x1)
	/home/advocate/Advocate/Experiments/Advocate/advocate/fuzzing/fuzzing.go:217 +0x57b
advocate/fuzzing.Fuzzing()
	/home/advocate/Advocate/Experiments/Advocate/advocate/fuzzing/fuzzing.go:135 +0xea5
advocate/run.modeFuzzing()
	/home/advocate/Advocate/Experiments/Advocate/advocate/run/modes.go:34 +0x5e
advocate/run.Run()
	/home/advocate/Advocate/Experiments/Advocate/advocate/run/run.go:100 +0x5b5
main.main()
	/home/advocate/Advocate/Experiments/Advocate/advocate/main.go:28 +0x1c
2026/06/05 16:31:54 [31mNot enough RAM[0m
2026/06/05 16:31:54 goroutine 17 [running]:
advocate/utils/control.printAllGoroutines()
	/home/advocate/Advocate/Experiments/Advocate/advocate/utils/control/utils.go:20 +0x3d
advocate/utils/control.cancelRAM(0x77cd50, 0x77cd48, 0x77cd58)
	/home/advocate/Advocate/Experiments/Advocate/advocate/utils/control/memory.go:109 +0x6e
advocate/utils/control.Supervisor(0x77cd50, 0x77cd48, 0x77cd58)
	/home/advocate/Advocate/Experiments/Advocate/advocate/utils/control/memory.go:79 +0x12f
created by advocate/run.Run in goroutine 1
	/home/advocate/Advocate/Experiments/Advocate/advocate/run/run.go:63 +0x26f

goroutine 1 [runnable]:
advocate/analysis/hb/clock.(*VectorClock).GetValue(...)
	/home/advocate/Advocate/Experiments/Advocate/advocate/analysis/hb/clock/vc.go:97
advocate/analysis/hb/clock.happensBefore(0x18e0c908b000, 0x18e0c9cfeb20)
	/home/advocate/Advocate/Experiments/Advocate/advocate/analysis/hb/clock/hb.go:27 +0x96
advocate/analysis/hb/clock.GetHappensBefore(0x18e0c908b000, 0x18e0c9cfeb20)
	/home/advocate/Advocate/Experiments/Advocate/advocate/analysis/hb/clock/hb.go:74 +0x34
advocate/analysis/analysis/scenarios.buildResidualGraph({0x18e0d5080000, 0x186a2, 0x18e0c4ab2b68?}, {0x18e0d524c000, 0x186a2, 0x1?})
	/home/advocate/Advocate/Experiments/Advocate/advocate/analysis/analysis/scenarios/graph.go:60 +0x49f
advocate/analysis/analysis/scenarios.CheckForUnlockBeforeLock()
	/home/advocate/Advocate/Experiments/Advocate/advocate/analysis/analysis/scenarios/unlockBeforeLock.go:75 +0x2b5
advocate/analysis/analysis.RunHBAnalysis(0x1)
	/home/advocate/Advocate/Experiments/Advocate/advocate/analysis/analysis/analysis.go:262 +0xc9b
advocate/analysis/analysis.RunAnalysis(0x1)
	/home/advocate/Advocate/Experiments/Advocate/advocate/analysis/analysis/analysis.go:63 +0x105
advocate/toolchain.runAnalyzer({0x18e0bd1ec400, 0x7a}, {0x18e0bd1f0630?, 0x6c?}, {0x18e0bd1ec480, 0x80}, {0x18e0bd1ec500, 0x7b}, 0x0, {0x18e0bd1c3560, ...}, ...)
	/home/advocate/Advocate/Experiments/Advocate/advocate/toolchain/analyzer.go:78 +0x43b
advocate/toolchain.unitTestAnalyzer({0x18e0bd1ee5b0, 0x6c}, {0x760f26?, 0x18e0bacb0068?}, 0x0, {0x18e0bd1c3560, 0x84}, {0x18e0bd1f4c02, 0x13})
	/home/advocate/Advocate/Experiments/Advocate/advocate/toolchain/fullWorkflowUnit.go:619 +0x25c
advocate/toolchain.unitTestFullWorkflow({0x18e0bae00000?, 0x2c}, {0x7ffc390320ff, 0x52}, 0x1, 0x1, 0x1, {0x18e0bd1f4c02, 0x13}, {0x18e0bd086ce0, ...}, ...)
	/home/advocate/Advocate/Experiments/Advocate/advocate/toolchain/fullWorkflowUnit.go:479 +0x625
advocate/toolchain.runWorkflowUnit({0x7ffc390320ff, 0x52}, 0x1, 0x1, 0x1, {0x18e0baf2d950, 0x84}, 0x0, {0x0, 0x0}, ...)
	/home/advocate/Advocate/Experiments/Advocate/advocate/toolchain/fullWorkflowUnit.go:171 +0x1190
advocate/toolchain.Run({0x75dd74, 0x4}, {0x18e0baf2d950, 0x84}, 0x1, 0x1, 0x1, 0x0, {0x0, 0x0}, ...)
	/home/advocate/Advocate/Experiments/Advocate/advocate/toolchain/toolchain.go:72 +0x389
advocate/fuzzing.runFuzzing({0x18e0baf2d950, 0x84}, 0x0, 0x31, 0x1)
	/home/advocate/Advocate/Experiments/Advocate/advocate/fuzzing/fuzzing.go:217 +0x57b
advocate/fuzzing.Fuzzing()
	/home/advocate/Advocate/Experiments/Advocate/advocate/fuzzing/fuzzing.go:135 +0xea5
advocate/run.modeFuzzing()
	/home/advocate/Advocate/Experiments/Advocate/advocate/run/modes.go:34 +0x5e
advocate/run.Run()
	/home/advocate/Advocate/Experiments/Advocate/advocate/run/run.go:100 +0x5b5
main.main()
	/home/advocate/Advocate/Experiments/Advocate/advocate/main.go:28 +0x1c
2026/06/05 16:32:01 [31mNot enough RAM[0m
2026/06/05 16:32:01 goroutine 17 [running]:
advocate/utils/control.printAllGoroutines()
	/home/advocate/Advocate/Experiments/Advocate/advocate/utils/control/utils.go:20 +0x3d
advocate/utils/control.cancelRAM(0x77cd50, 0x77cd48, 0x77cd58)
	/home/advocate/Advocate/Experiments/Advocate/advocate/utils/control/memory.go:109 +0x6e
advocate/utils/control.Supervisor(0x77cd50, 0x77cd48, 0x77cd58)
	/home/advocate/Advocate/Experiments/Advocate/advocate/utils/control/memory.go:79 +0x12f
created by advocate/run.Run in goroutine 1
	/home/advocate/Advocate/Experiments/Advocate/advocate/run/run.go:63 +0x26f

goroutine 1 [runnable]:
advocate/analysis/hb/clock.(*VectorClock).GetValue(...)
	/home/advocate/Advocate/Experiments/Advocate/advocate/analysis/hb/clock/vc.go:97
advocate/analysis/hb/clock.happensBefore(0x18e0c8d2e550, 0x18e0c9ddf950)
	/home/advocate/Advocate/Experiments/Advocate/advocate/analysis/hb/clock/hb.go:27 +0x96
advocate/analysis/hb/clock.GetHappensBefore(0x18e0c8d2e550, 0x18e0c9ddf950)
	/home/advocate/Advocate/Experiments/Advocate/advocate/analysis/hb/clock/hb.go:74 +0x34
advocate/analysis/analysis/scenarios.buildResidualGraph({0x18e0d5080000, 0x186a2, 0x18e0c4ab2b68?}, {0x18e0d524c000, 0x186a2, 0x1?})
	/home/advocate/Advocate/Experiments/Advocate/advocate/analysis/analysis/scenarios/graph.go:60 +0x49f
advocate/analysis/analysis/scenarios.CheckForUnlockBeforeLock()
	/home/advocate/Advocate/Experiments/Advocate/advocate/analysis/analysis/scenarios/unlockBeforeLock.go:75 +0x2b5
advocate/analysis/analysis.RunHBAnalysis(0x1)
	/home/advocate/Advocate/Experiments/Advocate/advocate/analysis/analysis/analysis.go:262 +0xc9b
advocate/analysis/analysis.RunAnalysis(0x1)
	/home/advocate/Advocate/Experiments/Advocate/advocate/analysis/analysis/analysis.go:63 +0x105
advocate/toolchain.runAnalyzer({0x18e0bd1ec400, 0x7a}, {0x18e0bd1f0630?, 0x6c?}, {0x18e0bd1ec480, 0x80}, {0x18e0bd1ec500, 0x7b}, 0x0, {0x18e0bd1c3560, ...}, ...)
	/home/advocate/Advocate/Experiments/Advocate/advocate/toolchain/analyzer.go:78 +0x43b
advocate/toolchain.unitTestAnalyzer({0x18e0bd1ee5b0, 0x6c}, {0x760f26?, 0x18e0bacb0068?}, 0x0, {0x18e0bd1c3560, 0x84}, {0x18e0bd1f4c02, 0x13})
	/home/advocate/Advocate/Experiments/Advocate/advocate/toolchain/fullWorkflowUnit.go:619 +0x25c
advocate/toolchain.unitTestFullWorkflow({0x18e0bae00000?, 0x2c}, {0x7ffc390320ff, 0x52}, 0x1, 0x1, 0x1, {0x18e0bd1f4c02, 0x13}, {0x18e0bd086ce0, ...}, ...)
	/home/advocate/Advocate/Experiments/Advocate/advocate/toolchain/fullWorkflowUnit.go:479 +0x625
advocate/toolchain.runWorkflowUnit({0x7ffc390320ff, 0x52}, 0x1, 0x1, 0x1, {0x18e0baf2d950, 0x84}, 0x0, {0x0, 0x0}, ...)
	/home/advocate/Advocate/Experiments/Advocate/advocate/toolchain/fullWorkflowUnit.go:171 +0x1190
advocate/toolchain.Run({0x75dd74, 0x4}, {0x18e0baf2d950, 0x84}, 0x1, 0x1, 0x1, 0x0, {0x0, 0x0}, ...)
	/home/advocate/Advocate/Experiments/Advocate/advocate/toolchain/toolchain.go:72 +0x389
advocate/fuzzing.runFuzzing({0x18e0baf2d950, 0x84}, 0x0, 0x31, 0x1)
	/home/advocate/Advocate/Experiments/Advocate/advocate/fuzzing/fuzzing.go:217 +0x57b
advocate/fuzzing.Fuzzing()
	/home/advocate/Advocate/Experiments/Advocate/advocate/fuzzing/fuzzing.go:135 +0xea5
advocate/run.modeFuzzing()
	/home/advocate/Advocate/Experiments/Advocate/advocate/run/modes.go:34 +0x5e
advocate/run.Run()
	/home/advocate/Advocate/Experiments/Advocate/advocate/run/run.go:100 +0x5b5
main.main()
	/home/advocate/Advocate/Experiments/Advocate/advocate/main.go:28 +0x1c
2026/06/05 16:32:08 [31mNot enough RAM[0m
2026/06/05 16:32:08 goroutine 17 [running]:
advocate/utils/control.printAllGoroutines()
	/home/advocate/Advocate/Experiments/Advocate/advocate/utils/control/utils.go:20 +0x3d
advocate/utils/control.cancelRAM(0x77cd50, 0x77cd48, 0x77cd58)
	/home/advocate/Advocate/Experiments/Advocate/advocate/utils/control/memory.go:109 +0x6e
advocate/utils/control.Supervisor(0x77cd50, 0x77cd48, 0x77cd58)
	/home/advocate/Advocate/Experiments/Advocate/advocate/utils/control/memory.go:79 +0x12f
created by advocate/run.Run in goroutine 1
	/home/advocate/Advocate/Experiments/Advocate/advocate/run/run.go:63 +0x26f

goroutine 1 [runnable]:
advocate/analysis/hb/clock.(*VectorClock).GetValue(...)
	/home/advocate/Advocate/Experiments/Advocate/advocate/analysis/hb/clock/vc.go:97
advocate/analysis/hb/clock.happensBefore(0x18e0c8ff84f0, 0x18e0c9ec0840)
	/home/advocate/Advocate/Experiments/Advocate/advocate/analysis/hb/clock/hb.go:27 +0x96
advocate/analysis/hb/clock.GetHappensBefore(0x18e0c8ff84f0, 0x18e0c9ec0840)
	/home/advocate/Advocate/Experiments/Advocate/advocate/analysis/hb/clock/hb.go:74 +0x34
advocate/analysis/analysis/scenarios.buildResidualGraph({0x18e0d5080000, 0x186a2, 0x18e0c4ab2b68?}, {0x18e0d524c000, 0x186a2, 0x1?})
	/home/advocate/Advocate/Experiments/Advocate/advocate/analysis/analysis/scenarios/graph.go:60 +0x49f
advocate/analysis/analysis/scenarios.CheckForUnlockBeforeLock()
	/home/advocate/Advocate/Experiments/Advocate/advocate/analysis/analysis/scenarios/unlockBeforeLock.go:75 +0x2b5
advocate/analysis/analysis.RunHBAnalysis(0x1)
	/home/advocate/Advocate/Experiments/Advocate/advocate/analysis/analysis/analysis.go:262 +0xc9b
advocate/analysis/analysis.RunAnalysis(0x1)
	/home/advocate/Advocate/Experiments/Advocate/advocate/analysis/analysis/analysis.go:63 +0x105
advocate/toolchain.runAnalyzer({0x18e0bd1ec400, 0x7a}, {0x18e0bd1f0630?, 0x6c?}, {0x18e0bd1ec480, 0x80}, {0x18e0bd1ec500, 0x7b}, 0x0, {0x18e0bd1c3560, ...}, ...)
	/home/advocate/Advocate/Experiments/Advocate/advocate/toolchain/analyzer.go:78 +0x43b
advocate/toolchain.unitTestAnalyzer({0x18e0bd1ee5b0, 0x6c}, {0x760f26?, 0x18e0bacb0068?}, 0x0, {0x18e0bd1c3560, 0x84}, {0x18e0bd1f4c02, 0x13})
	/home/advocate/Advocate/Experiments/Advocate/advocate/toolchain/fullWorkflowUnit.go:619 +0x25c
advocate/toolchain.unitTestFullWorkflow({0x18e0bae00000?, 0x2c}, {0x7ffc390320ff, 0x52}, 0x1, 0x1, 0x1, {0x18e0bd1f4c02, 0x13}, {0x18e0bd086ce0, ...}, ...)
	/home/advocate/Advocate/Experiments/Advocate/advocate/toolchain/fullWorkflowUnit.go:479 +0x625
advocate/toolchain.runWorkflowUnit({0x7ffc390320ff, 0x52}, 0x1, 0x1, 0x1, {0x18e0baf2d950, 0x84}, 0x0, {0x0, 0x0}, ...)
	/home/advocate/Advocate/Experiments/Advocate/advocate/toolchain/fullWorkflowUnit.go:171 +0x1190
advocate/toolchain.Run({0x75dd74, 0x4}, {0x18e0baf2d950, 0x84}, 0x1, 0x1, 0x1, 0x0, {0x0, 0x0}, ...)
	/home/advocate/Advocate/Experiments/Advocate/advocate/toolchain/toolchain.go:72 +0x389
advocate/fuzzing.runFuzzing({0x18e0baf2d950, 0x84}, 0x0, 0x31, 0x1)
	/home/advocate/Advocate/Experiments/Advocate/advocate/fuzzing/fuzzing.go:217 +0x57b
advocate/fuzzing.Fuzzing()
	/home/advocate/Advocate/Experiments/Advocate/advocate/fuzzing/fuzzing.go:135 +0xea5
advocate/run.modeFuzzing()
	/home/advocate/Advocate/Experiments/Advocate/advocate/run/modes.go:34 +0x5e
advocate/run.Run()
	/home/advocate/Advocate/Experiments/Advocate/advocate/run/run.go:100 +0x5b5
main.main()
	/home/advocate/Advocate/Experiments/Advocate/advocate/main.go:28 +0x1c
2026/06/05 16:32:16 [31mNot enough RAM[0m
2026/06/05 16:32:16 goroutine 17 [running]:
advocate/utils/control.printAllGoroutines()
	/home/advocate/Advocate/Experiments/Advocate/advocate/utils/control/utils.go:20 +0x3d
advocate/utils/control.cancelRAM(0x77cd50, 0x77cd48, 0x77cd58)
	/home/advocate/Advocate/Experiments/Advocate/advocate/utils/control/memory.go:109 +0x6e
advocate/utils/control.Supervisor(0x77cd50, 0x77cd48, 0x77cd58)
	/home/advocate/Advocate/Experiments/Advocate/advocate/utils/control/memory.go:79 +0x12f
created by advocate/run.Run in goroutine 1
	/home/advocate/Advocate/Experiments/Advocate/advocate/run/run.go:63 +0x26f

goroutine 1 [runnable]:
advocate/analysis/hb/clock.(*VectorClock).GetValue(...)
	/home/advocate/Advocate/Experiments/Advocate/advocate/analysis/hb/clock/vc.go:97
advocate/analysis/hb/clock.happensBefore(0x18e0c9f61bd0, 0x18e0ce8cac80)
	/home/advocate/Advocate/Experiments/Advocate/advocate/analysis/hb/clock/hb.go:27 +0x96
advocate/analysis/hb/clock.GetHappensBefore(0x18e0ce8cac80, 0x18e0c9f61bd0)
	/home/advocate/Advocate/Experiments/Advocate/advocate/analysis/hb/clock/hb.go:77 +0x47
advocate/analysis/analysis/scenarios.buildResidualGraph({0x18e0d5080000, 0x186a2, 0x18e0c4ab2b68?}, {0x18e0d524c000, 0x186a2, 0x1?})
	/home/advocate/Advocate/Experiments/Advocate/advocate/analysis/analysis/scenarios/graph.go:60 +0x49f
advocate/analysis/analysis/scenarios.CheckForUnlockBeforeLock()
	/home/advocate/Advocate/Experiments/Advocate/advocate/analysis/analysis/scenarios/unlockBeforeLock.go:75 +0x2b5
advocate/analysis/analysis.RunHBAnalysis(0x1)
	/home/advocate/Advocate/Experiments/Advocate/advocate/analysis/analysis/analysis.go:262 +0xc9b
advocate/analysis/analysis.RunAnalysis(0x1)
	/home/advocate/Advocate/Experiments/Advocate/advocate/analysis/analysis/analysis.go:63 +0x105
advocate/toolchain.runAnalyzer({0x18e0bd1ec400, 0x7a}, {0x18e0bd1f0630?, 0x6c?}, {0x18e0bd1ec480, 0x80}, {0x18e0bd1ec500, 0x7b}, 0x0, {0x18e0bd1c3560, ...}, ...)
	/home/advocate/Advocate/Experiments/Advocate/advocate/toolchain/analyzer.go:78 +0x43b
advocate/toolchain.unitTestAnalyzer({0x18e0bd1ee5b0, 0x6c}, {0x760f26?, 0x18e0bacb0068?}, 0x0, {0x18e0bd1c3560, 0x84}, {0x18e0bd1f4c02, 0x13})
	/home/advocate/Advocate/Experiments/Advocate/advocate/toolchain/fullWorkflowUnit.go:619 +0x25c
advocate/toolchain.unitTestFullWorkflow({0x18e0bae00000?, 0x2c}, {0x7ffc390320ff, 0x52}, 0x1, 0x1, 0x1, {0x18e0bd1f4c02, 0x13}, {0x18e0bd086ce0, ...}, ...)
	/home/advocate/Advocate/Experiments/Advocate/advocate/toolchain/fullWorkflowUnit.go:479 +0x625
advocate/toolchain.runWorkflowUnit({0x7ffc390320ff, 0x52}, 0x1, 0x1, 0x1, {0x18e0baf2d950, 0x84}, 0x0, {0x0, 0x0}, ...)
	/home/advocate/Advocate/Experiments/Advocate/advocate/toolchain/fullWorkflowUnit.go:171 +0x1190
advocate/toolchain.Run({0x75dd74, 0x4}, {0x18e0baf2d950, 0x84}, 0x1, 0x1, 0x1, 0x0, {0x0, 0x0}, ...)
	/home/advocate/Advocate/Experiments/Advocate/advocate/toolchain/toolchain.go:72 +0x389
advocate/fuzzing.runFuzzing({0x18e0baf2d950, 0x84}, 0x0, 0x31, 0x1)
	/home/advocate/Advocate/Experiments/Advocate/advocate/fuzzing/fuzzing.go:217 +0x57b
advocate/fuzzing.Fuzzing()
	/home/advocate/Advocate/Experiments/Advocate/advocate/fuzzing/fuzzing.go:135 +0xea5
advocate/run.modeFuzzing()
	/home/advocate/Advocate/Experiments/Advocate/advocate/run/modes.go:34 +0x5e
advocate/run.Run()
	/home/advocate/Advocate/Experiments/Advocate/advocate/run/run.go:100 +0x5b5
main.main()
	/home/advocate/Advocate/Experiments/Advocate/advocate/main.go:28 +0x1c
2026/06/05 16:32:23 [31mNot enough RAM[0m
2026/06/05 16:32:23 goroutine 17 [running]:
advocate/utils/control.printAllGoroutines()
	/home/advocate/Advocate/Experiments/Advocate/advocate/utils/control/utils.go:20 +0x3d
advocate/utils/control.cancelRAM(0x77cd50, 0x77cd48, 0x77cd58)
	/home/advocate/Advocate/Experiments/Advocate/advocate/utils/control/memory.go:109 +0x6e
advocate/utils/control.Supervisor(0x77cd50, 0x77cd48, 0x77cd58)
	/home/advocate/Advocate/Experiments/Advocate/advocate/utils/control/memory.go:79 +0x12f
created by advocate/run.Run in goroutine 1
	/home/advocate/Advocate/Experiments/Advocate/advocate/run/run.go:63 +0x26f

goroutine 1 [runnable]:
advocate/analysis/hb/clock.(*VectorClock).GetValue(...)
	/home/advocate/Advocate/Experiments/Advocate/advocate/analysis/hb/clock/vc.go:97
advocate/analysis/hb/clock.happensBefore(0x18e0ca0687e0, 0x18e0d2edb100)
	/home/advocate/Advocate/Experiments/Advocate/advocate/analysis/hb/clock/hb.go:27 +0x65
advocate/analysis/hb/clock.GetHappensBefore(0x18e0d2edb100, 0x18e0ca0687e0)
	/home/advocate/Advocate/Experiments/Advocate/advocate/analysis/hb/clock/hb.go:77 +0x47
advocate/analysis/analysis/scenarios.buildResidualGraph({0x18e0d5080000, 0x186a2, 0x18e0c4ab2b68?}, {0x18e0d524c000, 0x186a2, 0x1?})
	/home/advocate/Advocate/Experiments/Advocate/advocate/analysis/analysis/scenarios/graph.go:60 +0x49f
advocate/analysis/analysis/scenarios.CheckForUnlockBeforeLock()
	/home/advocate/Advocate/Experiments/Advocate/advocate/analysis/analysis/scenarios/unlockBeforeLock.go:75 +0x2b5
advocate/analysis/analysis.RunHBAnalysis(0x1)
	/home/advocate/Advocate/Experiments/Advocate/advocate/analysis/analysis/analysis.go:262 +0xc9b
advocate/analysis/analysis.RunAnalysis(0x1)
	/home/advocate/Advocate/Experiments/Advocate/advocate/analysis/analysis/analysis.go:63 +0x105
advocate/toolchain.runAnalyzer({0x18e0bd1ec400, 0x7a}, {0x18e0bd1f0630?, 0x6c?}, {0x18e0bd1ec480, 0x80}, {0x18e0bd1ec500, 0x7b}, 0x0, {0x18e0bd1c3560, ...}, ...)
	/home/advocate/Advocate/Experiments/Advocate/advocate/toolchain/analyzer.go:78 +0x43b
advocate/toolchain.unitTestAnalyzer({0x18e0bd1ee5b0, 0x6c}, {0x760f26?, 0x18e0bacb0068?}, 0x0, {0x18e0bd1c3560, 0x84}, {0x18e0bd1f4c02, 0x13})
	/home/advocate/Advocate/Experiments/Advocate/advocate/toolchain/fullWorkflowUnit.go:619 +0x25c
advocate/toolchain.unitTestFullWorkflow({0x18e0bae00000?, 0x2c}, {0x7ffc390320ff, 0x52}, 0x1, 0x1, 0x1, {0x18e0bd1f4c02, 0x13}, {0x18e0bd086ce0, ...}, ...)
	/home/advocate/Advocate/Experiments/Advocate/advocate/toolchain/fullWorkflowUnit.go:479 +0x625
advocate/toolchain.runWorkflowUnit({0x7ffc390320ff, 0x52}, 0x1, 0x1, 0x1, {0x18e0baf2d950, 0x84}, 0x0, {0x0, 0x0}, ...)
	/home/advocate/Advocate/Experiments/Advocate/advocate/toolchain/fullWorkflowUnit.go:171 +0x1190
advocate/toolchain.Run({0x75dd74, 0x4}, {0x18e0baf2d950, 0x84}, 0x1, 0x1, 0x1, 0x0, {0x0, 0x0}, ...)
	/home/advocate/Advocate/Experiments/Advocate/advocate/toolchain/toolchain.go:72 +0x389
advocate/fuzzing.runFuzzing({0x18e0baf2d950, 0x84}, 0x0, 0x31, 0x1)
	/home/advocate/Advocate/Experiments/Advocate/advocate/fuzzing/fuzzing.go:217 +0x57b
advocate/fuzzing.Fuzzing()
	/home/advocate/Advocate/Experiments/Advocate/advocate/fuzzing/fuzzing.go:135 +0xea5
advocate/run.modeFuzzing()
	/home/advocate/Advocate/Experiments/Advocate/advocate/run/modes.go:34 +0x5e
advocate/run.Run()
	/home/advocate/Advocate/Experiments/Advocate/advocate/run/run.go:100 +0x5b5
main.main()
	/home/advocate/Advocate/Experiments/Advocate/advocate/main.go:28 +0x1c
2026/06/05 16:32:30 [31mNot enough RAM[0m
2026/06/05 16:32:30 goroutine 17 [running]:
advocate/utils/control.printAllGoroutines()
	/home/advocate/Advocate/Experiments/Advocate/advocate/utils/control/utils.go:20 +0x3d
advocate/utils/control.cancelRAM(0x77cd50, 0x77cd48, 0x77cd58)
	/home/advocate/Advocate/Experiments/Advocate/advocate/utils/control/memory.go:109 +0x6e
advocate/utils/control.Supervisor(0x77cd50, 0x77cd48, 0x77cd58)
	/home/advocate/Advocate/Experiments/Advocate/advocate/utils/control/memory.go:79 +0x12f
created by advocate/run.Run in goroutine 1
	/home/advocate/Advocate/Experiments/Advocate/advocate/run/run.go:63 +0x26f

goroutine 1 [runnable]:
advocate/analysis/hb/clock.(*VectorClock).GetValue(...)
	/home/advocate/Advocate/Experiments/Advocate/advocate/analysis/hb/clock/vc.go:97
advocate/analysis/hb/clock.happensBefore(0x18e0ca1349f0, 0x18e0cbbde9b0)
	/home/advocate/Advocate/Experiments/Advocate/advocate/analysis/hb/clock/hb.go:29 +0x130
advocate/analysis/hb/clock.GetHappensBefore(0x18e0cbbde9b0, 0x18e0ca1349f0)
	/home/advocate/Advocate/Experiments/Advocate/advocate/analysis/hb/clock/hb.go:77 +0x47
advocate/analysis/analysis/scenarios.buildResidualGraph({0x18e0d5080000, 0x186a2, 0x18e0c4ab2b68?}, {0x18e0d524c000, 0x186a2, 0x1?})
	/home/advocate/Advocate/Experiments/Advocate/advocate/analysis/analysis/scenarios/graph.go:60 +0x49f
advocate/analysis/analysis/scenarios.CheckForUnlockBeforeLock()
	/home/advocate/Advocate/Experiments/Advocate/advocate/analysis/analysis/scenarios/unlockBeforeLock.go:75 +0x2b5
advocate/analysis/analysis.RunHBAnalysis(0x1)
	/home/advocate/Advocate/Experiments/Advocate/advocate/analysis/analysis/analysis.go:262 +0xc9b
advocate/analysis/analysis.RunAnalysis(0x1)
	/home/advocate/Advocate/Experiments/Advocate/advocate/analysis/analysis/analysis.go:63 +0x105
advocate/toolchain.runAnalyzer({0x18e0bd1ec400, 0x7a}, {0x18e0bd1f0630?, 0x6c?}, {0x18e0bd1ec480, 0x80}, {0x18e0bd1ec500, 0x7b}, 0x0, {0x18e0bd1c3560, ...}, ...)
	/home/advocate/Advocate/Experiments/Advocate/advocate/toolchain/analyzer.go:78 +0x43b
advocate/toolchain.unitTestAnalyzer({0x18e0bd1ee5b0, 0x6c}, {0x760f26?, 0x18e0bacb0068?}, 0x0, {0x18e0bd1c3560, 0x84}, {0x18e0bd1f4c02, 0x13})
	/home/advocate/Advocate/Experiments/Advocate/advocate/toolchain/fullWorkflowUnit.go:619 +0x25c
advocate/toolchain.unitTestFullWorkflow({0x18e0bae00000?, 0x2c}, {0x7ffc390320ff, 0x52}, 0x1, 0x1, 0x1, {0x18e0bd1f4c02, 0x13}, {0x18e0bd086ce0, ...}, ...)
	/home/advocate/Advocate/Experiments/Advocate/advocate/toolchain/fullWorkflowUnit.go:479 +0x625
advocate/toolchain.runWorkflowUnit({0x7ffc390320ff, 0x52}, 0x1, 0x1, 0x1, {0x18e0baf2d950, 0x84}, 0x0, {0x0, 0x0}, ...)
	/home/advocate/Advocate/Experiments/Advocate/advocate/toolchain/fullWorkflowUnit.go:171 +0x1190
advocate/toolchain.Run({0x75dd74, 0x4}, {0x18e0baf2d950, 0x84}, 0x1, 0x1, 0x1, 0x0, {0x0, 0x0}, ...)
	/home/advocate/Advocate/Experiments/Advocate/advocate/toolchain/toolchain.go:72 +0x389
advocate/fuzzing.runFuzzing({0x18e0baf2d950, 0x84}, 0x0, 0x31, 0x1)
	/home/advocate/Advocate/Experiments/Advocate/advocate/fuzzing/fuzzing.go:217 +0x57b
advocate/fuzzing.Fuzzing()
	/home/advocate/Advocate/Experiments/Advocate/advocate/fuzzing/fuzzing.go:135 +0xea5
advocate/run.modeFuzzing()
	/home/advocate/Advocate/Experiments/Advocate/advocate/run/modes.go:34 +0x5e
advocate/run.Run()
	/home/advocate/Advocate/Experiments/Advocate/advocate/run/run.go:100 +0x5b5
main.main()
	/home/advocate/Advocate/Experiments/Advocate/advocate/main.go:28 +0x1c
2026/06/05 16:32:37 [31mNot enough RAM[0m
2026/06/05 16:32:37 goroutine 17 [running]:
advocate/utils/control.printAllGoroutines()
	/home/advocate/Advocate/Experiments/Advocate/advocate/utils/control/utils.go:20 +0x3d
advocate/utils/control.cancelRAM(0x77cd50, 0x77cd48, 0x77cd58)
	/home/advocate/Advocate/Experiments/Advocate/advocate/utils/control/memory.go:109 +0x6e
advocate/utils/control.Supervisor(0x77cd50, 0x77cd48, 0x77cd58)
	/home/advocate/Advocate/Experiments/Advocate/advocate/utils/control/memory.go:79 +0x12f
created by advocate/run.Run in goroutine 1
	/home/advocate/Advocate/Experiments/Advocate/advocate/run/run.go:63 +0x26f

goroutine 1 [runnable]:
advocate/analysis/hb/clock.GetHappensBefore(0x18e0c6b4b810?, 0x18e0ca1fec10?)
	/home/advocate/Advocate/Experiments/Advocate/advocate/analysis/hb/clock/hb.go:65 +0x8e
advocate/analysis/analysis/scenarios.buildResidualGraph({0x18e0d5080000, 0x186a2, 0x18e0c4ab2b68?}, {0x18e0d524c000, 0x186a2, 0x1?})
	/home/advocate/Advocate/Experiments/Advocate/advocate/analysis/analysis/scenarios/graph.go:60 +0x49f
advocate/analysis/analysis/scenarios.CheckForUnlockBeforeLock()
	/home/advocate/Advocate/Experiments/Advocate/advocate/analysis/analysis/scenarios/unlockBeforeLock.go:75 +0x2b5
advocate/analysis/analysis.RunHBAnalysis(0x1)
	/home/advocate/Advocate/Experiments/Advocate/advocate/analysis/analysis/analysis.go:262 +0xc9b
advocate/analysis/analysis.RunAnalysis(0x1)
	/home/advocate/Advocate/Experiments/Advocate/advocate/analysis/analysis/analysis.go:63 +0x105
advocate/toolchain.runAnalyzer({0x18e0bd1ec400, 0x7a}, {0x18e0bd1f0630?, 0x6c?}, {0x18e0bd1ec480, 0x80}, {0x18e0bd1ec500, 0x7b}, 0x0, {0x18e0bd1c3560, ...}, ...)
	/home/advocate/Advocate/Experiments/Advocate/advocate/toolchain/analyzer.go:78 +0x43b
advocate/toolchain.unitTestAnalyzer({0x18e0bd1ee5b0, 0x6c}, {0x760f26?, 0x18e0bacb0068?}, 0x0, {0x18e0bd1c3560, 0x84}, {0x18e0bd1f4c02, 0x13})
	/home/advocate/Advocate/Experiments/Advocate/advocate/toolchain/fullWorkflowUnit.go:619 +0x25c
advocate/toolchain.unitTestFullWorkflow({0x18e0bae00000?, 0x2c}, {0x7ffc390320ff, 0x52}, 0x1, 0x1, 0x1, {0x18e0bd1f4c02, 0x13}, {0x18e0bd086ce0, ...}, ...)
	/home/advocate/Advocate/Experiments/Advocate/advocate/toolchain/fullWorkflowUnit.go:479 +0x625
advocate/toolchain.runWorkflowUnit({0x7ffc390320ff, 0x52}, 0x1, 0x1, 0x1, {0x18e0baf2d950, 0x84}, 0x0, {0x0, 0x0}, ...)
	/home/advocate/Advocate/Experiments/Advocate/advocate/toolchain/fullWorkflowUnit.go:171 +0x1190
advocate/toolchain.Run({0x75dd74, 0x4}, {0x18e0baf2d950, 0x84}, 0x1, 0x1, 0x1, 0x0, {0x0, 0x0}, ...)
	/home/advocate/Advocate/Experiments/Advocate/advocate/toolchain/toolchain.go:72 +0x389
advocate/fuzzing.runFuzzing({0x18e0baf2d950, 0x84}, 0x0, 0x31, 0x1)
	/home/advocate/Advocate/Experiments/Advocate/advocate/fuzzing/fuzzing.go:217 +0x57b
advocate/fuzzing.Fuzzing()
	/home/advocate/Advocate/Experiments/Advocate/advocate/fuzzing/fuzzing.go:135 +0xea5
advocate/run.modeFuzzing()
	/home/advocate/Advocate/Experiments/Advocate/advocate/run/modes.go:34 +0x5e
advocate/run.Run()
	/home/advocate/Advocate/Experiments/Advocate/advocate/run/run.go:100 +0x5b5
main.main()
	/home/advocate/Advocate/Experiments/Advocate/advocate/main.go:28 +0x1c
2026/06/05 16:32:44 [31mNot enough RAM[0m
2026/06/05 16:32:44 goroutine 17 [running]:
advocate/utils/control.printAllGoroutines()
	/home/advocate/Advocate/Experiments/Advocate/advocate/utils/control/utils.go:20 +0x3d
advocate/utils/control.cancelRAM(0x77cd50, 0x77cd48, 0x77cd58)
	/home/advocate/Advocate/Experiments/Advocate/advocate/utils/control/memory.go:109 +0x6e
advocate/utils/control.Supervisor(0x77cd50, 0x77cd48, 0x77cd58)
	/home/advocate/Advocate/Experiments/Advocate/advocate/utils/control/memory.go:79 +0x12f
created by advocate/run.Run in goroutine 1
	/home/advocate/Advocate/Experiments/Advocate/advocate/run/run.go:63 +0x26f

goroutine 1 [runnable]:
advocate/analysis/hb/clock.GetHappensBefore(0x18e0cbb04b70?, 0x18e0ca306040?)
	/home/advocate/Advocate/Experiments/Advocate/advocate/analysis/hb/clock/hb.go:65 +0x8e
advocate/analysis/analysis/scenarios.buildResidualGraph({0x18e0d5080000, 0x186a2, 0x18e0c4ab2b68?}, {0x18e0d524c000, 0x186a2, 0x1?})
	/home/advocate/Advocate/Experiments/Advocate/advocate/analysis/analysis/scenarios/graph.go:60 +0x49f
advocate/analysis/analysis/scenarios.CheckForUnlockBeforeLock()
	/home/advocate/Advocate/Experiments/Advocate/advocate/analysis/analysis/scenarios/unlockBeforeLock.go:75 +0x2b5
advocate/analysis/analysis.RunHBAnalysis(0x1)
	/home/advocate/Advocate/Experiments/Advocate/advocate/analysis/analysis/analysis.go:262 +0xc9b
advocate/analysis/analysis.RunAnalysis(0x1)
	/home/advocate/Advocate/Experiments/Advocate/advocate/analysis/analysis/analysis.go:63 +0x105
advocate/toolchain.runAnalyzer({0x18e0bd1ec400, 0x7a}, {0x18e0bd1f0630?, 0x6c?}, {0x18e0bd1ec480, 0x80}, {0x18e0bd1ec500, 0x7b}, 0x0, {0x18e0bd1c3560, ...}, ...)
	/home/advocate/Advocate/Experiments/Advocate/advocate/toolchain/analyzer.go:78 +0x43b
advocate/toolchain.unitTestAnalyzer({0x18e0bd1ee5b0, 0x6c}, {0x760f26?, 0x18e0bacb0068?}, 0x0, {0x18e0bd1c3560, 0x84}, {0x18e0bd1f4c02, 0x13})
	/home/advocate/Advocate/Experiments/Advocate/advocate/toolchain/fullWorkflowUnit.go:619 +0x25c
advocate/toolchain.unitTestFullWorkflow({0x18e0bae00000?, 0x2c}, {0x7ffc390320ff, 0x52}, 0x1, 0x1, 0x1, {0x18e0bd1f4c02, 0x13}, {0x18e0bd086ce0, ...}, ...)
	/home/advocate/Advocate/Experiments/Advocate/advocate/toolchain/fullWorkflowUnit.go:479 +0x625
advocate/toolchain.runWorkflowUnit({0x7ffc390320ff, 0x52}, 0x1, 0x1, 0x1, {0x18e0baf2d950, 0x84}, 0x0, {0x0, 0x0}, ...)
	/home/advocate/Advocate/Experiments/Advocate/advocate/toolchain/fullWorkflowUnit.go:171 +0x1190
advocate/toolchain.Run({0x75dd74, 0x4}, {0x18e0baf2d950, 0x84}, 0x1, 0x1, 0x1, 0x0, {0x0, 0x0}, ...)
	/home/advocate/Advocate/Experiments/Advocate/advocate/toolchain/toolchain.go:72 +0x389
advocate/fuzzing.runFuzzing({0x18e0baf2d950, 0x84}, 0x0, 0x31, 0x1)
	/home/advocate/Advocate/Experiments/Advocate/advocate/fuzzing/fuzzing.go:217 +0x57b
advocate/fuzzing.Fuzzing()
	/home/advocate/Advocate/Experiments/Advocate/advocate/fuzzing/fuzzing.go:135 +0xea5
advocate/run.modeFuzzing()
	/home/advocate/Advocate/Experiments/Advocate/advocate/run/modes.go:34 +0x5e
advocate/run.Run()
	/home/advocate/Advocate/Experiments/Advocate/advocate/run/run.go:100 +0x5b5
main.main()
	/home/advocate/Advocate/Experiments/Advocate/advocate/main.go:28 +0x1c
2026/06/05 16:32:51 [31mNot enough RAM[0m
2026/06/05 16:32:51 goroutine 17 [running]:
advocate/utils/control.printAllGoroutines()
	/home/advocate/Advocate/Experiments/Advocate/advocate/utils/control/utils.go:20 +0x3d
advocate/utils/control.cancelRAM(0x77cd50, 0x77cd48, 0x77cd58)
	/home/advocate/Advocate/Experiments/Advocate/advocate/utils/control/memory.go:109 +0x6e
advocate/utils/control.Supervisor(0x77cd50, 0x77cd48, 0x77cd58)
	/home/advocate/Advocate/Experiments/Advocate/advocate/utils/control/memory.go:79 +0x12f
created by advocate/run.Run in goroutine 1
	/home/advocate/Advocate/Experiments/Advocate/advocate/run/run.go:63 +0x26f

goroutine 1 [runnable]:
advocate/analysis/hb/clock.GetHappensBefore(0x18e0c64d6470?, 0x18e0ca3bb630?)
	/home/advocate/Advocate/Experiments/Advocate/advocate/analysis/hb/clock/hb.go:65 +0x8e
advocate/analysis/analysis/scenarios.buildResidualGraph({0x18e0d5080000, 0x186a2, 0x18e0c4ab2b68?}, {0x18e0d524c000, 0x186a2, 0x1?})
	/home/advocate/Advocate/Experiments/Advocate/advocate/analysis/analysis/scenarios/graph.go:60 +0x49f
advocate/analysis/analysis/scenarios.CheckForUnlockBeforeLock()
	/home/advocate/Advocate/Experiments/Advocate/advocate/analysis/analysis/scenarios/unlockBeforeLock.go:75 +0x2b5
advocate/analysis/analysis.RunHBAnalysis(0x1)
	/home/advocate/Advocate/Experiments/Advocate/advocate/analysis/analysis/analysis.go:262 +0xc9b
advocate/analysis/analysis.RunAnalysis(0x1)
	/home/advocate/Advocate/Experiments/Advocate/advocate/analysis/analysis/analysis.go:63 +0x105
advocate/toolchain.runAnalyzer({0x18e0bd1ec400, 0x7a}, {0x18e0bd1f0630?, 0x6c?}, {0x18e0bd1ec480, 0x80}, {0x18e0bd1ec500, 0x7b}, 0x0, {0x18e0bd1c3560, ...}, ...)
	/home/advocate/Advocate/Experiments/Advocate/advocate/toolchain/analyzer.go:78 +0x43b
advocate/toolchain.unitTestAnalyzer({0x18e0bd1ee5b0, 0x6c}, {0x760f26?, 0x18e0bacb0068?}, 0x0, {0x18e0bd1c3560, 0x84}, {0x18e0bd1f4c02, 0x13})
	/home/advocate/Advocate/Experiments/Advocate/advocate/toolchain/fullWorkflowUnit.go:619 +0x25c
advocate/toolchain.unitTestFullWorkflow({0x18e0bae00000?, 0x2c}, {0x7ffc390320ff, 0x52}, 0x1, 0x1, 0x1, {0x18e0bd1f4c02, 0x13}, {0x18e0bd086ce0, ...}, ...)
	/home/advocate/Advocate/Experiments/Advocate/advocate/toolchain/fullWorkflowUnit.go:479 +0x625
advocate/toolchain.runWorkflowUnit({0x7ffc390320ff, 0x52}, 0x1, 0x1, 0x1, {0x18e0baf2d950, 0x84}, 0x0, {0x0, 0x0}, ...)
	/home/advocate/Advocate/Experiments/Advocate/advocate/toolchain/fullWorkflowUnit.go:171 +0x1190
advocate/toolchain.Run({0x75dd74, 0x4}, {0x18e0baf2d950, 0x84}, 0x1, 0x1, 0x1, 0x0, {0x0, 0x0}, ...)
	/home/advocate/Advocate/Experiments/Advocate/advocate/toolchain/toolchain.go:72 +0x389
advocate/fuzzing.runFuzzing({0x18e0baf2d950, 0x84}, 0x0, 0x31, 0x1)
	/home/advocate/Advocate/Experiments/Advocate/advocate/fuzzing/fuzzing.go:217 +0x57b
advocate/fuzzing.Fuzzing()
	/home/advocate/Advocate/Experiments/Advocate/advocate/fuzzing/fuzzing.go:135 +0xea5
advocate/run.modeFuzzing()
	/home/advocate/Advocate/Experiments/Advocate/advocate/run/modes.go:34 +0x5e
advocate/run.Run()
	/home/advocate/Advocate/Experiments/Advocate/advocate/run/run.go:100 +0x5b5
main.main()
	/home/advocate/Advocate/Experiments/Advocate/advocate/main.go:28 +0x1c
2026/06/05 16:32:59 [31mNot enough RAM[0m
2026/06/05 16:32:59 goroutine 17 [running]:
advocate/utils/control.printAllGoroutines()
	/home/advocate/Advocate/Experiments/Advocate/advocate/utils/control/utils.go:20 +0x3d
advocate/utils/control.cancelRAM(0x77cd50, 0x77cd48, 0x77cd58)
	/home/advocate/Advocate/Experiments/Advocate/advocate/utils/control/memory.go:109 +0x6e
advocate/utils/control.Supervisor(0x77cd50, 0x77cd48, 0x77cd58)
	/home/advocate/Advocate/Experiments/Advocate/advocate/utils/control/memory.go:79 +0x12f
created by advocate/run.Run in goroutine 1
	/home/advocate/Advocate/Experiments/Advocate/advocate/run/run.go:63 +0x26f

goroutine 1 [runnable]:
advocate/analysis/hb/clock.(*VectorClock).GetValue(...)
	/home/advocate/Advocate/Experiments/Advocate/advocate/analysis/hb/clock/vc.go:97
advocate/analysis/hb/clock.happensBefore(0x18e0ce7f2b90, 0x18e0ca4c22d0)
	/home/advocate/Advocate/Experiments/Advocate/advocate/analysis/hb/clock/hb.go:27 +0x96
advocate/analysis/hb/clock.GetHappensBefore(0x18e0ce7f2b90, 0x18e0ca4c22d0)
	/home/advocate/Advocate/Experiments/Advocate/advocate/analysis/hb/clock/hb.go:74 +0x34
advocate/analysis/analysis/scenarios.buildResidualGraph({0x18e0d5080000, 0x186a2, 0x18e0c4ab2b68?}, {0x18e0d524c000, 0x186a2, 0x1?})
	/home/advocate/Advocate/Experiments/Advocate/advocate/analysis/analysis/scenarios/graph.go:60 +0x49f
advocate/analysis/analysis/scenarios.CheckForUnlockBeforeLock()
	/home/advocate/Advocate/Experiments/Advocate/advocate/analysis/analysis/scenarios/unlockBeforeLock.go:75 +0x2b5
advocate/analysis/analysis.RunHBAnalysis(0x1)
	/home/advocate/Advocate/Experiments/Advocate/advocate/analysis/analysis/analysis.go:262 +0xc9b
advocate/analysis/analysis.RunAnalysis(0x1)
	/home/advocate/Advocate/Experiments/Advocate/advocate/analysis/analysis/analysis.go:63 +0x105
advocate/toolchain.runAnalyzer({0x18e0bd1ec400, 0x7a}, {0x18e0bd1f0630?, 0x6c?}, {0x18e0bd1ec480, 0x80}, {0x18e0bd1ec500, 0x7b}, 0x0, {0x18e0bd1c3560, ...}, ...)
	/home/advocate/Advocate/Experiments/Advocate/advocate/toolchain/analyzer.go:78 +0x43b
advocate/toolchain.unitTestAnalyzer({0x18e0bd1ee5b0, 0x6c}, {0x760f26?, 0x18e0bacb0068?}, 0x0, {0x18e0bd1c3560, 0x84}, {0x18e0bd1f4c02, 0x13})
	/home/advocate/Advocate/Experiments/Advocate/advocate/toolchain/fullWorkflowUnit.go:619 +0x25c
advocate/toolchain.unitTestFullWorkflow({0x18e0bae00000?, 0x2c}, {0x7ffc390320ff, 0x52}, 0x1, 0x1, 0x1, {0x18e0bd1f4c02, 0x13}, {0x18e0bd086ce0, ...}, ...)
	/home/advocate/Advocate/Experiments/Advocate/advocate/toolchain/fullWorkflowUnit.go:479 +0x625
advocate/toolchain.runWorkflowUnit({0x7ffc390320ff, 0x52}, 0x1, 0x1, 0x1, {0x18e0baf2d950, 0x84}, 0x0, {0x0, 0x0}, ...)
	/home/advocate/Advocate/Experiments/Advocate/advocate/toolchain/fullWorkflowUnit.go:171 +0x1190
advocate/toolchain.Run({0x75dd74, 0x4}, {0x18e0baf2d950, 0x84}, 0x1, 0x1, 0x1, 0x0, {0x0, 0x0}, ...)
	/home/advocate/Advocate/Experiments/Advocate/advocate/toolchain/toolchain.go:72 +0x389
advocate/fuzzing.runFuzzing({0x18e0baf2d950, 0x84}, 0x0, 0x31, 0x1)
	/home/advocate/Advocate/Experiments/Advocate/advocate/fuzzing/fuzzing.go:217 +0x57b
advocate/fuzzing.Fuzzing()
	/home/advocate/Advocate/Experiments/Advocate/advocate/fuzzing/fuzzing.go:135 +0xea5
advocate/run.modeFuzzing()
	/home/advocate/Advocate/Experiments/Advocate/advocate/run/modes.go:34 +0x5e
advocate/run.Run()
	/home/advocate/Advocate/Experiments/Advocate/advocate/run/run.go:100 +0x5b5
main.main()
	/home/advocate/Advocate/Experiments/Advocate/advocate/main.go:28 +0x1c
2026/06/05 16:33:06 [31mNot enough RAM[0m
2026/06/05 16:33:06 goroutine 17 [running]:
advocate/utils/control.printAllGoroutines()
	/home/advocate/Advocate/Experiments/Advocate/advocate/utils/control/utils.go:20 +0x3d
advocate/utils/control.cancelRAM(0x77cd50, 0x77cd48, 0x77cd58)
	/home/advocate/Advocate/Experiments/Advocate/advocate/utils/control/memory.go:109 +0x6e
advocate/utils/control.Supervisor(0x77cd50, 0x77cd48, 0x77cd58)
	/home/advocate/Advocate/Experiments/Advocate/advocate/utils/control/memory.go:79 +0x12f
created by advocate/run.Run in goroutine 1
	/home/advocate/Advocate/Experiments/Advocate/advocate/run/run.go:63 +0x26f

goroutine 1 [runnable]:
advocate/analysis/analysis/scenarios.buildResidualGraph({0x18e0d5080000, 0x186a2, 0x18e0c4ab2b68?}, {0x18e0d524c000, 0x186a2, 0x1?})
	/home/advocate/Advocate/Experiments/Advocate/advocate/analysis/analysis/scenarios/graph.go:61 +0x54f
advocate/analysis/analysis/scenarios.CheckForUnlockBeforeLock()
	/home/advocate/Advocate/Experiments/Advocate/advocate/analysis/analysis/scenarios/unlockBeforeLock.go:75 +0x2b5
advocate/analysis/analysis.RunHBAnalysis(0x1)
	/home/advocate/Advocate/Experiments/Advocate/advocate/analysis/analysis/analysis.go:262 +0xc9b
advocate/analysis/analysis.RunAnalysis(0x1)
	/home/advocate/Advocate/Experiments/Advocate/advocate/analysis/analysis/analysis.go:63 +0x105
advocate/toolchain.runAnalyzer({0x18e0bd1ec400, 0x7a}, {0x18e0bd1f0630?, 0x6c?}, {0x18e0bd1ec480, 0x80}, {0x18e0bd1ec500, 0x7b}, 0x0, {0x18e0bd1c3560, ...}, ...)
	/home/advocate/Advocate/Experiments/Advocate/advocate/toolchain/analyzer.go:78 +0x43b
advocate/toolchain.unitTestAnalyzer({0x18e0bd1ee5b0, 0x6c}, {0x760f26?, 0x18e0bacb0068?}, 0x0, {0x18e0bd1c3560, 0x84}, {0x18e0bd1f4c02, 0x13})
	/home/advocate/Advocate/Experiments/Advocate/advocate/toolchain/fullWorkflowUnit.go:619 +0x25c
advocate/toolchain.unitTestFullWorkflow({0x18e0bae00000?, 0x2c}, {0x7ffc390320ff, 0x52}, 0x1, 0x1, 0x1, {0x18e0bd1f4c02, 0x13}, {0x18e0bd086ce0, ...}, ...)
	/home/advocate/Advocate/Experiments/Advocate/advocate/toolchain/fullWorkflowUnit.go:479 +0x625
advocate/toolchain.runWorkflowUnit({0x7ffc390320ff, 0x52}, 0x1, 0x1, 0x1, {0x18e0baf2d950, 0x84}, 0x0, {0x0, 0x0}, ...)
	/home/advocate/Advocate/Experiments/Advocate/advocate/toolchain/fullWorkflowUnit.go:171 +0x1190
advocate/toolchain.Run({0x75dd74, 0x4}, {0x18e0baf2d950, 0x84}, 0x1, 0x1, 0x1, 0x0, {0x0, 0x0}, ...)
	/home/advocate/Advocate/Experiments/Advocate/advocate/toolchain/toolchain.go:72 +0x389
advocate/fuzzing.runFuzzing({0x18e0baf2d950, 0x84}, 0x0, 0x31, 0x1)
	/home/advocate/Advocate/Experiments/Advocate/advocate/fuzzing/fuzzing.go:217 +0x57b
advocate/fuzzing.Fuzzing()
	/home/advocate/Advocate/Experiments/Advocate/advocate/fuzzing/fuzzing.go:135 +0xea5
advocate/run.modeFuzzing()
	/home/advocate/Advocate/Experiments/Advocate/advocate/run/modes.go:34 +0x5e
advocate/run.Run()
	/home/advocate/Advocate/Experiments/Advocate/advocate/run/run.go:100 +0x5b5
main.main()
	/home/advocate/Advocate/Experiments/Advocate/advocate/main.go:28 +0x1c
2026/06/05 16:33:13 [31mNot enough RAM[0m
2026/06/05 16:33:13 goroutine 17 [running]:
advocate/utils/control.printAllGoroutines()
	/home/advocate/Advocate/Experiments/Advocate/advocate/utils/control/utils.go:20 +0x3d
advocate/utils/control.cancelRAM(0x77cd50, 0x77cd48, 0x77cd58)
	/home/advocate/Advocate/Experiments/Advocate/advocate/utils/control/memory.go:109 +0x6e
advocate/utils/control.Supervisor(0x77cd50, 0x77cd48, 0x77cd58)
	/home/advocate/Advocate/Experiments/Advocate/advocate/utils/control/memory.go:79 +0x12f
created by advocate/run.Run in goroutine 1
	/home/advocate/Advocate/Experiments/Advocate/advocate/run/run.go:63 +0x26f

goroutine 1 [runnable]:
advocate/analysis/hb/clock.(*VectorClock).GetValue(...)
	/home/advocate/Advocate/Experiments/Advocate/advocate/analysis/hb/clock/vc.go:97
advocate/analysis/hb/clock.happensBefore(0x18e0ca646440, 0x18e0d42b8610)
	/home/advocate/Advocate/Experiments/Advocate/advocate/analysis/hb/clock/hb.go:29 +0xe6
advocate/analysis/hb/clock.GetHappensBefore(0x18e0d42b8610, 0x18e0ca646440)
	/home/advocate/Advocate/Experiments/Advocate/advocate/analysis/hb/clock/hb.go:77 +0x47
advocate/analysis/analysis/scenarios.buildResidualGraph({0x18e0d5080000, 0x186a2, 0x18e0c4ab2b68?}, {0x18e0d524c000, 0x186a2, 0x1?})
	/home/advocate/Advocate/Experiments/Advocate/advocate/analysis/analysis/scenarios/graph.go:60 +0x49f
advocate/analysis/analysis/scenarios.CheckForUnlockBeforeLock()
	/home/advocate/Advocate/Experiments/Advocate/advocate/analysis/analysis/scenarios/unlockBeforeLock.go:75 +0x2b5
advocate/analysis/analysis.RunHBAnalysis(0x1)
	/home/advocate/Advocate/Experiments/Advocate/advocate/analysis/analysis/analysis.go:262 +0xc9b
advocate/analysis/analysis.RunAnalysis(0x1)
	/home/advocate/Advocate/Experiments/Advocate/advocate/analysis/analysis/analysis.go:63 +0x105
advocate/toolchain.runAnalyzer({0x18e0bd1ec400, 0x7a}, {0x18e0bd1f0630?, 0x6c?}, {0x18e0bd1ec480, 0x80}, {0x18e0bd1ec500, 0x7b}, 0x0, {0x18e0bd1c3560, ...}, ...)
	/home/advocate/Advocate/Experiments/Advocate/advocate/toolchain/analyzer.go:78 +0x43b
advocate/toolchain.unitTestAnalyzer({0x18e0bd1ee5b0, 0x6c}, {0x760f26?, 0x18e0bacb0068?}, 0x0, {0x18e0bd1c3560, 0x84}, {0x18e0bd1f4c02, 0x13})
	/home/advocate/Advocate/Experiments/Advocate/advocate/toolchain/fullWorkflowUnit.go:619 +0x25c
advocate/toolchain.unitTestFullWorkflow({0x18e0bae00000?, 0x2c}, {0x7ffc390320ff, 0x52}, 0x1, 0x1, 0x1, {0x18e0bd1f4c02, 0x13}, {0x18e0bd086ce0, ...}, ...)
	/home/advocate/Advocate/Experiments/Advocate/advocate/toolchain/fullWorkflowUnit.go:479 +0x625
advocate/toolchain.runWorkflowUnit({0x7ffc390320ff, 0x52}, 0x1, 0x1, 0x1, {0x18e0baf2d950, 0x84}, 0x0, {0x0, 0x0}, ...)
	/home/advocate/Advocate/Experiments/Advocate/advocate/toolchain/fullWorkflowUnit.go:171 +0x1190
advocate/toolchain.Run({0x75dd74, 0x4}, {0x18e0baf2d950, 0x84}, 0x1, 0x1, 0x1, 0x0, {0x0, 0x0}, ...)
	/home/advocate/Advocate/Experiments/Advocate/advocate/toolchain/toolchain.go:72 +0x389
advocate/fuzzing.runFuzzing({0x18e0baf2d950, 0x84}, 0x0, 0x31, 0x1)
	/home/advocate/Advocate/Experiments/Advocate/advocate/fuzzing/fuzzing.go:217 +0x57b
advocate/fuzzing.Fuzzing()
	/home/advocate/Advocate/Experiments/Advocate/advocate/fuzzing/fuzzing.go:135 +0xea5
advocate/run.modeFuzzing()
	/home/advocate/Advocate/Experiments/Advocate/advocate/run/modes.go:34 +0x5e
advocate/run.Run()
	/home/advocate/Advocate/Experiments/Advocate/advocate/run/run.go:100 +0x5b5
main.main()
	/home/advocate/Advocate/Experiments/Advocate/advocate/main.go:28 +0x1c
2026/06/05 16:33:20 [31mNot enough RAM[0m
2026/06/05 16:33:20 goroutine 17 [running]:
advocate/utils/control.printAllGoroutines()
	/home/advocate/Advocate/Experiments/Advocate/advocate/utils/control/utils.go:20 +0x3d
advocate/utils/control.cancelRAM(0x77cd50, 0x77cd48, 0x77cd58)
	/home/advocate/Advocate/Experiments/Advocate/advocate/utils/control/memory.go:109 +0x6e
advocate/utils/control.Supervisor(0x77cd50, 0x77cd48, 0x77cd58)
	/home/advocate/Advocate/Experiments/Advocate/advocate/utils/control/memory.go:79 +0x12f
created by advocate/run.Run in goroutine 1
	/home/advocate/Advocate/Experiments/Advocate/advocate/run/run.go:63 +0x26f

goroutine 1 [runnable]:
advocate/analysis/hb/clock.(*VectorClock).GetValue(...)
	/home/advocate/Advocate/Experiments/Advocate/advocate/analysis/hb/clock/vc.go:97
advocate/analysis/hb/clock.happensBefore(0x18e0ca724760, 0x18e0c97672c0)
	/home/advocate/Advocate/Experiments/Advocate/advocate/analysis/hb/clock/hb.go:27 +0x96
advocate/analysis/hb/clock.GetHappensBefore(0x18e0c97672c0, 0x18e0ca724760)
	/home/advocate/Advocate/Experiments/Advocate/advocate/analysis/hb/clock/hb.go:77 +0x47
advocate/analysis/analysis/scenarios.buildResidualGraph({0x18e0d5080000, 0x186a2, 0x18e0c4ab2b68?}, {0x18e0d524c000, 0x186a2, 0x1?})
	/home/advocate/Advocate/Experiments/Advocate/advocate/analysis/analysis/scenarios/graph.go:60 +0x49f
advocate/analysis/analysis/scenarios.CheckForUnlockBeforeLock()
	/home/advocate/Advocate/Experiments/Advocate/advocate/analysis/analysis/scenarios/unlockBeforeLock.go:75 +0x2b5
advocate/analysis/analysis.RunHBAnalysis(0x1)
	/home/advocate/Advocate/Experiments/Advocate/advocate/analysis/analysis/analysis.go:262 +0xc9b
advocate/analysis/analysis.RunAnalysis(0x1)
	/home/advocate/Advocate/Experiments/Advocate/advocate/analysis/analysis/analysis.go:63 +0x105
advocate/toolchain.runAnalyzer({0x18e0bd1ec400, 0x7a}, {0x18e0bd1f0630?, 0x6c?}, {0x18e0bd1ec480, 0x80}, {0x18e0bd1ec500, 0x7b}, 0x0, {0x18e0bd1c3560, ...}, ...)
	/home/advocate/Advocate/Experiments/Advocate/advocate/toolchain/analyzer.go:78 +0x43b
advocate/toolchain.unitTestAnalyzer({0x18e0bd1ee5b0, 0x6c}, {0x760f26?, 0x18e0bacb0068?}, 0x0, {0x18e0bd1c3560, 0x84}, {0x18e0bd1f4c02, 0x13})
	/home/advocate/Advocate/Experiments/Advocate/advocate/toolchain/fullWorkflowUnit.go:619 +0x25c
advocate/toolchain.unitTestFullWorkflow({0x18e0bae00000?, 0x2c}, {0x7ffc390320ff, 0x52}, 0x1, 0x1, 0x1, {0x18e0bd1f4c02, 0x13}, {0x18e0bd086ce0, ...}, ...)
	/home/advocate/Advocate/Experiments/Advocate/advocate/toolchain/fullWorkflowUnit.go:479 +0x625
advocate/toolchain.runWorkflowUnit({0x7ffc390320ff, 0x52}, 0x1, 0x1, 0x1, {0x18e0baf2d950, 0x84}, 0x0, {0x0, 0x0}, ...)
	/home/advocate/Advocate/Experiments/Advocate/advocate/toolchain/fullWorkflowUnit.go:171 +0x1190
advocate/toolchain.Run({0x75dd74, 0x4}, {0x18e0baf2d950, 0x84}, 0x1, 0x1, 0x1, 0x0, {0x0, 0x0}, ...)
	/home/advocate/Advocate/Experiments/Advocate/advocate/toolchain/toolchain.go:72 +0x389
advocate/fuzzing.runFuzzing({0x18e0baf2d950, 0x84}, 0x0, 0x31, 0x1)
	/home/advocate/Advocate/Experiments/Advocate/advocate/fuzzing/fuzzing.go:217 +0x57b
advocate/fuzzing.Fuzzing()
	/home/advocate/Advocate/Experiments/Advocate/advocate/fuzzing/fuzzing.go:135 +0xea5
advocate/run.modeFuzzing()
	/home/advocate/Advocate/Experiments/Advocate/advocate/run/modes.go:34 +0x5e
advocate/run.Run()
	/home/advocate/Advocate/Experiments/Advocate/advocate/run/run.go:100 +0x5b5
main.main()
	/home/advocate/Advocate/Experiments/Advocate/advocate/main.go:28 +0x1c
2026/06/05 16:33:27 [31mNot enough RAM[0m
2026/06/05 16:33:27 goroutine 17 [running]:
advocate/utils/control.printAllGoroutines()
	/home/advocate/Advocate/Experiments/Advocate/advocate/utils/control/utils.go:20 +0x3d
advocate/utils/control.cancelRAM(0x77cd50, 0x77cd48, 0x77cd58)
	/home/advocate/Advocate/Experiments/Advocate/advocate/utils/control/memory.go:109 +0x6e
advocate/utils/control.Supervisor(0x77cd50, 0x77cd48, 0x77cd58)
	/home/advocate/Advocate/Experiments/Advocate/advocate/utils/control/memory.go:79 +0x12f
created by advocate/run.Run in goroutine 1
	/home/advocate/Advocate/Experiments/Advocate/advocate/run/run.go:63 +0x26f

goroutine 1 [runnable]:
advocate/analysis/hb/clock.(*VectorClock).GetValue(...)
	/home/advocate/Advocate/Experiments/Advocate/advocate/analysis/hb/clock/vc.go:97
advocate/analysis/hb/clock.happensBefore(0x18e0ca634830, 0x18e0ca82b220)
	/home/advocate/Advocate/Experiments/Advocate/advocate/analysis/hb/clock/hb.go:29 +0xe6
advocate/analysis/hb/clock.GetHappensBefore(0x18e0ca634830, 0x18e0ca82b220)
	/home/advocate/Advocate/Experiments/Advocate/advocate/analysis/hb/clock/hb.go:74 +0x34
advocate/analysis/analysis/scenarios.buildResidualGraph({0x18e0d5080000, 0x186a2, 0x18e0c4ab2b68?}, {0x18e0d524c000, 0x186a2, 0x1?})
	/home/advocate/Advocate/Experiments/Advocate/advocate/analysis/analysis/scenarios/graph.go:60 +0x49f
advocate/analysis/analysis/scenarios.CheckForUnlockBeforeLock()
	/home/advocate/Advocate/Experiments/Advocate/advocate/analysis/analysis/scenarios/unlockBeforeLock.go:75 +0x2b5
advocate/analysis/analysis.RunHBAnalysis(0x1)
	/home/advocate/Advocate/Experiments/Advocate/advocate/analysis/analysis/analysis.go:262 +0xc9b
advocate/analysis/analysis.RunAnalysis(0x1)
	/home/advocate/Advocate/Experiments/Advocate/advocate/analysis/analysis/analysis.go:63 +0x105
advocate/toolchain.runAnalyzer({0x18e0bd1ec400, 0x7a}, {0x18e0bd1f0630?, 0x6c?}, {0x18e0bd1ec480, 0x80}, {0x18e0bd1ec500, 0x7b}, 0x0, {0x18e0bd1c3560, ...}, ...)
	/home/advocate/Advocate/Experiments/Advocate/advocate/toolchain/analyzer.go:78 +0x43b
advocate/toolchain.unitTestAnalyzer({0x18e0bd1ee5b0, 0x6c}, {0x760f26?, 0x18e0bacb0068?}, 0x0, {0x18e0bd1c3560, 0x84}, {0x18e0bd1f4c02, 0x13})
	/home/advocate/Advocate/Experiments/Advocate/advocate/toolchain/fullWorkflowUnit.go:619 +0x25c
advocate/toolchain.unitTestFullWorkflow({0x18e0bae00000?, 0x2c}, {0x7ffc390320ff, 0x52}, 0x1, 0x1, 0x1, {0x18e0bd1f4c02, 0x13}, {0x18e0bd086ce0, ...}, ...)
	/home/advocate/Advocate/Experiments/Advocate/advocate/toolchain/fullWorkflowUnit.go:479 +0x625
advocate/toolchain.runWorkflowUnit({0x7ffc390320ff, 0x52}, 0x1, 0x1, 0x1, {0x18e0baf2d950, 0x84}, 0x0, {0x0, 0x0}, ...)
	/home/advocate/Advocate/Experiments/Advocate/advocate/toolchain/fullWorkflowUnit.go:171 +0x1190
advocate/toolchain.Run({0x75dd74, 0x4}, {0x18e0baf2d950, 0x84}, 0x1, 0x1, 0x1, 0x0, {0x0, 0x0}, ...)
	/home/advocate/Advocate/Experiments/Advocate/advocate/toolchain/toolchain.go:72 +0x389
advocate/fuzzing.runFuzzing({0x18e0baf2d950, 0x84}, 0x0, 0x31, 0x1)
	/home/advocate/Advocate/Experiments/Advocate/advocate/fuzzing/fuzzing.go:217 +0x57b
advocate/fuzzing.Fuzzing()
	/home/advocate/Advocate/Experiments/Advocate/advocate/fuzzing/fuzzing.go:135 +0xea5
advocate/run.modeFuzzing()
	/home/advocate/Advocate/Experiments/Advocate/advocate/run/modes.go:34 +0x5e
advocate/run.Run()
	/home/advocate/Advocate/Experiments/Advocate/advocate/run/run.go:100 +0x5b5
main.main()
	/home/advocate/Advocate/Experiments/Advocate/advocate/main.go:28 +0x1c
2026/06/05 16:33:34 [31mNot enough RAM[0m
2026/06/05 16:33:34 goroutine 17 [running]:
advocate/utils/control.printAllGoroutines()
	/home/advocate/Advocate/Experiments/Advocate/advocate/utils/control/utils.go:20 +0x3d
advocate/utils/control.cancelRAM(0x77cd50, 0x77cd48, 0x77cd58)
	/home/advocate/Advocate/Experiments/Advocate/advocate/utils/control/memory.go:109 +0x6e
advocate/utils/control.Supervisor(0x77cd50, 0x77cd48, 0x77cd58)
	/home/advocate/Advocate/Experiments/Advocate/advocate/utils/control/memory.go:79 +0x12f
created by advocate/run.Run in goroutine 1
	/home/advocate/Advocate/Experiments/Advocate/advocate/run/run.go:63 +0x26f

goroutine 1 [runnable]:
advocate/analysis/hb/clock.(*VectorClock).GetValue(...)
	/home/advocate/Advocate/Experiments/Advocate/advocate/analysis/hb/clock/vc.go:97
advocate/analysis/hb/clock.happensBefore(0x18e0c77de750, 0x18e0ca904b20)
	/home/advocate/Advocate/Experiments/Advocate/advocate/analysis/hb/clock/hb.go:27 +0x65
advocate/analysis/hb/clock.GetHappensBefore(0x18e0c77de750, 0x18e0ca904b20)
	/home/advocate/Advocate/Experiments/Advocate/advocate/analysis/hb/clock/hb.go:74 +0x34
advocate/analysis/analysis/scenarios.buildResidualGraph({0x18e0d5080000, 0x186a2, 0x18e0c4ab2b68?}, {0x18e0d524c000, 0x186a2, 0x1?})
	/home/advocate/Advocate/Experiments/Advocate/advocate/analysis/analysis/scenarios/graph.go:60 +0x49f
advocate/analysis/analysis/scenarios.CheckForUnlockBeforeLock()
	/home/advocate/Advocate/Experiments/Advocate/advocate/analysis/analysis/scenarios/unlockBeforeLock.go:75 +0x2b5
advocate/analysis/analysis.RunHBAnalysis(0x1)
	/home/advocate/Advocate/Experiments/Advocate/advocate/analysis/analysis/analysis.go:262 +0xc9b
advocate/analysis/analysis.RunAnalysis(0x1)
	/home/advocate/Advocate/Experiments/Advocate/advocate/analysis/analysis/analysis.go:63 +0x105
advocate/toolchain.runAnalyzer({0x18e0bd1ec400, 0x7a}, {0x18e0bd1f0630?, 0x6c?}, {0x18e0bd1ec480, 0x80}, {0x18e0bd1ec500, 0x7b}, 0x0, {0x18e0bd1c3560, ...}, ...)
	/home/advocate/Advocate/Experiments/Advocate/advocate/toolchain/analyzer.go:78 +0x43b
advocate/toolchain.unitTestAnalyzer({0x18e0bd1ee5b0, 0x6c}, {0x760f26?, 0x18e0bacb0068?}, 0x0, {0x18e0bd1c3560, 0x84}, {0x18e0bd1f4c02, 0x13})
	/home/advocate/Advocate/Experiments/Advocate/advocate/toolchain/fullWorkflowUnit.go:619 +0x25c
advocate/toolchain.unitTestFullWorkflow({0x18e0bae00000?, 0x2c}, {0x7ffc390320ff, 0x52}, 0x1, 0x1, 0x1, {0x18e0bd1f4c02, 0x13}, {0x18e0bd086ce0, ...}, ...)
	/home/advocate/Advocate/Experiments/Advocate/advocate/toolchain/fullWorkflowUnit.go:479 +0x625
advocate/toolchain.runWorkflowUnit({0x7ffc390320ff, 0x52}, 0x1, 0x1, 0x1, {0x18e0baf2d950, 0x84}, 0x0, {0x0, 0x0}, ...)
	/home/advocate/Advocate/Experiments/Advocate/advocate/toolchain/fullWorkflowUnit.go:171 +0x1190
advocate/toolchain.Run({0x75dd74, 0x4}, {0x18e0baf2d950, 0x84}, 0x1, 0x1, 0x1, 0x0, {0x0, 0x0}, ...)
	/home/advocate/Advocate/Experiments/Advocate/advocate/toolchain/toolchain.go:72 +0x389
advocate/fuzzing.runFuzzing({0x18e0baf2d950, 0x84}, 0x0, 0x31, 0x1)
	/home/advocate/Advocate/Experiments/Advocate/advocate/fuzzing/fuzzing.go:217 +0x57b
advocate/fuzzing.Fuzzing()
	/home/advocate/Advocate/Experiments/Advocate/advocate/fuzzing/fuzzing.go:135 +0xea5
advocate/run.modeFuzzing()
	/home/advocate/Advocate/Experiments/Advocate/advocate/run/modes.go:34 +0x5e
advocate/run.Run()
	/home/advocate/Advocate/Experiments/Advocate/advocate/run/run.go:100 +0x5b5
main.main()
	/home/advocate/Advocate/Experiments/Advocate/advocate/main.go:28 +0x1c
2026/06/05 16:33:41 [31mNot enough RAM[0m
2026/06/05 16:33:41 goroutine 17 [running]:
advocate/utils/control.printAllGoroutines()
	/home/advocate/Advocate/Experiments/Advocate/advocate/utils/control/utils.go:20 +0x3d
advocate/utils/control.cancelRAM(0x77cd50, 0x77cd48, 0x77cd58)
	/home/advocate/Advocate/Experiments/Advocate/advocate/utils/control/memory.go:109 +0x6e
advocate/utils/control.Supervisor(0x77cd50, 0x77cd48, 0x77cd58)
	/home/advocate/Advocate/Experiments/Advocate/advocate/utils/control/memory.go:79 +0x12f
created by advocate/run.Run in goroutine 1
	/home/advocate/Advocate/Experiments/Advocate/advocate/run/run.go:63 +0x26f

goroutine 1 [runnable]:
advocate/analysis/hb/clock.(*VectorClock).GetValue(...)
	/home/advocate/Advocate/Experiments/Advocate/advocate/analysis/hb/clock/vc.go:97
advocate/analysis/hb/clock.happensBefore(0x18e0caa08350, 0x18e0cfa08b60)
	/home/advocate/Advocate/Experiments/Advocate/advocate/analysis/hb/clock/hb.go:29 +0xe6
advocate/analysis/hb/clock.GetHappensBefore(0x18e0cfa08b60, 0x18e0caa08350)
	/home/advocate/Advocate/Experiments/Advocate/advocate/analysis/hb/clock/hb.go:77 +0x47
advocate/analysis/analysis/scenarios.buildResidualGraph({0x18e0d5080000, 0x186a2, 0x18e0c4ab2b68?}, {0x18e0d524c000, 0x186a2, 0x1?})
	/home/advocate/Advocate/Experiments/Advocate/advocate/analysis/analysis/scenarios/graph.go:60 +0x49f
advocate/analysis/analysis/scenarios.CheckForUnlockBeforeLock()
	/home/advocate/Advocate/Experiments/Advocate/advocate/analysis/analysis/scenarios/unlockBeforeLock.go:75 +0x2b5
advocate/analysis/analysis.RunHBAnalysis(0x1)
	/home/advocate/Advocate/Experiments/Advocate/advocate/analysis/analysis/analysis.go:262 +0xc9b
advocate/analysis/analysis.RunAnalysis(0x1)
	/home/advocate/Advocate/Experiments/Advocate/advocate/analysis/analysis/analysis.go:63 +0x105
advocate/toolchain.runAnalyzer({0x18e0bd1ec400, 0x7a}, {0x18e0bd1f0630?, 0x6c?}, {0x18e0bd1ec480, 0x80}, {0x18e0bd1ec500, 0x7b}, 0x0, {0x18e0bd1c3560, ...}, ...)
	/home/advocate/Advocate/Experiments/Advocate/advocate/toolchain/analyzer.go:78 +0x43b
advocate/toolchain.unitTestAnalyzer({0x18e0bd1ee5b0, 0x6c}, {0x760f26?, 0x18e0bacb0068?}, 0x0, {0x18e0bd1c3560, 0x84}, {0x18e0bd1f4c02, 0x13})
	/home/advocate/Advocate/Experiments/Advocate/advocate/toolchain/fullWorkflowUnit.go:619 +0x25c
advocate/toolchain.unitTestFullWorkflow({0x18e0bae00000?, 0x2c}, {0x7ffc390320ff, 0x52}, 0x1, 0x1, 0x1, {0x18e0bd1f4c02, 0x13}, {0x18e0bd086ce0, ...}, ...)
	/home/advocate/Advocate/Experiments/Advocate/advocate/toolchain/fullWorkflowUnit.go:479 +0x625
advocate/toolchain.runWorkflowUnit({0x7ffc390320ff, 0x52}, 0x1, 0x1, 0x1, {0x18e0baf2d950, 0x84}, 0x0, {0x0, 0x0}, ...)
	/home/advocate/Advocate/Experiments/Advocate/advocate/toolchain/fullWorkflowUnit.go:171 +0x1190
advocate/toolchain.Run({0x75dd74, 0x4}, {0x18e0baf2d950, 0x84}, 0x1, 0x1, 0x1, 0x0, {0x0, 0x0}, ...)
	/home/advocate/Advocate/Experiments/Advocate/advocate/toolchain/toolchain.go:72 +0x389
advocate/fuzzing.runFuzzing({0x18e0baf2d950, 0x84}, 0x0, 0x31, 0x1)
	/home/advocate/Advocate/Experiments/Advocate/advocate/fuzzing/fuzzing.go:217 +0x57b
advocate/fuzzing.Fuzzing()
	/home/advocate/Advocate/Experiments/Advocate/advocate/fuzzing/fuzzing.go:135 +0xea5
advocate/run.modeFuzzing()
	/home/advocate/Advocate/Experiments/Advocate/advocate/run/modes.go:34 +0x5e
advocate/run.Run()
	/home/advocate/Advocate/Experiments/Advocate/advocate/run/run.go:100 +0x5b5
main.main()
	/home/advocate/Advocate/Experiments/Advocate/advocate/main.go:28 +0x1c
2026/06/05 16:33:49 [31mNot enough RAM[0m
2026/06/05 16:33:49 goroutine 17 [running]:
advocate/utils/control.printAllGoroutines()
	/home/advocate/Advocate/Experiments/Advocate/advocate/utils/control/utils.go:20 +0x3d
advocate/utils/control.cancelRAM(0x77cd50, 0x77cd48, 0x77cd58)
	/home/advocate/Advocate/Experiments/Advocate/advocate/utils/control/memory.go:109 +0x6e
advocate/utils/control.Supervisor(0x77cd50, 0x77cd48, 0x77cd58)
	/home/advocate/Advocate/Experiments/Advocate/advocate/utils/control/memory.go:79 +0x12f
created by advocate/run.Run in goroutine 1
	/home/advocate/Advocate/Experiments/Advocate/advocate/run/run.go:63 +0x26f

goroutine 1 [runnable]:
advocate/analysis/hb/clock.(*VectorClock).GetValue(...)
	/home/advocate/Advocate/Experiments/Advocate/advocate/analysis/hb/clock/vc.go:97
advocate/analysis/hb/clock.happensBefore(0x18e0caaf8b50, 0x18e0ca4445b0)
	/home/advocate/Advocate/Experiments/Advocate/advocate/analysis/hb/clock/hb.go:27 +0x96
advocate/analysis/hb/clock.GetHappensBefore(0x18e0ca4445b0, 0x18e0caaf8b50)
	/home/advocate/Advocate/Experiments/Advocate/advocate/analysis/hb/clock/hb.go:77 +0x47
advocate/analysis/analysis/scenarios.buildResidualGraph({0x18e0d5080000, 0x186a2, 0x18e0c4ab2b68?}, {0x18e0d524c000, 0x186a2, 0x1?})
	/home/advocate/Advocate/Experiments/Advocate/advocate/analysis/analysis/scenarios/graph.go:60 +0x49f
advocate/analysis/analysis/scenarios.CheckForUnlockBeforeLock()
	/home/advocate/Advocate/Experiments/Advocate/advocate/analysis/analysis/scenarios/unlockBeforeLock.go:75 +0x2b5
advocate/analysis/analysis.RunHBAnalysis(0x1)
	/home/advocate/Advocate/Experiments/Advocate/advocate/analysis/analysis/analysis.go:262 +0xc9b
advocate/analysis/analysis.RunAnalysis(0x1)
	/home/advocate/Advocate/Experiments/Advocate/advocate/analysis/analysis/analysis.go:63 +0x105
advocate/toolchain.runAnalyzer({0x18e0bd1ec400, 0x7a}, {0x18e0bd1f0630?, 0x6c?}, {0x18e0bd1ec480, 0x80}, {0x18e0bd1ec500, 0x7b}, 0x0, {0x18e0bd1c3560, ...}, ...)
	/home/advocate/Advocate/Experiments/Advocate/advocate/toolchain/analyzer.go:78 +0x43b
advocate/toolchain.unitTestAnalyzer({0x18e0bd1ee5b0, 0x6c}, {0x760f26?, 0x18e0bacb0068?}, 0x0, {0x18e0bd1c3560, 0x84}, {0x18e0bd1f4c02, 0x13})
	/home/advocate/Advocate/Experiments/Advocate/advocate/toolchain/fullWorkflowUnit.go:619 +0x25c
advocate/toolchain.unitTestFullWorkflow({0x18e0bae00000?, 0x2c}, {0x7ffc390320ff, 0x52}, 0x1, 0x1, 0x1, {0x18e0bd1f4c02, 0x13}, {0x18e0bd086ce0, ...}, ...)
	/home/advocate/Advocate/Experiments/Advocate/advocate/toolchain/fullWorkflowUnit.go:479 +0x625
advocate/toolchain.runWorkflowUnit({0x7ffc390320ff, 0x52}, 0x1, 0x1, 0x1, {0x18e0baf2d950, 0x84}, 0x0, {0x0, 0x0}, ...)
	/home/advocate/Advocate/Experiments/Advocate/advocate/toolchain/fullWorkflowUnit.go:171 +0x1190
advocate/toolchain.Run({0x75dd74, 0x4}, {0x18e0baf2d950, 0x84}, 0x1, 0x1, 0x1, 0x0, {0x0, 0x0}, ...)
	/home/advocate/Advocate/Experiments/Advocate/advocate/toolchain/toolchain.go:72 +0x389
advocate/fuzzing.runFuzzing({0x18e0baf2d950, 0x84}, 0x0, 0x31, 0x1)
	/home/advocate/Advocate/Experiments/Advocate/advocate/fuzzing/fuzzing.go:217 +0x57b
advocate/fuzzing.Fuzzing()
	/home/advocate/Advocate/Experiments/Advocate/advocate/fuzzing/fuzzing.go:135 +0xea5
advocate/run.modeFuzzing()
	/home/advocate/Advocate/Experiments/Advocate/advocate/run/modes.go:34 +0x5e
advocate/run.Run()
	/home/advocate/Advocate/Experiments/Advocate/advocate/run/run.go:100 +0x5b5
main.main()
	/home/advocate/Advocate/Experiments/Advocate/advocate/main.go:28 +0x1c
2026/06/05 16:33:56 [31mNot enough RAM[0m
2026/06/05 16:33:56 goroutine 17 [running]:
advocate/utils/control.printAllGoroutines()
	/home/advocate/Advocate/Experiments/Advocate/advocate/utils/control/utils.go:20 +0x3d
advocate/utils/control.cancelRAM(0x77cd50, 0x77cd48, 0x77cd58)
	/home/advocate/Advocate/Experiments/Advocate/advocate/utils/control/memory.go:109 +0x6e
advocate/utils/control.Supervisor(0x77cd50, 0x77cd48, 0x77cd58)
	/home/advocate/Advocate/Experiments/Advocate/advocate/utils/control/memory.go:79 +0x12f
created by advocate/run.Run in goroutine 1
	/home/advocate/Advocate/Experiments/Advocate/advocate/run/run.go:63 +0x26f

goroutine 1 [runnable]:
advocate/analysis/hb/clock.(*VectorClock).GetValue(...)
	/home/advocate/Advocate/Experiments/Advocate/advocate/analysis/hb/clock/vc.go:97
advocate/analysis/hb/clock.happensBefore(0x18e0d3717220, 0x18e0cac47430)
	/home/advocate/Advocate/Experiments/Advocate/advocate/analysis/hb/clock/hb.go:27 +0x96
advocate/analysis/hb/clock.GetHappensBefore(0x18e0d3717220, 0x18e0cac47430)
	/home/advocate/Advocate/Experiments/Advocate/advocate/analysis/hb/clock/hb.go:74 +0x34
advocate/analysis/analysis/scenarios.buildResidualGraph({0x18e0d5080000, 0x186a2, 0x18e0c4ab2b68?}, {0x18e0d524c000, 0x186a2, 0x1?})
	/home/advocate/Advocate/Experiments/Advocate/advocate/analysis/analysis/scenarios/graph.go:60 +0x49f
advocate/analysis/analysis/scenarios.CheckForUnlockBeforeLock()
	/home/advocate/Advocate/Experiments/Advocate/advocate/analysis/analysis/scenarios/unlockBeforeLock.go:75 +0x2b5
advocate/analysis/analysis.RunHBAnalysis(0x1)
	/home/advocate/Advocate/Experiments/Advocate/advocate/analysis/analysis/analysis.go:262 +0xc9b
advocate/analysis/analysis.RunAnalysis(0x1)
	/home/advocate/Advocate/Experiments/Advocate/advocate/analysis/analysis/analysis.go:63 +0x105
advocate/toolchain.runAnalyzer({0x18e0bd1ec400, 0x7a}, {0x18e0bd1f0630?, 0x6c?}, {0x18e0bd1ec480, 0x80}, {0x18e0bd1ec500, 0x7b}, 0x0, {0x18e0bd1c3560, ...}, ...)
	/home/advocate/Advocate/Experiments/Advocate/advocate/toolchain/analyzer.go:78 +0x43b
advocate/toolchain.unitTestAnalyzer({0x18e0bd1ee5b0, 0x6c}, {0x760f26?, 0x18e0bacb0068?}, 0x0, {0x18e0bd1c3560, 0x84}, {0x18e0bd1f4c02, 0x13})
	/home/advocate/Advocate/Experiments/Advocate/advocate/toolchain/fullWorkflowUnit.go:619 +0x25c
advocate/toolchain.unitTestFullWorkflow({0x18e0bae00000?, 0x2c}, {0x7ffc390320ff, 0x52}, 0x1, 0x1, 0x1, {0x18e0bd1f4c02, 0x13}, {0x18e0bd086ce0, ...}, ...)
	/home/advocate/Advocate/Experiments/Advocate/advocate/toolchain/fullWorkflowUnit.go:479 +0x625
advocate/toolchain.runWorkflowUnit({0x7ffc390320ff, 0x52}, 0x1, 0x1, 0x1, {0x18e0baf2d950, 0x84}, 0x0, {0x0, 0x0}, ...)
	/home/advocate/Advocate/Experiments/Advocate/advocate/toolchain/fullWorkflowUnit.go:171 +0x1190
advocate/toolchain.Run({0x75dd74, 0x4}, {0x18e0baf2d950, 0x84}, 0x1, 0x1, 0x1, 0x0, {0x0, 0x0}, ...)
	/home/advocate/Advocate/Experiments/Advocate/advocate/toolchain/toolchain.go:72 +0x389
advocate/fuzzing.runFuzzing({0x18e0baf2d950, 0x84}, 0x0, 0x31, 0x1)
	/home/advocate/Advocate/Experiments/Advocate/advocate/fuzzing/fuzzing.go:217 +0x57b
advocate/fuzzing.Fuzzing()
	/home/advocate/Advocate/Experiments/Advocate/advocate/fuzzing/fuzzing.go:135 +0xea5
advocate/run.modeFuzzing()
	/home/advocate/Advocate/Experiments/Advocate/advocate/run/modes.go:34 +0x5e
advocate/run.Run()
	/home/advocate/Advocate/Experiments/Advocate/advocate/run/run.go:100 +0x5b5
main.main()
	/home/advocate/Advocate/Experiments/Advocate/advocate/main.go:28 +0x1c
2026/06/05 16:34:03 [31mNot enough RAM[0m
2026/06/05 16:34:03 goroutine 17 [running]:
advocate/utils/control.printAllGoroutines()
	/home/advocate/Advocate/Experiments/Advocate/advocate/utils/control/utils.go:20 +0x3d
advocate/utils/control.cancelRAM(0x77cd50, 0x77cd48, 0x77cd58)
	/home/advocate/Advocate/Experiments/Advocate/advocate/utils/control/memory.go:109 +0x6e
advocate/utils/control.Supervisor(0x77cd50, 0x77cd48, 0x77cd58)
	/home/advocate/Advocate/Experiments/Advocate/advocate/utils/control/memory.go:79 +0x12f
created by advocate/run.Run in goroutine 1
	/home/advocate/Advocate/Experiments/Advocate/advocate/run/run.go:63 +0x26f

goroutine 1 [runnable]:
advocate/analysis/hb/clock.GetHappensBefore(0x18e0c6d8ea10?, 0x18e0cad371f0?)
	/home/advocate/Advocate/Experiments/Advocate/advocate/analysis/hb/clock/hb.go:65 +0x8e
advocate/analysis/analysis/scenarios.buildResidualGraph({0x18e0d5080000, 0x186a2, 0x18e0c4ab2b68?}, {0x18e0d524c000, 0x186a2, 0x1?})
	/home/advocate/Advocate/Experiments/Advocate/advocate/analysis/analysis/scenarios/graph.go:60 +0x49f
advocate/analysis/analysis/scenarios.CheckForUnlockBeforeLock()
	/home/advocate/Advocate/Experiments/Advocate/advocate/analysis/analysis/scenarios/unlockBeforeLock.go:75 +0x2b5
advocate/analysis/analysis.RunHBAnalysis(0x1)
	/home/advocate/Advocate/Experiments/Advocate/advocate/analysis/analysis/analysis.go:262 +0xc9b
advocate/analysis/analysis.RunAnalysis(0x1)
	/home/advocate/Advocate/Experiments/Advocate/advocate/analysis/analysis/analysis.go:63 +0x105
advocate/toolchain.runAnalyzer({0x18e0bd1ec400, 0x7a}, {0x18e0bd1f0630?, 0x6c?}, {0x18e0bd1ec480, 0x80}, {0x18e0bd1ec500, 0x7b}, 0x0, {0x18e0bd1c3560, ...}, ...)
	/home/advocate/Advocate/Experiments/Advocate/advocate/toolchain/analyzer.go:78 +0x43b
advocate/toolchain.unitTestAnalyzer({0x18e0bd1ee5b0, 0x6c}, {0x760f26?, 0x18e0bacb0068?}, 0x0, {0x18e0bd1c3560, 0x84}, {0x18e0bd1f4c02, 0x13})
	/home/advocate/Advocate/Experiments/Advocate/advocate/toolchain/fullWorkflowUnit.go:619 +0x25c
advocate/toolchain.unitTestFullWorkflow({0x18e0bae00000?, 0x2c}, {0x7ffc390320ff, 0x52}, 0x1, 0x1, 0x1, {0x18e0bd1f4c02, 0x13}, {0x18e0bd086ce0, ...}, ...)
	/home/advocate/Advocate/Experiments/Advocate/advocate/toolchain/fullWorkflowUnit.go:479 +0x625
advocate/toolchain.runWorkflowUnit({0x7ffc390320ff, 0x52}, 0x1, 0x1, 0x1, {0x18e0baf2d950, 0x84}, 0x0, {0x0, 0x0}, ...)
	/home/advocate/Advocate/Experiments/Advocate/advocate/toolchain/fullWorkflowUnit.go:171 +0x1190
advocate/toolchain.Run({0x75dd74, 0x4}, {0x18e0baf2d950, 0x84}, 0x1, 0x1, 0x1, 0x0, {0x0, 0x0}, ...)
	/home/advocate/Advocate/Experiments/Advocate/advocate/toolchain/toolchain.go:72 +0x389
advocate/fuzzing.runFuzzing({0x18e0baf2d950, 0x84}, 0x0, 0x31, 0x1)
	/home/advocate/Advocate/Experiments/Advocate/advocate/fuzzing/fuzzing.go:217 +0x57b
advocate/fuzzing.Fuzzing()
	/home/advocate/Advocate/Experiments/Advocate/advocate/fuzzing/fuzzing.go:135 +0xea5
advocate/run.modeFuzzing()
	/home/advocate/Advocate/Experiments/Advocate/advocate/run/modes.go:34 +0x5e
advocate/run.Run()
	/home/advocate/Advocate/Experiments/Advocate/advocate/run/run.go:100 +0x5b5
main.main()
	/home/advocate/Advocate/Experiments/Advocate/advocate/main.go:28 +0x1c
2026/06/05 16:34:10 [31mNot enough RAM[0m
2026/06/05 16:34:10 goroutine 17 [running]:
advocate/utils/control.printAllGoroutines()
	/home/advocate/Advocate/Experiments/Advocate/advocate/utils/control/utils.go:20 +0x3d
advocate/utils/control.cancelRAM(0x77cd50, 0x77cd48, 0x77cd58)
	/home/advocate/Advocate/Experiments/Advocate/advocate/utils/control/memory.go:109 +0x6e
advocate/utils/control.Supervisor(0x77cd50, 0x77cd48, 0x77cd58)
	/home/advocate/Advocate/Experiments/Advocate/advocate/utils/control/memory.go:79 +0x12f
created by advocate/run.Run in goroutine 1
	/home/advocate/Advocate/Experiments/Advocate/advocate/run/run.go:63 +0x26f

goroutine 1 [runnable]:
advocate/analysis/hb/clock.(*VectorClock).GetValue(...)
	/home/advocate/Advocate/Experiments/Advocate/advocate/analysis/hb/clock/vc.go:97
advocate/analysis/hb/clock.happensBefore(0x18e0cf678ad0, 0x18e0cae144c0)
	/home/advocate/Advocate/Experiments/Advocate/advocate/analysis/hb/clock/hb.go:27 +0x96
advocate/analysis/hb/clock.GetHappensBefore(0x18e0cf678ad0, 0x18e0cae144c0)
	/home/advocate/Advocate/Experiments/Advocate/advocate/analysis/hb/clock/hb.go:74 +0x34
advocate/analysis/analysis/scenarios.buildResidualGraph({0x18e0d5080000, 0x186a2, 0x18e0c4ab2b68?}, {0x18e0d524c000, 0x186a2, 0x1?})
	/home/advocate/Advocate/Experiments/Advocate/advocate/analysis/analysis/scenarios/graph.go:60 +0x49f
advocate/analysis/analysis/scenarios.CheckForUnlockBeforeLock()
	/home/advocate/Advocate/Experiments/Advocate/advocate/analysis/analysis/scenarios/unlockBeforeLock.go:75 +0x2b5
advocate/analysis/analysis.RunHBAnalysis(0x1)
	/home/advocate/Advocate/Experiments/Advocate/advocate/analysis/analysis/analysis.go:262 +0xc9b
advocate/analysis/analysis.RunAnalysis(0x1)
	/home/advocate/Advocate/Experiments/Advocate/advocate/analysis/analysis/analysis.go:63 +0x105
advocate/toolchain.runAnalyzer({0x18e0bd1ec400, 0x7a}, {0x18e0bd1f0630?, 0x6c?}, {0x18e0bd1ec480, 0x80}, {0x18e0bd1ec500, 0x7b}, 0x0, {0x18e0bd1c3560, ...}, ...)
	/home/advocate/Advocate/Experiments/Advocate/advocate/toolchain/analyzer.go:78 +0x43b
advocate/toolchain.unitTestAnalyzer({0x18e0bd1ee5b0, 0x6c}, {0x760f26?, 0x18e0bacb0068?}, 0x0, {0x18e0bd1c3560, 0x84}, {0x18e0bd1f4c02, 0x13})
	/home/advocate/Advocate/Experiments/Advocate/advocate/toolchain/fullWorkflowUnit.go:619 +0x25c
advocate/toolchain.unitTestFullWorkflow({0x18e0bae00000?, 0x2c}, {0x7ffc390320ff, 0x52}, 0x1, 0x1, 0x1, {0x18e0bd1f4c02, 0x13}, {0x18e0bd086ce0, ...}, ...)
	/home/advocate/Advocate/Experiments/Advocate/advocate/toolchain/fullWorkflowUnit.go:479 +0x625
advocate/toolchain.runWorkflowUnit({0x7ffc390320ff, 0x52}, 0x1, 0x1, 0x1, {0x18e0baf2d950, 0x84}, 0x0, {0x0, 0x0}, ...)
	/home/advocate/Advocate/Experiments/Advocate/advocate/toolchain/fullWorkflowUnit.go:171 +0x1190
advocate/toolchain.Run({0x75dd74, 0x4}, {0x18e0baf2d950, 0x84}, 0x1, 0x1, 0x1, 0x0, {0x0, 0x0}, ...)
	/home/advocate/Advocate/Experiments/Advocate/advocate/toolchain/toolchain.go:72 +0x389
advocate/fuzzing.runFuzzing({0x18e0baf2d950, 0x84}, 0x0, 0x31, 0x1)
	/home/advocate/Advocate/Experiments/Advocate/advocate/fuzzing/fuzzing.go:217 +0x57b
advocate/fuzzing.Fuzzing()
	/home/advocate/Advocate/Experiments/Advocate/advocate/fuzzing/fuzzing.go:135 +0xea5
advocate/run.modeFuzzing()
	/home/advocate/Advocate/Experiments/Advocate/advocate/run/modes.go:34 +0x5e
advocate/run.Run()
	/home/advocate/Advocate/Experiments/Advocate/advocate/run/run.go:100 +0x5b5
main.main()
	/home/advocate/Advocate/Experiments/Advocate/advocate/main.go:28 +0x1c
2026/06/05 16:34:17 [31mNot enough RAM[0m
2026/06/05 16:34:17 goroutine 17 [running]:
advocate/utils/control.printAllGoroutines()
	/home/advocate/Advocate/Experiments/Advocate/advocate/utils/control/utils.go:20 +0x3d
advocate/utils/control.cancelRAM(0x77cd50, 0x77cd48, 0x77cd58)
	/home/advocate/Advocate/Experiments/Advocate/advocate/utils/control/memory.go:109 +0x6e
advocate/utils/control.Supervisor(0x77cd50, 0x77cd48, 0x77cd58)
	/home/advocate/Advocate/Experiments/Advocate/advocate/utils/control/memory.go:79 +0x12f
created by advocate/run.Run in goroutine 1
	/home/advocate/Advocate/Experiments/Advocate/advocate/run/run.go:63 +0x26f

goroutine 1 [runnable]:
advocate/analysis/hb/clock.(*VectorClock).GetValue(...)
	/home/advocate/Advocate/Experiments/Advocate/advocate/analysis/hb/clock/vc.go:97
advocate/analysis/hb/clock.happensBefore(0x18e0c9dca370, 0x18e0caf168e0)
	/home/advocate/Advocate/Experiments/Advocate/advocate/analysis/hb/clock/hb.go:27 +0x96
advocate/analysis/hb/clock.GetHappensBefore(0x18e0c9dca370, 0x18e0caf168e0)
	/home/advocate/Advocate/Experiments/Advocate/advocate/analysis/hb/clock/hb.go:74 +0x34
advocate/analysis/analysis/scenarios.buildResidualGraph({0x18e0d5080000, 0x186a2, 0x18e0c4ab2b68?}, {0x18e0d524c000, 0x186a2, 0x1?})
	/home/advocate/Advocate/Experiments/Advocate/advocate/analysis/analysis/scenarios/graph.go:60 +0x49f
advocate/analysis/analysis/scenarios.CheckForUnlockBeforeLock()
	/home/advocate/Advocate/Experiments/Advocate/advocate/analysis/analysis/scenarios/unlockBeforeLock.go:75 +0x2b5
advocate/analysis/analysis.RunHBAnalysis(0x1)
	/home/advocate/Advocate/Experiments/Advocate/advocate/analysis/analysis/analysis.go:262 +0xc9b
advocate/analysis/analysis.RunAnalysis(0x1)
	/home/advocate/Advocate/Experiments/Advocate/advocate/analysis/analysis/analysis.go:63 +0x105
advocate/toolchain.runAnalyzer({0x18e0bd1ec400, 0x7a}, {0x18e0bd1f0630?, 0x6c?}, {0x18e0bd1ec480, 0x80}, {0x18e0bd1ec500, 0x7b}, 0x0, {0x18e0bd1c3560, ...}, ...)
	/home/advocate/Advocate/Experiments/Advocate/advocate/toolchain/analyzer.go:78 +0x43b
advocate/toolchain.unitTestAnalyzer({0x18e0bd1ee5b0, 0x6c}, {0x760f26?, 0x18e0bacb0068?}, 0x0, {0x18e0bd1c3560, 0x84}, {0x18e0bd1f4c02, 0x13})
	/home/advocate/Advocate/Experiments/Advocate/advocate/toolchain/fullWorkflowUnit.go:619 +0x25c
advocate/toolchain.unitTestFullWorkflow({0x18e0bae00000?, 0x2c}, {0x7ffc390320ff, 0x52}, 0x1, 0x1, 0x1, {0x18e0bd1f4c02, 0x13}, {0x18e0bd086ce0, ...}, ...)
	/home/advocate/Advocate/Experiments/Advocate/advocate/toolchain/fullWorkflowUnit.go:479 +0x625
advocate/toolchain.runWorkflowUnit({0x7ffc390320ff, 0x52}, 0x1, 0x1, 0x1, {0x18e0baf2d950, 0x84}, 0x0, {0x0, 0x0}, ...)
	/home/advocate/Advocate/Experiments/Advocate/advocate/toolchain/fullWorkflowUnit.go:171 +0x1190
advocate/toolchain.Run({0x75dd74, 0x4}, {0x18e0baf2d950, 0x84}, 0x1, 0x1, 0x1, 0x0, {0x0, 0x0}, ...)
	/home/advocate/Advocate/Experiments/Advocate/advocate/toolchain/toolchain.go:72 +0x389
advocate/fuzzing.runFuzzing({0x18e0baf2d950, 0x84}, 0x0, 0x31, 0x1)
	/home/advocate/Advocate/Experiments/Advocate/advocate/fuzzing/fuzzing.go:217 +0x57b
advocate/fuzzing.Fuzzing()
	/home/advocate/Advocate/Experiments/Advocate/advocate/fuzzing/fuzzing.go:135 +0xea5
advocate/run.modeFuzzing()
	/home/advocate/Advocate/Experiments/Advocate/advocate/run/modes.go:34 +0x5e
advocate/run.Run()
	/home/advocate/Advocate/Experiments/Advocate/advocate/run/run.go:100 +0x5b5
main.main()
	/home/advocate/Advocate/Experiments/Advocate/advocate/main.go:28 +0x1c
2026/06/05 16:34:24 [31mNot enough RAM[0m
2026/06/05 16:34:24 goroutine 17 [running]:
advocate/utils/control.printAllGoroutines()
	/home/advocate/Advocate/Experiments/Advocate/advocate/utils/control/utils.go:20 +0x3d
advocate/utils/control.cancelRAM(0x77cd50, 0x77cd48, 0x77cd58)
	/home/advocate/Advocate/Experiments/Advocate/advocate/utils/control/memory.go:109 +0x6e
advocate/utils/control.Supervisor(0x77cd50, 0x77cd48, 0x77cd58)
	/home/advocate/Advocate/Experiments/Advocate/advocate/utils/control/memory.go:79 +0x12f
created by advocate/run.Run in goroutine 1
	/home/advocate/Advocate/Experiments/Advocate/advocate/run/run.go:63 +0x26f

goroutine 1 [runnable]:
advocate/analysis/hb/clock.(*VectorClock).GetValue(...)
	/home/advocate/Advocate/Experiments/Advocate/advocate/analysis/hb/clock/vc.go:97
advocate/analysis/hb/clock.happensBefore(0x18e0caff11c0, 0x18e0cec00080)
	/home/advocate/Advocate/Experiments/Advocate/advocate/analysis/hb/clock/hb.go:27 +0x65
advocate/analysis/hb/clock.GetHappensBefore(0x18e0cec00080, 0x18e0caff11c0)
	/home/advocate/Advocate/Experiments/Advocate/advocate/analysis/hb/clock/hb.go:77 +0x47
advocate/analysis/analysis/scenarios.buildResidualGraph({0x18e0d5080000, 0x186a2, 0x18e0c4ab2b68?}, {0x18e0d524c000, 0x186a2, 0x1?})
	/home/advocate/Advocate/Experiments/Advocate/advocate/analysis/analysis/scenarios/graph.go:60 +0x49f
advocate/analysis/analysis/scenarios.CheckForUnlockBeforeLock()
	/home/advocate/Advocate/Experiments/Advocate/advocate/analysis/analysis/scenarios/unlockBeforeLock.go:75 +0x2b5
advocate/analysis/analysis.RunHBAnalysis(0x1)
	/home/advocate/Advocate/Experiments/Advocate/advocate/analysis/analysis/analysis.go:262 +0xc9b
advocate/analysis/analysis.RunAnalysis(0x1)
	/home/advocate/Advocate/Experiments/Advocate/advocate/analysis/analysis/analysis.go:63 +0x105
advocate/toolchain.runAnalyzer({0x18e0bd1ec400, 0x7a}, {0x18e0bd1f0630?, 0x6c?}, {0x18e0bd1ec480, 0x80}, {0x18e0bd1ec500, 0x7b}, 0x0, {0x18e0bd1c3560, ...}, ...)
	/home/advocate/Advocate/Experiments/Advocate/advocate/toolchain/analyzer.go:78 +0x43b
advocate/toolchain.unitTestAnalyzer({0x18e0bd1ee5b0, 0x6c}, {0x760f26?, 0x18e0bacb0068?}, 0x0, {0x18e0bd1c3560, 0x84}, {0x18e0bd1f4c02, 0x13})
	/home/advocate/Advocate/Experiments/Advocate/advocate/toolchain/fullWorkflowUnit.go:619 +0x25c
advocate/toolchain.unitTestFullWorkflow({0x18e0bae00000?, 0x2c}, {0x7ffc390320ff, 0x52}, 0x1, 0x1, 0x1, {0x18e0bd1f4c02, 0x13}, {0x18e0bd086ce0, ...}, ...)
	/home/advocate/Advocate/Experiments/Advocate/advocate/toolchain/fullWorkflowUnit.go:479 +0x625
advocate/toolchain.runWorkflowUnit({0x7ffc390320ff, 0x52}, 0x1, 0x1, 0x1, {0x18e0baf2d950, 0x84}, 0x0, {0x0, 0x0}, ...)
	/home/advocate/Advocate/Experiments/Advocate/advocate/toolchain/fullWorkflowUnit.go:171 +0x1190
advocate/toolchain.Run({0x75dd74, 0x4}, {0x18e0baf2d950, 0x84}, 0x1, 0x1, 0x1, 0x0, {0x0, 0x0}, ...)
	/home/advocate/Advocate/Experiments/Advocate/advocate/toolchain/toolchain.go:72 +0x389
advocate/fuzzing.runFuzzing({0x18e0baf2d950, 0x84}, 0x0, 0x31, 0x1)
	/home/advocate/Advocate/Experiments/Advocate/advocate/fuzzing/fuzzing.go:217 +0x57b
advocate/fuzzing.Fuzzing()
	/home/advocate/Advocate/Experiments/Advocate/advocate/fuzzing/fuzzing.go:135 +0xea5
advocate/run.modeFuzzing()
	/home/advocate/Advocate/Experiments/Advocate/advocate/run/modes.go:34 +0x5e
advocate/run.Run()
	/home/advocate/Advocate/Experiments/Advocate/advocate/run/run.go:100 +0x5b5
main.main()
	/home/advocate/Advocate/Experiments/Advocate/advocate/main.go:28 +0x1c
2026/06/05 16:34:32 [31mNot enough RAM[0m
2026/06/05 16:34:32 goroutine 17 [running]:
advocate/utils/control.printAllGoroutines()
	/home/advocate/Advocate/Experiments/Advocate/advocate/utils/control/utils.go:20 +0x3d
advocate/utils/control.cancelRAM(0x77cd50, 0x77cd48, 0x77cd58)
	/home/advocate/Advocate/Experiments/Advocate/advocate/utils/control/memory.go:109 +0x6e
advocate/utils/control.Supervisor(0x77cd50, 0x77cd48, 0x77cd58)
	/home/advocate/Advocate/Experiments/Advocate/advocate/utils/control/memory.go:79 +0x12f
created by advocate/run.Run in goroutine 1
	/home/advocate/Advocate/Experiments/Advocate/advocate/run/run.go:63 +0x26f

goroutine 1 [runnable]:
advocate/analysis/hb/clock.(*VectorClock).GetValue(...)
	/home/advocate/Advocate/Experiments/Advocate/advocate/analysis/hb/clock/vc.go:97
advocate/analysis/hb/clock.happensBefore(0x18e0c79a06d0, 0x18e0cb0e44d0)
	/home/advocate/Advocate/Experiments/Advocate/advocate/analysis/hb/clock/hb.go:27 +0x96
advocate/analysis/hb/clock.GetHappensBefore(0x18e0c79a06d0, 0x18e0cb0e44d0)
	/home/advocate/Advocate/Experiments/Advocate/advocate/analysis/hb/clock/hb.go:74 +0x34
advocate/analysis/analysis/scenarios.buildResidualGraph({0x18e0d5080000, 0x186a2, 0x18e0c4ab2b68?}, {0x18e0d524c000, 0x186a2, 0x1?})
	/home/advocate/Advocate/Experiments/Advocate/advocate/analysis/analysis/scenarios/graph.go:60 +0x49f
advocate/analysis/analysis/scenarios.CheckForUnlockBeforeLock()
	/home/advocate/Advocate/Experiments/Advocate/advocate/analysis/analysis/scenarios/unlockBeforeLock.go:75 +0x2b5
advocate/analysis/analysis.RunHBAnalysis(0x1)
	/home/advocate/Advocate/Experiments/Advocate/advocate/analysis/analysis/analysis.go:262 +0xc9b
advocate/analysis/analysis.RunAnalysis(0x1)
	/home/advocate/Advocate/Experiments/Advocate/advocate/analysis/analysis/analysis.go:63 +0x105
advocate/toolchain.runAnalyzer({0x18e0bd1ec400, 0x7a}, {0x18e0bd1f0630?, 0x6c?}, {0x18e0bd1ec480, 0x80}, {0x18e0bd1ec500, 0x7b}, 0x0, {0x18e0bd1c3560, ...}, ...)
	/home/advocate/Advocate/Experiments/Advocate/advocate/toolchain/analyzer.go:78 +0x43b
advocate/toolchain.unitTestAnalyzer({0x18e0bd1ee5b0, 0x6c}, {0x760f26?, 0x18e0bacb0068?}, 0x0, {0x18e0bd1c3560, 0x84}, {0x18e0bd1f4c02, 0x13})
	/home/advocate/Advocate/Experiments/Advocate/advocate/toolchain/fullWorkflowUnit.go:619 +0x25c
advocate/toolchain.unitTestFullWorkflow({0x18e0bae00000?, 0x2c}, {0x7ffc390320ff, 0x52}, 0x1, 0x1, 0x1, {0x18e0bd1f4c02, 0x13}, {0x18e0bd086ce0, ...}, ...)
	/home/advocate/Advocate/Experiments/Advocate/advocate/toolchain/fullWorkflowUnit.go:479 +0x625
advocate/toolchain.runWorkflowUnit({0x7ffc390320ff, 0x52}, 0x1, 0x1, 0x1, {0x18e0baf2d950, 0x84}, 0x0, {0x0, 0x0}, ...)
	/home/advocate/Advocate/Experiments/Advocate/advocate/toolchain/fullWorkflowUnit.go:171 +0x1190
advocate/toolchain.Run({0x75dd74, 0x4}, {0x18e0baf2d950, 0x84}, 0x1, 0x1, 0x1, 0x0, {0x0, 0x0}, ...)
	/home/advocate/Advocate/Experiments/Advocate/advocate/toolchain/toolchain.go:72 +0x389
advocate/fuzzing.runFuzzing({0x18e0baf2d950, 0x84}, 0x0, 0x31, 0x1)
	/home/advocate/Advocate/Experiments/Advocate/advocate/fuzzing/fuzzing.go:217 +0x57b
advocate/fuzzing.Fuzzing()
	/home/advocate/Advocate/Experiments/Advocate/advocate/fuzzing/fuzzing.go:135 +0xea5
advocate/run.modeFuzzing()
	/home/advocate/Advocate/Experiments/Advocate/advocate/run/modes.go:34 +0x5e
advocate/run.Run()
	/home/advocate/Advocate/Experiments/Advocate/advocate/run/run.go:100 +0x5b5
main.main()
	/home/advocate/Advocate/Experiments/Advocate/advocate/main.go:28 +0x1c
2026/06/05 16:34:39 [31mNot enough RAM[0m
2026/06/05 16:34:39 goroutine 17 [running]:
advocate/utils/control.printAllGoroutines()
	/home/advocate/Advocate/Experiments/Advocate/advocate/utils/control/utils.go:20 +0x3d
advocate/utils/control.cancelRAM(0x77cd50, 0x77cd48, 0x77cd58)
	/home/advocate/Advocate/Experiments/Advocate/advocate/utils/control/memory.go:109 +0x6e
advocate/utils/control.Supervisor(0x77cd50, 0x77cd48, 0x77cd58)
	/home/advocate/Advocate/Experiments/Advocate/advocate/utils/control/memory.go:79 +0x12f
created by advocate/run.Run in goroutine 1
	/home/advocate/Advocate/Experiments/Advocate/advocate/run/run.go:63 +0x26f

goroutine 1 [runnable]:
advocate/analysis/hb/clock.(*VectorClock).GetValue(...)
	/home/advocate/Advocate/Experiments/Advocate/advocate/analysis/hb/clock/vc.go:97
advocate/analysis/hb/clock.happensBefore(0x18e0cb1470c0, 0x18e0cb183bd0)
	/home/advocate/Advocate/Experiments/Advocate/advocate/analysis/hb/clock/hb.go:27 +0x96
advocate/analysis/hb/clock.GetHappensBefore(0x18e0cb1470c0, 0x18e0cb183bd0)
	/home/advocate/Advocate/Experiments/Advocate/advocate/analysis/hb/clock/hb.go:74 +0x34
advocate/analysis/analysis/scenarios.buildResidualGraph({0x18e0d5080000, 0x186a2, 0x18e0c4ab2b68?}, {0x18e0d524c000, 0x186a2, 0x1?})
	/home/advocate/Advocate/Experiments/Advocate/advocate/analysis/analysis/scenarios/graph.go:60 +0x49f
advocate/analysis/analysis/scenarios.CheckForUnlockBeforeLock()
	/home/advocate/Advocate/Experiments/Advocate/advocate/analysis/analysis/scenarios/unlockBeforeLock.go:75 +0x2b5
advocate/analysis/analysis.RunHBAnalysis(0x1)
	/home/advocate/Advocate/Experiments/Advocate/advocate/analysis/analysis/analysis.go:262 +0xc9b
advocate/analysis/analysis.RunAnalysis(0x1)
	/home/advocate/Advocate/Experiments/Advocate/advocate/analysis/analysis/analysis.go:63 +0x105
advocate/toolchain.runAnalyzer({0x18e0bd1ec400, 0x7a}, {0x18e0bd1f0630?, 0x6c?}, {0x18e0bd1ec480, 0x80}, {0x18e0bd1ec500, 0x7b}, 0x0, {0x18e0bd1c3560, ...}, ...)
	/home/advocate/Advocate/Experiments/Advocate/advocate/toolchain/analyzer.go:78 +0x43b
advocate/toolchain.unitTestAnalyzer({0x18e0bd1ee5b0, 0x6c}, {0x760f26?, 0x18e0bacb0068?}, 0x0, {0x18e0bd1c3560, 0x84}, {0x18e0bd1f4c02, 0x13})
	/home/advocate/Advocate/Experiments/Advocate/advocate/toolchain/fullWorkflowUnit.go:619 +0x25c
advocate/toolchain.unitTestFullWorkflow({0x18e0bae00000?, 0x2c}, {0x7ffc390320ff, 0x52}, 0x1, 0x1, 0x1, {0x18e0bd1f4c02, 0x13}, {0x18e0bd086ce0, ...}, ...)
	/home/advocate/Advocate/Experiments/Advocate/advocate/toolchain/fullWorkflowUnit.go:479 +0x625
advocate/toolchain.runWorkflowUnit({0x7ffc390320ff, 0x52}, 0x1, 0x1, 0x1, {0x18e0baf2d950, 0x84}, 0x0, {0x0, 0x0}, ...)
	/home/advocate/Advocate/Experiments/Advocate/advocate/toolchain/fullWorkflowUnit.go:171 +0x1190
advocate/toolchain.Run({0x75dd74, 0x4}, {0x18e0baf2d950, 0x84}, 0x1, 0x1, 0x1, 0x0, {0x0, 0x0}, ...)
	/home/advocate/Advocate/Experiments/Advocate/advocate/toolchain/toolchain.go:72 +0x389
advocate/fuzzing.runFuzzing({0x18e0baf2d950, 0x84}, 0x0, 0x31, 0x1)
	/home/advocate/Advocate/Experiments/Advocate/advocate/fuzzing/fuzzing.go:217 +0x57b
advocate/fuzzing.Fuzzing()
	/home/advocate/Advocate/Experiments/Advocate/advocate/fuzzing/fuzzing.go:135 +0xea5
advocate/run.modeFuzzing()
	/home/advocate/Advocate/Experiments/Advocate/advocate/run/modes.go:34 +0x5e
advocate/run.Run()
	/home/advocate/Advocate/Experiments/Advocate/advocate/run/run.go:100 +0x5b5
main.main()
	/home/advocate/Advocate/Experiments/Advocate/advocate/main.go:28 +0x1c
2026/06/05 16:34:46 [31mNot enough RAM[0m
2026/06/05 16:34:46 goroutine 17 [running]:
advocate/utils/control.printAllGoroutines()
	/home/advocate/Advocate/Experiments/Advocate/advocate/utils/control/utils.go:20 +0x3d
advocate/utils/control.cancelRAM(0x77cd50, 0x77cd48, 0x77cd58)
	/home/advocate/Advocate/Experiments/Advocate/advocate/utils/control/memory.go:109 +0x6e
advocate/utils/control.Supervisor(0x77cd50, 0x77cd48, 0x77cd58)
	/home/advocate/Advocate/Experiments/Advocate/advocate/utils/control/memory.go:79 +0x12f
created by advocate/run.Run in goroutine 1
	/home/advocate/Advocate/Experiments/Advocate/advocate/run/run.go:63 +0x26f

goroutine 1 [runnable]:
advocate/analysis/hb/clock.(*VectorClock).GetValue(...)
	/home/advocate/Advocate/Experiments/Advocate/advocate/analysis/hb/clock/vc.go:97
advocate/analysis/hb/clock.happensBefore(0x18e0cb256090, 0x18e0d297b850)
	/home/advocate/Advocate/Experiments/Advocate/advocate/analysis/hb/clock/hb.go:29 +0xe6
advocate/analysis/hb/clock.GetHappensBefore(0x18e0d297b850, 0x18e0cb256090)
	/home/advocate/Advocate/Experiments/Advocate/advocate/analysis/hb/clock/hb.go:77 +0x47
advocate/analysis/analysis/scenarios.buildResidualGraph({0x18e0d5080000, 0x186a2, 0x18e0c4ab2b68?}, {0x18e0d524c000, 0x186a2, 0x1?})
	/home/advocate/Advocate/Experiments/Advocate/advocate/analysis/analysis/scenarios/graph.go:60 +0x49f
advocate/analysis/analysis/scenarios.CheckForUnlockBeforeLock()
	/home/advocate/Advocate/Experiments/Advocate/advocate/analysis/analysis/scenarios/unlockBeforeLock.go:75 +0x2b5
advocate/analysis/analysis.RunHBAnalysis(0x1)
	/home/advocate/Advocate/Experiments/Advocate/advocate/analysis/analysis/analysis.go:262 +0xc9b
advocate/analysis/analysis.RunAnalysis(0x1)
	/home/advocate/Advocate/Experiments/Advocate/advocate/analysis/analysis/analysis.go:63 +0x105
advocate/toolchain.runAnalyzer({0x18e0bd1ec400, 0x7a}, {0x18e0bd1f0630?, 0x6c?}, {0x18e0bd1ec480, 0x80}, {0x18e0bd1ec500, 0x7b}, 0x0, {0x18e0bd1c3560, ...}, ...)
	/home/advocate/Advocate/Experiments/Advocate/advocate/toolchain/analyzer.go:78 +0x43b
advocate/toolchain.unitTestAnalyzer({0x18e0bd1ee5b0, 0x6c}, {0x760f26?, 0x18e0bacb0068?}, 0x0, {0x18e0bd1c3560, 0x84}, {0x18e0bd1f4c02, 0x13})
	/home/advocate/Advocate/Experiments/Advocate/advocate/toolchain/fullWorkflowUnit.go:619 +0x25c
advocate/toolchain.unitTestFullWorkflow({0x18e0bae00000?, 0x2c}, {0x7ffc390320ff, 0x52}, 0x1, 0x1, 0x1, {0x18e0bd1f4c02, 0x13}, {0x18e0bd086ce0, ...}, ...)
	/home/advocate/Advocate/Experiments/Advocate/advocate/toolchain/fullWorkflowUnit.go:479 +0x625
advocate/toolchain.runWorkflowUnit({0x7ffc390320ff, 0x52}, 0x1, 0x1, 0x1, {0x18e0baf2d950, 0x84}, 0x0, {0x0, 0x0}, ...)
	/home/advocate/Advocate/Experiments/Advocate/advocate/toolchain/fullWorkflowUnit.go:171 +0x1190
advocate/toolchain.Run({0x75dd74, 0x4}, {0x18e0baf2d950, 0x84}, 0x1, 0x1, 0x1, 0x0, {0x0, 0x0}, ...)
	/home/advocate/Advocate/Experiments/Advocate/advocate/toolchain/toolchain.go:72 +0x389
advocate/fuzzing.runFuzzing({0x18e0baf2d950, 0x84}, 0x0, 0x31, 0x1)
	/home/advocate/Advocate/Experiments/Advocate/advocate/fuzzing/fuzzing.go:217 +0x57b
advocate/fuzzing.Fuzzing()
	/home/advocate/Advocate/Experiments/Advocate/advocate/fuzzing/fuzzing.go:135 +0xea5
advocate/run.modeFuzzing()
	/home/advocate/Advocate/Experiments/Advocate/advocate/run/modes.go:34 +0x5e
advocate/run.Run()
	/home/advocate/Advocate/Experiments/Advocate/advocate/run/run.go:100 +0x5b5
main.main()
	/home/advocate/Advocate/Experiments/Advocate/advocate/main.go:28 +0x1c
2026/06/05 16:34:53 [31mNot enough RAM[0m
2026/06/05 16:34:53 goroutine 17 [running]:
advocate/utils/control.printAllGoroutines()
	/home/advocate/Advocate/Experiments/Advocate/advocate/utils/control/utils.go:20 +0x3d
advocate/utils/control.cancelRAM(0x77cd50, 0x77cd48, 0x77cd58)
	/home/advocate/Advocate/Experiments/Advocate/advocate/utils/control/memory.go:109 +0x6e
advocate/utils/control.Supervisor(0x77cd50, 0x77cd48, 0x77cd58)
	/home/advocate/Advocate/Experiments/Advocate/advocate/utils/control/memory.go:79 +0x12f
created by advocate/run.Run in goroutine 1
	/home/advocate/Advocate/Experiments/Advocate/advocate/run/run.go:63 +0x26f

goroutine 1 [runnable]:
advocate/analysis/hb/clock.(*VectorClock).GetValue(...)
	/home/advocate/Advocate/Experiments/Advocate/advocate/analysis/hb/clock/vc.go:97
advocate/analysis/hb/clock.happensBefore(0x18e0cb30d0c0, 0x18e0d4440200)
	/home/advocate/Advocate/Experiments/Advocate/advocate/analysis/hb/clock/hb.go:29 +0xe6
advocate/analysis/hb/clock.GetHappensBefore(0x18e0d4440200, 0x18e0cb30d0c0)
	/home/advocate/Advocate/Experiments/Advocate/advocate/analysis/hb/clock/hb.go:77 +0x47
advocate/analysis/analysis/scenarios.buildResidualGraph({0x18e0d5080000, 0x186a2, 0x18e0c4ab2b68?}, {0x18e0d524c000, 0x186a2, 0x1?})
	/home/advocate/Advocate/Experiments/Advocate/advocate/analysis/analysis/scenarios/graph.go:60 +0x49f
advocate/analysis/analysis/scenarios.CheckForUnlockBeforeLock()
	/home/advocate/Advocate/Experiments/Advocate/advocate/analysis/analysis/scenarios/unlockBeforeLock.go:75 +0x2b5
advocate/analysis/analysis.RunHBAnalysis(0x1)
	/home/advocate/Advocate/Experiments/Advocate/advocate/analysis/analysis/analysis.go:262 +0xc9b
advocate/analysis/analysis.RunAnalysis(0x1)
	/home/advocate/Advocate/Experiments/Advocate/advocate/analysis/analysis/analysis.go:63 +0x105
advocate/toolchain.runAnalyzer({0x18e0bd1ec400, 0x7a}, {0x18e0bd1f0630?, 0x6c?}, {0x18e0bd1ec480, 0x80}, {0x18e0bd1ec500, 0x7b}, 0x0, {0x18e0bd1c3560, ...}, ...)
	/home/advocate/Advocate/Experiments/Advocate/advocate/toolchain/analyzer.go:78 +0x43b
advocate/toolchain.unitTestAnalyzer({0x18e0bd1ee5b0, 0x6c}, {0x760f26?, 0x18e0bacb0068?}, 0x0, {0x18e0bd1c3560, 0x84}, {0x18e0bd1f4c02, 0x13})
	/home/advocate/Advocate/Experiments/Advocate/advocate/toolchain/fullWorkflowUnit.go:619 +0x25c
advocate/toolchain.unitTestFullWorkflow({0x18e0bae00000?, 0x2c}, {0x7ffc390320ff, 0x52}, 0x1, 0x1, 0x1, {0x18e0bd1f4c02, 0x13}, {0x18e0bd086ce0, ...}, ...)
	/home/advocate/Advocate/Experiments/Advocate/advocate/toolchain/fullWorkflowUnit.go:479 +0x625
advocate/toolchain.runWorkflowUnit({0x7ffc390320ff, 0x52}, 0x1, 0x1, 0x1, {0x18e0baf2d950, 0x84}, 0x0, {0x0, 0x0}, ...)
	/home/advocate/Advocate/Experiments/Advocate/advocate/toolchain/fullWorkflowUnit.go:171 +0x1190
advocate/toolchain.Run({0x75dd74, 0x4}, {0x18e0baf2d950, 0x84}, 0x1, 0x1, 0x1, 0x0, {0x0, 0x0}, ...)
	/home/advocate/Advocate/Experiments/Advocate/advocate/toolchain/toolchain.go:72 +0x389
advocate/fuzzing.runFuzzing({0x18e0baf2d950, 0x84}, 0x0, 0x31, 0x1)
	/home/advocate/Advocate/Experiments/Advocate/advocate/fuzzing/fuzzing.go:217 +0x57b
advocate/fuzzing.Fuzzing()
	/home/advocate/Advocate/Experiments/Advocate/advocate/fuzzing/fuzzing.go:135 +0xea5
advocate/run.modeFuzzing()
	/home/advocate/Advocate/Experiments/Advocate/advocate/run/modes.go:34 +0x5e
advocate/run.Run()
	/home/advocate/Advocate/Experiments/Advocate/advocate/run/run.go:100 +0x5b5
main.main()
	/home/advocate/Advocate/Experiments/Advocate/advocate/main.go:28 +0x1c
2026/06/05 16:35:00 [31mNot enough RAM[0m
2026/06/05 16:35:00 goroutine 17 [running]:
advocate/utils/control.printAllGoroutines()
	/home/advocate/Advocate/Experiments/Advocate/advocate/utils/control/utils.go:20 +0x3d
advocate/utils/control.cancelRAM(0x77cd50, 0x77cd48, 0x77cd58)
	/home/advocate/Advocate/Experiments/Advocate/advocate/utils/control/memory.go:109 +0x6e
advocate/utils/control.Supervisor(0x77cd50, 0x77cd48, 0x77cd58)
	/home/advocate/Advocate/Experiments/Advocate/advocate/utils/control/memory.go:79 +0x12f
created by advocate/run.Run in goroutine 1
	/home/advocate/Advocate/Experiments/Advocate/advocate/run/run.go:63 +0x26f

goroutine 1 [runnable]:
advocate/analysis/hb/clock.(*VectorClock).GetValue(...)
	/home/advocate/Advocate/Experiments/Advocate/advocate/analysis/hb/clock/vc.go:97
advocate/analysis/hb/clock.happensBefore(0x18e0c91c14e0, 0x18e0cb3ed170)
	/home/advocate/Advocate/Experiments/Advocate/advocate/analysis/hb/clock/hb.go:27 +0x96
advocate/analysis/hb/clock.GetHappensBefore(0x18e0c91c14e0, 0x18e0cb3ed170)
	/home/advocate/Advocate/Experiments/Advocate/advocate/analysis/hb/clock/hb.go:74 +0x34
advocate/analysis/analysis/scenarios.buildResidualGraph({0x18e0d5080000, 0x186a2, 0x18e0c4ab2b68?}, {0x18e0d524c000, 0x186a2, 0x1?})
	/home/advocate/Advocate/Experiments/Advocate/advocate/analysis/analysis/scenarios/graph.go:60 +0x49f
advocate/analysis/analysis/scenarios.CheckForUnlockBeforeLock()
	/home/advocate/Advocate/Experiments/Advocate/advocate/analysis/analysis/scenarios/unlockBeforeLock.go:75 +0x2b5
advocate/analysis/analysis.RunHBAnalysis(0x1)
	/home/advocate/Advocate/Experiments/Advocate/advocate/analysis/analysis/analysis.go:262 +0xc9b
advocate/analysis/analysis.RunAnalysis(0x1)
	/home/advocate/Advocate/Experiments/Advocate/advocate/analysis/analysis/analysis.go:63 +0x105
advocate/toolchain.runAnalyzer({0x18e0bd1ec400, 0x7a}, {0x18e0bd1f0630?, 0x6c?}, {0x18e0bd1ec480, 0x80}, {0x18e0bd1ec500, 0x7b}, 0x0, {0x18e0bd1c3560, ...}, ...)
	/home/advocate/Advocate/Experiments/Advocate/advocate/toolchain/analyzer.go:78 +0x43b
advocate/toolchain.unitTestAnalyzer({0x18e0bd1ee5b0, 0x6c}, {0x760f26?, 0x18e0bacb0068?}, 0x0, {0x18e0bd1c3560, 0x84}, {0x18e0bd1f4c02, 0x13})
	/home/advocate/Advocate/Experiments/Advocate/advocate/toolchain/fullWorkflowUnit.go:619 +0x25c
advocate/toolchain.unitTestFullWorkflow({0x18e0bae00000?, 0x2c}, {0x7ffc390320ff, 0x52}, 0x1, 0x1, 0x1, {0x18e0bd1f4c02, 0x13}, {0x18e0bd086ce0, ...}, ...)
	/home/advocate/Advocate/Experiments/Advocate/advocate/toolchain/fullWorkflowUnit.go:479 +0x625
advocate/toolchain.runWorkflowUnit({0x7ffc390320ff, 0x52}, 0x1, 0x1, 0x1, {0x18e0baf2d950, 0x84}, 0x0, {0x0, 0x0}, ...)
	/home/advocate/Advocate/Experiments/Advocate/advocate/toolchain/fullWorkflowUnit.go:171 +0x1190
advocate/toolchain.Run({0x75dd74, 0x4}, {0x18e0baf2d950, 0x84}, 0x1, 0x1, 0x1, 0x0, {0x0, 0x0}, ...)
	/home/advocate/Advocate/Experiments/Advocate/advocate/toolchain/toolchain.go:72 +0x389
advocate/fuzzing.runFuzzing({0x18e0baf2d950, 0x84}, 0x0, 0x31, 0x1)
	/home/advocate/Advocate/Experiments/Advocate/advocate/fuzzing/fuzzing.go:217 +0x57b
advocate/fuzzing.Fuzzing()
	/home/advocate/Advocate/Experiments/Advocate/advocate/fuzzing/fuzzing.go:135 +0xea5
advocate/run.modeFuzzing()
	/home/advocate/Advocate/Experiments/Advocate/advocate/run/modes.go:34 +0x5e
advocate/run.Run()
	/home/advocate/Advocate/Experiments/Advocate/advocate/run/run.go:100 +0x5b5
main.main()
	/home/advocate/Advocate/Experiments/Advocate/advocate/main.go:28 +0x1c
2026/06/05 16:35:07 [31mNot enough RAM[0m
2026/06/05 16:35:07 goroutine 17 [running]:
advocate/utils/control.printAllGoroutines()
	/home/advocate/Advocate/Experiments/Advocate/advocate/utils/control/utils.go:20 +0x3d
advocate/utils/control.cancelRAM(0x77cd50, 0x77cd48, 0x77cd58)
	/home/advocate/Advocate/Experiments/Advocate/advocate/utils/control/memory.go:109 +0x6e
advocate/utils/control.Supervisor(0x77cd50, 0x77cd48, 0x77cd58)
	/home/advocate/Advocate/Experiments/Advocate/advocate/utils/control/memory.go:79 +0x12f
created by advocate/run.Run in goroutine 1
	/home/advocate/Advocate/Experiments/Advocate/advocate/run/run.go:63 +0x26f

goroutine 1 [runnable]:
advocate/analysis/hb/clock.(*VectorClock).GetValue(...)
	/home/advocate/Advocate/Experiments/Advocate/advocate/analysis/hb/clock/vc.go:97
advocate/analysis/hb/clock.happensBefore(0x18e0cb4ca4f0, 0x18e0c89b3890)
	/home/advocate/Advocate/Experiments/Advocate/advocate/analysis/hb/clock/hb.go:27 +0x96
advocate/analysis/hb/clock.GetHappensBefore(0x18e0c89b3890, 0x18e0cb4ca4f0)
	/home/advocate/Advocate/Experiments/Advocate/advocate/analysis/hb/clock/hb.go:77 +0x47
advocate/analysis/analysis/scenarios.buildResidualGraph({0x18e0d5080000, 0x186a2, 0x18e0c4ab2b68?}, {0x18e0d524c000, 0x186a2, 0x1?})
	/home/advocate/Advocate/Experiments/Advocate/advocate/analysis/analysis/scenarios/graph.go:60 +0x49f
advocate/analysis/analysis/scenarios.CheckForUnlockBeforeLock()
	/home/advocate/Advocate/Experiments/Advocate/advocate/analysis/analysis/scenarios/unlockBeforeLock.go:75 +0x2b5
advocate/analysis/analysis.RunHBAnalysis(0x1)
	/home/advocate/Advocate/Experiments/Advocate/advocate/analysis/analysis/analysis.go:262 +0xc9b
advocate/analysis/analysis.RunAnalysis(0x1)
	/home/advocate/Advocate/Experiments/Advocate/advocate/analysis/analysis/analysis.go:63 +0x105
advocate/toolchain.runAnalyzer({0x18e0bd1ec400, 0x7a}, {0x18e0bd1f0630?, 0x6c?}, {0x18e0bd1ec480, 0x80}, {0x18e0bd1ec500, 0x7b}, 0x0, {0x18e0bd1c3560, ...}, ...)
	/home/advocate/Advocate/Experiments/Advocate/advocate/toolchain/analyzer.go:78 +0x43b
advocate/toolchain.unitTestAnalyzer({0x18e0bd1ee5b0, 0x6c}, {0x760f26?, 0x18e0bacb0068?}, 0x0, {0x18e0bd1c3560, 0x84}, {0x18e0bd1f4c02, 0x13})
	/home/advocate/Advocate/Experiments/Advocate/advocate/toolchain/fullWorkflowUnit.go:619 +0x25c
advocate/toolchain.unitTestFullWorkflow({0x18e0bae00000?, 0x2c}, {0x7ffc390320ff, 0x52}, 0x1, 0x1, 0x1, {0x18e0bd1f4c02, 0x13}, {0x18e0bd086ce0, ...}, ...)
	/home/advocate/Advocate/Experiments/Advocate/advocate/toolchain/fullWorkflowUnit.go:479 +0x625
advocate/toolchain.runWorkflowUnit({0x7ffc390320ff, 0x52}, 0x1, 0x1, 0x1, {0x18e0baf2d950, 0x84}, 0x0, {0x0, 0x0}, ...)
	/home/advocate/Advocate/Experiments/Advocate/advocate/toolchain/fullWorkflowUnit.go:171 +0x1190
advocate/toolchain.Run({0x75dd74, 0x4}, {0x18e0baf2d950, 0x84}, 0x1, 0x1, 0x1, 0x0, {0x0, 0x0}, ...)
	/home/advocate/Advocate/Experiments/Advocate/advocate/toolchain/toolchain.go:72 +0x389
advocate/fuzzing.runFuzzing({0x18e0baf2d950, 0x84}, 0x0, 0x31, 0x1)
	/home/advocate/Advocate/Experiments/Advocate/advocate/fuzzing/fuzzing.go:217 +0x57b
advocate/fuzzing.Fuzzing()
	/home/advocate/Advocate/Experiments/Advocate/advocate/fuzzing/fuzzing.go:135 +0xea5
advocate/run.modeFuzzing()
	/home/advocate/Advocate/Experiments/Advocate/advocate/run/modes.go:34 +0x5e
advocate/run.Run()
	/home/advocate/Advocate/Experiments/Advocate/advocate/run/run.go:100 +0x5b5
main.main()
	/home/advocate/Advocate/Experiments/Advocate/advocate/main.go:28 +0x1c
2026/06/05 16:35:15 [31mNot enough RAM[0m
2026/06/05 16:35:15 goroutine 17 [running]:
advocate/utils/control.printAllGoroutines()
	/home/advocate/Advocate/Experiments/Advocate/advocate/utils/control/utils.go:20 +0x3d
advocate/utils/control.cancelRAM(0x77cd50, 0x77cd48, 0x77cd58)
	/home/advocate/Advocate/Experiments/Advocate/advocate/utils/control/memory.go:109 +0x6e
advocate/utils/control.Supervisor(0x77cd50, 0x77cd48, 0x77cd58)
	/home/advocate/Advocate/Experiments/Advocate/advocate/utils/control/memory.go:79 +0x12f
created by advocate/run.Run in goroutine 1
	/home/advocate/Advocate/Experiments/Advocate/advocate/run/run.go:63 +0x26f

goroutine 1 [runnable]:
advocate/analysis/hb/clock.(*VectorClock).GetValue(...)
	/home/advocate/Advocate/Experiments/Advocate/advocate/analysis/hb/clock/vc.go:97
advocate/analysis/hb/clock.happensBefore(0x18e0cb550570, 0x18e0cc6b0b50)
	/home/advocate/Advocate/Experiments/Advocate/advocate/analysis/hb/clock/hb.go:27 +0x65
advocate/analysis/hb/clock.GetHappensBefore(0x18e0cc6b0b50, 0x18e0cb550570)
	/home/advocate/Advocate/Experiments/Advocate/advocate/analysis/hb/clock/hb.go:77 +0x47
advocate/analysis/analysis/scenarios.buildResidualGraph({0x18e0d5080000, 0x186a2, 0x18e0c4ab2b68?}, {0x18e0d524c000, 0x186a2, 0x1?})
	/home/advocate/Advocate/Experiments/Advocate/advocate/analysis/analysis/scenarios/graph.go:60 +0x49f
advocate/analysis/analysis/scenarios.CheckForUnlockBeforeLock()
	/home/advocate/Advocate/Experiments/Advocate/advocate/analysis/analysis/scenarios/unlockBeforeLock.go:75 +0x2b5
advocate/analysis/analysis.RunHBAnalysis(0x1)
	/home/advocate/Advocate/Experiments/Advocate/advocate/analysis/analysis/analysis.go:262 +0xc9b
advocate/analysis/analysis.RunAnalysis(0x1)
	/home/advocate/Advocate/Experiments/Advocate/advocate/analysis/analysis/analysis.go:63 +0x105
advocate/toolchain.runAnalyzer({0x18e0bd1ec400, 0x7a}, {0x18e0bd1f0630?, 0x6c?}, {0x18e0bd1ec480, 0x80}, {0x18e0bd1ec500, 0x7b}, 0x0, {0x18e0bd1c3560, ...}, ...)
	/home/advocate/Advocate/Experiments/Advocate/advocate/toolchain/analyzer.go:78 +0x43b
advocate/toolchain.unitTestAnalyzer({0x18e0bd1ee5b0, 0x6c}, {0x760f26?, 0x18e0bacb0068?}, 0x0, {0x18e0bd1c3560, 0x84}, {0x18e0bd1f4c02, 0x13})
	/home/advocate/Advocate/Experiments/Advocate/advocate/toolchain/fullWorkflowUnit.go:619 +0x25c
advocate/toolchain.unitTestFullWorkflow({0x18e0bae00000?, 0x2c}, {0x7ffc390320ff, 0x52}, 0x1, 0x1, 0x1, {0x18e0bd1f4c02, 0x13}, {0x18e0bd086ce0, ...}, ...)
	/home/advocate/Advocate/Experiments/Advocate/advocate/toolchain/fullWorkflowUnit.go:479 +0x625
advocate/toolchain.runWorkflowUnit({0x7ffc390320ff, 0x52}, 0x1, 0x1, 0x1, {0x18e0baf2d950, 0x84}, 0x0, {0x0, 0x0}, ...)
	/home/advocate/Advocate/Experiments/Advocate/advocate/toolchain/fullWorkflowUnit.go:171 +0x1190
advocate/toolchain.Run({0x75dd74, 0x4}, {0x18e0baf2d950, 0x84}, 0x1, 0x1, 0x1, 0x0, {0x0, 0x0}, ...)
	/home/advocate/Advocate/Experiments/Advocate/advocate/toolchain/toolchain.go:72 +0x389
advocate/fuzzing.runFuzzing({0x18e0baf2d950, 0x84}, 0x0, 0x31, 0x1)
	/home/advocate/Advocate/Experiments/Advocate/advocate/fuzzing/fuzzing.go:217 +0x57b
advocate/fuzzing.Fuzzing()
	/home/advocate/Advocate/Experiments/Advocate/advocate/fuzzing/fuzzing.go:135 +0xea5
advocate/run.modeFuzzing()
	/home/advocate/Advocate/Experiments/Advocate/advocate/run/modes.go:34 +0x5e
advocate/run.Run()
	/home/advocate/Advocate/Experiments/Advocate/advocate/run/run.go:100 +0x5b5
main.main()
	/home/advocate/Advocate/Experiments/Advocate/advocate/main.go:28 +0x1c
2026/06/05 16:35:22 [31mNot enough RAM[0m
2026/06/05 16:35:22 goroutine 17 [running]:
advocate/utils/control.printAllGoroutines()
	/home/advocate/Advocate/Experiments/Advocate/advocate/utils/control/utils.go:20 +0x3d
advocate/utils/control.cancelRAM(0x77cd50, 0x77cd48, 0x77cd58)
	/home/advocate/Advocate/Experiments/Advocate/advocate/utils/control/memory.go:109 +0x6e
advocate/utils/control.Supervisor(0x77cd50, 0x77cd48, 0x77cd58)
	/home/advocate/Advocate/Experiments/Advocate/advocate/utils/control/memory.go:79 +0x12f
created by advocate/run.Run in goroutine 1
	/home/advocate/Advocate/Experiments/Advocate/advocate/run/run.go:63 +0x26f

goroutine 1 [runnable]:
advocate/analysis/hb/clock.(*VectorClock).GetValue(...)
	/home/advocate/Advocate/Experiments/Advocate/advocate/analysis/hb/clock/vc.go:97
advocate/analysis/hb/clock.happensBefore(0x18e0cb61ba20, 0x18e0d2245670)
	/home/advocate/Advocate/Experiments/Advocate/advocate/analysis/hb/clock/hb.go:29 +0xe6
advocate/analysis/hb/clock.GetHappensBefore(0x18e0d2245670, 0x18e0cb61ba20)
	/home/advocate/Advocate/Experiments/Advocate/advocate/analysis/hb/clock/hb.go:77 +0x47
advocate/analysis/analysis/scenarios.buildResidualGraph({0x18e0d5080000, 0x186a2, 0x18e0c4ab2b68?}, {0x18e0d524c000, 0x186a2, 0x1?})
	/home/advocate/Advocate/Experiments/Advocate/advocate/analysis/analysis/scenarios/graph.go:60 +0x49f
advocate/analysis/analysis/scenarios.CheckForUnlockBeforeLock()
	/home/advocate/Advocate/Experiments/Advocate/advocate/analysis/analysis/scenarios/unlockBeforeLock.go:75 +0x2b5
advocate/analysis/analysis.RunHBAnalysis(0x1)
	/home/advocate/Advocate/Experiments/Advocate/advocate/analysis/analysis/analysis.go:262 +0xc9b
advocate/analysis/analysis.RunAnalysis(0x1)
	/home/advocate/Advocate/Experiments/Advocate/advocate/analysis/analysis/analysis.go:63 +0x105
advocate/toolchain.runAnalyzer({0x18e0bd1ec400, 0x7a}, {0x18e0bd1f0630?, 0x6c?}, {0x18e0bd1ec480, 0x80}, {0x18e0bd1ec500, 0x7b}, 0x0, {0x18e0bd1c3560, ...}, ...)
	/home/advocate/Advocate/Experiments/Advocate/advocate/toolchain/analyzer.go:78 +0x43b
advocate/toolchain.unitTestAnalyzer({0x18e0bd1ee5b0, 0x6c}, {0x760f26?, 0x18e0bacb0068?}, 0x0, {0x18e0bd1c3560, 0x84}, {0x18e0bd1f4c02, 0x13})
	/home/advocate/Advocate/Experiments/Advocate/advocate/toolchain/fullWorkflowUnit.go:619 +0x25c
advocate/toolchain.unitTestFullWorkflow({0x18e0bae00000?, 0x2c}, {0x7ffc390320ff, 0x52}, 0x1, 0x1, 0x1, {0x18e0bd1f4c02, 0x13}, {0x18e0bd086ce0, ...}, ...)
	/home/advocate/Advocate/Experiments/Advocate/advocate/toolchain/fullWorkflowUnit.go:479 +0x625
advocate/toolchain.runWorkflowUnit({0x7ffc390320ff, 0x52}, 0x1, 0x1, 0x1, {0x18e0baf2d950, 0x84}, 0x0, {0x0, 0x0}, ...)
	/home/advocate/Advocate/Experiments/Advocate/advocate/toolchain/fullWorkflowUnit.go:171 +0x1190
advocate/toolchain.Run({0x75dd74, 0x4}, {0x18e0baf2d950, 0x84}, 0x1, 0x1, 0x1, 0x0, {0x0, 0x0}, ...)
	/home/advocate/Advocate/Experiments/Advocate/advocate/toolchain/toolchain.go:72 +0x389
advocate/fuzzing.runFuzzing({0x18e0baf2d950, 0x84}, 0x0, 0x31, 0x1)
	/home/advocate/Advocate/Experiments/Advocate/advocate/fuzzing/fuzzing.go:217 +0x57b
advocate/fuzzing.Fuzzing()
	/home/advocate/Advocate/Experiments/Advocate/advocate/fuzzing/fuzzing.go:135 +0xea5
advocate/run.modeFuzzing()
	/home/advocate/Advocate/Experiments/Advocate/advocate/run/modes.go:34 +0x5e
advocate/run.Run()
	/home/advocate/Advocate/Experiments/Advocate/advocate/run/run.go:100 +0x5b5
main.main()
	/home/advocate/Advocate/Experiments/Advocate/advocate/main.go:28 +0x1c
2026/06/05 16:35:29 [31mNot enough RAM[0m
2026/06/05 16:35:29 goroutine 17 [running]:
advocate/utils/control.printAllGoroutines()
	/home/advocate/Advocate/Experiments/Advocate/advocate/utils/control/utils.go:20 +0x3d
advocate/utils/control.cancelRAM(0x77cd50, 0x77cd48, 0x77cd58)
	/home/advocate/Advocate/Experiments/Advocate/advocate/utils/control/memory.go:109 +0x6e
advocate/utils/control.Supervisor(0x77cd50, 0x77cd48, 0x77cd58)
	/home/advocate/Advocate/Experiments/Advocate/advocate/utils/control/memory.go:79 +0x12f
created by advocate/run.Run in goroutine 1
	/home/advocate/Advocate/Experiments/Advocate/advocate/run/run.go:63 +0x26f

goroutine 1 [runnable]:
advocate/analysis/hb/clock.(*VectorClock).GetValue(...)
	/home/advocate/Advocate/Experiments/Advocate/advocate/analysis/hb/clock/vc.go:97
advocate/analysis/hb/clock.happensBefore(0x18e0cb6d3ac0, 0x18e0d10952b0)
	/home/advocate/Advocate/Experiments/Advocate/advocate/analysis/hb/clock/hb.go:27 +0x65
advocate/analysis/hb/clock.GetHappensBefore(0x18e0d10952b0, 0x18e0cb6d3ac0)
	/home/advocate/Advocate/Experiments/Advocate/advocate/analysis/hb/clock/hb.go:77 +0x47
advocate/analysis/analysis/scenarios.buildResidualGraph({0x18e0d5080000, 0x186a2, 0x18e0c4ab2b68?}, {0x18e0d524c000, 0x186a2, 0x1?})
	/home/advocate/Advocate/Experiments/Advocate/advocate/analysis/analysis/scenarios/graph.go:60 +0x49f
advocate/analysis/analysis/scenarios.CheckForUnlockBeforeLock()
	/home/advocate/Advocate/Experiments/Advocate/advocate/analysis/analysis/scenarios/unlockBeforeLock.go:75 +0x2b5
advocate/analysis/analysis.RunHBAnalysis(0x1)
	/home/advocate/Advocate/Experiments/Advocate/advocate/analysis/analysis/analysis.go:262 +0xc9b
advocate/analysis/analysis.RunAnalysis(0x1)
	/home/advocate/Advocate/Experiments/Advocate/advocate/analysis/analysis/analysis.go:63 +0x105
advocate/toolchain.runAnalyzer({0x18e0bd1ec400, 0x7a}, {0x18e0bd1f0630?, 0x6c?}, {0x18e0bd1ec480, 0x80}, {0x18e0bd1ec500, 0x7b}, 0x0, {0x18e0bd1c3560, ...}, ...)
	/home/advocate/Advocate/Experiments/Advocate/advocate/toolchain/analyzer.go:78 +0x43b
advocate/toolchain.unitTestAnalyzer({0x18e0bd1ee5b0, 0x6c}, {0x760f26?, 0x18e0bacb0068?}, 0x0, {0x18e0bd1c3560, 0x84}, {0x18e0bd1f4c02, 0x13})
	/home/advocate/Advocate/Experiments/Advocate/advocate/toolchain/fullWorkflowUnit.go:619 +0x25c
advocate/toolchain.unitTestFullWorkflow({0x18e0bae00000?, 0x2c}, {0x7ffc390320ff, 0x52}, 0x1, 0x1, 0x1, {0x18e0bd1f4c02, 0x13}, {0x18e0bd086ce0, ...}, ...)
	/home/advocate/Advocate/Experiments/Advocate/advocate/toolchain/fullWorkflowUnit.go:479 +0x625
advocate/toolchain.runWorkflowUnit({0x7ffc390320ff, 0x52}, 0x1, 0x1, 0x1, {0x18e0baf2d950, 0x84}, 0x0, {0x0, 0x0}, ...)
	/home/advocate/Advocate/Experiments/Advocate/advocate/toolchain/fullWorkflowUnit.go:171 +0x1190
advocate/toolchain.Run({0x75dd74, 0x4}, {0x18e0baf2d950, 0x84}, 0x1, 0x1, 0x1, 0x0, {0x0, 0x0}, ...)
	/home/advocate/Advocate/Experiments/Advocate/advocate/toolchain/toolchain.go:72 +0x389
advocate/fuzzing.runFuzzing({0x18e0baf2d950, 0x84}, 0x0, 0x31, 0x1)
	/home/advocate/Advocate/Experiments/Advocate/advocate/fuzzing/fuzzing.go:217 +0x57b
advocate/fuzzing.Fuzzing()
	/home/advocate/Advocate/Experiments/Advocate/advocate/fuzzing/fuzzing.go:135 +0xea5
advocate/run.modeFuzzing()
	/home/advocate/Advocate/Experiments/Advocate/advocate/run/modes.go:34 +0x5e
advocate/run.Run()
	/home/advocate/Advocate/Experiments/Advocate/advocate/run/run.go:100 +0x5b5
main.main()
	/home/advocate/Advocate/Experiments/Advocate/advocate/main.go:28 +0x1c
