go: downloading github.com/golang/protobuf v1.5.4
go: downloading github.com/redis/go-redis/v9 v9.6.1
go: downloading github.com/alicebob/miniredis/v2 v2.33.0
go: downloading sigs.k8s.io/yaml v1.4.0
go: downloading github.com/sirupsen/logrus v1.9.3
go: downloading github.com/spf13/cobra v1.8.1
go: downloading github.com/spf13/pflag v1.0.5
go: downloading k8s.io/apimachinery v0.31.0
go: downloading k8s.io/client-go v0.31.0
go: downloading k8s.io/utils v0.0.0-20240711033017-18e509b52bc8
go: downloading sigs.k8s.io/controller-runtime v0.19.0
go: downloading github.com/argoproj/pkg v0.13.7-0.20230626144333-d56162821bd1
go: downloading google.golang.org/grpc v1.67.0
go: downloading github.com/Azure/kubelogin v0.0.20
go: downloading github.com/aws/aws-sdk-go v1.55.5
go: downloading golang.org/x/oauth2 v0.23.0
go: downloading github.com/argoproj/notifications-engine v0.4.1-0.20240606074338-0802cd427621
go: downloading github.com/prometheus/client_golang v1.20.4
go: downloading code.gitea.io/sdk/gitea v0.19.0
go: downloading github.com/google/go-github/v63 v63.0.0
go: downloading github.com/gfleury/go-bitbucket-v1 v0.0.0-20220301131131-8e7ed04b843e
go: downloading github.com/hashicorp/go-retryablehttp v0.7.7
go: downloading github.com/ktrysmt/go-bitbucket v0.9.80
go: downloading github.com/microsoft/azure-devops-go-api/azuredevops v1.0.0-b5
go: downloading github.com/xanzy/go-gitlab v0.109.0
go: downloading github.com/grpc-ecosystem/go-grpc-middleware v1.4.0
go: downloading github.com/argoproj/gitops-engine v0.7.1-0.20240917171920-72bcdda3f0a5
go: downloading github.com/gogo/protobuf v1.3.2
go: downloading github.com/grpc-ecosystem/go-grpc-prometheus v1.2.0
go: downloading github.com/go-playground/webhooks/v6 v6.4.0
go: downloading github.com/gosimple/slug v1.14.0
go: downloading go.uber.org/automaxprocs v1.6.0
go: downloading github.com/Masterminds/sprig/v3 v3.3.0
go: downloading go.opentelemetry.io/contrib/instrumentation/google.golang.org/grpc/otelgrpc v0.55.0
go: downloading github.com/pkg/errors v0.9.1
go: downloading golang.org/x/exp v0.0.0-20230522175609-2e198f4a06a1
go: downloading github.com/bradleyfalzon/ghinstallation/v2 v2.11.0
go: downloading github.com/imdario/mergo v0.3.16
go: downloading github.com/valyala/fasttemplate v1.2.2
go: downloading github.com/cyphar/filepath-securejoin v0.3.2
go: downloading k8s.io/api v0.31.0
go: downloading k8s.io/apiextensions-apiserver v0.31.0
go: downloading github.com/jeremywohl/flatten v1.0.1
go: downloading github.com/mattn/go-zglob v0.0.6
go: downloading google.golang.org/protobuf v1.34.2
go: downloading github.com/google/btree v1.1.3
go: downloading github.com/robfig/cron/v3 v3.0.1
go: downloading gopkg.in/yaml.v2 v2.4.0
go: downloading github.com/minio/blake2b-simd v0.0.0-20160723061019-3f5f724cb5b1
go: downloading golang.org/x/sync v0.8.0
go: downloading github.com/olekukonko/tablewriter v0.0.5
go: downloading github.com/coreos/go-oidc/v3 v3.11.0
go: downloading k8s.io/kubectl v0.31.0
go: downloading github.com/golang-jwt/jwt/v4 v4.5.0
go: downloading github.com/dustin/go-humanize v1.0.1
go: downloading github.com/evanphx/json-patch v5.9.0+incompatible
go: downloading github.com/mattn/go-isatty v0.0.20
go: downloading github.com/grpc-ecosystem/grpc-gateway v1.16.0
go: downloading k8s.io/klog/v2 v2.130.1
go: downloading github.com/skratchdot/open-golang v0.0.0-20160302144031-75fb7ed4208c
go: downloading golang.org/x/crypto v0.27.0
go: downloading google.golang.org/genproto/googleapis/api v0.0.0-20240903143218-8af14fe29dc1
go: downloading github.com/golang-jwt/jwt v3.2.2+incompatible
go: downloading golang.org/x/term v0.24.0
go: downloading k8s.io/klog v1.0.0
go: downloading k8s.io/kube-openapi v0.0.0-20240228011516-70dd3763d340
go: downloading github.com/fsnotify/fsnotify v1.7.0
go: downloading golang.org/x/time v0.6.0
go: downloading github.com/go-git/go-git/v5 v5.12.0
go: downloading github.com/Masterminds/semver/v3 v3.3.0
go: downloading google.golang.org/genproto v0.0.0-20230822172742-b8732ec3820d
go: downloading github.com/expr-lang/expr v1.16.9
go: downloading github.com/felixge/httpsnoop v1.0.4
go: downloading github.com/gorilla/handlers v1.5.2
go: downloading github.com/TomOnTime/utfutil v0.0.0-20180511104225-09c41003ee1d
go: downloading github.com/gorilla/websocket v1.5.3
go: downloading github.com/google/go-jsonnet v0.20.0
go: downloading github.com/improbable-eng/grpc-web v0.15.0
go: downloading github.com/r3labs/diff v1.1.0
go: downloading sigs.k8s.io/structured-merge-diff/v4 v4.4.1
go: downloading github.com/itchyny/gojq v0.12.16
go: downloading github.com/soheilhy/cmux v0.1.5
go: downloading k8s.io/apiserver v0.31.0
go: downloading github.com/go-logr/logr v1.4.2
go: downloading github.com/gobwas/glob v0.2.3
go: downloading github.com/google/shlex v0.0.0-20191202100458-e7afc7fbc510
go: downloading github.com/kballard/go-shellquote v0.0.0-20180428030007-95032a82bc51
go: downloading oras.land/oras-go/v2 v2.5.0
go: downloading github.com/bmatcuk/doublestar/v4 v4.6.1
go: downloading github.com/go-redis/cache/v9 v9.0.0
go: downloading github.com/bombsimon/logrusr/v2 v2.0.1
go: downloading github.com/yuin/gopher-lua v1.1.1
go: downloading github.com/patrickmn/go-cache v2.1.0+incompatible
go: downloading github.com/antonmedv/expr v1.15.1
go: downloading layeh.com/gopher-json v0.0.0-20190114024228-97fed8db8427
go: downloading github.com/prometheus/client_model v0.6.1
go: downloading golang.org/x/net v0.29.0
go: downloading github.com/casbin/casbin/v2 v2.100.0
go: downloading github.com/dlclark/regexp2 v1.11.4
go: downloading github.com/chainguard-dev/git-urls v1.0.2
go: downloading github.com/go-openapi/runtime v0.28.0
go: downloading github.com/go-jose/go-jose/v3 v3.0.3
go: downloading go.opentelemetry.io/otel v1.30.0
go: downloading github.com/go-openapi/loads v0.22.0
go: downloading github.com/casbin/govaluate v1.2.0
go: downloading go.opentelemetry.io/otel/exporters/otlp/otlptrace/otlptracegrpc v1.30.0
go: downloading github.com/gogits/go-gogs-client v0.0.0-20200905025246-8bb8a50cb355
go: downloading go.opentelemetry.io/otel/sdk v1.30.0
go: downloading github.com/davecgh/go-spew v1.1.2-0.20180830191138-d8f796af33cc
go: downloading go.opentelemetry.io/otel/exporters/otlp/otlptrace v1.30.0
go: downloading github.com/pmezard/go-difflib v1.0.1-0.20181226105442-5d4384ee4fb2
go: downloading golang.org/x/sys v0.25.0
go: downloading github.com/Azure/azure-sdk-for-go/sdk/azcore v1.1.1
go: downloading github.com/Azure/azure-sdk-for-go/sdk/azidentity v1.1.0
go: downloading github.com/Azure/go-autorest/autorest v0.11.29
go: downloading github.com/Azure/go-autorest/autorest/adal v0.9.23
go: downloading github.com/AzureAD/microsoft-authentication-library-for-go v0.5.2
go: downloading gopkg.in/retry.v1 v1.0.3
go: downloading github.com/dgryski/go-rendezvous v0.0.0-20200823014737-9f7001d12a5f
go: downloading github.com/alicebob/gopher-json v0.0.0-20200520072559-a9ecdc9d1d3a
go: downloading github.com/evanphx/json-patch/v5 v5.9.0
go: downloading cloud.google.com/go/compute/metadata v0.5.0
go: downloading github.com/Azure/go-autorest v14.2.0+incompatible
go: downloading github.com/prometheus/common v0.55.0
go: downloading github.com/prometheus/procfs v0.15.1
go: downloading github.com/google/gofuzz v1.2.0
go: downloading github.com/klauspost/compress v1.17.9
go: downloading github.com/stretchr/objx v0.5.2
go: downloading github.com/hashicorp/go-cleanhttp v0.5.2
go: downloading gopkg.in/inf.v0 v0.9.1
go: downloading github.com/go-fed/httpsig v1.1.0
go: downloading github.com/hashicorp/go-version v1.6.0
go: downloading github.com/mitchellh/mapstructure v1.5.0
go: downloading github.com/google/go-querystring v1.1.0
go: downloading github.com/gosimple/unidecode v1.0.1
go: downloading dario.cat/mergo v1.0.1
go: downloading github.com/Masterminds/goutils v1.1.1
go: downloading github.com/mitchellh/copystructure v1.2.0
go: downloading github.com/shopspring/decimal v1.4.0
go: downloading github.com/spf13/cast v1.7.0
go: downloading github.com/huandu/xstrings v1.5.0
go: downloading k8s.io/cli-runtime v0.31.0
go: downloading k8s.io/kube-aggregator v0.31.0
go: downloading go.opentelemetry.io/otel/metric v1.30.0
go: downloading go.opentelemetry.io/otel/trace v1.30.0
go: downloading github.com/valyala/bytebufferpool v1.0.0
go: downloading google.golang.org/genproto/googleapis/rpc v0.0.0-20240903143218-8af14fe29dc1
go: downloading github.com/google/go-github/v62 v62.0.0
go: downloading github.com/PagerDuty/go-pagerduty v1.7.0
go: downloading github.com/RocketChat/Rocket.Chat.Go.SDK v0.0.0-20210112200207-10ab4d695d60
go: downloading github.com/aws/aws-sdk-go-v2 v1.24.1
go: downloading github.com/aws/aws-sdk-go-v2/config v1.25.12
go: downloading github.com/aws/aws-sdk-go-v2/credentials v1.16.16
go: downloading github.com/aws/aws-sdk-go-v2/service/sqs v1.29.7
go: downloading github.com/OvyFlash/telegram-bot-api/v5 v5.0.0-20240108230938-63e5c59035bf
go: downloading github.com/google/go-github/v41 v41.0.0
go: downloading github.com/gregdel/pushover v1.2.1
go: downloading github.com/opsgenie/opsgenie-go-sdk-v2 v1.0.5
go: downloading gomodules.xyz/notify v0.1.1
go: downloading github.com/slack-go/slack v0.12.2
go: downloading google.golang.org/api v0.132.0
go: downloading gopkg.in/evanphx/json-patch.v4 v4.12.0
go: downloading github.com/google/gnostic-models v0.6.8
go: downloading github.com/cpuguy83/go-md2man/v2 v2.0.4
go: downloading github.com/mattn/go-runewidth v0.0.15
go: downloading github.com/golang/groupcache v0.0.0-20210331224755-41bb18bfe9da
go: downloading github.com/go-jose/go-jose/v4 v4.0.2
go: downloading github.com/ProtonMail/go-crypto v1.0.0
go: downloading github.com/go-git/go-billy/v5 v5.5.0
go: downloading github.com/sergi/go-diff v1.3.2-0.20230802210424-5b0b94c5c0d3
go: downloading golang.org/x/text v0.18.0
go: downloading k8s.io/kubernetes v1.31.0
go: downloading github.com/itchyny/timefmt-go v0.1.6
go: downloading github.com/json-iterator/go v1.1.12
go: downloading github.com/cenkalti/backoff/v4 v4.3.0
go: downloading github.com/desertbit/timer v0.0.0-20180107155436-c41aec40b27f
go: downloading github.com/rs/cors v1.11.0
go: downloading nhooyr.io/websocket v1.8.7
go: downloading github.com/vmihailenco/go-tinylfu v0.2.2
go: downloading github.com/vmihailenco/msgpack/v5 v5.3.4
go: downloading github.com/moby/term v0.5.0
go: downloading github.com/mitchellh/go-wordwrap v1.0.1
go: downloading github.com/kevinburke/ssh_config v1.2.0
go: downloading github.com/skeema/knownhosts v1.2.2
go: downloading github.com/xanzy/ssh-agent v0.3.3
go: downloading github.com/jbenet/go-context v0.0.0-20150711004518-d14ea06fba99
go: downloading github.com/opencontainers/go-digest v1.0.0
go: downloading github.com/opencontainers/image-spec v1.1.0
go: downloading github.com/emicklei/go-restful/v3 v3.11.0
go: downloading github.com/go-openapi/jsonreference v0.21.0
go: downloading github.com/go-openapi/swag v0.23.0
go: downloading github.com/go-openapi/analysis v0.23.0
go: downloading github.com/go-openapi/errors v0.22.0
go: downloading github.com/go-openapi/spec v0.21.0
go: downloading github.com/go-openapi/strfmt v0.23.0
go: downloading github.com/go-openapi/validate v0.24.0
go: downloading sigs.k8s.io/json v0.0.0-20221116044647-bc3834ca7abd
go: downloading github.com/Azure/azure-sdk-for-go/sdk/internal v1.0.0
go: downloading github.com/Azure/go-autorest/logger v0.2.1
go: downloading github.com/Azure/go-autorest/tracing v0.6.0
go: downloading github.com/Azure/go-autorest/autorest/date v0.3.0
go: downloading github.com/munnerz/goautoneg v0.0.0-20191010083416-a7dc8b61c822
go: downloading github.com/jonboulle/clockwork v0.2.2
go: downloading k8s.io/component-base v0.31.0
go: downloading k8s.io/component-helpers v0.31.0
go: downloading go.opentelemetry.io/proto/otlp v1.3.1
go: downloading github.com/mitchellh/reflectwalk v1.0.2
go: downloading sigs.k8s.io/kustomize/api v0.17.2
go: downloading sigs.k8s.io/kustomize/kyaml v0.17.1
go: downloading github.com/liggitt/tabwriter v0.0.0-20181228230101-89fcab3d43de
go: downloading gomodules.xyz/jsonpatch/v2 v2.4.0
go: downloading gomodules.xyz/envconfig v1.3.1-0.20190308184047-426f31af0d45
go: downloading gopkg.in/gomail.v2 v2.0.0-20160411212932-81ebce5c23df
go: downloading github.com/aws/smithy-go v1.19.0
go: downloading github.com/pjbgf/sha1cd v0.3.0
go: downloading github.com/aws/aws-sdk-go-v2/feature/ec2/imds v1.14.11
go: downloading github.com/aws/aws-sdk-go-v2/internal/ini v1.7.1
go: downloading github.com/aws/aws-sdk-go-v2/service/sso v1.18.7
go: downloading github.com/aws/aws-sdk-go-v2/service/ssooidc v1.21.7
go: downloading github.com/aws/aws-sdk-go-v2/service/sts v1.26.7
go: downloading github.com/aws/aws-sdk-go-v2/internal/configsources v1.2.10
go: downloading github.com/go-git/gcfg v1.5.1-0.20230307220236-3a3c6141e376
go: downloading github.com/emirpasic/gods v1.18.1
go: downloading github.com/russross/blackfriday/v2 v2.1.0
go: downloading github.com/rivo/uniseg v0.4.7
go: downloading github.com/jmespath/go-jmespath v0.4.0
go: downloading github.com/moby/spdystream v0.4.0
go: downloading github.com/modern-go/concurrent v0.0.0-20180306012644-bacd9c7ef1dd
go: downloading github.com/modern-go/reflect2 v1.0.2
go: downloading github.com/kylelemons/godebug v1.1.0
go: downloading github.com/pkg/browser v0.0.0-20210911075715-681adbf594b8
go: downloading github.com/fxamacker/cbor/v2 v2.7.0
go: downloading github.com/vmihailenco/tagparser/v2 v2.0.0
go: downloading github.com/go-logr/stdr v1.2.2
go: downloading github.com/go-openapi/jsonpointer v0.21.0
go: downloading github.com/chai2010/gettext-go v1.0.2
go: downloading github.com/MakeNowJust/heredoc v1.0.0
go: downloading github.com/exponent-io/jsonpath v0.0.0-20151013193312-d6023ce2651d
go: downloading github.com/fatih/camelcase v1.0.0
go: downloading github.com/mailru/easyjson v0.7.7
go: downloading go.mongodb.org/mongo-driver v1.14.0
go: downloading github.com/asaskevich/govalidator v0.0.0-20230301143203-a9d515a09cc2
go: downloading github.com/oklog/ulid v1.3.1
go: downloading github.com/gregjones/httpcache v0.0.0-20190611155906-901d90724c79
go: downloading github.com/peterbourgon/diskv v2.0.1+incompatible
go: downloading github.com/grpc-ecosystem/grpc-gateway/v2 v2.22.0
go: downloading github.com/aws/aws-sdk-go-v2/internal/endpoints/v2 v2.5.10
go: downloading github.com/cloudflare/circl v1.3.7
go: downloading github.com/mxk/go-flowrate v0.0.0-20140419014527-cca7078d478f
go: downloading github.com/aws/aws-sdk-go-v2/service/internal/accept-encoding v1.10.4
go: downloading github.com/aws/aws-sdk-go-v2/service/internal/presigned-url v1.10.10
go: downloading gopkg.in/warnings.v0 v0.1.2
go: downloading github.com/go-errors/errors v1.4.2
go: downloading github.com/x448/float16 v0.8.4
go: downloading github.com/josharian/intern v1.0.0
go: downloading github.com/distribution/reference v0.5.0
go: downloading github.com/blang/semver/v4 v4.0.0
go: downloading github.com/monochromegane/go-gitignore v0.0.0-20200626010858-205db1a8cc00
go: downloading github.com/xlab/treeprint v1.2.0
go: downloading go.starlark.net v0.0.0-20230525235612-a134d8f9ddca
go: downloading go.opencensus.io v0.24.0
go: downloading github.com/googleapis/gax-go/v2 v2.12.0
go: downloading github.com/google/s2a-go v0.1.7
go: downloading github.com/googleapis/enterprise-certificate-proxy v0.2.5
ok  	github.com/argoproj/argo-cd/v2/applicationset/controllers	0.239s
ok  	github.com/argoproj/argo-cd/v2/applicationset/controllers/template	0.088s
ok  	github.com/argoproj/argo-cd/v2/applicationset/generators	0.118s
?   	github.com/argoproj/argo-cd/v2/applicationset/generators/mocks	[no test files]
ok  	github.com/argoproj/argo-cd/v2/applicationset/metrics	0.088s
ok  	github.com/argoproj/argo-cd/v2/applicationset/services	0.053s
?   	github.com/argoproj/argo-cd/v2/applicationset/services/github_app_auth	[no test files]
?   	github.com/argoproj/argo-cd/v2/applicationset/services/internal/github_app	[no test files]
ok  	github.com/argoproj/argo-cd/v2/applicationset/services/internal/http	0.013s
?   	github.com/argoproj/argo-cd/v2/applicationset/services/mocks	[no test files]
ok  	github.com/argoproj/argo-cd/v2/applicationset/services/plugin	0.077s
ok  	github.com/argoproj/argo-cd/v2/applicationset/services/pull_request	0.159s
ok  	github.com/argoproj/argo-cd/v2/applicationset/services/scm_provider	0.123s
?   	github.com/argoproj/argo-cd/v2/applicationset/services/scm_provider/aws_codecommit/mocks	[no test files]
?   	github.com/argoproj/argo-cd/v2/applicationset/services/scm_provider/azure_devops/git/mocks	[no test files]
?   	github.com/argoproj/argo-cd/v2/applicationset/status	[no test files]
ok  	github.com/argoproj/argo-cd/v2/applicationset/utils	0.629s
?   	github.com/argoproj/argo-cd/v2/applicationset/utils/mocks	[no test files]
ok  	github.com/argoproj/argo-cd/v2/applicationset/webhook	1.705s
?   	github.com/argoproj/argo-cd/v2/assets	[no test files]
?   	github.com/argoproj/argo-cd/v2/cmd	[no test files]
--- FAIL: TestWaitOnApplicationStatus_JSON_YAML_WideOutput (0.00s)
    app_test.go:2001: 
        	Error Trace:	/home/advocate/Advocate/Experiments/Advocate/helper/aplas/realWorld/argo-cd/cmd/argocd/commands/app_test.go:2001
        	Error:      	Not equal: 
        	            	expected: "\n\n\n\n       Service     default    service-name1  Synced  Healthy\n  Helm Values:      path1,path2\n  Name Prefix:      prefix\n  Path:             /test\n  Target:           master\n- Repo:             test\n2026-06-05T15:43:31+02:00            Service     default         service-name1    Synced  Healthy\n2026-06-05T15:43:31+02:00   apps  Deployment     default                  test    Synced  Healthy\nDuration:           2333448h16m18.871345152s\nFinished:           2020-11-10 23:00:00 +0000 UTC\nGROUP  KIND        NAMESPACE  NAME           STATUS  HEALTH   HOOK  MESSAGE\nHealth Status:      Progressing (health-message)\nMessage:            test\nName:               argocd/test\nNamespace:          argocd\nOperation:          Sync\nPhase:\nProject:            default\nServer:             local\nSource:\nStart:              0001-01-01 00:00:00 +0000 UTC\nSync Policy:        Automated (Prune)\nSync Revision:      revision\nSync Status:        OutOfSync from master\nSyncWindow:         Sync Allowed\nTIMESTAMP                  GROUP        KIND   NAMESPACE                  NAME    STATUS   HEALTH        HOOK  MESSAGE\nURL:                http://localhost:8080/applications/app-name\napps   Deployment  default    test           Synced  Healthy"
        	            	actual  : "\n\n\n\n       Service     default    service-name1  Synced  Healthy        \n  Helm Values:      path1,path2\n  Name Prefix:      prefix\n  Path:             /test\n  Target:           master\n- Repo:             test\n2026-06-05T15:43:31+02:00            Service     default         service-name1    Synced  Healthy              \n2026-06-05T15:43:31+02:00   apps  Deployment     default                  test    Synced  Healthy              \nDuration:           2333448h16m18.871345152s\nFinished:           2020-11-10 23:00:00 +0000 UTC\nGROUP  KIND        NAMESPACE  NAME           STATUS  HEALTH   HOOK  MESSAGE\nHealth Status:      Progressing (health-message)\nMessage:            test\nName:               argocd/test\nNamespace:          argocd\nOperation:          Sync\nPhase:              \nProject:            default\nServer:             local\nSource:\nStart:              0001-01-01 00:00:00 +0000 UTC\nSync Policy:        Automated (Prune)\nSync Revision:      revision\nSync Status:        OutOfSync from master\nSyncWindow:         Sync Allowed\nTIMESTAMP                  GROUP        KIND   NAMESPACE                  NAME    STATUS   HEALTH        HOOK  MESSAGE\nURL:                http://localhost:8080/applications/app-name\napps   Deployment  default    test           Synced  Healthy        "
        	            	
        	            	Diff:
        	            	--- Expected
        	            	+++ Actual
        	            	@@ -4,3 +4,3 @@
        	            	 
        	            	-       Service     default    service-name1  Synced  Healthy
        	            	+       Service     default    service-name1  Synced  Healthy        
        	            	   Helm Values:      path1,path2
        	            	@@ -10,4 +10,4 @@
        	            	 - Repo:             test
        	            	-2026-06-05T15:43:31+02:00            Service     default         service-name1    Synced  Healthy
        	            	-2026-06-05T15:43:31+02:00   apps  Deployment     default                  test    Synced  Healthy
        	            	+2026-06-05T15:43:31+02:00            Service     default         service-name1    Synced  Healthy              
        	            	+2026-06-05T15:43:31+02:00   apps  Deployment     default                  test    Synced  Healthy              
        	            	 Duration:           2333448h16m18.871345152s
        	            	@@ -20,3 +20,3 @@
        	            	 Operation:          Sync
        	            	-Phase:
        	            	+Phase:              
        	            	 Project:            default
        	            	@@ -31,2 +31,2 @@
        	            	 URL:                http://localhost:8080/applications/app-name
        	            	-apps   Deployment  default    test           Synced  Healthy
        	            	+apps   Deployment  default    test           Synced  Healthy        
        	Test:       	TestWaitOnApplicationStatus_JSON_YAML_WideOutput
        	Messages:   	Incorrect output "TIMESTAMP                  GROUP        KIND   NAMESPACE                  NAME    STATUS   HEALTH        HOOK  MESSAGE\n2026-06-05T15:43:31+02:00            Service     default         service-name1    Synced  Healthy              \n2026-06-05T15:43:31+02:00   apps  Deployment     default                  test    Synced  Healthy              \n\nName:               argocd/test\nProject:            default\nServer:             local\nNamespace:          argocd\nURL:                http://localhost:8080/applications/app-name\nSource:\n- Repo:             test\n  Target:           master\n  Path:             /test\n  Helm Values:      path1,path2\n  Name Prefix:      prefix\nSyncWindow:         Sync Allowed\nSync Policy:        Automated (Prune)\nSync Status:        OutOfSync from master\nHealth Status:      Progressing (health-message)\n\nOperation:          Sync\nSync Revision:      revision\nPhase:              \nStart:              0001-01-01 00:00:00 +0000 UTC\nFinished:           2020-11-10 23:00:00 +0000 UTC\nDuration:           2333448h16m18.871345152s\nMessage:            test\n\nGROUP  KIND        NAMESPACE  NAME           STATUS  HEALTH   HOOK  MESSAGE\n       Service     default    service-name1  Synced  Healthy        \napps   Deployment  default    test           Synced  Healthy        \n", should be "TIMESTAMP                  GROUP        KIND   NAMESPACE                  NAME    STATUS   HEALTH        HOOK  MESSAGE\n2026-06-05T15:43:31+02:00            Service     default         service-name1    Synced  Healthy\n2026-06-05T15:43:31+02:00   apps  Deployment     default                  test    Synced  Healthy\n\nName:               argocd/test\nProject:            default\nServer:             local\nNamespace:          argocd\nURL:                http://localhost:8080/applications/app-name\nSource:\n- Repo:             test\n  Target:           master\n  Path:             /test\n  Helm Values:      path1,path2\n  Name Prefix:      prefix\nSyncWindow:         Sync Allowed\nSync Policy:        Automated (Prune)\nSync Status:        OutOfSync from master\nHealth Status:      Progressing (health-message)\n\nOperation:          Sync\nSync Revision:      revision\nPhase:\nStart:              0001-01-01 00:00:00 +0000 UTC\nFinished:           2020-11-10 23:00:00 +0000 UTC\nDuration:           2333448h16m18.871345152s\nMessage:            test\n\nGROUP  KIND        NAMESPACE  NAME           STATUS  HEALTH   HOOK  MESSAGE\n       Service     default    service-name1  Synced  Healthy\napps   Deployment  default    test           Synced  Healthy\n" (items order doesn't matter)
SERVER     NAME     VERSION     STATUS     MESSAGE     PROJECT
my-server  my-name  my-version  my-status  my-message  
Context 'argocd1.example.com:443' deleted
Context 'localhost:8080' deleted
Logged out from 'localhost:8080'
FAIL
FAIL	github.com/argoproj/argo-cd/v2/cmd/argocd/commands	0.206s
ok  	github.com/argoproj/argo-cd/v2/cmd/argocd/commands/admin	2.260s
?   	github.com/argoproj/argo-cd/v2/cmd/argocd/commands/headless	[no test files]
ok  	github.com/argoproj/argo-cd/v2/cmd/argocd/commands/initialize	0.022s
?   	github.com/argoproj/argo-cd/v2/cmd/argocd-application-controller/commands	[no test files]
?   	github.com/argoproj/argo-cd/v2/cmd/argocd-applicationset-controller/commands	[no test files]
?   	github.com/argoproj/argo-cd/v2/cmd/argocd-cmp-server/commands	[no test files]
?   	github.com/argoproj/argo-cd/v2/cmd/argocd-dex/commands	[no test files]
?   	github.com/argoproj/argo-cd/v2/cmd/argocd-git-ask-pass/commands	[no test files]
ok  	github.com/argoproj/argo-cd/v2/cmd/argocd-k8s-auth/commands	1.012s
?   	github.com/argoproj/argo-cd/v2/cmd/argocd-notification/commands	[no test files]
?   	github.com/argoproj/argo-cd/v2/cmd/argocd-repo-server/commands	[no test files]
?   	github.com/argoproj/argo-cd/v2/cmd/argocd-server/commands	[no test files]
ok  	github.com/argoproj/argo-cd/v2/cmd/util	0.097s
?   	github.com/argoproj/argo-cd/v2/cmpserver	[no test files]
?   	github.com/argoproj/argo-cd/v2/cmpserver/apiclient	[no test files]
time="2026-06-05T15:43:31+02:00" level=info msg="echo test" dir=/home/advocate/Advocate/Experiments/Advocate/helper/aplas/realWorld/argo-cd/cmpserver/plugin/testdata/kustomize execID=728bb
time="2026-06-05T15:43:31+02:00" level=info msg="Plugin command successful" command="{[echo test] []}" execID=728bb stderr=
time="2026-06-05T15:43:31+02:00" level=info msg=echo dir=/home/advocate/Advocate/Experiments/Advocate/helper/aplas/realWorld/argo-cd/cmpserver/plugin/testdata/kustomize execID=74822
time="2026-06-05T15:43:31+02:00" level=info msg="Plugin command successful" command="{[echo] []}" execID=74822 stderr=
time="2026-06-05T15:43:31+02:00" level=info msg="sh -c \"echo -n $ENV_VAR\"" dir=/home/advocate/Advocate/Experiments/Advocate/helper/aplas/realWorld/argo-cd/cmpserver/plugin/testdata/kustomize execID=2eb69
time="2026-06-05T15:43:31+02:00" level=info msg="Plugin command successful" command="{[sh -c echo -n $ENV_VAR] []}" execID=2eb69 stderr=
time="2026-06-05T15:43:31+02:00" level=info msg="sh -c \"printf \\\"%s\\\" \\\"$ENV_NO_VAR\\\"\"" dir=/home/advocate/Advocate/Experiments/Advocate/helper/aplas/realWorld/argo-cd/cmpserver/plugin/testdata/kustomize execID=f35be
time="2026-06-05T15:43:31+02:00" level=warning msg="Plugin command returned zero output" command="{[sh -c printf \"%s\" \"$ENV_NO_VAR\"] []}" execID=f35be stderr=
time="2026-06-05T15:43:31+02:00" level=info msg="cat nil" dir=/home/advocate/Advocate/Experiments/Advocate/helper/aplas/realWorld/argo-cd/cmpserver/plugin/testdata/kustomize execID=8e367
time="2026-06-05T15:43:31+02:00" level=error msg="`cat nil` failed exit status 1: cat: nil: No such file or directory" execID=8e367
time="2026-06-05T15:43:31+02:00" level=info msg="Generating manifests with no request-level timeout"
time="2026-06-05T15:43:31+02:00" level=info msg="sh -c \"kustomize version\\n\"" dir=testdata/kustomize execID=5a50b
time="2026-06-05T15:43:31+02:00" level=error msg="`sh -c \"kustomize version\\n\"` failed exit status 127: sh: 1: kustomize: not found" execID=5a50b
time="2026-06-05T15:43:31+02:00" level=info msg="Generating manifests with no request-level timeout"
time="2026-06-05T15:43:31+02:00" level=info msg="sh -c \"kustomize version\\n\"" dir=testdata/kustomize execID=c9f2c
time="2026-06-05T15:43:31+02:00" level=error msg="`sh -c \"kustomize version\\n\"` failed exit status 127: sh: 1: kustomize: not found" execID=c9f2c
time="2026-06-05T15:43:31+02:00" level=info msg="Generating manifests with no request-level timeout"
time="2026-06-05T15:43:31+02:00" level=info msg="sh -c \"kustomize version\\n\"" dir=testdata/kustomize execID=a0ac4
time="2026-06-05T15:43:31+02:00" level=error msg="`sh -c \"kustomize version\\n\"` failed exit status 127: sh: 1: kustomize: not found" execID=a0ac4
--- FAIL: TestGenerateManifest (0.00s)
    --- FAIL: TestGenerateManifest/successful_generate (0.00s)
        plugin_test.go:312: 
            	Error Trace:	/home/advocate/Advocate/Experiments/Advocate/helper/aplas/realWorld/argo-cd/cmpserver/plugin/plugin_test.go:312
            	Error:      	Received unexpected error:
            	            	`sh -c "kustomize version\n"` failed exit status 127: sh: 1: kustomize: not found
            	Test:       	TestGenerateManifest/successful_generate
    --- FAIL: TestGenerateManifest/bad_generate_command (0.00s)
        plugin_test.go:326: 
            	Error Trace:	/home/advocate/Advocate/Experiments/Advocate/helper/aplas/realWorld/argo-cd/cmpserver/plugin/plugin_test.go:326
            	Error:      	Error "`sh -c \"kustomize version\\n\"` failed exit status 127: sh: 1: kustomize: not found" does not contain "executable file not found"
            	Test:       	TestGenerateManifest/bad_generate_command
    --- FAIL: TestGenerateManifest/bad_yaml_output (0.00s)
        plugin_test.go:335: 
            	Error Trace:	/home/advocate/Advocate/Experiments/Advocate/helper/aplas/realWorld/argo-cd/cmpserver/plugin/plugin_test.go:335
            	Error:      	Error "`sh -c \"kustomize version\\n\"` failed exit status 127: sh: 1: kustomize: not found" does not contain "failed to unmarshal manifest"
            	Test:       	TestGenerateManifest/bad_yaml_output
time="2026-06-05T15:43:31+02:00" level=info msg="Generating manifests with deadline -1.958µs from now"
time="2026-06-05T15:43:31+02:00" level=info msg="sh -c \"kustomize version\\n\"" dir= execID=775a3
time="2026-06-05T15:43:31+02:00" level=info msg="sh -c \"sleep 5\"" dir= execID=a9604
time="2026-06-05T15:43:32+02:00" level=error msg="`sh -c \"sleep 5\"` failed signal: killed" execID=a9604
time="2026-06-05T15:43:32+02:00" level=info msg="sh -c \"(trap 'echo \\\"cleanup completed\\\"; exit' TERM; sleep 4)\"" dir= execID=be324
time="2026-06-05T15:43:33+02:00" level=error msg="`sh -c \"(trap 'echo \\\"cleanup completed\\\"; exit' TERM; sleep 4)\"` failed signal: killed: Terminated" execID=be324
time="2026-06-05T15:43:33+02:00" level=info msg="echo []" dir= execID=22e23
time="2026-06-05T15:43:33+02:00" level=info msg="Plugin command successful" command="{[echo] [[]]}" execID=22e23 stderr=
time="2026-06-05T15:43:33+02:00" level=info msg="echo \"[{\\\"name\\\": \\\"dynamic-a\\\"}, {\\\"name\\\": \\\"dynamic-b\\\"}]\"" dir= execID=27bf7
time="2026-06-05T15:43:33+02:00" level=info msg="Plugin command successful" command="{[echo] [[{\"name\": \"dynamic-a\"}, {\"name\": \"dynamic-b\"}]]}" execID=27bf7 stderr=
time="2026-06-05T15:43:33+02:00" level=info msg="echo [" dir= execID=f0937
time="2026-06-05T15:43:33+02:00" level=info msg="Plugin command successful" command="{[echo] [[]}" execID=f0937 stderr=
time="2026-06-05T15:43:33+02:00" level=info msg="exit 1" dir= execID=8284e
time="2026-06-05T15:43:33+02:00" level=info msg="Generating manifests with no request-level timeout"
time="2026-06-05T15:43:33+02:00" level=info msg="sh -c \"kustomize version\\n\"" dir=/tmp/_cmp_server/a877dc72-3f2f-4a7d-ad2f-e9261b35aa59 execID=3867a
time="2026-06-05T15:43:33+02:00" level=error msg="`sh -c \"kustomize version\\n\"` failed exit status 127: sh: 1: kustomize: not found" execID=3867a
--- FAIL: TestService_GenerateManifest (0.01s)
    --- FAIL: TestService_GenerateManifest/successful_generate (0.01s)
        plugin_test.go:663: 
            	Error Trace:	/home/advocate/Advocate/Experiments/Advocate/helper/aplas/realWorld/argo-cd/cmpserver/plugin/plugin_test.go:663
            	Error:      	Received unexpected error:
            	            	error generating manifests: `sh -c "kustomize version\n"` failed exit status 127: sh: 1: kustomize: not found
            	Test:       	TestService_GenerateManifest/successful_generate
time="2026-06-05T15:43:33+02:00" level=info msg="sh -c \"# Make sure env vars are making it to the plugin.\\nif [ -z \\\"$MUST_BE_SET\\\" ]; then\\n  exit 1\\nfi\\necho \\\"[{\\\\\\\"name\\\\\\\": \\\\\\\"dynamic-test-param\\\\\\\", \\\\\\\"string\\\\\\\": \\\\\\\"$MUST_BE_SET\\\\\\\"}]\\\"\\n\"" dir=/tmp/_cmp_server/cee5e62d-b5c2-4e9c-99a6-56e05f9394c1 execID=a9548
time="2026-06-05T15:43:33+02:00" level=info msg="Plugin command successful" command="{[sh -c] [# Make sure env vars are making it to the plugin.\nif [ -z \"$MUST_BE_SET\" ]; then\n  exit 1\nfi\necho \"[{\\\"name\\\": \\\"dynamic-test-param\\\", \\\"string\\\": \\\"$MUST_BE_SET\\\"}]\"\n]}" execID=a9548 stderr=
time="2026-06-05T15:43:33+02:00" level=info msg="sh -c \"# Make sure env vars are making it to the plugin.\\nif [ -z \\\"$MUST_BE_SET\\\" ]; then\\n  exit 1\\nfi\\necho \\\"[{\\\\\\\"name\\\\\\\": \\\\\\\"dynamic-test-param\\\\\\\", \\\\\\\"string\\\\\\\": \\\\\\\"$MUST_BE_SET\\\\\\\"}]\\\"\\n\"" dir=/tmp/_cmp_server/35023373-e16b-4260-b484-3a9b79a2476d execID=60d3f
time="2026-06-05T15:43:33+02:00" level=error msg="`sh -c \"# Make sure env vars are making it to the plugin.\\nif [ -z \\\"$MUST_BE_SET\\\" ]; then\\n  exit 1\\nfi\\necho \\\"[{\\\\\\\"name\\\\\\\": \\\\\\\"dynamic-test-param\\\\\\\", \\\\\\\"string\\\\\\\": \\\\\\\"$MUST_BE_SET\\\\\\\"}]\\\"\\n\"` failed exit status 1" execID=60d3f
FAIL
FAIL	github.com/argoproj/argo-cd/v2/cmpserver/plugin	2.022s
ok  	github.com/argoproj/argo-cd/v2/common	0.025s
ok  	github.com/argoproj/argo-cd/v2/controller	35.292s
ok  	github.com/argoproj/argo-cd/v2/controller/cache	0.082s
?   	github.com/argoproj/argo-cd/v2/controller/cache/mocks	[no test files]
ok  	github.com/argoproj/argo-cd/v2/controller/metrics	3.668s
ok  	github.com/argoproj/argo-cd/v2/controller/sharding	1.536s
?   	github.com/argoproj/argo-cd/v2/controller/sharding/consistent	[no test files]
?   	github.com/argoproj/argo-cd/v2/hack/dev-mounter	[no test files]
?   	github.com/argoproj/argo-cd/v2/hack/gen-catalog	[no test files]
?   	github.com/argoproj/argo-cd/v2/hack/gen-crd-spec	[no test files]
?   	github.com/argoproj/argo-cd/v2/hack/gen-docs	[no test files]
?   	github.com/argoproj/argo-cd/v2/hack/gen-resources/cmd	[no test files]
?   	github.com/argoproj/argo-cd/v2/hack/gen-resources/cmd/commands	[no test files]
?   	github.com/argoproj/argo-cd/v2/hack/gen-resources/generators	[no test files]
?   	github.com/argoproj/argo-cd/v2/hack/gen-resources/util	[no test files]
?   	github.com/argoproj/argo-cd/v2/hack/k8s	[no test files]
?   	github.com/argoproj/argo-cd/v2/hack/known_types	[no test files]
ok  	github.com/argoproj/argo-cd/v2/notification_controller/controller	0.237s
ok  	github.com/argoproj/argo-cd/v2/pkg/apiclient	0.055s
?   	github.com/argoproj/argo-cd/v2/pkg/apiclient/account	[no test files]
ok  	github.com/argoproj/argo-cd/v2/pkg/apiclient/application	0.062s
?   	github.com/argoproj/argo-cd/v2/pkg/apiclient/applicationset	[no test files]
?   	github.com/argoproj/argo-cd/v2/pkg/apiclient/certificate	[no test files]
?   	github.com/argoproj/argo-cd/v2/pkg/apiclient/cluster	[no test files]
?   	github.com/argoproj/argo-cd/v2/pkg/apiclient/cluster/mocks	[no test files]
?   	github.com/argoproj/argo-cd/v2/pkg/apiclient/gpgkey	[no test files]
?   	github.com/argoproj/argo-cd/v2/pkg/apiclient/notification	[no test files]
?   	github.com/argoproj/argo-cd/v2/pkg/apiclient/project	[no test files]
?   	github.com/argoproj/argo-cd/v2/pkg/apiclient/repocreds	[no test files]
?   	github.com/argoproj/argo-cd/v2/pkg/apiclient/repository	[no test files]
?   	github.com/argoproj/argo-cd/v2/pkg/apiclient/session	[no test files]
?   	github.com/argoproj/argo-cd/v2/pkg/apiclient/session/mocks	[no test files]
?   	github.com/argoproj/argo-cd/v2/pkg/apiclient/settings	[no test files]
?   	github.com/argoproj/argo-cd/v2/pkg/apiclient/version	[no test files]
?   	github.com/argoproj/argo-cd/v2/pkg/apis/application	[no test files]
ok  	github.com/argoproj/argo-cd/v2/pkg/apis/application/v1alpha1	0.058s
?   	github.com/argoproj/argo-cd/v2/pkg/client/clientset/versioned	[no test files]
?   	github.com/argoproj/argo-cd/v2/pkg/client/clientset/versioned/fake	[no test files]
?   	github.com/argoproj/argo-cd/v2/pkg/client/clientset/versioned/scheme	[no test files]
?   	github.com/argoproj/argo-cd/v2/pkg/client/clientset/versioned/typed/application/v1alpha1	[no test files]
?   	github.com/argoproj/argo-cd/v2/pkg/client/clientset/versioned/typed/application/v1alpha1/fake	[no test files]
?   	github.com/argoproj/argo-cd/v2/pkg/client/informers/externalversions	[no test files]
?   	github.com/argoproj/argo-cd/v2/pkg/client/informers/externalversions/application	[no test files]
?   	github.com/argoproj/argo-cd/v2/pkg/client/informers/externalversions/application/v1alpha1	[no test files]
?   	github.com/argoproj/argo-cd/v2/pkg/client/informers/externalversions/internalinterfaces	[no test files]
?   	github.com/argoproj/argo-cd/v2/pkg/client/listers/application/v1alpha1	[no test files]
?   	github.com/argoproj/argo-cd/v2/pkg/ratelimiter	[no test files]
?   	github.com/argoproj/argo-cd/v2/reposerver	[no test files]
ok  	github.com/argoproj/argo-cd/v2/reposerver/apiclient	0.033s
?   	github.com/argoproj/argo-cd/v2/reposerver/apiclient/mocks	[no test files]
ok  	github.com/argoproj/argo-cd/v2/reposerver/askpass	0.018s
ok  	github.com/argoproj/argo-cd/v2/reposerver/cache	1.051s
?   	github.com/argoproj/argo-cd/v2/reposerver/cache/mocks	[no test files]
ok  	github.com/argoproj/argo-cd/v2/reposerver/metrics	0.013s
time="2026-06-05T15:43:34+02:00" level=info msg="manifest cache miss: &ApplicationSource{RepoURL:,Path:.,TargetRevision:,Helm:nil,Kustomize:nil,Directory:nil,Plugin:nil,Chart:,Ref:,}/mock.Anything"
time="2026-06-05T15:43:35+02:00" level=info msg="manifest cache miss: &ApplicationSource{RepoURL:,Path:.,TargetRevision:,Helm:nil,Kustomize:nil,Directory:nil,Plugin:nil,Chart:,Ref:,}/mock.Anything"
time="2026-06-05T15:43:35+02:00" level=info msg="kustomize build /home/advocate/Advocate/Experiments/Advocate/helper/aplas/realWorld/argo-cd/manifests/base" dir=/home/advocate/Advocate/Experiments/Advocate/helper/aplas/realWorld/argo-cd/manifests/base execID=c3e3a
time="2026-06-05T15:43:35+02:00" level=info msg=Trace args="[kustomize build /home/advocate/Advocate/Experiments/Advocate/helper/aplas/realWorld/argo-cd/manifests/base]" dir=/home/advocate/Advocate/Experiments/Advocate/helper/aplas/realWorld/argo-cd/manifests/base operation_name="exec kustomize" time_ms=0.050139
--- FAIL: TestGenerateYamlManifestInDir (0.00s)
    repository_test.go:217: 
        	Error Trace:	/home/advocate/Advocate/Experiments/Advocate/helper/aplas/realWorld/argo-cd/reposerver/repository/repository_test.go:217
        	Error:      	Received unexpected error:
        	            	exec: "kustomize": executable file not found in $PATH
        	Test:       	TestGenerateYamlManifestInDir
time="2026-06-05T15:43:35+02:00" level=error msg="failed to get potentially valid manifests: invalid manifest file \"/tmp/Test_GenerateManifests_NoOutOfBoundsAccessout_of_bounds_JSON_fi900711619/002/test.json\": illegal filepath in symlink at \"test.json\"" application=
time="2026-06-05T15:43:35+02:00" level=error msg="failed to get potentially valid manifests: invalid manifest file \"/tmp/Test_GenerateManifests_NoOutOfBoundsAccessout_of_bounds_YAML_ma339118675/002/test.yaml\": illegal filepath in symlink at \"test.yaml\"" application=
time="2026-06-05T15:43:35+02:00" level=error msg="failed to get potentially valid manifests: invalid manifest file \"/tmp/Test_GenerateManifests_NoOutOfBoundsAccessmalformed_JSON_file_c4289023558/002/test.json\": illegal filepath in symlink at \"test.json\"" application=
time="2026-06-05T15:43:35+02:00" level=error msg="failed to get potentially valid manifests: invalid manifest file \"/tmp/Test_GenerateManifests_NoOutOfBoundsAccessout_of_bounds_JSON_ma1203318120/002/test.json\": illegal filepath in symlink at \"test.json\"" application=
time="2026-06-05T15:43:35+02:00" level=warning msg="skipping manifest file \"/tmp/TestGenerateManifests_MissingSymlinkDestination4122021778/001/test.yaml\": destination of symlink \"test.yaml\" is missing" application=
time="2026-06-05T15:43:35+02:00" level=info msg="manifest cache hit: &ApplicationSource{RepoURL:,Path:.,TargetRevision:,Helm:nil,Kustomize:nil,Directory:nil,Plugin:nil,Chart:,Ref:,}/mock.Anything"
time="2026-06-05T15:43:35+02:00" level=info msg="manifest cache miss: &ApplicationSource{RepoURL:,Path:.,TargetRevision:,Helm:nil,Kustomize:nil,Directory:nil,Plugin:nil,Chart:,Ref:,}/mock.Anything"
time="2026-06-05T15:43:35+02:00" level=info msg="manifest cache miss: &ApplicationSource{RepoURL:,Path:.,TargetRevision:,Helm:nil,Kustomize:nil,Directory:nil,Plugin:nil,Chart:,Ref:,}/mock.Anything"
time="2026-06-05T15:43:35+02:00" level=info msg="kustomize build /home/advocate/Advocate/Experiments/Advocate/helper/aplas/realWorld/argo-cd/manifests/base" dir=/home/advocate/Advocate/Experiments/Advocate/helper/aplas/realWorld/argo-cd/manifests/base execID=26e65
time="2026-06-05T15:43:35+02:00" level=info msg=Trace args="[kustomize build /home/advocate/Advocate/Experiments/Advocate/helper/aplas/realWorld/argo-cd/manifests/base]" dir=/home/advocate/Advocate/Experiments/Advocate/helper/aplas/realWorld/argo-cd/manifests/base operation_name="exec kustomize" time_ms=0.011434
--- FAIL: TestGenerateManifests_K8SAPIResetCache (0.00s)
    repository_test.go:325: 
        	Error Trace:	/home/advocate/Advocate/Experiments/Advocate/helper/aplas/realWorld/argo-cd/reposerver/repository/repository_test.go:325
        	Error:      	Received unexpected error:
        	            	exec: "kustomize": executable file not found in $PATH
        	Test:       	TestGenerateManifests_K8SAPIResetCache
time="2026-06-05T15:43:35+02:00" level=warning msg="Manifest hash did not match expected value or cached manifests response is empty, treating as a cache miss: "
time="2026-06-05T15:43:35+02:00" level=info msg="manifest cache miss: &ApplicationSource{RepoURL:,Path:.,TargetRevision:,Helm:nil,Kustomize:nil,Directory:nil,Plugin:nil,Chart:,Ref:,}/mock.Anything"
time="2026-06-05T15:43:35+02:00" level=info msg="manifest cache miss: &ApplicationSource{RepoURL:,Path:.,TargetRevision:,Helm:nil,Kustomize:nil,Directory:nil,Plugin:nil,Chart:,Ref:,}/mock.Anything"
time="2026-06-05T15:43:35+02:00" level=info msg="kustomize build /home/advocate/Advocate/Experiments/Advocate/helper/aplas/realWorld/argo-cd/manifests/base" dir=/home/advocate/Advocate/Experiments/Advocate/helper/aplas/realWorld/argo-cd/manifests/base execID=e5642
time="2026-06-05T15:43:35+02:00" level=info msg=Trace args="[kustomize build /home/advocate/Advocate/Experiments/Advocate/helper/aplas/realWorld/argo-cd/manifests/base]" dir=/home/advocate/Advocate/Experiments/Advocate/helper/aplas/realWorld/argo-cd/manifests/base operation_name="exec kustomize" time_ms=0.007143
--- FAIL: TestGenerateManifests_EmptyCache (0.00s)
    repository_test.go:345: 
        	Error Trace:	/home/advocate/Advocate/Experiments/Advocate/helper/aplas/realWorld/argo-cd/reposerver/repository/repository_test.go:345
        	Error:      	Received unexpected error:
        	            	exec: "kustomize": executable file not found in $PATH
        	Test:       	TestGenerateManifests_EmptyCache
time="2026-06-05T15:43:35+02:00" level=info msg="manifest cache miss: &ApplicationSource{RepoURL:file:///tmp/TestGenerateManifestsHelmWithRefs_CachedNoLsRemote1257166625/001/tmprepo,Path:.,TargetRevision:HEAD,Helm:&ApplicationSourceHelm{ValueFiles:[$ref/test.yaml],Parameters:[]HelmParameter{},ReleaseName:,Values:,FileParameters:[]HelmFileParameter{},Version:,PassCredentials:false,IgnoreMissingValueFiles:false,SkipCrds:false,ValuesObject:nil,Namespace:,KubeVersion:,APIVersions:[],},Kustomize:nil,Directory:nil,Plugin:nil,Chart:,Ref:,}/38cac1a0a799c437dde9c9571bd5d27e2b5d8c6d"
time="2026-06-05T15:43:35+02:00" level=info msg="Initializing file:///tmp/TestGenerateManifestsHelmWithRefs_CachedNoLsRemote1257166625/001/tmprepo to /tmp/TestGenerateManifestsHelmWithRefs_CachedNoLsRemote1257166625/001/tmprepo/b9deded2-0bff-42b8-89bf-dd6ba8bce101"
time="2026-06-05T15:43:35+02:00" level=info msg="git cat-file -t 38cac1a0a799c437dde9c9571bd5d27e2b5d8c6d" dir=/tmp/TestGenerateManifestsHelmWithRefs_CachedNoLsRemote1257166625/001/tmprepo/b9deded2-0bff-42b8-89bf-dd6ba8bce101 execID=b22e0
time="2026-06-05T15:43:35+02:00" level=info msg=Trace args="[git cat-file -t 38cac1a0a799c437dde9c9571bd5d27e2b5d8c6d]" dir=/tmp/TestGenerateManifestsHelmWithRefs_CachedNoLsRemote1257166625/001/tmprepo/b9deded2-0bff-42b8-89bf-dd6ba8bce101 operation_name="exec git" time_ms=0.7557799999999999
time="2026-06-05T15:43:35+02:00" level=info msg="git fetch origin --tags --force --prune" dir=/tmp/TestGenerateManifestsHelmWithRefs_CachedNoLsRemote1257166625/001/tmprepo/b9deded2-0bff-42b8-89bf-dd6ba8bce101 execID=847d7
time="2026-06-05T15:43:35+02:00" level=info msg=Trace args="[git fetch origin --tags --force --prune]" dir=/tmp/TestGenerateManifestsHelmWithRefs_CachedNoLsRemote1257166625/001/tmprepo/b9deded2-0bff-42b8-89bf-dd6ba8bce101 operation_name="exec git" time_ms=6.748136
time="2026-06-05T15:43:35+02:00" level=info msg="git checkout --force 38cac1a0a799c437dde9c9571bd5d27e2b5d8c6d" dir=/tmp/TestGenerateManifestsHelmWithRefs_CachedNoLsRemote1257166625/001/tmprepo/b9deded2-0bff-42b8-89bf-dd6ba8bce101 execID=b1e1b
time="2026-06-05T15:43:35+02:00" level=info msg=Trace args="[git checkout --force 38cac1a0a799c437dde9c9571bd5d27e2b5d8c6d]" dir=/tmp/TestGenerateManifestsHelmWithRefs_CachedNoLsRemote1257166625/001/tmprepo/b9deded2-0bff-42b8-89bf-dd6ba8bce101 operation_name="exec git" time_ms=1.069868
time="2026-06-05T15:43:35+02:00" level=info msg="git clean -ffdx" dir=/tmp/TestGenerateManifestsHelmWithRefs_CachedNoLsRemote1257166625/001/tmprepo/b9deded2-0bff-42b8-89bf-dd6ba8bce101 execID=f7544
time="2026-06-05T15:43:35+02:00" level=info msg=Trace args="[git clean -ffdx]" dir=/tmp/TestGenerateManifestsHelmWithRefs_CachedNoLsRemote1257166625/001/tmprepo/b9deded2-0bff-42b8-89bf-dd6ba8bce101 operation_name="exec git" time_ms=0.690947
time="2026-06-05T15:43:35+02:00" level=info msg="manifest cache miss: &ApplicationSource{RepoURL:file:///tmp/TestGenerateManifestsHelmWithRefs_CachedNoLsRemote1257166625/001/tmprepo,Path:.,TargetRevision:HEAD,Helm:&ApplicationSourceHelm{ValueFiles:[$ref/test.yaml],Parameters:[]HelmParameter{},ReleaseName:,Values:,FileParameters:[]HelmFileParameter{},Version:,PassCredentials:false,IgnoreMissingValueFiles:false,SkipCrds:false,ValuesObject:nil,Namespace:,KubeVersion:,APIVersions:[],},Kustomize:nil,Directory:nil,Plugin:nil,Chart:,Ref:,}/38cac1a0a799c437dde9c9571bd5d27e2b5d8c6d"
time="2026-06-05T15:43:35+02:00" level=info msg="helm template . --name-template  --values /tmp/TestGenerateManifestsHelmWithRefs_CachedNoLsRemote1257166625/001/tmprepo/b9deded2-0bff-42b8-89bf-dd6ba8bce101/test.yaml --include-crds" dir=/tmp/TestGenerateManifestsHelmWithRefs_CachedNoLsRemote1257166625/001/tmprepo/b9deded2-0bff-42b8-89bf-dd6ba8bce101 execID=21d39
time="2026-06-05T15:43:35+02:00" level=info msg=Trace args="[helm template . --name-template  --values /tmp/TestGenerateManifestsHelmWithRefs_CachedNoLsRemote1257166625/001/tmprepo/b9deded2-0bff-42b8-89bf-dd6ba8bce101/test.yaml --include-crds]" dir=/tmp/TestGenerateManifestsHelmWithRefs_CachedNoLsRemote1257166625/001/tmprepo/b9deded2-0bff-42b8-89bf-dd6ba8bce101 operation_name="exec helm" time_ms=0.027844
--- FAIL: TestGenerateManifestsHelmWithRefs_CachedNoLsRemote (0.02s)
    repository_test.go:475: 
        	Error Trace:	/home/advocate/Advocate/Experiments/Advocate/helper/aplas/realWorld/argo-cd/reposerver/repository/repository_test.go:475
        	Error:      	Received unexpected error:
        	            	failed to execute helm template command: failed to get command args to log: exec: "helm": executable file not found in $PATH
        	Test:       	TestGenerateManifestsHelmWithRefs_CachedNoLsRemote
time="2026-06-05T15:43:35+02:00" level=warning msg="Could not get hostname for repository ''"
time="2026-06-05T15:43:35+02:00" level=info msg="helm template . --name-template  --include-crds" dir=./testdata/my-chart execID=69d29
time="2026-06-05T15:43:35+02:00" level=info msg=Trace args="[helm template . --name-template  --include-crds]" dir=./testdata/my-chart operation_name="exec helm" time_ms=0.017878
--- FAIL: TestHelmManifestFromChartRepo (0.00s)
    repository_test.go:492: 
        	Error Trace:	/home/advocate/Advocate/Experiments/Advocate/helper/aplas/realWorld/argo-cd/reposerver/repository/repository_test.go:492
        	Error:      	Received unexpected error:
        	            	failed to execute helm template command: failed to get command args to log: exec: "helm": executable file not found in $PATH
        	Test:       	TestHelmManifestFromChartRepo
time="2026-06-05T15:43:35+02:00" level=warning msg="Could not get hostname for repository ''"
time="2026-06-05T15:43:35+02:00" level=warning msg="repository contains out-of-bounds symlink" file=testdata/oob-symlink/oob-symlink.yaml repo="{https://git.example.com/test/repo    {  <nil>} false false false     false false  0 0     false }" revision= security=3
--- FAIL: TestHelmChartReferencingExternalValues (0.00s)
    repository_test.go:530: 
        	Error Trace:	/home/advocate/Advocate/Experiments/Advocate/helper/aplas/realWorld/argo-cd/reposerver/repository/repository_test.go:530
        	Error:      	Received unexpected error:
        	            	repository contains out-of-bounds symlinks. file: testdata/oob-symlink/oob-symlink.yaml
        	Test:       	TestHelmChartReferencingExternalValues
time="2026-06-05T15:43:35+02:00" level=warning msg="Could not get hostname for repository ''"
time="2026-06-05T15:43:35+02:00" level=warning msg="Could not get hostname for repository ''"
time="2026-06-05T15:43:35+02:00" level=warning msg="Could not get hostname for repository ''"
--- FAIL: TestHelmChartReferencingExternalValues_OutOfBounds_Symlink (0.00s)
    repository_test.go:607: 
        	Error Trace:	/home/advocate/Advocate/Experiments/Advocate/helper/aplas/realWorld/argo-cd/reposerver/repository/repository_test.go:607
        	Error:      	Received unexpected error:
        	            	mkdir testdata/oob-symlink: file exists
        	Test:       	TestHelmChartReferencingExternalValues_OutOfBounds_Symlink
time="2026-06-05T15:43:35+02:00" level=info msg="manifest cache miss: &ApplicationSource{RepoURL:,Path:./testdata/recurse,TargetRevision:,Helm:nil,Kustomize:nil,Directory:&ApplicationSourceDirectory{Recurse:true,Jsonnet:ApplicationSourceJsonnet{ExtVars:[]JsonnetVar{},TLAs:[]JsonnetVar{},Libs:[],},Exclude:,Include:,},Plugin:nil,Chart:,Ref:,}/mock.Anything"
time="2026-06-05T15:43:35+02:00" level=warning msg="repository contains out-of-bounds symlink" file=testdata/oob-symlink/oob-symlink.yaml repo= revision=mock.Anything security=3
--- FAIL: TestGenerateManifestsUseExactRevision (0.00s)
    repository_test.go:650: 
        	Error Trace:	/home/advocate/Advocate/Experiments/Advocate/helper/aplas/realWorld/argo-cd/reposerver/repository/repository_test.go:650
        	Error:      	Received unexpected error:
        	            	repository contains out-of-bounds symlinks. file: testdata/oob-symlink/oob-symlink.yaml
        	Test:       	TestGenerateManifestsUseExactRevision
time="2026-06-05T15:43:35+02:00" level=info msg="manifest cache miss: &ApplicationSource{RepoURL:,Path:./testdata/recurse,TargetRevision:,Helm:nil,Kustomize:nil,Directory:&ApplicationSourceDirectory{Recurse:true,Jsonnet:ApplicationSourceJsonnet{ExtVars:[]JsonnetVar{},TLAs:[]JsonnetVar{},Libs:[],},Exclude:,Include:,},Plugin:nil,Chart:,Ref:,}/mock.Anything"
time="2026-06-05T15:43:35+02:00" level=warning msg="repository contains out-of-bounds symlink" file=testdata/oob-symlink/oob-symlink.yaml repo= revision=mock.Anything security=3
--- FAIL: TestRecurseManifestsInDir (0.00s)
    repository_test.go:666: 
        	Error Trace:	/home/advocate/Advocate/Experiments/Advocate/helper/aplas/realWorld/argo-cd/reposerver/repository/repository_test.go:666
        	Error:      	Received unexpected error:
        	            	repository contains out-of-bounds symlinks. file: testdata/oob-symlink/oob-symlink.yaml
        	Test:       	TestRecurseManifestsInDir
time="2026-06-05T15:43:35+02:00" level=info msg="manifest cache miss: &ApplicationSource{RepoURL:,Path:./testdata/invalid-manifests,TargetRevision:,Helm:nil,Kustomize:nil,Directory:&ApplicationSourceDirectory{Recurse:true,Jsonnet:ApplicationSourceJsonnet{ExtVars:[]JsonnetVar{},TLAs:[]JsonnetVar{},Libs:[],},Exclude:,Include:,},Plugin:nil,Chart:,Ref:,}/mock.Anything"
time="2026-06-05T15:43:35+02:00" level=warning msg="repository contains out-of-bounds symlink" file=testdata/oob-symlink/oob-symlink.yaml repo= revision=mock.Anything security=3
time="2026-06-05T15:43:35+02:00" level=info msg="manifest cache miss: &ApplicationSource{RepoURL:,Path:./testdata/invalid-metadata,TargetRevision:,Helm:nil,Kustomize:nil,Directory:&ApplicationSourceDirectory{Recurse:true,Jsonnet:ApplicationSourceJsonnet{ExtVars:[]JsonnetVar{},TLAs:[]JsonnetVar{},Libs:[],},Exclude:,Include:,},Plugin:nil,Chart:,Ref:,}/mock.Anything"
time="2026-06-05T15:43:35+02:00" level=warning msg="repository contains out-of-bounds symlink" file=testdata/oob-symlink/oob-symlink.yaml repo= revision=mock.Anything security=3
--- FAIL: TestInvalidMetadata (0.00s)
    repository_test.go:688: 
        	Error Trace:	/home/advocate/Advocate/Experiments/Advocate/helper/aplas/realWorld/argo-cd/reposerver/repository/repository_test.go:688
        	Error:      	"repository contains out-of-bounds symlinks. file: testdata/oob-symlink/oob-symlink.yaml" does not contain "contains non-string value in the map under key \"invalid\""
        	Test:       	TestInvalidMetadata
time="2026-06-05T15:43:35+02:00" level=info msg="manifest cache miss: &ApplicationSource{RepoURL:,Path:./testdata/nil-metadata-accessors,TargetRevision:,Helm:nil,Kustomize:nil,Directory:&ApplicationSourceDirectory{Recurse:true,Jsonnet:ApplicationSourceJsonnet{ExtVars:[]JsonnetVar{},TLAs:[]JsonnetVar{},Libs:[],},Exclude:,Include:,},Plugin:nil,Chart:,Ref:,}/mock.Anything"
time="2026-06-05T15:43:35+02:00" level=warning msg="repository contains out-of-bounds symlink" file=testdata/oob-symlink/oob-symlink.yaml repo= revision=mock.Anything security=3
--- FAIL: TestNilMetadataAccessors (0.00s)
    repository_test.go:698: 
        	Error Trace:	/home/advocate/Advocate/Experiments/Advocate/helper/aplas/realWorld/argo-cd/reposerver/repository/repository_test.go:698
        	Error:      	Received unexpected error:
        	            	repository contains out-of-bounds symlinks. file: testdata/oob-symlink/oob-symlink.yaml
        	Test:       	TestNilMetadataAccessors
time="2026-06-05T15:43:35+02:00" level=info msg="manifest cache miss: &ApplicationSource{RepoURL:,Path:./testdata/jsonnet,TargetRevision:,Helm:nil,Kustomize:nil,Directory:&ApplicationSourceDirectory{Recurse:false,Jsonnet:ApplicationSourceJsonnet{ExtVars:[]JsonnetVar{JsonnetVar{Name:extVarString,Value:extVarString,Code:false,},JsonnetVar{Name:extVarCode,Value:\"extVarCode\",Code:true,},},TLAs:[]JsonnetVar{JsonnetVar{Name:tlaString,Value:tlaString,Code:false,},JsonnetVar{Name:tlaCode,Value:\"tlaCode\",Code:true,},},Libs:[testdata/jsonnet/vendor],},Exclude:,Include:,},Plugin:nil,Chart:,Ref:,}/mock.Anything"
time="2026-06-05T15:43:35+02:00" level=warning msg="repository contains out-of-bounds symlink" file=testdata/oob-symlink/oob-symlink.yaml repo= revision=mock.Anything security=3
--- FAIL: TestGenerateJsonnetManifestInDir (0.00s)
    repository_test.go:722: 
        	Error Trace:	/home/advocate/Advocate/Experiments/Advocate/helper/aplas/realWorld/argo-cd/reposerver/repository/repository_test.go:722
        	Error:      	Received unexpected error:
        	            	repository contains out-of-bounds symlinks. file: testdata/oob-symlink/oob-symlink.yaml
        	Test:       	TestGenerateJsonnetManifestInDir
time="2026-06-05T15:43:35+02:00" level=info msg="manifest cache miss: &ApplicationSource{RepoURL:,Path:.,TargetRevision:,Helm:nil,Kustomize:nil,Directory:&ApplicationSourceDirectory{Recurse:false,Jsonnet:ApplicationSourceJsonnet{ExtVars:[]JsonnetVar{JsonnetVar{Name:extVarString,Value:extVarString,Code:false,},JsonnetVar{Name:extVarCode,Value:\"extVarCode\",Code:true,},},TLAs:[]JsonnetVar{JsonnetVar{Name:tlaString,Value:tlaString,Code:false,},JsonnetVar{Name:tlaCode,Value:\"tlaCode\",Code:true,},},Libs:[.],},Exclude:,Include:,},Plugin:nil,Chart:,Ref:,}/mock.Anything"
time="2026-06-05T15:43:35+02:00" level=info msg="manifest cache miss: &ApplicationSource{RepoURL:,Path:.,TargetRevision:,Helm:nil,Kustomize:nil,Directory:&ApplicationSourceDirectory{Recurse:false,Jsonnet:ApplicationSourceJsonnet{ExtVars:[]JsonnetVar{JsonnetVar{Name:extVarString,Value:extVarString,Code:false,},JsonnetVar{Name:extVarCode,Value:\"extVarCode\",Code:true,},},TLAs:[]JsonnetVar{JsonnetVar{Name:tlaString,Value:tlaString,Code:false,},JsonnetVar{Name:tlaCode,Value:\"tlaCode\",Code:true,},},Libs:[.],},Exclude:,Include:,},Plugin:nil,Chart:,Ref:,}/mock.Anything"
time="2026-06-05T15:43:35+02:00" level=info msg="manifest cache miss: &ApplicationSource{RepoURL:,Path:./testdata/jsonnet,TargetRevision:,Helm:nil,Kustomize:nil,Directory:&ApplicationSourceDirectory{Recurse:false,Jsonnet:ApplicationSourceJsonnet{ExtVars:[]JsonnetVar{},TLAs:[]JsonnetVar{},Libs:[../../../testdata/jsonnet/vendor],},Exclude:,Include:,},Plugin:nil,Chart:,Ref:,}/mock.Anything"
time="2026-06-05T15:43:35+02:00" level=warning msg="repository contains out-of-bounds symlink" file=testdata/oob-symlink/oob-symlink.yaml repo= revision=mock.Anything security=3
--- FAIL: TestGenerateJsonnetLibOutside (0.01s)
    repository_test.go:767: 
        	Error Trace:	/home/advocate/Advocate/Experiments/Advocate/helper/aplas/realWorld/argo-cd/reposerver/repository/repository_test.go:767
        	Error:      	"repository contains out-of-bounds symlinks. file: testdata/oob-symlink/oob-symlink.yaml" does not contain "file '../../../testdata/jsonnet/vendor' resolved to outside repository root"
        	Test:       	TestGenerateJsonnetLibOutside
0 )-------------------------------------------
time="2026-06-05T15:43:35+02:00" level=info msg="manifest cache miss: &ApplicationSource{RepoURL:,Path:./testdata/invalid-helm,TargetRevision:,Helm:nil,Kustomize:nil,Directory:nil,Plugin:nil,Chart:,Ref:,}/mock.Anything"
time="2026-06-05T15:43:35+02:00" level=warning msg="repository contains out-of-bounds symlink" file=testdata/oob-symlink/oob-symlink.yaml repo= revision=mock.Anything security=3
--- FAIL: TestManifestGenErrorCacheByNumRequests (0.00s)
    repository_test.go:778: 
        	Error Trace:	/home/advocate/Advocate/Experiments/Advocate/helper/aplas/realWorld/argo-cd/reposerver/repository/repository_test.go:778
        	            				/home/advocate/Advocate/Experiments/Advocate/helper/aplas/realWorld/argo-cd/reposerver/repository/repository_test.go:853
        	Error:      	Received unexpected error:
        	            	cache: key is missing
        	Test:       	TestManifestGenErrorCacheByNumRequests
    --- FAIL: TestManifestGenErrorCacheByNumRequests/gen-attempts-2-pause-4-total-10 (0.00s)
        testing.go:1913: test executed panic(nil) or runtime.Goexit: subtest may have called FailNow on a parent test
time="2026-06-05T15:43:35+02:00" level=info msg="manifest cache miss: &ApplicationSource{RepoURL:,Path:.,TargetRevision:,Helm:nil,Kustomize:nil,Directory:nil,Plugin:nil,Chart:,Ref:,}/mock.Anything"
time="2026-06-05T15:43:35+02:00" level=info msg="manifest cache miss: &ApplicationSource{RepoURL:,Path:.,TargetRevision:,Helm:nil,Kustomize:nil,Directory:nil,Plugin:nil,Chart:,Ref:,}/mock.Anything"
time="2026-06-05T15:43:35+02:00" level=info msg="helm template . --name-template test --include-crds" dir=/tmp/TestManifestGenErrorCacheFileContentsChange2899255271/001 execID=35bf3
time="2026-06-05T15:43:35+02:00" level=info msg=Trace args="[helm template . --name-template test --include-crds]" dir=/tmp/TestManifestGenErrorCacheFileContentsChange2899255271/001 operation_name="exec helm" time_ms=0.03326
- 0 - false true true
    err:  failed to execute helm template command: failed to get command args to log: exec: "helm": executable file not found in $PATH
    res:  <nil>
time="2026-06-05T15:43:35+02:00" level=info msg="manifest error cache miss: &ApplicationSource{RepoURL:,Path:.,TargetRevision:,Helm:nil,Kustomize:nil,Directory:nil,Plugin:nil,Chart:,Ref:,}/mock.Anything"
time="2026-06-05T15:43:35+02:00" level=info msg="manifest error cache miss: &ApplicationSource{RepoURL:,Path:.,TargetRevision:,Helm:nil,Kustomize:nil,Directory:nil,Plugin:nil,Chart:,Ref:,}/mock.Anything"
time="2026-06-05T15:43:35+02:00" level=info msg="helm template . --name-template test --include-crds" dir=/tmp/TestManifestGenErrorCacheFileContentsChange2899255271/001 execID=df094
time="2026-06-05T15:43:35+02:00" level=info msg=Trace args="[helm template . --name-template test --include-crds]" dir=/tmp/TestManifestGenErrorCacheFileContentsChange2899255271/001 operation_name="exec helm" time_ms=0.023186000000000002
- 1 - false true false
    err:  failed to execute helm template command: failed to get command args to log: exec: "helm": executable file not found in $PATH
    res:  <nil>
--- FAIL: TestManifestGenErrorCacheFileContentsChange (0.00s)
    repository_test.go:946: 
        	Error Trace:	/home/advocate/Advocate/Experiments/Advocate/helper/aplas/realWorld/argo-cd/reposerver/repository/repository_test.go:946
        	Error:      	Received unexpected error:
        	            	failed to execute helm template command: failed to get command args to log: exec: "helm": executable file not found in $PATH
        	Test:       	TestManifestGenErrorCacheFileContentsChange
        	Messages:   	error return value and error expected did not match
time="2026-06-05T15:43:35+02:00" level=info msg="manifest cache miss: &ApplicationSource{RepoURL:,Path:./testdata/invalid-helm,TargetRevision:,Helm:nil,Kustomize:nil,Directory:nil,Plugin:nil,Chart:,Ref:,}/mock.Anything"
time="2026-06-05T15:43:35+02:00" level=warning msg="repository contains out-of-bounds symlink" file=testdata/oob-symlink/oob-symlink.yaml repo= revision=mock.Anything security=3
time="2026-06-05T15:43:35+02:00" level=info msg="manifest cache miss: &ApplicationSource{RepoURL:,Path:./testdata/invalid-helm,TargetRevision:,Helm:nil,Kustomize:nil,Directory:nil,Plugin:nil,Chart:,Ref:,}/mock.Anything"
time="2026-06-05T15:43:35+02:00" level=warning msg="repository contains out-of-bounds symlink" file=testdata/oob-symlink/oob-symlink.yaml repo= revision=mock.Anything security=3
time="2026-06-05T15:43:35+02:00" level=info msg="manifest cache miss: &ApplicationSource{RepoURL:,Path:./testdata/invalid-helm,TargetRevision:,Helm:nil,Kustomize:nil,Directory:nil,Plugin:nil,Chart:,Ref:,}/mock.Anything"
time="2026-06-05T15:43:35+02:00" level=warning msg="repository contains out-of-bounds symlink" file=testdata/oob-symlink/oob-symlink.yaml repo= revision=mock.Anything security=3
time="2026-06-05T15:43:35+02:00" level=info msg="manifest cache miss: &ApplicationSource{RepoURL:,Path:./testdata/invalid-helm,TargetRevision:,Helm:nil,Kustomize:nil,Directory:nil,Plugin:nil,Chart:,Ref:,}/mock.Anything"
time="2026-06-05T15:43:35+02:00" level=warning msg="repository contains out-of-bounds symlink" file=testdata/oob-symlink/oob-symlink.yaml repo= revision=mock.Anything security=3
time="2026-06-05T15:43:35+02:00" level=info msg="manifest cache miss: &ApplicationSource{RepoURL:,Path:./testdata/invalid-helm,TargetRevision:,Helm:nil,Kustomize:nil,Directory:nil,Plugin:nil,Chart:,Ref:,}/mock.Anything"
time="2026-06-05T15:43:35+02:00" level=warning msg="repository contains out-of-bounds symlink" file=testdata/oob-symlink/oob-symlink.yaml repo= revision=mock.Anything security=3
time="2026-06-05T15:43:35+02:00" level=info msg="manifest cache miss: &ApplicationSource{RepoURL:,Path:./testdata/invalid-helm,TargetRevision:,Helm:nil,Kustomize:nil,Directory:nil,Plugin:nil,Chart:,Ref:,}/mock.Anything"
time="2026-06-05T15:43:35+02:00" level=warning msg="repository contains out-of-bounds symlink" file=testdata/oob-symlink/oob-symlink.yaml repo= revision=mock.Anything security=3
time="2026-06-05T15:43:35+02:00" level=info msg="manifest cache miss: &ApplicationSource{RepoURL:,Path:./testdata/invalid-helm,TargetRevision:,Helm:nil,Kustomize:nil,Directory:nil,Plugin:nil,Chart:,Ref:,}/mock.Anything"
time="2026-06-05T15:43:35+02:00" level=warning msg="repository contains out-of-bounds symlink" file=testdata/oob-symlink/oob-symlink.yaml repo= revision=mock.Anything security=3
time="2026-06-05T15:43:35+02:00" level=info msg="manifest cache miss: &ApplicationSource{RepoURL:,Path:./testdata/invalid-helm,TargetRevision:,Helm:nil,Kustomize:nil,Directory:nil,Plugin:nil,Chart:,Ref:,}/mock.Anything"
time="2026-06-05T15:43:35+02:00" level=warning msg="repository contains out-of-bounds symlink" file=testdata/oob-symlink/oob-symlink.yaml repo= revision=mock.Anything security=3
time="2026-06-05T15:43:35+02:00" level=info msg="manifest cache miss: &ApplicationSource{RepoURL:,Path:./testdata/invalid-helm,TargetRevision:,Helm:nil,Kustomize:nil,Directory:nil,Plugin:nil,Chart:,Ref:,}/mock.Anything"
time="2026-06-05T15:43:35+02:00" level=warning msg="repository contains out-of-bounds symlink" file=testdata/oob-symlink/oob-symlink.yaml repo= revision=mock.Anything security=3
time="2026-06-05T15:43:35+02:00" level=info msg="manifest cache miss: &ApplicationSource{RepoURL:,Path:./testdata/invalid-helm,TargetRevision:,Helm:nil,Kustomize:nil,Directory:nil,Plugin:nil,Chart:,Ref:,}/mock.Anything"
time="2026-06-05T15:43:35+02:00" level=warning msg="repository contains out-of-bounds symlink" file=testdata/oob-symlink/oob-symlink.yaml repo= revision=mock.Anything security=3
time="2026-06-05T15:43:35+02:00" level=info msg="manifest cache miss: &ApplicationSource{RepoURL:,Path:./testdata/invalid-helm,TargetRevision:,Helm:nil,Kustomize:nil,Directory:nil,Plugin:nil,Chart:,Ref:,}/mock.Anything"
time="2026-06-05T15:43:35+02:00" level=warning msg="repository contains out-of-bounds symlink" file=testdata/oob-symlink/oob-symlink.yaml repo= revision=mock.Anything security=3
time="2026-06-05T15:43:35+02:00" level=info msg="manifest cache miss: &ApplicationSource{RepoURL:,Path:./testdata/invalid-helm,TargetRevision:,Helm:nil,Kustomize:nil,Directory:nil,Plugin:nil,Chart:,Ref:,}/mock.Anything"
time="2026-06-05T15:43:35+02:00" level=warning msg="repository contains out-of-bounds symlink" file=testdata/oob-symlink/oob-symlink.yaml repo= revision=mock.Anything security=3
time="2026-06-05T15:43:35+02:00" level=info msg="manifest cache miss: &ApplicationSource{RepoURL:,Path:./testdata/invalid-helm,TargetRevision:,Helm:nil,Kustomize:nil,Directory:nil,Plugin:nil,Chart:,Ref:,}/mock.Anything"
time="2026-06-05T15:43:35+02:00" level=warning msg="repository contains out-of-bounds symlink" file=testdata/oob-symlink/oob-symlink.yaml repo= revision=mock.Anything security=3
time="2026-06-05T15:43:35+02:00" level=info msg="manifest cache miss: &ApplicationSource{RepoURL:,Path:./testdata/invalid-helm,TargetRevision:,Helm:nil,Kustomize:nil,Directory:nil,Plugin:nil,Chart:,Ref:,}/mock.Anything"
time="2026-06-05T15:43:35+02:00" level=warning msg="repository contains out-of-bounds symlink" file=testdata/oob-symlink/oob-symlink.yaml repo= revision=mock.Anything security=3
time="2026-06-05T15:43:35+02:00" level=info msg="manifest cache miss: &ApplicationSource{RepoURL:,Path:./testdata/invalid-helm,TargetRevision:,Helm:nil,Kustomize:nil,Directory:nil,Plugin:nil,Chart:,Ref:,}/mock.Anything"
time="2026-06-05T15:43:35+02:00" level=warning msg="repository contains out-of-bounds symlink" file=testdata/oob-symlink/oob-symlink.yaml repo= revision=mock.Anything security=3
time="2026-06-05T15:43:35+02:00" level=info msg="manifest cache miss: &ApplicationSource{RepoURL:,Path:./testdata/invalid-helm,TargetRevision:,Helm:nil,Kustomize:nil,Directory:nil,Plugin:nil,Chart:,Ref:,}/mock.Anything"
time="2026-06-05T15:43:35+02:00" level=warning msg="repository contains out-of-bounds symlink" file=testdata/oob-symlink/oob-symlink.yaml repo= revision=mock.Anything security=3
--- FAIL: TestManifestGenErrorCacheByMinutesElapsed (0.05s)
    --- FAIL: TestManifestGenErrorCacheByMinutesElapsed/pause-time-1 (0.01s)
        repository_test.go:997: 
            	Error Trace:	/home/advocate/Advocate/Experiments/Advocate/helper/aplas/realWorld/argo-cd/reposerver/repository/repository_test.go:997
            	Error:      	Should be true
            	Test:       	TestManifestGenErrorCacheByMinutesElapsed/pause-time-1
        repository_test.go:1013: 
            	Error Trace:	/home/advocate/Advocate/Experiments/Advocate/helper/aplas/realWorld/argo-cd/reposerver/repository/repository_test.go:1013
            	Error:      	Should be true
            	Test:       	TestManifestGenErrorCacheByMinutesElapsed/pause-time-1
    --- FAIL: TestManifestGenErrorCacheByMinutesElapsed/pause-time-2 (0.01s)
        repository_test.go:997: 
            	Error Trace:	/home/advocate/Advocate/Experiments/Advocate/helper/aplas/realWorld/argo-cd/reposerver/repository/repository_test.go:997
            	Error:      	Should be true
            	Test:       	TestManifestGenErrorCacheByMinutesElapsed/pause-time-2
        repository_test.go:1013: 
            	Error Trace:	/home/advocate/Advocate/Experiments/Advocate/helper/aplas/realWorld/argo-cd/reposerver/repository/repository_test.go:1013
            	Error:      	Should be true
            	Test:       	TestManifestGenErrorCacheByMinutesElapsed/pause-time-2
    --- FAIL: TestManifestGenErrorCacheByMinutesElapsed/pause-time-10 (0.01s)
        repository_test.go:997: 
            	Error Trace:	/home/advocate/Advocate/Experiments/Advocate/helper/aplas/realWorld/argo-cd/reposerver/repository/repository_test.go:997
            	Error:      	Should be true
            	Test:       	TestManifestGenErrorCacheByMinutesElapsed/pause-time-10
        repository_test.go:1013: 
            	Error Trace:	/home/advocate/Advocate/Experiments/Advocate/helper/aplas/realWorld/argo-cd/reposerver/repository/repository_test.go:1013
            	Error:      	Should be true
            	Test:       	TestManifestGenErrorCacheByMinutesElapsed/pause-time-10
    --- FAIL: TestManifestGenErrorCacheByMinutesElapsed/pause-time-1440 (0.01s)
        repository_test.go:997: 
            	Error Trace:	/home/advocate/Advocate/Experiments/Advocate/helper/aplas/realWorld/argo-cd/reposerver/repository/repository_test.go:997
            	Error:      	Should be true
            	Test:       	TestManifestGenErrorCacheByMinutesElapsed/pause-time-1440
        repository_test.go:1013: 
            	Error Trace:	/home/advocate/Advocate/Experiments/Advocate/helper/aplas/realWorld/argo-cd/reposerver/repository/repository_test.go:1013
            	Error:      	Should be true
            	Test:       	TestManifestGenErrorCacheByMinutesElapsed/pause-time-1440
time="2026-06-05T15:43:35+02:00" level=info msg="manifest cache miss: &ApplicationSource{RepoURL:,Path:./testdata/invalid-helm,TargetRevision:,Helm:nil,Kustomize:nil,Directory:nil,Plugin:nil,Chart:,Ref:,}/mock.Anything"
time="2026-06-05T15:43:35+02:00" level=warning msg="repository contains out-of-bounds symlink" file=testdata/oob-symlink/oob-symlink.yaml repo= revision=mock.Anything security=3
time="2026-06-05T15:43:35+02:00" level=info msg="manifest cache miss: &ApplicationSource{RepoURL:,Path:./testdata/invalid-helm,TargetRevision:,Helm:nil,Kustomize:nil,Directory:nil,Plugin:nil,Chart:,Ref:,}/mock.Anything"
time="2026-06-05T15:43:35+02:00" level=warning msg="repository contains out-of-bounds symlink" file=testdata/oob-symlink/oob-symlink.yaml repo= revision=mock.Anything security=3
time="2026-06-05T15:43:35+02:00" level=warning msg="repository contains out-of-bounds symlink" file=testdata/oob-symlink/oob-symlink.yaml repo= revision=mock.Anything security=3
time="2026-06-05T15:43:35+02:00" level=info msg="manifest cache miss: &ApplicationSource{RepoURL:,Path:./testdata/invalid-helm,TargetRevision:,Helm:nil,Kustomize:nil,Directory:nil,Plugin:nil,Chart:,Ref:,}/mock.Anything"
time="2026-06-05T15:43:35+02:00" level=warning msg="repository contains out-of-bounds symlink" file=testdata/oob-symlink/oob-symlink.yaml repo= revision=mock.Anything security=3
--- FAIL: TestManifestGenErrorCacheRespectsNoCache (0.01s)
    repository_test.go:1057: 
        	Error Trace:	/home/advocate/Advocate/Experiments/Advocate/helper/aplas/realWorld/argo-cd/reposerver/repository/repository_test.go:1057
        	Error:      	Should be true
        	Test:       	TestManifestGenErrorCacheRespectsNoCache
    repository_test.go:1086: 
        	Error Trace:	/home/advocate/Advocate/Experiments/Advocate/helper/aplas/realWorld/argo-cd/reposerver/repository/repository_test.go:1086
        	Error:      	Should be true
        	Test:       	TestManifestGenErrorCacheRespectsNoCache
time="2026-06-05T15:43:35+02:00" level=info msg="manifest cache miss: &ApplicationSource{RepoURL:,Path:.,TargetRevision:,Helm:&ApplicationSourceHelm{ValueFiles:[values-production.yaml],Parameters:[]HelmParameter{},ReleaseName:,Values:,FileParameters:[]HelmFileParameter{},Version:,PassCredentials:false,IgnoreMissingValueFiles:false,SkipCrds:false,ValuesObject:&runtime.RawExtension{Raw:*[99 108 117 115 116 101 114 58 32 123 115 108 97 118 101 67 111 117 110 116 58 32 50 125],},Namespace:,KubeVersion:,APIVersions:[],},Kustomize:nil,Directory:nil,Plugin:nil,Chart:,Ref:,}/mock.Anything"
time="2026-06-05T15:43:35+02:00" level=info msg="manifest cache miss: &ApplicationSource{RepoURL:,Path:.,TargetRevision:,Helm:&ApplicationSourceHelm{ValueFiles:[values-production.yaml],Parameters:[]HelmParameter{},ReleaseName:,Values:,FileParameters:[]HelmFileParameter{},Version:,PassCredentials:false,IgnoreMissingValueFiles:false,SkipCrds:false,ValuesObject:&runtime.RawExtension{Raw:*[99 108 117 115 116 101 114 58 32 123 115 108 97 118 101 67 111 117 110 116 58 32 50 125],},Namespace:,KubeVersion:,APIVersions:[],},Kustomize:nil,Directory:nil,Plugin:nil,Chart:,Ref:,}/mock.Anything"
time="2026-06-05T15:43:35+02:00" level=info msg="helm template . --name-template test --values /home/advocate/Advocate/Experiments/Advocate/helper/aplas/realWorld/argo-cd/util/helm/testdata/redis/values-production.yaml --values /tmp/c4464f87-d6e3-4939-ac01-0d68c8959145 --include-crds" dir=/home/advocate/Advocate/Experiments/Advocate/helper/aplas/realWorld/argo-cd/util/helm/testdata/redis execID=24b2d
time="2026-06-05T15:43:35+02:00" level=info msg=Trace args="[helm template . --name-template test --values /home/advocate/Advocate/Experiments/Advocate/helper/aplas/realWorld/argo-cd/util/helm/testdata/redis/values-production.yaml --values /tmp/c4464f87-d6e3-4939-ac01-0d68c8959145 --include-crds]" dir=/home/advocate/Advocate/Experiments/Advocate/helper/aplas/realWorld/argo-cd/util/helm/testdata/redis operation_name="exec helm" time_ms=0.035314
--- FAIL: TestGenerateHelmWithValues (0.00s)
    repository_test.go:1106: 
        	Error Trace:	/home/advocate/Advocate/Experiments/Advocate/helper/aplas/realWorld/argo-cd/reposerver/repository/repository_test.go:1106
        	Error:      	Received unexpected error:
        	            	failed to execute helm template command: failed to get command args to log: exec: "helm": executable file not found in $PATH
        	Test:       	TestGenerateHelmWithValues
time="2026-06-05T15:43:35+02:00" level=info msg="manifest cache miss: &ApplicationSource{RepoURL:,Path:.,TargetRevision:,Helm:&ApplicationSourceHelm{ValueFiles:[values-production.yaml values-prod-overrides.yaml],Parameters:[]HelmParameter{},ReleaseName:,Values:,FileParameters:[]HelmFileParameter{},Version:,PassCredentials:false,IgnoreMissingValueFiles:false,SkipCrds:false,ValuesObject:nil,Namespace:,KubeVersion:,APIVersions:[],},Kustomize:nil,Directory:nil,Plugin:nil,Chart:,Ref:,}/mock.Anything"
time="2026-06-05T15:43:35+02:00" level=info msg="manifest cache miss: &ApplicationSource{RepoURL:,Path:.,TargetRevision:,Helm:&ApplicationSourceHelm{ValueFiles:[values-production.yaml values-prod-overrides.yaml],Parameters:[]HelmParameter{},ReleaseName:,Values:,FileParameters:[]HelmFileParameter{},Version:,PassCredentials:false,IgnoreMissingValueFiles:false,SkipCrds:false,ValuesObject:nil,Namespace:,KubeVersion:,APIVersions:[],},Kustomize:nil,Directory:nil,Plugin:nil,Chart:,Ref:,}/mock.Anything"
time="2026-06-05T15:43:35+02:00" level=info msg="helm template . --name-template test --values /home/advocate/Advocate/Experiments/Advocate/helper/aplas/realWorld/argo-cd/util/helm/testdata/redis/values-production.yaml --values /home/advocate/Advocate/Experiments/Advocate/helper/aplas/realWorld/argo-cd/util/helm/testdata/redis/values-prod-overrides.yaml --include-crds" dir=/home/advocate/Advocate/Experiments/Advocate/helper/aplas/realWorld/argo-cd/util/helm/testdata/redis execID=f92f3
time="2026-06-05T15:43:35+02:00" level=info msg=Trace args="[helm template . --name-template test --values /home/advocate/Advocate/Experiments/Advocate/helper/aplas/realWorld/argo-cd/util/helm/testdata/redis/values-production.yaml --values /home/advocate/Advocate/Experiments/Advocate/helper/aplas/realWorld/argo-cd/util/helm/testdata/redis/values-prod-overrides.yaml --include-crds]" dir=/home/advocate/Advocate/Experiments/Advocate/helper/aplas/realWorld/argo-cd/util/helm/testdata/redis operation_name="exec helm" time_ms=0.026498
time="2026-06-05T15:43:35+02:00" level=info msg="manifest cache miss: &ApplicationSource{RepoURL:,Path:.,TargetRevision:,Helm:&ApplicationSourceHelm{ValueFiles:[values-production.yaml values-prod-overrides.yaml],Parameters:[]HelmParameter{},ReleaseName:,Values:,FileParameters:[]HelmFileParameter{},Version:,PassCredentials:false,IgnoreMissingValueFiles:true,SkipCrds:false,ValuesObject:nil,Namespace:,KubeVersion:,APIVersions:[],},Kustomize:nil,Directory:nil,Plugin:nil,Chart:,Ref:,}/mock.Anything"
time="2026-06-05T15:43:35+02:00" level=info msg="manifest cache miss: &ApplicationSource{RepoURL:,Path:.,TargetRevision:,Helm:&ApplicationSourceHelm{ValueFiles:[values-production.yaml values-prod-overrides.yaml],Parameters:[]HelmParameter{},ReleaseName:,Values:,FileParameters:[]HelmFileParameter{},Version:,PassCredentials:false,IgnoreMissingValueFiles:true,SkipCrds:false,ValuesObject:nil,Namespace:,KubeVersion:,APIVersions:[],},Kustomize:nil,Directory:nil,Plugin:nil,Chart:,Ref:,}/mock.Anything"
time="2026-06-05T15:43:35+02:00" level=info msg="helm template . --name-template test --values /home/advocate/Advocate/Experiments/Advocate/helper/aplas/realWorld/argo-cd/util/helm/testdata/redis/values-production.yaml --include-crds" dir=/home/advocate/Advocate/Experiments/Advocate/helper/aplas/realWorld/argo-cd/util/helm/testdata/redis execID=8ffd2
time="2026-06-05T15:43:35+02:00" level=info msg=Trace args="[helm template . --name-template test --values /home/advocate/Advocate/Experiments/Advocate/helper/aplas/realWorld/argo-cd/util/helm/testdata/redis/values-production.yaml --include-crds]" dir=/home/advocate/Advocate/Experiments/Advocate/helper/aplas/realWorld/argo-cd/util/helm/testdata/redis operation_name="exec helm" time_ms=0.020548999999999998
--- FAIL: TestHelmWithMissingValueFiles (0.00s)
    repository_test.go:1145: 
        	Error Trace:	/home/advocate/Advocate/Experiments/Advocate/helper/aplas/realWorld/argo-cd/reposerver/repository/repository_test.go:1145
        	Error:      	"failed to execute helm template command: failed to get command args to log: exec: \"helm\": executable file not found in $PATH" does not contain "values-prod-overrides.yaml: no such file or directory"
        	Test:       	TestHelmWithMissingValueFiles
    repository_test.go:1150: 
        	Error Trace:	/home/advocate/Advocate/Experiments/Advocate/helper/aplas/realWorld/argo-cd/reposerver/repository/repository_test.go:1150
        	Error:      	Received unexpected error:
        	            	failed to execute helm template command: failed to get command args to log: exec: "helm": executable file not found in $PATH
        	Test:       	TestHelmWithMissingValueFiles
time="2026-06-05T15:43:35+02:00" level=info msg="manifest cache miss: &ApplicationSource{RepoURL:,Path:.,TargetRevision:,Helm:&ApplicationSourceHelm{ValueFiles:[values-$ARGOCD_APP_NAME.yaml],Parameters:[]HelmParameter{},ReleaseName:,Values:,FileParameters:[]HelmFileParameter{},Version:,PassCredentials:false,IgnoreMissingValueFiles:false,SkipCrds:false,ValuesObject:nil,Namespace:,KubeVersion:,APIVersions:[],},Kustomize:nil,Directory:nil,Plugin:nil,Chart:,Ref:,}/mock.Anything"
time="2026-06-05T15:43:35+02:00" level=info msg="manifest cache miss: &ApplicationSource{RepoURL:,Path:.,TargetRevision:,Helm:&ApplicationSourceHelm{ValueFiles:[values-$ARGOCD_APP_NAME.yaml],Parameters:[]HelmParameter{},ReleaseName:,Values:,FileParameters:[]HelmFileParameter{},Version:,PassCredentials:false,IgnoreMissingValueFiles:false,SkipCrds:false,ValuesObject:nil,Namespace:,KubeVersion:,APIVersions:[],},Kustomize:nil,Directory:nil,Plugin:nil,Chart:,Ref:,}/mock.Anything"
time="2026-06-05T15:43:35+02:00" level=info msg="helm template . --name-template production --values /home/advocate/Advocate/Experiments/Advocate/helper/aplas/realWorld/argo-cd/util/helm/testdata/redis/values-production.yaml --include-crds" dir=/home/advocate/Advocate/Experiments/Advocate/helper/aplas/realWorld/argo-cd/util/helm/testdata/redis execID=64fa4
time="2026-06-05T15:43:35+02:00" level=info msg=Trace args="[helm template . --name-template production --values /home/advocate/Advocate/Experiments/Advocate/helper/aplas/realWorld/argo-cd/util/helm/testdata/redis/values-production.yaml --include-crds]" dir=/home/advocate/Advocate/Experiments/Advocate/helper/aplas/realWorld/argo-cd/util/helm/testdata/redis operation_name="exec helm" time_ms=0.024345000000000002
--- FAIL: TestGenerateHelmWithEnvVars (0.00s)
    repository_test.go:1169: 
        	Error Trace:	/home/advocate/Advocate/Experiments/Advocate/helper/aplas/realWorld/argo-cd/reposerver/repository/repository_test.go:1169
        	Error:      	Received unexpected error:
        	            	failed to execute helm template command: failed to get command args to log: exec: "helm": executable file not found in $PATH
        	Test:       	TestGenerateHelmWithEnvVars
time="2026-06-05T15:43:35+02:00" level=info msg="manifest cache miss: &ApplicationSource{RepoURL:,Path:./redis,TargetRevision:,Helm:&ApplicationSourceHelm{ValueFiles:[../minio/values.yaml],Parameters:[]HelmParameter{},ReleaseName:,Values:,FileParameters:[]HelmFileParameter{},Version:,PassCredentials:false,IgnoreMissingValueFiles:false,SkipCrds:false,ValuesObject:&runtime.RawExtension{Raw:*[99 108 117 115 116 101 114 58 32 123 115 108 97 118 101 67 111 117 110 116 58 32 50 125],},Namespace:,KubeVersion:,APIVersions:[],},Kustomize:nil,Directory:nil,Plugin:nil,Chart:,Ref:,}/mock.Anything"
time="2026-06-05T15:43:35+02:00" level=info msg="manifest cache miss: &ApplicationSource{RepoURL:,Path:./redis,TargetRevision:,Helm:&ApplicationSourceHelm{ValueFiles:[../minio/values.yaml],Parameters:[]HelmParameter{},ReleaseName:,Values:,FileParameters:[]HelmFileParameter{},Version:,PassCredentials:false,IgnoreMissingValueFiles:false,SkipCrds:false,ValuesObject:&runtime.RawExtension{Raw:*[99 108 117 115 116 101 114 58 32 123 115 108 97 118 101 67 111 117 110 116 58 32 50 125],},Namespace:,KubeVersion:,APIVersions:[],},Kustomize:nil,Directory:nil,Plugin:nil,Chart:,Ref:,}/mock.Anything"
time="2026-06-05T15:43:35+02:00" level=info msg="helm template . --name-template test --values /home/advocate/Advocate/Experiments/Advocate/helper/aplas/realWorld/argo-cd/util/helm/testdata/minio/values.yaml --values /tmp/1e20b41b-4015-4c5d-9a24-621988ef5d00 --include-crds" dir=/home/advocate/Advocate/Experiments/Advocate/helper/aplas/realWorld/argo-cd/util/helm/testdata/redis execID=42df3
time="2026-06-05T15:43:35+02:00" level=info msg=Trace args="[helm template . --name-template test --values /home/advocate/Advocate/Experiments/Advocate/helper/aplas/realWorld/argo-cd/util/helm/testdata/minio/values.yaml --values /tmp/1e20b41b-4015-4c5d-9a24-621988ef5d00 --include-crds]" dir=/home/advocate/Advocate/Experiments/Advocate/helper/aplas/realWorld/argo-cd/util/helm/testdata/redis operation_name="exec helm" time_ms=0.020557
--- FAIL: TestGenerateHelmWithValuesDirectoryTraversal (0.00s)
    repository_test.go:1205: 
        	Error Trace:	/home/advocate/Advocate/Experiments/Advocate/helper/aplas/realWorld/argo-cd/reposerver/repository/repository_test.go:1205
        	Error:      	Received unexpected error:
        	            	failed to execute helm template command: failed to get command args to log: exec: "helm": executable file not found in $PATH
        	Test:       	TestGenerateHelmWithValuesDirectoryTraversal
time="2026-06-05T15:43:35+02:00" level=warning msg="Could not get hostname for repository ''"
time="2026-06-05T15:43:35+02:00" level=warning msg="chart contains out-of-bounds symlink" chart=out-of-bounds-chart file=link revision=1.1.0 security=3
time="2026-06-05T15:43:35+02:00" level=warning msg="Could not get hostname for repository ''"
time="2026-06-05T15:43:35+02:00" level=info msg="helm template . --name-template  --values /home/advocate/Advocate/Experiments/Advocate/helper/aplas/realWorld/argo-cd/reposerver/repository/testdata/my-chart/my-chart-values.yaml --include-crds" dir=./testdata/my-chart execID=2dd01
time="2026-06-05T15:43:35+02:00" level=info msg=Trace args="[helm template . --name-template  --values /home/advocate/Advocate/Experiments/Advocate/helper/aplas/realWorld/argo-cd/reposerver/repository/testdata/my-chart/my-chart-values.yaml --include-crds]" dir=./testdata/my-chart operation_name="exec helm" time_ms=0.020463000000000002
--- FAIL: TestHelmManifestFromChartRepoWithValueFile (0.00s)
    repository_test.go:1248: 
        	Error Trace:	/home/advocate/Advocate/Experiments/Advocate/helper/aplas/realWorld/argo-cd/reposerver/repository/repository_test.go:1248
        	Error:      	Received unexpected error:
        	            	failed to execute helm template command: failed to get command args to log: exec: "helm": executable file not found in $PATH
        	Test:       	TestHelmManifestFromChartRepoWithValueFile
time="2026-06-05T15:43:35+02:00" level=warning msg="Could not get hostname for repository ''"
time="2026-06-05T15:43:35+02:00" level=warning msg="Could not get hostname for repository ''"
time="2026-06-05T15:43:35+02:00" level=info msg="helm template . --name-template  --values /home/advocate/Advocate/Experiments/Advocate/helper/aplas/realWorld/argo-cd/reposerver/repository/testdata/my-chart/my-chart-values.yaml --include-crds" dir=./testdata/my-chart execID=816c1
time="2026-06-05T15:43:35+02:00" level=info msg=Trace args="[helm template . --name-template  --values /home/advocate/Advocate/Experiments/Advocate/helper/aplas/realWorld/argo-cd/reposerver/repository/testdata/my-chart/my-chart-values.yaml --include-crds]" dir=./testdata/my-chart operation_name="exec helm" time_ms=0.01899
--- FAIL: TestHelmManifestFromChartRepoWithValueFileLinks (0.00s)
    --- FAIL: TestHelmManifestFromChartRepoWithValueFileLinks/Valid_symlink (0.00s)
        repository_test.go:1291: 
            	Error Trace:	/home/advocate/Advocate/Experiments/Advocate/helper/aplas/realWorld/argo-cd/reposerver/repository/repository_test.go:1291
            	Error:      	Received unexpected error:
            	            	failed to execute helm template command: failed to get command args to log: exec: "helm": executable file not found in $PATH
            	Test:       	TestHelmManifestFromChartRepoWithValueFileLinks/Valid_symlink
time="2026-06-05T15:43:35+02:00" level=info msg="manifest cache miss: &ApplicationSource{RepoURL:,Path:.,TargetRevision:,Helm:&ApplicationSourceHelm{ValueFiles:[https://raw.githubusercontent.com/argoproj/argocd-example-apps/master/helm-guestbook/values.yaml],Parameters:[]HelmParameter{},ReleaseName:,Values:,FileParameters:[]HelmFileParameter{},Version:,PassCredentials:false,IgnoreMissingValueFiles:false,SkipCrds:false,ValuesObject:&runtime.RawExtension{Raw:*[99 108 117 115 116 101 114 58 32 123 115 108 97 118 101 67 111 117 110 116 58 32 50 125],},Namespace:,KubeVersion:,APIVersions:[],},Kustomize:nil,Directory:nil,Plugin:nil,Chart:,Ref:,}/mock.Anything"
time="2026-06-05T15:43:35+02:00" level=info msg="manifest cache miss: &ApplicationSource{RepoURL:,Path:.,TargetRevision:,Helm:&ApplicationSourceHelm{ValueFiles:[https://raw.githubusercontent.com/argoproj/argocd-example-apps/master/helm-guestbook/values.yaml],Parameters:[]HelmParameter{},ReleaseName:,Values:,FileParameters:[]HelmFileParameter{},Version:,PassCredentials:false,IgnoreMissingValueFiles:false,SkipCrds:false,ValuesObject:&runtime.RawExtension{Raw:*[99 108 117 115 116 101 114 58 32 123 115 108 97 118 101 67 111 117 110 116 58 32 50 125],},Namespace:,KubeVersion:,APIVersions:[],},Kustomize:nil,Directory:nil,Plugin:nil,Chart:,Ref:,}/mock.Anything"
time="2026-06-05T15:43:35+02:00" level=info msg="helm template . --name-template test --values https://raw.githubusercontent.com/argoproj/argocd-example-apps/master/helm-guestbook/values.yaml --values /tmp/a89d4779-dd25-416b-829f-1e5b98583cfe --include-crds" dir=/home/advocate/Advocate/Experiments/Advocate/helper/aplas/realWorld/argo-cd/util/helm/testdata/redis execID=6eb7d
time="2026-06-05T15:43:35+02:00" level=info msg=Trace args="[helm template . --name-template test --values https://raw.githubusercontent.com/argoproj/argocd-example-apps/master/helm-guestbook/values.yaml --values /tmp/a89d4779-dd25-416b-829f-1e5b98583cfe --include-crds]" dir=/home/advocate/Advocate/Experiments/Advocate/helper/aplas/realWorld/argo-cd/util/helm/testdata/redis operation_name="exec helm" time_ms=0.023053
--- FAIL: TestGenerateHelmWithURL (0.00s)
    repository_test.go:1312: 
        	Error Trace:	/home/advocate/Advocate/Experiments/Advocate/helper/aplas/realWorld/argo-cd/reposerver/repository/repository_test.go:1312
        	Error:      	Received unexpected error:
        	            	failed to execute helm template command: failed to get command args to log: exec: "helm": executable file not found in $PATH
        	Test:       	TestGenerateHelmWithURL
time="2026-06-05T15:43:35+02:00" level=info msg="manifest cache miss: &ApplicationSource{RepoURL:,Path:.,TargetRevision:,Helm:&ApplicationSourceHelm{ValueFiles:[../minio/values.yaml],Parameters:[]HelmParameter{},ReleaseName:,Values:,FileParameters:[]HelmFileParameter{},Version:,PassCredentials:false,IgnoreMissingValueFiles:false,SkipCrds:false,ValuesObject:&runtime.RawExtension{Raw:*[99 108 117 115 116 101 114 58 32 123 115 108 97 118 101 67 111 117 110 116 58 32 50 125],},Namespace:,KubeVersion:,APIVersions:[],},Kustomize:nil,Directory:nil,Plugin:nil,Chart:,Ref:,}/mock.Anything"
time="2026-06-05T15:43:35+02:00" level=info msg="manifest cache miss: &ApplicationSource{RepoURL:,Path:.,TargetRevision:,Helm:&ApplicationSourceHelm{ValueFiles:[../minio/values.yaml],Parameters:[]HelmParameter{},ReleaseName:,Values:,FileParameters:[]HelmFileParameter{},Version:,PassCredentials:false,IgnoreMissingValueFiles:false,SkipCrds:false,ValuesObject:&runtime.RawExtension{Raw:*[99 108 117 115 116 101 114 58 32 123 115 108 97 118 101 67 111 117 110 116 58 32 50 125],},Namespace:,KubeVersion:,APIVersions:[],},Kustomize:nil,Directory:nil,Plugin:nil,Chart:,Ref:,}/mock.Anything"
time="2026-06-05T15:43:35+02:00" level=info msg="manifest cache miss: &ApplicationSource{RepoURL:,Path:./my-chart,TargetRevision:,Helm:&ApplicationSourceHelm{ValueFiles:[../my-chart/my-chart-values.yaml],Parameters:[]HelmParameter{},ReleaseName:,Values:,FileParameters:[]HelmFileParameter{},Version:,PassCredentials:false,IgnoreMissingValueFiles:false,SkipCrds:false,ValuesObject:&runtime.RawExtension{Raw:*[99 108 117 115 116 101 114 58 32 123 115 108 97 118 101 67 111 117 110 116 58 32 50 125],},Namespace:,KubeVersion:,APIVersions:[],},Kustomize:nil,Directory:nil,Plugin:nil,Chart:,Ref:,}/mock.Anything"
time="2026-06-05T15:43:35+02:00" level=warning msg="repository contains out-of-bounds symlink" file=oob-symlink/oob-symlink.yaml repo= revision=mock.Anything security=3
time="2026-06-05T15:43:35+02:00" level=info msg="manifest cache miss: &ApplicationSource{RepoURL:,Path:./my-chart,TargetRevision:,Helm:&ApplicationSourceHelm{ValueFiles:[/my-chart/my-chart-values.yaml],Parameters:[]HelmParameter{},ReleaseName:,Values:,FileParameters:[]HelmFileParameter{},Version:,PassCredentials:false,IgnoreMissingValueFiles:false,SkipCrds:false,ValuesObject:&runtime.RawExtension{Raw:*[99 108 117 115 116 101 114 58 32 123 115 108 97 118 101 67 111 117 110 116 58 32 50 125],},Namespace:,KubeVersion:,APIVersions:[],},Kustomize:nil,Directory:nil,Plugin:nil,Chart:,Ref:,}/mock.Anything"
time="2026-06-05T15:43:35+02:00" level=warning msg="repository contains out-of-bounds symlink" file=oob-symlink/oob-symlink.yaml repo= revision=mock.Anything security=3
time="2026-06-05T15:43:35+02:00" level=info msg="manifest cache miss: &ApplicationSource{RepoURL:,Path:./my-chart,TargetRevision:,Helm:&ApplicationSourceHelm{ValueFiles:[/../../../my-chart-values.yaml],Parameters:[]HelmParameter{},ReleaseName:,Values:,FileParameters:[]HelmFileParameter{},Version:,PassCredentials:false,IgnoreMissingValueFiles:false,SkipCrds:false,ValuesObject:&runtime.RawExtension{Raw:*[99 108 117 115 116 101 114 58 32 123 115 108 97 118 101 67 111 117 110 116 58 32 50 125],},Namespace:,KubeVersion:,APIVersions:[],},Kustomize:nil,Directory:nil,Plugin:nil,Chart:,Ref:,}/mock.Anything"
time="2026-06-05T15:43:35+02:00" level=warning msg="repository contains out-of-bounds symlink" file=oob-symlink/oob-symlink.yaml repo= revision=mock.Anything security=3
time="2026-06-05T15:43:35+02:00" level=info msg="manifest cache miss: &ApplicationSource{RepoURL:,Path:./my-chart,TargetRevision:,Helm:&ApplicationSourceHelm{ValueFiles:[file://../../../../my-chart-values.yaml],Parameters:[]HelmParameter{},ReleaseName:,Values:,FileParameters:[]HelmFileParameter{},Version:,PassCredentials:false,IgnoreMissingValueFiles:false,SkipCrds:false,ValuesObject:&runtime.RawExtension{Raw:*[99 108 117 115 116 101 114 58 32 123 115 108 97 118 101 67 111 117 110 116 58 32 50 125],},Namespace:,KubeVersion:,APIVersions:[],},Kustomize:nil,Directory:nil,Plugin:nil,Chart:,Ref:,}/mock.Anything"
time="2026-06-05T15:43:35+02:00" level=warning msg="repository contains out-of-bounds symlink" file=oob-symlink/oob-symlink.yaml repo= revision=mock.Anything security=3
time="2026-06-05T15:43:35+02:00" level=info msg="manifest cache miss: &ApplicationSource{RepoURL:,Path:./my-chart,TargetRevision:,Helm:&ApplicationSourceHelm{ValueFiles:[s3://my-bucket/my-chart-values.yaml],Parameters:[]HelmParameter{},ReleaseName:,Values:,FileParameters:[]HelmFileParameter{},Version:,PassCredentials:false,IgnoreMissingValueFiles:false,SkipCrds:false,ValuesObject:nil,Namespace:,KubeVersion:,APIVersions:[],},Kustomize:nil,Directory:nil,Plugin:nil,Chart:,Ref:,}/mock.Anything"
time="2026-06-05T15:43:35+02:00" level=warning msg="repository contains out-of-bounds symlink" file=oob-symlink/oob-symlink.yaml repo= revision=mock.Anything security=3
--- FAIL: TestGenerateHelmWithValuesDirectoryTraversalOutsideRepo (0.02s)
    --- FAIL: TestGenerateHelmWithValuesDirectoryTraversalOutsideRepo/Values_file_with_relative_path_pointing_inside_repo_root (0.00s)
        repository_test.go:1352: 
            	Error Trace:	/home/advocate/Advocate/Experiments/Advocate/helper/aplas/realWorld/argo-cd/reposerver/repository/repository_test.go:1352
            	Error:      	Received unexpected error:
            	            	repository contains out-of-bounds symlinks. file: oob-symlink/oob-symlink.yaml
            	Test:       	TestGenerateHelmWithValuesDirectoryTraversalOutsideRepo/Values_file_with_relative_path_pointing_inside_repo_root
    --- FAIL: TestGenerateHelmWithValuesDirectoryTraversalOutsideRepo/Values_file_with_absolute_path_stays_within_repo_root (0.00s)
        repository_test.go:1370: 
            	Error Trace:	/home/advocate/Advocate/Experiments/Advocate/helper/aplas/realWorld/argo-cd/reposerver/repository/repository_test.go:1370
            	Error:      	Received unexpected error:
            	            	repository contains out-of-bounds symlinks. file: oob-symlink/oob-symlink.yaml
            	Test:       	TestGenerateHelmWithValuesDirectoryTraversalOutsideRepo/Values_file_with_absolute_path_stays_within_repo_root
    --- FAIL: TestGenerateHelmWithValuesDirectoryTraversalOutsideRepo/Values_file_with_absolute_path_using_back-references_outside_repo_root (0.00s)
        repository_test.go:1389: 
            	Error Trace:	/home/advocate/Advocate/Experiments/Advocate/helper/aplas/realWorld/argo-cd/reposerver/repository/repository_test.go:1389
            	Error:      	"repository contains out-of-bounds symlinks. file: oob-symlink/oob-symlink.yaml" does not contain "outside repository root"
            	Test:       	TestGenerateHelmWithValuesDirectoryTraversalOutsideRepo/Values_file_with_absolute_path_using_back-references_outside_repo_root
    --- FAIL: TestGenerateHelmWithValuesDirectoryTraversalOutsideRepo/Remote_values_file_from_forbidden_protocol (0.00s)
        repository_test.go:1408: 
            	Error Trace:	/home/advocate/Advocate/Experiments/Advocate/helper/aplas/realWorld/argo-cd/reposerver/repository/repository_test.go:1408
            	Error:      	"repository contains out-of-bounds symlinks. file: oob-symlink/oob-symlink.yaml" does not contain "is not allowed"
            	Test:       	TestGenerateHelmWithValuesDirectoryTraversalOutsideRepo/Remote_values_file_from_forbidden_protocol
    --- FAIL: TestGenerateHelmWithValuesDirectoryTraversalOutsideRepo/Remote_values_file_from_custom_allowed_protocol (0.00s)
        repository_test.go:1427: 
            	Error Trace:	/home/advocate/Advocate/Experiments/Advocate/helper/aplas/realWorld/argo-cd/reposerver/repository/repository_test.go:1427
            	Error:      	"repository contains out-of-bounds symlinks. file: oob-symlink/oob-symlink.yaml" does not contain "s3://my-bucket/my-chart-values.yaml: no such file or directory"
            	Test:       	TestGenerateHelmWithValuesDirectoryTraversalOutsideRepo/Remote_values_file_from_custom_allowed_protocol
time="2026-06-05T15:43:35+02:00" level=info msg="manifest cache miss: &ApplicationSource{RepoURL:,Path:./util/helm/testdata/redis,TargetRevision:,Helm:&ApplicationSourceHelm{ValueFiles:[values-production.yaml],Parameters:[]HelmParameter{},ReleaseName:,Values:,FileParameters:[]HelmFileParameter{HelmFileParameter{Name:passwordContent,Path:/tmp/external-secret.txt2791004308,},},Version:,PassCredentials:false,IgnoreMissingValueFiles:false,SkipCrds:false,ValuesObject:&runtime.RawExtension{Raw:*[99 108 117 115 116 101 114 58 32 123 115 108 97 118 101 67 111 117 110 116 58 32 50 125],},Namespace:,KubeVersion:,APIVersions:[],},Kustomize:nil,Directory:nil,Plugin:nil,Chart:,Ref:,}/mock.Anything"
time="2026-06-05T15:43:35+02:00" level=info msg="manifest cache miss: &ApplicationSource{RepoURL:,Path:./util/helm/testdata/redis,TargetRevision:,Helm:&ApplicationSourceHelm{ValueFiles:[values-production.yaml],Parameters:[]HelmParameter{},ReleaseName:,Values:,FileParameters:[]HelmFileParameter{HelmFileParameter{Name:passwordContent,Path:/tmp/external-secret.txt2791004308,},},Version:,PassCredentials:false,IgnoreMissingValueFiles:false,SkipCrds:false,ValuesObject:&runtime.RawExtension{Raw:*[99 108 117 115 116 101 114 58 32 123 115 108 97 118 101 67 111 117 110 116 58 32 50 125],},Namespace:,KubeVersion:,APIVersions:[],},Kustomize:nil,Directory:nil,Plugin:nil,Chart:,Ref:,}/mock.Anything"
time="2026-06-05T15:43:35+02:00" level=info msg="helm template . --name-template test --set-file passwordContent=/home/advocate/Advocate/Experiments/Advocate/helper/aplas/realWorld/argo-cd/tmp/external-secret.txt2791004308 --values /home/advocate/Advocate/Experiments/Advocate/helper/aplas/realWorld/argo-cd/util/helm/testdata/redis/values-production.yaml --values /tmp/60638a9c-4e10-4bc3-b58c-6cd6bc0c7719 --include-crds" dir=/home/advocate/Advocate/Experiments/Advocate/helper/aplas/realWorld/argo-cd/util/helm/testdata/redis execID=1f069
time="2026-06-05T15:43:35+02:00" level=info msg=Trace args="[helm template . --name-template test --set-file passwordContent=/home/advocate/Advocate/Experiments/Advocate/helper/aplas/realWorld/argo-cd/tmp/external-secret.txt2791004308 --values /home/advocate/Advocate/Experiments/Advocate/helper/aplas/realWorld/argo-cd/util/helm/testdata/redis/values-production.yaml --values /tmp/60638a9c-4e10-4bc3-b58c-6cd6bc0c7719 --include-crds]" dir=/home/advocate/Advocate/Experiments/Advocate/helper/aplas/realWorld/argo-cd/util/helm/testdata/redis operation_name="exec helm" time_ms=0.030074
time="2026-06-05T15:43:35+02:00" level=info msg="manifest cache miss: &ApplicationSource{RepoURL:,Path:./redis,TargetRevision:,Helm:&ApplicationSourceHelm{ValueFiles:[values-production.yaml],Parameters:[]HelmParameter{},ReleaseName:,Values:cluster: {slaveCount: 10},FileParameters:[]HelmFileParameter{HelmFileParameter{Name:passwordContent,Path:../external/external-secret.txt,},},Version:,PassCredentials:false,IgnoreMissingValueFiles:false,SkipCrds:false,ValuesObject:&runtime.RawExtension{Raw:*[99 108 117 115 116 101 114 58 32 123 115 108 97 118 101 67 111 117 110 116 58 32 50 125],},Namespace:,KubeVersion:,APIVersions:[],},Kustomize:nil,Directory:nil,Plugin:nil,Chart:,Ref:,}/mock.Anything"
time="2026-06-05T15:43:35+02:00" level=info msg="manifest cache miss: &ApplicationSource{RepoURL:,Path:./redis,TargetRevision:,Helm:&ApplicationSourceHelm{ValueFiles:[values-production.yaml],Parameters:[]HelmParameter{},ReleaseName:,Values:cluster: {slaveCount: 10},FileParameters:[]HelmFileParameter{HelmFileParameter{Name:passwordContent,Path:../external/external-secret.txt,},},Version:,PassCredentials:false,IgnoreMissingValueFiles:false,SkipCrds:false,ValuesObject:&runtime.RawExtension{Raw:*[99 108 117 115 116 101 114 58 32 123 115 108 97 118 101 67 111 117 110 116 58 32 50 125],},Namespace:,KubeVersion:,APIVersions:[],},Kustomize:nil,Directory:nil,Plugin:nil,Chart:,Ref:,}/mock.Anything"
time="2026-06-05T15:43:35+02:00" level=info msg="helm template . --name-template test --set-file passwordContent=/home/advocate/Advocate/Experiments/Advocate/helper/aplas/realWorld/argo-cd/util/helm/testdata/external/external-secret.txt --values /home/advocate/Advocate/Experiments/Advocate/helper/aplas/realWorld/argo-cd/util/helm/testdata/redis/values-production.yaml --values /tmp/e4fd622f-8c20-45e1-85f4-14bc77dbb4fe --include-crds" dir=/home/advocate/Advocate/Experiments/Advocate/helper/aplas/realWorld/argo-cd/util/helm/testdata/redis execID=cc8d0
time="2026-06-05T15:43:35+02:00" level=info msg=Trace args="[helm template . --name-template test --set-file passwordContent=/home/advocate/Advocate/Experiments/Advocate/helper/aplas/realWorld/argo-cd/util/helm/testdata/external/external-secret.txt --values /home/advocate/Advocate/Experiments/Advocate/helper/aplas/realWorld/argo-cd/util/helm/testdata/redis/values-production.yaml --values /tmp/e4fd622f-8c20-45e1-85f4-14bc77dbb4fe --include-crds]" dir=/home/advocate/Advocate/Experiments/Advocate/helper/aplas/realWorld/argo-cd/util/helm/testdata/redis operation_name="exec helm" time_ms=0.026979
--- FAIL: TestGenerateHelmWithFileParameter (0.00s)
    repository_test.go:1494: 
        	Error Trace:	/home/advocate/Advocate/Experiments/Advocate/helper/aplas/realWorld/argo-cd/reposerver/repository/repository_test.go:1494
        	Error:      	Received unexpected error:
        	            	failed to execute helm template command: failed to get command args to log: exec: "helm": executable file not found in $PATH
        	Test:       	TestGenerateHelmWithFileParameter
time="2026-06-05T15:43:35+02:00" level=warning msg="repository contains out-of-bounds symlink" file=testdata/oob-symlink/oob-symlink.yaml repo= revision=mock.Anything security=3
time="2026-06-05T15:43:35+02:00" level=warning msg="repository contains out-of-bounds symlink" file=testdata/oob-symlink/oob-symlink.yaml repo= revision=mock.Anything security=3
time="2026-06-05T15:43:35+02:00" level=warning msg="repository contains out-of-bounds symlink" file=testdata/oob-symlink/oob-symlink.yaml repo= revision=mock.Anything security=3
--- FAIL: TestGenerateNullList (0.01s)
    --- FAIL: TestGenerateNullList/null_list (0.00s)
        repository_test.go:1509: 
            	Error Trace:	/home/advocate/Advocate/Experiments/Advocate/helper/aplas/realWorld/argo-cd/reposerver/repository/repository_test.go:1509
            	Error:      	Received unexpected error:
            	            	repository contains out-of-bounds symlinks. file: testdata/oob-symlink/oob-symlink.yaml
            	Test:       	TestGenerateNullList/null_list
    --- FAIL: TestGenerateNullList/empty_list (0.00s)
        repository_test.go:1522: 
            	Error Trace:	/home/advocate/Advocate/Experiments/Advocate/helper/aplas/realWorld/argo-cd/reposerver/repository/repository_test.go:1522
            	Error:      	Received unexpected error:
            	            	repository contains out-of-bounds symlinks. file: testdata/oob-symlink/oob-symlink.yaml
            	Test:       	TestGenerateNullList/empty_list
    --- FAIL: TestGenerateNullList/weird_list (0.00s)
        repository_test.go:1535: 
            	Error Trace:	/home/advocate/Advocate/Experiments/Advocate/helper/aplas/realWorld/argo-cd/reposerver/repository/repository_test.go:1535
            	Error:      	Received unexpected error:
            	            	repository contains out-of-bounds symlinks. file: testdata/oob-symlink/oob-symlink.yaml
            	Test:       	TestGenerateNullList/weird_list
--- FAIL: TestListApps (0.01s)
    repository_test.go:1593: 
        	Error Trace:	/home/advocate/Advocate/Experiments/Advocate/helper/aplas/realWorld/argo-cd/reposerver/repository/repository_test.go:1593
        	Error:      	Not equal: 
        	            	expected: map[string]string{"Kustomization":"Kustomize", "app-parameters/multi":"Kustomize", "app-parameters/single-app-only":"Kustomize", "app-parameters/single-global":"Kustomize", "app-parameters/single-global-helm":"Helm", "helm-with-dependencies":"Helm", "helm-with-dependencies-alias":"Helm", "helm-with-local-dependency":"Helm", "in-bounds-values-file-link":"Helm", "invalid-helm":"Helm", "invalid-kustomize":"Kustomize", "kustomization_yaml":"Kustomize", "kustomization_yml":"Kustomize", "my-chart":"Helm", "my-chart-2":"Helm", "oci-dependencies":"Helm", "out-of-bounds-values-file-link":"Helm", "simple-chart":"Helm", "values-files":"Helm"}
        	            	actual  : map[string]string{"Kustomization":"Kustomize", "app-parameters/multi":"Kustomize", "app-parameters/single-app-only":"Kustomize", "app-parameters/single-global":"Kustomize", "app-parameters/single-global-helm":"Helm", "app-parameters1008963114/app-parameters/multi":"Kustomize", "app-parameters1008963114/app-parameters/single-app-only":"Kustomize", "app-parameters1008963114/app-parameters/single-global":"Kustomize", "app-parameters1008963114/app-parameters/single-global-helm":"Helm", "app-parameters1090080726/app-parameters/multi":"Kustomize", "app-parameters1090080726/app-parameters/single-app-only":"Kustomize", "app-parameters1090080726/app-parameters/single-global":"Kustomize", "app-parameters1090080726/app-parameters/single-global-helm":"Helm", "app-parameters1135722268/app-parameters/multi":"Kustomize", "app-parameters1135722268/app-parameters/single-app-only":"Kustomize", "app-parameters1135722268/app-parameters/single-global":"Kustomize", "app-parameters1135722268/app-parameters/single-global-helm":"Helm", "app-parameters1303585081/app-parameters/multi":"Kustomize", "app-parameters1303585081/app-parameters/single-app-only":"Kustomize", "app-parameters1303585081/app-parameters/single-global":"Kustomize", "app-parameters1303585081/app-parameters/single-global-helm":"Helm", "app-parameters1508513583/app-parameters/multi":"Kustomize", "app-parameters1508513583/app-parameters/single-app-only":"Kustomize", "app-parameters1508513583/app-parameters/single-global":"Kustomize", "app-parameters1508513583/app-parameters/single-global-helm":"Helm", "app-parameters1534528231/app-parameters/multi":"Kustomize", "app-parameters1534528231/app-parameters/single-app-only":"Kustomize", "app-parameters1534528231/app-parameters/single-global":"Kustomize", "app-parameters1534528231/app-parameters/single-global-helm":"Helm", "app-parameters1644958104/app-parameters/multi":"Kustomize", "app-parameters1644958104/app-parameters/single-app-only":"Kustomize", "app-parameters1644958104/app-parameters/single-global":"Kustomize", "app-parameters1644958104/app-parameters/single-global-helm":"Helm", "app-parameters1814766049/app-parameters/multi":"Kustomize", "app-parameters1814766049/app-parameters/single-app-only":"Kustomize", "app-parameters1814766049/app-parameters/single-global":"Kustomize", "app-parameters1814766049/app-parameters/single-global-helm":"Helm", "app-parameters1836026111/app-parameters/multi":"Kustomize", "app-parameters1836026111/app-parameters/single-app-only":"Kustomize", "app-parameters1836026111/app-parameters/single-global":"Kustomize", "app-parameters1836026111/app-parameters/single-global-helm":"Helm", "app-parameters1864607237/app-parameters/multi":"Kustomize", "app-parameters1864607237/app-parameters/single-app-only":"Kustomize", "app-parameters1864607237/app-parameters/single-global":"Kustomize", "app-parameters1864607237/app-parameters/single-global-helm":"Helm", "app-parameters1912926261/app-parameters/multi":"Kustomize", "app-parameters1912926261/app-parameters/single-app-only":"Kustomize", "app-parameters1912926261/app-parameters/single-global":"Kustomize", "app-parameters1912926261/app-parameters/single-global-helm":"Helm", "app-parameters2124014618/app-parameters/multi":"Kustomize", "app-parameters2124014618/app-parameters/single-app-only":"Kustomize", "app-parameters2124014618/app-parameters/single-global":"Kustomize", "app-parameters2124014618/app-parameters/single-global-helm":"Helm", "app-parameters2191976718/app-parameters/multi":"Kustomize", "app-parameters2191976718/app-parameters/single-app-only":"Kustomize", "app-parameters2191976718/app-parameters/single-global":"Kustomize", "app-parameters2191976718/app-parameters/single-global-helm":"Helm", "app-parameters2211323334/app-parameters/multi":"Kustomize", "app-parameters2211323334/app-parameters/single-app-only":"Kustomize", "app-parameters2211323334/app-parameters/single-global":"Kustomize", "app-parameters2211323334/app-parameters/single-global-helm":"Helm", "app-parameters2351180611/app-parameters/multi":"Kustomize", "app-parameters2351180611/app-parameters/single-app-only":"Kustomize", "app-parameters2351180611/app-parameters/single-global":"Kustomize", "app-parameters2351180611/app-parameters/single-global-helm":"Helm", "app-parameters2373805670/app-parameters/multi":"Kustomize", "app-parameters2373805670/app-parameters/single-app-only":"Kustomize", "app-parameters2373805670/app-parameters/single-global":"Kustomize", "app-parameters2373805670/app-parameters/single-global-helm":"Helm", "app-parameters2405501564/app-parameters/multi":"Kustomize", "app-parameters2405501564/app-parameters/single-app-only":"Kustomize", "app-parameters2405501564/app-parameters/single-global":"Kustomize", "app-parameters2405501564/app-parameters/single-global-helm":"Helm", "app-parameters2438101253/app-parameters/multi":"Kustomize", "app-parameters2438101253/app-parameters/single-app-only":"Kustomize", "app-parameters2438101253/app-parameters/single-global":"Kustomize", "app-parameters2438101253/app-parameters/single-global-helm":"Helm", "app-parameters2615626595/app-parameters/multi":"Kustomize", "app-parameters2615626595/app-parameters/single-app-only":"Kustomize", "app-parameters2615626595/app-parameters/single-global":"Kustomize", "app-parameters2615626595/app-parameters/single-global-helm":"Helm", "app-parameters3058012353/app-parameters/multi":"Kustomize", "app-parameters3058012353/app-parameters/single-app-only":"Kustomize", "app-parameters3058012353/app-parameters/single-global":"Kustomize", "app-parameters3058012353/app-parameters/single-global-helm":"Helm", "app-parameters310195758/app-parameters/multi":"Kustomize", "app-parameters310195758/app-parameters/single-app-only":"Kustomize", "app-parameters310195758/app-parameters/single-global":"Kustomize", "app-parameters310195758/app-parameters/single-global-helm":"Helm", "app-parameters3193545455/app-parameters/multi":"Kustomize", "app-parameters3193545455/app-parameters/single-app-only":"Kustomize", "app-parameters3193545455/app-parameters/single-global":"Kustomize", "app-parameters3193545455/app-parameters/single-global-helm":"Helm", "app-parameters3404156091/app-parameters/multi":"Kustomize", "app-parameters3404156091/app-parameters/single-app-only":"Kustomize", "app-parameters3404156091/app-parameters/single-global":"Kustomize", "app-parameters3404156091/app-parameters/single-global-helm":"Helm", "app-parameters3417187328/app-parameters/multi":"Kustomize", "app-parameters3417187328/app-parameters/single-app-only":"Kustomize", "app-parameters3417187328/app-parameters/single-global":"Kustomize", "app-parameters3417187328/app-parameters/single-global-helm":"Helm", "app-parameters3456558847/app-parameters/multi":"Kustomize", "app-parameters3456558847/app-parameters/single-app-only":"Kustomize", "app-parameters3456558847/app-parameters/single-global":"Kustomize", "app-parameters3456558847/app-parameters/single-global-helm":"Helm", "app-parameters3494838619/app-parameters/multi":"Kustomize", "app-parameters3494838619/app-parameters/single-app-only":"Kustomize", "app-parameters3494838619/app-parameters/single-global":"Kustomize", "app-parameters3494838619/app-parameters/single-global-helm":"Helm", "app-parameters3541455122/app-parameters/multi":"Kustomize", "app-parameters3541455122/app-parameters/single-app-only":"Kustomize", "app-parameters3541455122/app-parameters/single-global":"Kustomize", "app-parameters3541455122/app-parameters/single-global-helm":"Helm", "app-parameters3589543845/app-parameters/multi":"Kustomize", "app-parameters3589543845/app-parameters/single-app-only":"Kustomize", "app-parameters3589543845/app-parameters/single-global":"Kustomize", "app-parameters3589543845/app-parameters/single-global-helm":"Helm", "app-parameters3664881227/app-parameters/multi":"Kustomize", "app-parameters3664881227/app-parameters/single-app-only":"Kustomize", "app-parameters3664881227/app-parameters/single-global":"Kustomize", "app-parameters3664881227/app-parameters/single-global-helm":"Helm", "app-parameters3665902061/app-parameters/multi":"Kustomize", "app-parameters3665902061/app-parameters/single-app-only":"Kustomize", "app-parameters3665902061/app-parameters/single-global":"Kustomize", "app-parameters3665902061/app-parameters/single-global-helm":"Helm", "app-parameters3676579019/app-parameters/multi":"Kustomize", "app-parameters3676579019/app-parameters/single-app-only":"Kustomize", "app-parameters3676579019/app-parameters/single-global":"Kustomize", "app-parameters3676579019/app-parameters/single-global-helm":"Helm", "app-parameters3922580075/app-parameters/multi":"Kustomize", "app-parameters3922580075/app-parameters/single-app-only":"Kustomize", "app-parameters3922580075/app-parameters/single-global":"Kustomize", "app-parameters3922580075/app-parameters/single-global-helm":"Helm", "app-parameters3960913586/app-parameters/multi":"Kustomize", "app-parameters3960913586/app-parameters/single-app-only":"Kustomize", "app-parameters3960913586/app-parameters/single-global":"Kustomize", "app-parameters3960913586/app-parameters/single-global-helm":"Helm", "app-parameters4022946862/app-parameters/multi":"Kustomize", "app-parameters4022946862/app-parameters/single-app-only":"Kustomize", "app-parameters4022946862/app-parameters/single-global":"Kustomize", "app-parameters4022946862/app-parameters/single-global-helm":"Helm", "app-parameters4074995018/app-parameters/multi":"Kustomize", "app-parameters4074995018/app-parameters/single-app-only":"Kustomize", "app-parameters4074995018/app-parameters/single-global":"Kustomize", "app-parameters4074995018/app-parameters/single-global-helm":"Helm", "app-parameters4088711864/app-parameters/multi":"Kustomize", "app-parameters4088711864/app-parameters/single-app-only":"Kustomize", "app-parameters4088711864/app-parameters/single-global":"Kustomize", "app-parameters4088711864/app-parameters/single-global-helm":"Helm", "app-parameters41110719/app-parameters/multi":"Kustomize", "app-parameters41110719/app-parameters/single-app-only":"Kustomize", "app-parameters41110719/app-parameters/single-global":"Kustomize", "app-parameters41110719/app-parameters/single-global-helm":"Helm", "app-parameters4238827057/app-parameters/multi":"Kustomize", "app-parameters4238827057/app-parameters/single-app-only":"Kustomize", "app-parameters4238827057/app-parameters/single-global":"Kustomize", "app-parameters4238827057/app-parameters/single-global-helm":"Helm", "app-parameters4266501526/app-parameters/multi":"Kustomize", "app-parameters4266501526/app-parameters/single-app-only":"Kustomize", "app-parameters4266501526/app-parameters/single-global":"Kustomize", "app-parameters4266501526/app-parameters/single-global-helm":"Helm", "app-parameters4276555481/app-parameters/multi":"Kustomize", "app-parameters4276555481/app-parameters/single-app-only":"Kustomize", "app-parameters4276555481/app-parameters/single-global":"Kustomize", "app-parameters4276555481/app-parameters/single-global-helm":"Helm", "app-parameters558115380/app-parameters/multi":"Kustomize", "app-parameters558115380/app-parameters/single-app-only":"Kustomize", "app-parameters558115380/app-parameters/single-global":"Kustomize", "app-parameters558115380/app-parameters/single-global-helm":"Helm", "app-parameters630128169/app-parameters/multi":"Kustomize", "app-parameters630128169/app-parameters/single-app-only":"Kustomize", "app-parameters630128169/app-parameters/single-global":"Kustomize", "app-parameters630128169/app-parameters/single-global-helm":"Helm", "app-parameters730340312/app-parameters/multi":"Kustomize", "app-parameters730340312/app-parameters/single-app-only":"Kustomize", "app-parameters730340312/app-parameters/single-global":"Kustomize", "app-parameters730340312/app-parameters/single-global-helm":"Helm", "app-parameters769515111/app-parameters/multi":"Kustomize", "app-parameters769515111/app-parameters/single-app-only":"Kustomize", "app-parameters769515111/app-parameters/single-global":"Kustomize", "app-parameters769515111/app-parameters/single-global-helm":"Helm", "app-parameters802793136/app-parameters/multi":"Kustomize", "app-parameters802793136/app-parameters/single-app-only":"Kustomize", "app-parameters802793136/app-parameters/single-global":"Kustomize", "app-parameters802793136/app-parameters/single-global-helm":"Helm", "app-parameters868886994/app-parameters/multi":"Kustomize", "app-parameters868886994/app-parameters/single-app-only":"Kustomize", "app-parameters868886994/app-parameters/single-global":"Kustomize", "app-parameters868886994/app-parameters/single-global-helm":"Helm", "app-parameters945611703/app-parameters/multi":"Kustomize", "app-parameters945611703/app-parameters/single-app-only":"Kustomize", "app-parameters945611703/app-parameters/single-global":"Kustomize", "app-parameters945611703/app-parameters/single-global-helm":"Helm", "app-parameters947257914/app-parameters/multi":"Kustomize", "app-parameters947257914/app-parameters/single-app-only":"Kustomize", "app-parameters947257914/app-parameters/single-global":"Kustomize", "app-parameters947257914/app-parameters/single-global-helm":"Helm", "app-parameters961840627/app-parameters/multi":"Kustomize", "app-parameters961840627/app-parameters/single-app-only":"Kustomize", "app-parameters961840627/app-parameters/single-global":"Kustomize", "app-parameters961840627/app-parameters/single-global-helm":"Helm", "app-parameters966469533/app-parameters/multi":"Kustomize", "app-parameters966469533/app-parameters/single-app-only":"Kustomize", "app-parameters966469533/app-parameters/single-global":"Kustomize", "app-parameters966469533/app-parameters/single-global-helm":"Helm", "helm-with-dependencies":"Helm", "helm-with-dependencies-alias":"Helm", "helm-with-local-dependency":"Helm", "in-bounds-values-file-link":"Helm", "invalid-helm":"Helm", "invalid-kustomize":"Kustomize", "kustomization_yaml":"Kustomize", "kustomization_yml":"Kustomize", "my-chart":"Helm", "my-chart-2":"Helm", "oci-dependencies":"Helm", "out-of-bounds-values-file-link":"Helm", "simple-chart":"Helm", "values-files":"Helm"}
        	            	
        	            	Diff:
        	            	--- Expected
        	            	+++ Actual
        	            	@@ -1,2 +1,2 @@
        	            	-(map[string]string) (len=19) {
        	            	+(map[string]string) (len=219) {
        	            	  (string) (len=13) "Kustomization": (string) (len=9) "Kustomize",
        	            	@@ -6,2 +6,202 @@
        	            	  (string) (len=33) "app-parameters/single-global-helm": (string) (len=4) "Helm",
        	            	+ (string) (len=45) "app-parameters1008963114/app-parameters/multi": (string) (len=9) "Kustomize",
        	            	+ (string) (len=55) "app-parameters1008963114/app-parameters/single-app-only": (string) (len=9) "Kustomize",
        	            	+ (string) (len=53) "app-parameters1008963114/app-parameters/single-global": (string) (len=9) "Kustomize",
        	            	+ (string) (len=58) "app-parameters1008963114/app-parameters/single-global-helm": (string) (len=4) "Helm",
        	            	+ (string) (len=45) "app-parameters1090080726/app-parameters/multi": (string) (len=9) "Kustomize",
        	            	+ (string) (len=55) "app-parameters1090080726/app-parameters/single-app-only": (string) (len=9) "Kustomize",
        	            	+ (string) (len=53) "app-parameters1090080726/app-parameters/single-global": (string) (len=9) "Kustomize",
        	            	+ (string) (len=58) "app-parameters1090080726/app-parameters/single-global-helm": (string) (len=4) "Helm",
        	            	+ (string) (len=45) "app-parameters1135722268/app-parameters/multi": (string) (len=9) "Kustomize",
        	            	+ (string) (len=55) "app-parameters1135722268/app-parameters/single-app-only": (string) (len=9) "Kustomize",
        	            	+ (string) (len=53) "app-parameters1135722268/app-parameters/single-global": (string) (len=9) "Kustomize",
        	            	+ (string) (len=58) "app-parameters1135722268/app-parameters/single-global-helm": (string) (len=4) "Helm",
        	            	+ (string) (len=45) "app-parameters1303585081/app-parameters/multi": (string) (len=9) "Kustomize",
        	            	+ (string) (len=55) "app-parameters1303585081/app-parameters/single-app-only": (string) (len=9) "Kustomize",
        	            	+ (string) (len=53) "app-parameters1303585081/app-parameters/single-global": (string) (len=9) "Kustomize",
        	            	+ (string) (len=58) "app-parameters1303585081/app-parameters/single-global-helm": (string) (len=4) "Helm",
        	            	+ (string) (len=45) "app-parameters1508513583/app-parameters/multi": (string) (len=9) "Kustomize",
        	            	+ (string) (len=55) "app-parameters1508513583/app-parameters/single-app-only": (string) (len=9) "Kustomize",
        	            	+ (string) (len=53) "app-parameters1508513583/app-parameters/single-global": (string) (len=9) "Kustomize",
        	            	+ (string) (len=58) "app-parameters1508513583/app-parameters/single-global-helm": (string) (len=4) "Helm",
        	            	+ (string) (len=45) "app-parameters1534528231/app-parameters/multi": (string) (len=9) "Kustomize",
        	            	+ (string) (len=55) "app-parameters1534528231/app-parameters/single-app-only": (string) (len=9) "Kustomize",
        	            	+ (string) (len=53) "app-parameters1534528231/app-parameters/single-global": (string) (len=9) "Kustomize",
        	            	+ (string) (len=58) "app-parameters1534528231/app-parameters/single-global-helm": (string) (len=4) "Helm",
        	            	+ (string) (len=45) "app-parameters1644958104/app-parameters/multi": (string) (len=9) "Kustomize",
        	            	+ (string) (len=55) "app-parameters1644958104/app-parameters/single-app-only": (string) (len=9) "Kustomize",
        	            	+ (string) (len=53) "app-parameters1644958104/app-parameters/single-global": (string) (len=9) "Kustomize",
        	            	+ (string) (len=58) "app-parameters1644958104/app-parameters/single-global-helm": (string) (len=4) "Helm",
        	            	+ (string) (len=45) "app-parameters1814766049/app-parameters/multi": (string) (len=9) "Kustomize",
        	            	+ (string) (len=55) "app-parameters1814766049/app-parameters/single-app-only": (string) (len=9) "Kustomize",
        	            	+ (string) (len=53) "app-parameters1814766049/app-parameters/single-global": (string) (len=9) "Kustomize",
        	            	+ (string) (len=58) "app-parameters1814766049/app-parameters/single-global-helm": (string) (len=4) "Helm",
        	            	+ (string) (len=45) "app-parameters1836026111/app-parameters/multi": (string) (len=9) "Kustomize",
        	            	+ (string) (len=55) "app-parameters1836026111/app-parameters/single-app-only": (string) (len=9) "Kustomize",
        	            	+ (string) (len=53) "app-parameters1836026111/app-parameters/single-global": (string) (len=9) "Kustomize",
        	            	+ (string) (len=58) "app-parameters1836026111/app-parameters/single-global-helm": (string) (len=4) "Helm",
        	            	+ (string) (len=45) "app-parameters1864607237/app-parameters/multi": (string) (len=9) "Kustomize",
        	            	+ (string) (len=55) "app-parameters1864607237/app-parameters/single-app-only": (string) (len=9) "Kustomize",
        	            	+ (string) (len=53) "app-parameters1864607237/app-parameters/single-global": (string) (len=9) "Kustomize",
        	            	+ (string) (len=58) "app-parameters1864607237/app-parameters/single-global-helm": (string) (len=4) "Helm",
        	            	+ (string) (len=45) "app-parameters1912926261/app-parameters/multi": (string) (len=9) "Kustomize",
        	            	+ (string) (len=55) "app-parameters1912926261/app-parameters/single-app-only": (string) (len=9) "Kustomize",
        	            	+ (string) (len=53) "app-parameters1912926261/app-parameters/single-global": (string) (len=9) "Kustomize",
        	            	+ (string) (len=58) "app-parameters1912926261/app-parameters/single-global-helm": (string) (len=4) "Helm",
        	            	+ (string) (len=45) "app-parameters2124014618/app-parameters/multi": (string) (len=9) "Kustomize",
        	            	+ (string) (len=55) "app-parameters2124014618/app-parameters/single-app-only": (string) (len=9) "Kustomize",
        	            	+ (string) (len=53) "app-parameters2124014618/app-parameters/single-global": (string) (len=9) "Kustomize",
        	            	+ (string) (len=58) "app-parameters2124014618/app-parameters/single-global-helm": (string) (len=4) "Helm",
        	            	+ (string) (len=45) "app-parameters2191976718/app-parameters/multi": (string) (len=9) "Kustomize",
        	            	+ (string) (len=55) "app-parameters2191976718/app-parameters/single-app-only": (string) (len=9) "Kustomize",
        	            	+ (string) (len=53) "app-parameters2191976718/app-parameters/single-global": (string) (len=9) "Kustomize",
        	            	+ (string) (len=58) "app-parameters2191976718/app-parameters/single-global-helm": (string) (len=4) "Helm",
        	            	+ (string) (len=45) "app-parameters2211323334/app-parameters/multi": (string) (len=9) "Kustomize",
        	            	+ (string) (len=55) "app-parameters2211323334/app-parameters/single-app-only": (string) (len=9) "Kustomize",
        	            	+ (string) (len=53) "app-parameters2211323334/app-parameters/single-global": (string) (len=9) "Kustomize",
        	            	+ (string) (len=58) "app-parameters2211323334/app-parameters/single-global-helm": (string) (len=4) "Helm",
        	            	+ (string) (len=45) "app-parameters2351180611/app-parameters/multi": (string) (len=9) "Kustomize",
        	            	+ (string) (len=55) "app-parameters2351180611/app-parameters/single-app-only": (string) (len=9) "Kustomize",
        	            	+ (string) (len=53) "app-parameters2351180611/app-parameters/single-global": (string) (len=9) "Kustomize",
        	            	+ (string) (len=58) "app-parameters2351180611/app-parameters/single-global-helm": (string) (len=4) "Helm",
        	            	+ (string) (len=45) "app-parameters2373805670/app-parameters/multi": (string) (len=9) "Kustomize",
        	            	+ (string) (len=55) "app-parameters2373805670/app-parameters/single-app-only": (string) (len=9) "Kustomize",
        	            	+ (string) (len=53) "app-parameters2373805670/app-parameters/single-global": (string) (len=9) "Kustomize",
        	            	+ (string) (len=58) "app-parameters2373805670/app-parameters/single-global-helm": (string) (len=4) "Helm",
        	            	+ (string) (len=45) "app-parameters2405501564/app-parameters/multi": (string) (len=9) "Kustomize",
        	            	+ (string) (len=55) "app-parameters2405501564/app-parameters/single-app-only": (string) (len=9) "Kustomize",
        	            	+ (string) (len=53) "app-parameters2405501564/app-parameters/single-global": (string) (len=9) "Kustomize",
        	            	+ (string) (len=58) "app-parameters2405501564/app-parameters/single-global-helm": (string) (len=4) "Helm",
        	            	+ (string) (len=45) "app-parameters2438101253/app-parameters/multi": (string) (len=9) "Kustomize",
        	            	+ (string) (len=55) "app-parameters2438101253/app-parameters/single-app-only": (string) (len=9) "Kustomize",
        	            	+ (string) (len=53) "app-parameters2438101253/app-parameters/single-global": (string) (len=9) "Kustomize",
        	            	+ (string) (len=58) "app-parameters2438101253/app-parameters/single-global-helm": (string) (len=4) "Helm",
        	            	+ (string) (len=45) "app-parameters2615626595/app-parameters/multi": (string) (len=9) "Kustomize",
        	            	+ (string) (len=55) "app-parameters2615626595/app-parameters/single-app-only": (string) (len=9) "Kustomize",
        	            	+ (string) (len=53) "app-parameters2615626595/app-parameters/single-global": (string) (len=9) "Kustomize",
        	            	+ (string) (len=58) "app-parameters2615626595/app-parameters/single-global-helm": (string) (len=4) "Helm",
        	            	+ (string) (len=45) "app-parameters3058012353/app-parameters/multi": (string) (len=9) "Kustomize",
        	            	+ (string) (len=55) "app-parameters3058012353/app-parameters/single-app-only": (string) (len=9) "Kustomize",
        	            	+ (string) (len=53) "app-parameters3058012353/app-parameters/single-global": (string) (len=9) "Kustomize",
        	            	+ (string) (len=58) "app-parameters3058012353/app-parameters/single-global-helm": (string) (len=4) "Helm",
        	            	+ (string) (len=44) "app-parameters310195758/app-parameters/multi": (string) (len=9) "Kustomize",
        	            	+ (string) (len=54) "app-parameters310195758/app-parameters/single-app-only": (string) (len=9) "Kustomize",
        	            	+ (string) (len=52) "app-parameters310195758/app-parameters/single-global": (string) (len=9) "Kustomize",
        	            	+ (string) (len=57) "app-parameters310195758/app-parameters/single-global-helm": (string) (len=4) "Helm",
        	            	+ (string) (len=45) "app-parameters3193545455/app-parameters/multi": (string) (len=9) "Kustomize",
        	            	+ (string) (len=55) "app-parameters3193545455/app-parameters/single-app-only": (string) (len=9) "Kustomize",
        	            	+ (string) (len=53) "app-parameters3193545455/app-parameters/single-global": (string) (len=9) "Kustomize",
        	            	+ (string) (len=58) "app-parameters3193545455/app-parameters/single-global-helm": (string) (len=4) "Helm",
        	            	+ (string) (len=45) "app-parameters3404156091/app-parameters/multi": (string) (len=9) "Kustomize",
        	            	+ (string) (len=55) "app-parameters3404156091/app-parameters/single-app-only": (string) (len=9) "Kustomize",
        	            	+ (string) (len=53) "app-parameters3404156091/app-parameters/single-global": (string) (len=9) "Kustomize",
        	            	+ (string) (len=58) "app-parameters3404156091/app-parameters/single-global-helm": (string) (len=4) "Helm",
        	            	+ (string) (len=45) "app-parameters3417187328/app-parameters/multi": (string) (len=9) "Kustomize",
        	            	+ (string) (len=55) "app-parameters3417187328/app-parameters/single-app-only": (string) (len=9) "Kustomize",
        	            	+ (string) (len=53) "app-parameters3417187328/app-parameters/single-global": (string) (len=9) "Kustomize",
        	            	+ (string) (len=58) "app-parameters3417187328/app-parameters/single-global-helm": (string) (len=4) "Helm",
        	            	+ (string) (len=45) "app-parameters3456558847/app-parameters/multi": (string) (len=9) "Kustomize",
        	            	+ (string) (len=55) "app-parameters3456558847/app-parameters/single-app-only": (string) (len=9) "Kustomize",
        	            	+ (string) (len=53) "app-parameters3456558847/app-parameters/single-global": (string) (len=9) "Kustomize",
        	            	+ (string) (len=58) "app-parameters3456558847/app-parameters/single-global-helm": (string) (len=4) "Helm",
        	            	+ (string) (len=45) "app-parameters3494838619/app-parameters/multi": (string) (len=9) "Kustomize",
        	            	+ (string) (len=55) "app-parameters3494838619/app-parameters/single-app-only": (string) (len=9) "Kustomize",
        	            	+ (string) (len=53) "app-parameters3494838619/app-parameters/single-global": (string) (len=9) "Kustomize",
        	            	+ (string) (len=58) "app-parameters3494838619/app-parameters/single-global-helm": (string) (len=4) "Helm",
        	            	+ (string) (len=45) "app-parameters3541455122/app-parameters/multi": (string) (len=9) "Kustomize",
        	            	+ (string) (len=55) "app-parameters3541455122/app-parameters/single-app-only": (string) (len=9) "Kustomize",
        	            	+ (string) (len=53) "app-parameters3541455122/app-parameters/single-global": (string) (len=9) "Kustomize",
        	            	+ (string) (len=58) "app-parameters3541455122/app-parameters/single-global-helm": (string) (len=4) "Helm",
        	            	+ (string) (len=45) "app-parameters3589543845/app-parameters/multi": (string) (len=9) "Kustomize",
        	            	+ (string) (len=55) "app-parameters3589543845/app-parameters/single-app-only": (string) (len=9) "Kustomize",
        	            	+ (string) (len=53) "app-parameters3589543845/app-parameters/single-global": (string) (len=9) "Kustomize",
        	            	+ (string) (len=58) "app-parameters3589543845/app-parameters/single-global-helm": (string) (len=4) "Helm",
        	            	+ (string) (len=45) "app-parameters3664881227/app-parameters/multi": (string) (len=9) "Kustomize",
        	            	+ (string) (len=55) "app-parameters3664881227/app-parameters/single-app-only": (string) (len=9) "Kustomize",
        	            	+ (string) (len=53) "app-parameters3664881227/app-parameters/single-global": (string) (len=9) "Kustomize",
        	            	+ (string) (len=58) "app-parameters3664881227/app-parameters/single-global-helm": (string) (len=4) "Helm",
        	            	+ (string) (len=45) "app-parameters3665902061/app-parameters/multi": (string) (len=9) "Kustomize",
        	            	+ (string) (len=55) "app-parameters3665902061/app-parameters/single-app-only": (string) (len=9) "Kustomize",
        	            	+ (string) (len=53) "app-parameters3665902061/app-parameters/single-global": (string) (len=9) "Kustomize",
        	            	+ (string) (len=58) "app-parameters3665902061/app-parameters/single-global-helm": (string) (len=4) "Helm",
        	            	+ (string) (len=45) "app-parameters3676579019/app-parameters/multi": (string) (len=9) "Kustomize",
        	            	+ (string) (len=55) "app-parameters3676579019/app-parameters/single-app-only": (string) (len=9) "Kustomize",
        	            	+ (string) (len=53) "app-parameters3676579019/app-parameters/single-global": (string) (len=9) "Kustomize",
        	            	+ (string) (len=58) "app-parameters3676579019/app-parameters/single-global-helm": (string) (len=4) "Helm",
        	            	+ (string) (len=45) "app-parameters3922580075/app-parameters/multi": (string) (len=9) "Kustomize",
        	            	+ (string) (len=55) "app-parameters3922580075/app-parameters/single-app-only": (string) (len=9) "Kustomize",
        	            	+ (string) (len=53) "app-parameters3922580075/app-parameters/single-global": (string) (len=9) "Kustomize",
        	            	+ (string) (len=58) "app-parameters3922580075/app-parameters/single-global-helm": (string) (len=4) "Helm",
        	            	+ (string) (len=45) "app-parameters3960913586/app-parameters/multi": (string) (len=9) "Kustomize",
        	            	+ (string) (len=55) "app-parameters3960913586/app-parameters/single-app-only": (string) (len=9) "Kustomize",
        	            	+ (string) (len=53) "app-parameters3960913586/app-parameters/single-global": (string) (len=9) "Kustomize",
        	            	+ (string) (len=58) "app-parameters3960913586/app-parameters/single-global-helm": (string) (len=4) "Helm",
        	            	+ (string) (len=45) "app-parameters4022946862/app-parameters/multi": (string) (len=9) "Kustomize",
        	            	+ (string) (len=55) "app-parameters4022946862/app-parameters/single-app-only": (string) (len=9) "Kustomize",
        	            	+ (string) (len=53) "app-parameters4022946862/app-parameters/single-global": (string) (len=9) "Kustomize",
        	            	+ (string) (len=58) "app-parameters4022946862/app-parameters/single-global-helm": (string) (len=4) "Helm",
        	            	+ (string) (len=45) "app-parameters4074995018/app-parameters/multi": (string) (len=9) "Kustomize",
        	            	+ (string) (len=55) "app-parameters4074995018/app-parameters/single-app-only": (string) (len=9) "Kustomize",
        	            	+ (string) (len=53) "app-parameters4074995018/app-parameters/single-global": (string) (len=9) "Kustomize",
        	            	+ (string) (len=58) "app-parameters4074995018/app-parameters/single-global-helm": (string) (len=4) "Helm",
        	            	+ (string) (len=45) "app-parameters4088711864/app-parameters/multi": (string) (len=9) "Kustomize",
        	            	+ (string) (len=55) "app-parameters4088711864/app-parameters/single-app-only": (string) (len=9) "Kustomize",
        	            	+ (string) (len=53) "app-parameters4088711864/app-parameters/single-global": (string) (len=9) "Kustomize",
        	            	+ (string) (len=58) "app-parameters4088711864/app-parameters/single-global-helm": (string) (len=4) "Helm",
        	            	+ (string) (len=43) "app-parameters41110719/app-parameters/multi": (string) (len=9) "Kustomize",
        	            	+ (string) (len=53) "app-parameters41110719/app-parameters/single-app-only": (string) (len=9) "Kustomize",
        	            	+ (string) (len=51) "app-parameters41110719/app-parameters/single-global": (string) (len=9) "Kustomize",
        	            	+ (string) (len=56) "app-parameters41110719/app-parameters/single-global-helm": (string) (len=4) "Helm",
        	            	+ (string) (len=45) "app-parameters4238827057/app-parameters/multi": (string) (len=9) "Kustomize",
        	            	+ (string) (len=55) "app-parameters4238827057/app-parameters/single-app-only": (string) (len=9) "Kustomize",
        	            	+ (string) (len=53) "app-parameters4238827057/app-parameters/single-global": (string) (len=9) "Kustomize",
        	            	+ (string) (len=58) "app-parameters4238827057/app-parameters/single-global-helm": (string) (len=4) "Helm",
        	            	+ (string) (len=45) "app-parameters4266501526/app-parameters/multi": (string) (len=9) "Kustomize",
        	            	+ (string) (len=55) "app-parameters4266501526/app-parameters/single-app-only": (string) (len=9) "Kustomize",
        	            	+ (string) (len=53) "app-parameters4266501526/app-parameters/single-global": (string) (len=9) "Kustomize",
        	            	+ (string) (len=58) "app-parameters4266501526/app-parameters/single-global-helm": (string) (len=4) "Helm",
        	            	+ (string) (len=45) "app-parameters4276555481/app-parameters/multi": (string) (len=9) "Kustomize",
        	            	+ (string) (len=55) "app-parameters4276555481/app-parameters/single-app-only": (string) (len=9) "Kustomize",
        	            	+ (string) (len=53) "app-parameters4276555481/app-parameters/single-global": (string) (len=9) "Kustomize",
        	            	+ (string) (len=58) "app-parameters4276555481/app-parameters/single-global-helm": (string) (len=4) "Helm",
        	            	+ (string) (len=44) "app-parameters558115380/app-parameters/multi": (string) (len=9) "Kustomize",
        	            	+ (string) (len=54) "app-parameters558115380/app-parameters/single-app-only": (string) (len=9) "Kustomize",
        	            	+ (string) (len=52) "app-parameters558115380/app-parameters/single-global": (string) (len=9) "Kustomize",
        	            	+ (string) (len=57) "app-parameters558115380/app-parameters/single-global-helm": (string) (len=4) "Helm",
        	            	+ (string) (len=44) "app-parameters630128169/app-parameters/multi": (string) (len=9) "Kustomize",
        	            	+ (string) (len=54) "app-parameters630128169/app-parameters/single-app-only": (string) (len=9) "Kustomize",
        	            	+ (string) (len=52) "app-parameters630128169/app-parameters/single-global": (string) (len=9) "Kustomize",
        	            	+ (string) (len=57) "app-parameters630128169/app-parameters/single-global-helm": (string) (len=4) "Helm",
        	            	+ (string) (len=44) "app-parameters730340312/app-parameters/multi": (string) (len=9) "Kustomize",
        	            	+ (string) (len=54) "app-parameters730340312/app-parameters/single-app-only": (string) (len=9) "Kustomize",
        	            	+ (string) (len=52) "app-parameters730340312/app-parameters/single-global": (string) (len=9) "Kustomize",
        	            	+ (string) (len=57) "app-parameters730340312/app-parameters/single-global-helm": (string) (len=4) "Helm",
        	            	+ (string) (len=44) "app-parameters769515111/app-parameters/multi": (string) (len=9) "Kustomize",
        	            	+ (string) (len=54) "app-parameters769515111/app-parameters/single-app-only": (string) (len=9) "Kustomize",
        	            	+ (string) (len=52) "app-parameters769515111/app-parameters/single-global": (string) (len=9) "Kustomize",
        	            	+ (string) (len=57) "app-parameters769515111/app-parameters/single-global-helm": (string) (len=4) "Helm",
        	            	+ (string) (len=44) "app-parameters802793136/app-parameters/multi": (string) (len=9) "Kustomize",
        	            	+ (string) (len=54) "app-parameters802793136/app-parameters/single-app-only": (string) (len=9) "Kustomize",
        	            	+ (string) (len=52) "app-parameters802793136/app-parameters/single-global": (string) (len=9) "Kustomize",
        	            	+ (string) (len=57) "app-parameters802793136/app-parameters/single-global-helm": (string) (len=4) "Helm",
        	            	+ (string) (len=44) "app-parameters868886994/app-parameters/multi": (string) (len=9) "Kustomize",
        	            	+ (string) (len=54) "app-parameters868886994/app-parameters/single-app-only": (string) (len=9) "Kustomize",
        	            	+ (string) (len=52) "app-parameters868886994/app-parameters/single-global": (string) (len=9) "Kustomize",
        	            	+ (string) (len=57) "app-parameters868886994/app-parameters/single-global-helm": (string) (len=4) "Helm",
        	            	+ (string) (len=44) "app-parameters945611703/app-parameters/multi": (string) (len=9) "Kustomize",
        	            	+ (string) (len=54) "app-parameters945611703/app-parameters/single-app-only": (string) (len=9) "Kustomize",
        	            	+ (string) (len=52) "app-parameters945611703/app-parameters/single-global": (string) (len=9) "Kustomize",
        	            	+ (string) (len=57) "app-parameters945611703/app-parameters/single-global-helm": (string) (len=4) "Helm",
        	            	+ (string) (len=44) "app-parameters947257914/app-parameters/multi": (string) (len=9) "Kustomize",
        	            	+ (string) (len=54) "app-parameters947257914/app-parameters/single-app-only": (string) (len=9) "Kustomize",
        	            	+ (string) (len=52) "app-parameters947257914/app-parameters/single-global": (string) (len=9) "Kustomize",
        	            	+ (string) (len=57) "app-parameters947257914/app-parameters/single-global-helm": (string) (len=4) "Helm",
        	            	+ (string) (len=44) "app-parameters961840627/app-parameters/multi": (string) (len=9) "Kustomize",
        	            	+ (string) (len=54) "app-parameters961840627/app-parameters/single-app-only": (string) (len=9) "Kustomize",
        	            	+ (string) (len=52) "app-parameters961840627/app-parameters/single-global": (string) (len=9) "Kustomize",
        	            	+ (string) (len=57) "app-parameters961840627/app-parameters/single-global-helm": (string) (len=4) "Helm",
        	            	+ (string) (len=44) "app-parameters966469533/app-parameters/multi": (string) (len=9) "Kustomize",
        	            	+ (string) (len=54) "app-parameters966469533/app-parameters/single-app-only": (string) (len=9) "Kustomize",
        	            	+ (string) (len=52) "app-parameters966469533/app-parameters/single-global": (string) (len=9) "Kustomize",
        	            	+ (string) (len=57) "app-parameters966469533/app-parameters/single-global-helm": (string) (len=4) "Helm",
        	            	  (string) (len=22) "helm-with-dependencies": (string) (len=4) "Helm",
        	Test:       	TestListApps
time="2026-06-05T15:43:35+02:00" level=info msg="app details cache miss: mock.Anything/&ApplicationSource{RepoURL:,Path:.,TargetRevision:,Helm:nil,Kustomize:nil,Directory:nil,Plugin:nil,Chart:,Ref:,}"
time="2026-06-05T15:43:35+02:00" level=info msg="app details cache miss: mock.Anything/&ApplicationSource{RepoURL:,Path:.,TargetRevision:,Helm:nil,Kustomize:nil,Directory:nil,Plugin:nil,Chart:,Ref:,}"
time="2026-06-05T15:43:35+02:00" level=info msg="helm show values ." dir=/home/advocate/Advocate/Experiments/Advocate/helper/aplas/realWorld/argo-cd/util/helm/testdata/dependency execID=c6819
time="2026-06-05T15:43:35+02:00" level=info msg=Trace args="[helm show values .]" dir=/home/advocate/Advocate/Experiments/Advocate/helper/aplas/realWorld/argo-cd/util/helm/testdata/dependency operation_name="exec helm" time_ms=0.031695
--- FAIL: TestGetAppDetailsHelm (0.00s)
    repository_test.go:1606: 
        	Error Trace:	/home/advocate/Advocate/Experiments/Advocate/helper/aplas/realWorld/argo-cd/reposerver/repository/repository_test.go:1606
        	Error:      	Received unexpected error:
        	            	failed to execute helm inspect values command: failed to inspect values: failed to get command args to log: exec: "helm": executable file not found in $PATH
        	Test:       	TestGetAppDetailsHelm
time="2026-06-05T15:43:35+02:00" level=info msg="app details cache miss: mock.Anything/&ApplicationSource{RepoURL:,Path:.,TargetRevision:,Helm:nil,Kustomize:nil,Directory:nil,Plugin:nil,Chart:,Ref:,}"
time="2026-06-05T15:43:35+02:00" level=info msg="app details cache miss: mock.Anything/&ApplicationSource{RepoURL:,Path:.,TargetRevision:,Helm:nil,Kustomize:nil,Directory:nil,Plugin:nil,Chart:,Ref:,}"
time="2026-06-05T15:43:35+02:00" level=info msg="helm show values ." dir=/home/advocate/Advocate/Experiments/Advocate/helper/aplas/realWorld/argo-cd/util/helm/testdata/dependency execID=ac0f4
time="2026-06-05T15:43:35+02:00" level=info msg=Trace args="[helm show values .]" dir=/home/advocate/Advocate/Experiments/Advocate/helper/aplas/realWorld/argo-cd/util/helm/testdata/dependency operation_name="exec helm" time_ms=0.024734
--- FAIL: TestGetAppDetailsHelmUsesCache (0.00s)
    repository_test.go:1623: 
        	Error Trace:	/home/advocate/Advocate/Experiments/Advocate/helper/aplas/realWorld/argo-cd/reposerver/repository/repository_test.go:1623
        	Error:      	Received unexpected error:
        	            	failed to execute helm inspect values command: failed to inspect values: failed to get command args to log: exec: "helm": executable file not found in $PATH
        	Test:       	TestGetAppDetailsHelmUsesCache
time="2026-06-05T15:43:35+02:00" level=info msg="app details cache miss: mock.Anything/&ApplicationSource{RepoURL:,Path:.,TargetRevision:,Helm:nil,Kustomize:nil,Directory:nil,Plugin:nil,Chart:,Ref:,}"
time="2026-06-05T15:43:35+02:00" level=info msg="app details cache miss: mock.Anything/&ApplicationSource{RepoURL:,Path:.,TargetRevision:,Helm:nil,Kustomize:nil,Directory:nil,Plugin:nil,Chart:,Ref:,}"
time="2026-06-05T15:43:35+02:00" level=info msg="helm show values ." dir=/home/advocate/Advocate/Experiments/Advocate/helper/aplas/realWorld/argo-cd/util/helm/testdata/api-versions execID=0c7d5
time="2026-06-05T15:43:35+02:00" level=info msg=Trace args="[helm show values .]" dir=/home/advocate/Advocate/Experiments/Advocate/helper/aplas/realWorld/argo-cd/util/helm/testdata/api-versions operation_name="exec helm" time_ms=0.023164999999999998
--- FAIL: TestGetAppDetailsHelm_WithNoValuesFile (0.00s)
    repository_test.go:1640: 
        	Error Trace:	/home/advocate/Advocate/Experiments/Advocate/helper/aplas/realWorld/argo-cd/reposerver/repository/repository_test.go:1640
        	Error:      	Received unexpected error:
        	            	failed to execute helm inspect values command: failed to inspect values: failed to get command args to log: exec: "helm": executable file not found in $PATH
        	Test:       	TestGetAppDetailsHelm_WithNoValuesFile
time="2026-06-05T15:43:35+02:00" level=info msg="app details cache miss: mock.Anything/&ApplicationSource{RepoURL:,Path:.,TargetRevision:,Helm:nil,Kustomize:nil,Directory:nil,Plugin:nil,Chart:,Ref:,}"
time="2026-06-05T15:43:35+02:00" level=info msg="app details cache miss: mock.Anything/&ApplicationSource{RepoURL:,Path:.,TargetRevision:,Helm:nil,Kustomize:nil,Directory:nil,Plugin:nil,Chart:,Ref:,}"
time="2026-06-05T15:43:35+02:00" level=info msg="kustomize build /home/advocate/Advocate/Experiments/Advocate/helper/aplas/realWorld/argo-cd/util/kustomize/testdata/kustomization_yaml" dir=/home/advocate/Advocate/Experiments/Advocate/helper/aplas/realWorld/argo-cd/util/kustomize/testdata/kustomization_yaml execID=dc4f6
time="2026-06-05T15:43:35+02:00" level=info msg=Trace args="[kustomize build /home/advocate/Advocate/Experiments/Advocate/helper/aplas/realWorld/argo-cd/util/kustomize/testdata/kustomization_yaml]" dir=/home/advocate/Advocate/Experiments/Advocate/helper/aplas/realWorld/argo-cd/util/kustomize/testdata/kustomization_yaml operation_name="exec kustomize" time_ms=0.010036
--- FAIL: TestGetAppDetailsKustomize (0.00s)
    repository_test.go:1658: 
        	Error Trace:	/home/advocate/Advocate/Experiments/Advocate/helper/aplas/realWorld/argo-cd/reposerver/repository/repository_test.go:1658
        	Error:      	Received unexpected error:
        	            	exec: "kustomize": executable file not found in $PATH
        	Test:       	TestGetAppDetailsKustomize
time="2026-06-05T15:43:35+02:00" level=warning msg="Could not get hostname for repository ''"
time="2026-06-05T15:43:35+02:00" level=info msg="revision metadata cache miss: /c0b400fc458875d925171398f9ba9eabd5529923"
time="2026-06-05T15:43:35+02:00" level=info msg="revision metadata cache miss: /c0b400f"
time="2026-06-05T15:43:35+02:00" level=info msg="revision metadata cache hit: /c0b400fc458875d925171398f9ba9eabd5529923"
time="2026-06-05T15:43:35+02:00" level=info msg="revision metadata cache miss: /da52afd3b2df1ec49470603d8bbb46954dab1091"
time="2026-06-05T15:43:35+02:00" level=info msg="revision metadata cache hit, but need to regenerate due to missing signature info: /da52afd3b2df1ec49470603d8bbb46954dab1091"
time="2026-06-05T15:43:35+02:00" level=info msg="manifest cache miss: &ApplicationSource{RepoURL:,Path:.,TargetRevision:,Helm:nil,Kustomize:nil,Directory:nil,Plugin:nil,Chart:,Ref:,}/mock.Anything"
time="2026-06-05T15:43:35+02:00" level=info msg="manifest cache miss: &ApplicationSource{RepoURL:,Path:.,TargetRevision:,Helm:nil,Kustomize:nil,Directory:nil,Plugin:nil,Chart:,Ref:,}/mock.Anything"
time="2026-06-05T15:43:35+02:00" level=info msg="kustomize build /home/advocate/Advocate/Experiments/Advocate/helper/aplas/realWorld/argo-cd/manifests/base" dir=/home/advocate/Advocate/Experiments/Advocate/helper/aplas/realWorld/argo-cd/manifests/base execID=5287a
time="2026-06-05T15:43:35+02:00" level=info msg=Trace args="[kustomize build /home/advocate/Advocate/Experiments/Advocate/helper/aplas/realWorld/argo-cd/manifests/base]" dir=/home/advocate/Advocate/Experiments/Advocate/helper/aplas/realWorld/argo-cd/manifests/base operation_name="exec kustomize" time_ms=0.015764999999999998
--- FAIL: TestGetSignatureVerificationResult (0.00s)
    repository_test.go:1767: 
        	Error Trace:	/home/advocate/Advocate/Experiments/Advocate/helper/aplas/realWorld/argo-cd/reposerver/repository/repository_test.go:1767
        	Error:      	Received unexpected error:
        	            	exec: "kustomize": executable file not found in $PATH
        	Test:       	TestGetSignatureVerificationResult
time="2026-06-05T15:43:35+02:00" level=warning msg="Could not get hostname for repository ''"
time="2026-06-05T15:43:35+02:00" level=warning msg="Could not get hostname for repository ''"
time="2026-06-05T15:43:35+02:00" level=info msg="app details cache miss: mock.Anything/&ApplicationSource{RepoURL:,Path:testdata/app-parameters2544271662/app-parameters/multi,TargetRevision:,Helm:nil,Kustomize:nil,Directory:nil,Plugin:nil,Chart:,Ref:,}"
time="2026-06-05T15:43:35+02:00" level=warning msg="repository contains out-of-bounds symlink" file=testdata/oob-symlink/oob-symlink.yaml repo= revision=mock.Anything security=3
time="2026-06-05T15:43:35+02:00" level=info msg="app details cache miss: mock.Anything/&ApplicationSource{RepoURL:,Path:testdata/app-parameters2264947803/app-parameters/single-global,TargetRevision:,Helm:nil,Kustomize:nil,Directory:nil,Plugin:nil,Chart:,Ref:,}"
time="2026-06-05T15:43:35+02:00" level=warning msg="repository contains out-of-bounds symlink" file=testdata/oob-symlink/oob-symlink.yaml repo= revision=mock.Anything security=3
time="2026-06-05T15:43:35+02:00" level=info msg="app details cache miss: mock.Anything/&ApplicationSource{RepoURL:,Path:testdata/app-parameters2267762236/app-parameters/single-app-only,TargetRevision:,Helm:nil,Kustomize:nil,Directory:nil,Plugin:nil,Chart:,Ref:,}"
time="2026-06-05T15:43:35+02:00" level=warning msg="repository contains out-of-bounds symlink" file=testdata/oob-symlink/oob-symlink.yaml repo= revision=mock.Anything security=3
time="2026-06-05T15:43:35+02:00" level=info msg="app details cache miss: mock.Anything/&ApplicationSource{RepoURL:,Path:testdata/app-parameters2354562232/app-parameters/multi,TargetRevision:,Helm:nil,Kustomize:nil,Directory:nil,Plugin:nil,Chart:,Ref:,}"
time="2026-06-05T15:43:35+02:00" level=warning msg="repository contains out-of-bounds symlink" file=testdata/oob-symlink/oob-symlink.yaml repo= revision=mock.Anything security=3
time="2026-06-05T15:43:35+02:00" level=info msg="app details cache miss: mock.Anything/&ApplicationSource{RepoURL:,Path:testdata/app-parameters2395762532/app-parameters/multi,TargetRevision:,Helm:nil,Kustomize:nil,Directory:nil,Plugin:nil,Chart:,Ref:,}"
time="2026-06-05T15:43:35+02:00" level=warning msg="repository contains out-of-bounds symlink" file=testdata/oob-symlink/oob-symlink.yaml repo= revision=mock.Anything security=3
time="2026-06-05T15:43:35+02:00" level=info msg="app details cache miss: mock.Anything/&ApplicationSource{RepoURL:,Path:testdata/app-parameters2598267844/app-parameters/multi,TargetRevision:,Helm:nil,Kustomize:nil,Directory:nil,Plugin:nil,Chart:,Ref:,}"
time="2026-06-05T15:43:35+02:00" level=warning msg="repository contains out-of-bounds symlink" file=testdata/oob-symlink/oob-symlink.yaml repo= revision=mock.Anything security=3
--- FAIL: TestGetAppDetailsWithAppParameterFile (0.03s)
    --- FAIL: TestGetAppDetailsWithAppParameterFile/No_app_name_set_and_app_specific_file_exists (0.01s)
        repository_test.go:1858: 
            	Error Trace:	/home/advocate/Advocate/Experiments/Advocate/helper/aplas/realWorld/argo-cd/reposerver/repository/repository_test.go:1858
            	            				/home/advocate/Advocate/Experiments/Advocate/helper/aplas/realWorld/argo-cd/reposerver/repository/repository_test.go:1954
            	            				/home/advocate/Advocate/Experiments/Advocate/helper/aplas/realWorld/argo-cd/reposerver/repository/repository_test.go:1851
            	Error:      	Received unexpected error:
            	            	repository contains out-of-bounds symlinks. file: testdata/oob-symlink/oob-symlink.yaml
            	Test:       	TestGetAppDetailsWithAppParameterFile/No_app_name_set_and_app_specific_file_exists
    --- FAIL: TestGetAppDetailsWithAppParameterFile/No_app_specific_override (0.00s)
        repository_test.go:1872: 
            	Error Trace:	/home/advocate/Advocate/Experiments/Advocate/helper/aplas/realWorld/argo-cd/reposerver/repository/repository_test.go:1872
            	            				/home/advocate/Advocate/Experiments/Advocate/helper/aplas/realWorld/argo-cd/reposerver/repository/repository_test.go:1954
            	            				/home/advocate/Advocate/Experiments/Advocate/helper/aplas/realWorld/argo-cd/reposerver/repository/repository_test.go:1864
            	Error:      	Received unexpected error:
            	            	repository contains out-of-bounds symlinks. file: testdata/oob-symlink/oob-symlink.yaml
            	Test:       	TestGetAppDetailsWithAppParameterFile/No_app_specific_override
    --- FAIL: TestGetAppDetailsWithAppParameterFile/Only_app_specific_override (0.00s)
        repository_test.go:1886: 
            	Error Trace:	/home/advocate/Advocate/Experiments/Advocate/helper/aplas/realWorld/argo-cd/reposerver/repository/repository_test.go:1886
            	            				/home/advocate/Advocate/Experiments/Advocate/helper/aplas/realWorld/argo-cd/reposerver/repository/repository_test.go:1954
            	            				/home/advocate/Advocate/Experiments/Advocate/helper/aplas/realWorld/argo-cd/reposerver/repository/repository_test.go:1878
            	Error:      	Received unexpected error:
            	            	repository contains out-of-bounds symlinks. file: testdata/oob-symlink/oob-symlink.yaml
            	Test:       	TestGetAppDetailsWithAppParameterFile/Only_app_specific_override
    --- FAIL: TestGetAppDetailsWithAppParameterFile/App_specific_override (0.01s)
        repository_test.go:1900: 
            	Error Trace:	/home/advocate/Advocate/Experiments/Advocate/helper/aplas/realWorld/argo-cd/reposerver/repository/repository_test.go:1900
            	            				/home/advocate/Advocate/Experiments/Advocate/helper/aplas/realWorld/argo-cd/reposerver/repository/repository_test.go:1954
            	            				/home/advocate/Advocate/Experiments/Advocate/helper/aplas/realWorld/argo-cd/reposerver/repository/repository_test.go:1892
            	Error:      	Received unexpected error:
            	            	repository contains out-of-bounds symlinks. file: testdata/oob-symlink/oob-symlink.yaml
            	Test:       	TestGetAppDetailsWithAppParameterFile/App_specific_override
    --- FAIL: TestGetAppDetailsWithAppParameterFile/App_specific_overrides_containing_non-mergeable_field (0.01s)
        repository_test.go:1914: 
            	Error Trace:	/home/advocate/Advocate/Experiments/Advocate/helper/aplas/realWorld/argo-cd/reposerver/repository/repository_test.go:1914
            	            				/home/advocate/Advocate/Experiments/Advocate/helper/aplas/realWorld/argo-cd/reposerver/repository/repository_test.go:1954
            	            				/home/advocate/Advocate/Experiments/Advocate/helper/aplas/realWorld/argo-cd/reposerver/repository/repository_test.go:1906
            	Error:      	Received unexpected error:
            	            	repository contains out-of-bounds symlinks. file: testdata/oob-symlink/oob-symlink.yaml
            	Test:       	TestGetAppDetailsWithAppParameterFile/App_specific_overrides_containing_non-mergeable_field
time="2026-06-05T15:43:35+02:00" level=info msg="manifest cache miss: &ApplicationSource{RepoURL:,Path:testdata/app-parameters2103259488/app-parameters/single-global,TargetRevision:,Helm:nil,Kustomize:nil,Directory:nil,Plugin:nil,Chart:,Ref:,}/mock.Anything"
time="2026-06-05T15:43:35+02:00" level=warning msg="repository contains out-of-bounds symlink" file=testdata/oob-symlink/oob-symlink.yaml repo= revision=mock.Anything security=3
time="2026-06-05T15:43:35+02:00" level=info msg="manifest cache miss: &ApplicationSource{RepoURL:,Path:testdata/app-parameters3996119964/app-parameters/single-global-helm,TargetRevision:,Helm:nil,Kustomize:nil,Directory:nil,Plugin:nil,Chart:,Ref:,}/mock.Anything"
time="2026-06-05T15:43:35+02:00" level=warning msg="repository contains out-of-bounds symlink" file=testdata/oob-symlink/oob-symlink.yaml repo= revision=mock.Anything security=3
time="2026-06-05T15:43:35+02:00" level=info msg="manifest cache miss: &ApplicationSource{RepoURL:,Path:testdata/app-parameters1924284042/app-parameters/single-app-only,TargetRevision:,Helm:nil,Kustomize:nil,Directory:nil,Plugin:nil,Chart:,Ref:,}/mock.Anything"
time="2026-06-05T15:43:35+02:00" level=warning msg="repository contains out-of-bounds symlink" file=testdata/oob-symlink/oob-symlink.yaml repo= revision=mock.Anything security=3
time="2026-06-05T15:43:35+02:00" level=info msg="manifest cache miss: &ApplicationSource{RepoURL:,Path:testdata/app-parameters2555459275/app-parameters/single-app-only,TargetRevision:,Helm:nil,Kustomize:nil,Directory:nil,Plugin:nil,Chart:,Ref:,}/mock.Anything"
time="2026-06-05T15:43:35+02:00" level=warning msg="repository contains out-of-bounds symlink" file=testdata/oob-symlink/oob-symlink.yaml repo= revision=mock.Anything security=3
time="2026-06-05T15:43:35+02:00" level=info msg="manifest cache miss: &ApplicationSource{RepoURL:,Path:testdata/app-parameters2857871641/app-parameters/single-global,TargetRevision:,Helm:nil,Kustomize:nil,Directory:nil,Plugin:nil,Chart:,Ref:,}/mock.Anything"
time="2026-06-05T15:43:35+02:00" level=warning msg="repository contains out-of-bounds symlink" file=testdata/oob-symlink/oob-symlink.yaml repo= revision=mock.Anything security=3
--- FAIL: TestGenerateManifestsWithAppParameterFile (0.03s)
    --- FAIL: TestGenerateManifestsWithAppParameterFile/Single_global_override (0.01s)
        repository_test.go:1970: 
            	Error Trace:	/home/advocate/Advocate/Experiments/Advocate/helper/aplas/realWorld/argo-cd/reposerver/repository/repository_test.go:1970
            	            				/home/advocate/Advocate/Experiments/Advocate/helper/aplas/realWorld/argo-cd/reposerver/repository/repository_test.go:1954
            	            				/home/advocate/Advocate/Experiments/Advocate/helper/aplas/realWorld/argo-cd/reposerver/repository/repository_test.go:1960
            	Error:      	Received unexpected error:
            	            	repository contains out-of-bounds symlinks. file: testdata/oob-symlink/oob-symlink.yaml
            	Test:       	TestGenerateManifestsWithAppParameterFile/Single_global_override
    --- FAIL: TestGenerateManifestsWithAppParameterFile/Single_global_override_Helm (0.01s)
        repository_test.go:1999: 
            	Error Trace:	/home/advocate/Advocate/Experiments/Advocate/helper/aplas/realWorld/argo-cd/reposerver/repository/repository_test.go:1999
            	            				/home/advocate/Advocate/Experiments/Advocate/helper/aplas/realWorld/argo-cd/reposerver/repository/repository_test.go:1954
            	            				/home/advocate/Advocate/Experiments/Advocate/helper/aplas/realWorld/argo-cd/reposerver/repository/repository_test.go:1989
            	Error:      	Received unexpected error:
            	            	repository contains out-of-bounds symlinks. file: testdata/oob-symlink/oob-symlink.yaml
            	Test:       	TestGenerateManifestsWithAppParameterFile/Single_global_override_Helm
    --- FAIL: TestGenerateManifestsWithAppParameterFile/Application_specific_override (0.01s)
        repository_test.go:2029: 
            	Error Trace:	/home/advocate/Advocate/Experiments/Advocate/helper/aplas/realWorld/argo-cd/reposerver/repository/repository_test.go:2029
            	            				/home/advocate/Advocate/Experiments/Advocate/helper/aplas/realWorld/argo-cd/reposerver/repository/repository_test.go:1954
            	            				/home/advocate/Advocate/Experiments/Advocate/helper/aplas/realWorld/argo-cd/reposerver/repository/repository_test.go:2019
            	Error:      	Received unexpected error:
            	            	repository contains out-of-bounds symlinks. file: testdata/oob-symlink/oob-symlink.yaml
            	Test:       	TestGenerateManifestsWithAppParameterFile/Application_specific_override
    --- FAIL: TestGenerateManifestsWithAppParameterFile/Application_specific_override_for_other_app (0.01s)
        repository_test.go:2080: 
            	Error Trace:	/home/advocate/Advocate/Experiments/Advocate/helper/aplas/realWorld/argo-cd/reposerver/repository/repository_test.go:2080
            	            				/home/advocate/Advocate/Experiments/Advocate/helper/aplas/realWorld/argo-cd/reposerver/repository/repository_test.go:1954
            	            				/home/advocate/Advocate/Experiments/Advocate/helper/aplas/realWorld/argo-cd/reposerver/repository/repository_test.go:2070
            	Error:      	Received unexpected error:
            	            	repository contains out-of-bounds symlinks. file: testdata/oob-symlink/oob-symlink.yaml
            	Test:       	TestGenerateManifestsWithAppParameterFile/Application_specific_override_for_other_app
    --- FAIL: TestGenerateManifestsWithAppParameterFile/Override_info_does_not_appear_in_cache_key (0.00s)
        repository_test.go:2112: 
            	Error Trace:	/home/advocate/Advocate/Experiments/Advocate/helper/aplas/realWorld/argo-cd/reposerver/repository/repository_test.go:2112
            	            				/home/advocate/Advocate/Experiments/Advocate/helper/aplas/realWorld/argo-cd/reposerver/repository/repository_test.go:1954
            	            				/home/advocate/Advocate/Experiments/Advocate/helper/aplas/realWorld/argo-cd/reposerver/repository/repository_test.go:2100
            	Error:      	Received unexpected error:
            	            	repository contains out-of-bounds symlinks. file: testdata/oob-symlink/oob-symlink.yaml
            	Test:       	TestGenerateManifestsWithAppParameterFile/Override_info_does_not_appear_in_cache_key
time="2026-06-05T15:43:35+02:00" level=warning msg="repository contains out-of-bounds symlink" file=testdata/oob-symlink/oob-symlink.yaml repo= revision=632039659e542ed7de0c170a4fcc1c571b288fc0 security=3
time="2026-06-05T15:43:35+02:00" level=warning msg="repository contains out-of-bounds symlink" file=testdata/oob-symlink/oob-symlink.yaml repo= revision=95249be61b028d566c29d47b19e65c5603388a41 security=3
--- FAIL: TestGenerateManifestWithAnnotatedAndRegularGitTagHashes (0.01s)
    --- FAIL: TestGenerateManifestWithAnnotatedAndRegularGitTagHashes/Case:_Git_tag_hash_matches_latest_commit_SHA_(regular_tag) (0.00s)
        repository_test.go:2191: unexpected error
    --- FAIL: TestGenerateManifestWithAnnotatedAndRegularGitTagHashes/Case:_Git_tag_hash_does_not_match_latest_commit_SHA_(annotated_tag) (0.00s)
        repository_test.go:2191: unexpected error
time="2026-06-05T15:43:35+02:00" level=warning msg="repository contains out-of-bounds symlink" file=testdata/oob-symlink/oob-symlink.yaml repo= revision=95249be61b028d566c29d47b19e65c5603388a41 security=3
--- FAIL: TestGenerateManifestWithAnnotatedTagsAndMultiSourceApp (0.00s)
    repository_test.go:2232: unexpected repository contains out-of-bounds symlinks. file: testdata/oob-symlink/oob-symlink.yaml
panic: runtime error: invalid memory address or nil pointer dereference [recovered, repanicked]
[signal SIGSEGV: segmentation violation code=0x1 addr=0x40 pc=0x37ff8be]

goroutine 1114 [running]:
testing.tRunner.func1.2({0x3bece00, 0x5f73990})
	/usr/lib/go-1.26/src/testing/testing.go:1974 +0x232
testing.tRunner.func1()
	/usr/lib/go-1.26/src/testing/testing.go:1977 +0x349
panic({0x3bece00?, 0x5f73990?})
	/usr/lib/go-1.26/src/runtime/panic.go:860 +0x13a
github.com/argoproj/argo-cd/v2/reposerver/repository.TestGenerateManifestWithAnnotatedTagsAndMultiSourceApp(0x274821680248)
	/home/advocate/Advocate/Experiments/Advocate/helper/aplas/realWorld/argo-cd/reposerver/repository/repository_test.go:2235 +0x2de
testing.tRunner(0x274821680248, 0x432e508)
	/usr/lib/go-1.26/src/testing/testing.go:2036 +0xea
created by testing.(*T).Run in goroutine 1
	/usr/lib/go-1.26/src/testing/testing.go:2101 +0x4c5
FAIL	github.com/argoproj/argo-cd/v2/reposerver/repository	3.353s
?   	github.com/argoproj/argo-cd/v2/resource_customizations	[no test files]
time="2026-06-05T15:43:32+02:00" level=info msg="Starting configmap/secret informers"
time="2026-06-05T15:43:32+02:00" level=info msg="Configmap/secret informer synced"
time="2026-06-05T15:43:32+02:00" level=info msg="Initialized admin mtime"
time="2026-06-05T15:43:32+02:00" level=info msg="Starting configmap/secret informers"
time="2026-06-05T15:43:32+02:00" level=info msg="configmap informer cancelled"
time="2026-06-05T15:43:32+02:00" level=info msg="Configmap/secret informer synced"
time="2026-06-05T15:43:32+02:00" level=info msg="secrets informer cancelled"
W0605 15:43:32.331516  595593 shared_informer.go:463] The sharedIndexInformer has started, run more than once is not allowed
time="2026-06-05T15:43:32+02:00" level=warning msg="Content-Type enforcement is disabled, which may make your API vulnerable to CSRF attacks" security=3
time="2026-06-05T15:43:32+02:00" level=warning msg="argocd not in PATH"
time="2026-06-05T15:43:32+02:00" level=info msg="argocd v99.99.99+unknown serving on port 39649 (url: , tls: false, namespace: fake-argocd-ns, sso: false)"
time="2026-06-05T15:43:32+02:00" level=info msg="Enabled application namespace patterns: fake-argocd-ns"
time="2026-06-05T15:43:32+02:00" level=info msg="0x10b16d046b60 subscribed to settings updates"
time="2026-06-05T15:43:32+02:00" level=info msg="Starting rbac config informer"
time="2026-06-05T15:43:32+02:00" level=info msg="RBAC ConfigMap 'argocd-rbac-cm' added"
time="2026-06-05T15:43:32+02:00" level=warning msg="finished unary call with code FailedPrecondition" error="rpc error: code = FailedPrecondition desc = unsatisfied client version constraint: 0.10.0 is less than 1.4.0" grpc.code=FailedPrecondition grpc.method=Version grpc.service=version.VersionService grpc.start_time="2026-06-05T15:43:32+02:00" grpc.time_ms=0.046 span.kind=server system=grpc
time="2026-06-05T15:43:32+02:00" level=warning msg="finished unary call with code FailedPrecondition" error="rpc error: code = FailedPrecondition desc = unsatisfied client version constraint: 0.10.0 is less than 1.4.0" grpc.code=FailedPrecondition grpc.method=Version grpc.service=version.VersionService grpc.start_time="2026-06-05T15:43:32+02:00" grpc.time_ms=0.049 span.kind=server system=grpc
time="2026-06-05T15:43:32+02:00" level=warning msg="finished unary call with code FailedPrecondition" error="rpc error: code = FailedPrecondition desc = unsatisfied client version constraint: 0.10.0 is less than 1.4.0" grpc.code=FailedPrecondition grpc.method=List grpc.service=application.ApplicationService grpc.start_time="2026-06-05T15:43:32+02:00" grpc.time_ms=0.019 span.kind=server system=grpc
time="2026-06-05T15:43:32+02:00" level=info msg="received unary call /version.VersionService/Version" grpc.method=Version grpc.request.content= grpc.service=version.VersionService grpc.start_time="2026-06-05T15:43:32+02:00" span.kind=server system=grpc
time="2026-06-05T15:43:32+02:00" level=info msg="kustomize version --short" dir= execID=7d103
time="2026-06-05T15:43:32+02:00" level=info msg=Trace args="[kustomize version --short]" dir= operation_name="exec kustomize" time_ms=0.017796
time="2026-06-05T15:43:32+02:00" level=info msg="helm version --client --short" dir= execID=b9d7f
time="2026-06-05T15:43:32+02:00" level=info msg=Trace args="[helm version --client --short]" dir= operation_name="exec helm" time_ms=0.031251999999999995
time="2026-06-05T15:43:32+02:00" level=info msg="finished unary call with code OK" grpc.code=OK grpc.method=Version grpc.service=version.VersionService grpc.start_time="2026-06-05T15:43:32+02:00" grpc.time_ms=0.226 span.kind=server system=grpc
time="2026-06-05T15:43:32+02:00" level=info msg="received unary call /application.ApplicationService/List" grpc.method=List grpc.request.content= grpc.service=application.ApplicationService grpc.start_time="2026-06-05T15:43:32+02:00" span.kind=server system=grpc
time="2026-06-05T15:43:32+02:00" level=info msg="finished unary call with code OK" grpc.code=OK grpc.method=List grpc.service=application.ApplicationService grpc.start_time="2026-06-05T15:43:32+02:00" grpc.time_ms=0.089 span.kind=server system=grpc
time="2026-06-05T15:43:32+02:00" level=info msg="received unary call /version.VersionService/Version" grpc.method=Version grpc.request.content= grpc.service=version.VersionService grpc.start_time="2026-06-05T15:43:32+02:00" span.kind=server system=grpc
time="2026-06-05T15:43:32+02:00" level=info msg="finished unary call with code OK" grpc.code=OK grpc.method=Version grpc.service=version.VersionService grpc.start_time="2026-06-05T15:43:32+02:00" grpc.time_ms=0.054 span.kind=server system=grpc
time="2026-06-05T15:43:32+02:00" level=info msg="received unary call /application.ApplicationService/List" grpc.method=List grpc.request.content= grpc.service=application.ApplicationService grpc.start_time="2026-06-05T15:43:32+02:00" span.kind=server system=grpc
time="2026-06-05T15:43:32+02:00" level=info msg="finished unary call with code OK" grpc.code=OK grpc.method=List grpc.service=application.ApplicationService grpc.start_time="2026-06-05T15:43:32+02:00" grpc.time_ms=0.05 span.kind=server system=grpc
time="2026-06-05T15:43:32+02:00" level=info msg="received unary call /version.VersionService/Version" grpc.method=Version grpc.request.content= grpc.service=version.VersionService grpc.start_time="2026-06-05T15:43:32+02:00" span.kind=server system=grpc
time="2026-06-05T15:43:32+02:00" level=info msg="finished unary call with code OK" grpc.code=OK grpc.method=Version grpc.service=version.VersionService grpc.start_time="2026-06-05T15:43:32+02:00" grpc.time_ms=0.044 span.kind=server system=grpc
time="2026-06-05T15:43:32+02:00" level=info msg="received unary call /application.ApplicationService/List" grpc.method=List grpc.request.content= grpc.service=application.ApplicationService grpc.start_time="2026-06-05T15:43:32+02:00" span.kind=server system=grpc
time="2026-06-05T15:43:32+02:00" level=info msg="finished unary call with code OK" grpc.code=OK grpc.method=List grpc.service=application.ApplicationService grpc.start_time="2026-06-05T15:43:32+02:00" grpc.time_ms=0.065 span.kind=server system=grpc
time="2026-06-05T15:43:35+02:00" level=info msg="rbac configmap informer cancelled"
time="2026-06-05T15:43:35+02:00" level=info msg="Starting configmap/secret informers"
time="2026-06-05T15:43:35+02:00" level=info msg="Configmap/secret informer synced"
time="2026-06-05T15:43:35+02:00" level=info msg="Initialized admin mtime"
time="2026-06-05T15:43:35+02:00" level=info msg="Starting configmap/secret informers"
time="2026-06-05T15:43:35+02:00" level=info msg="secrets informer cancelled"
time="2026-06-05T15:43:35+02:00" level=info msg="configmap informer cancelled"
time="2026-06-05T15:43:35+02:00" level=info msg="Configmap/secret informer synced"
W0605 15:43:35.652997  595593 shared_informer.go:463] The sharedIndexInformer has started, run more than once is not allowed
time="2026-06-05T15:43:35+02:00" level=warning msg="Content-Type enforcement is disabled, which may make your API vulnerable to CSRF attacks" security=3
time="2026-06-05T15:43:35+02:00" level=warning msg="argocd not in PATH"
time="2026-06-05T15:43:35+02:00" level=info msg="argocd v99.99.99+unknown serving on port 37511 (url: , tls: false, namespace: fake-argocd-ns, sso: false)"
time="2026-06-05T15:43:35+02:00" level=info msg="Enabled application namespace patterns: fake-argocd-ns"
time="2026-06-05T15:43:35+02:00" level=info msg="0x10b16d5ce380 subscribed to settings updates"
time="2026-06-05T15:43:35+02:00" level=info msg="Starting rbac config informer"
time="2026-06-05T15:43:35+02:00" level=info msg="RBAC ConfigMap 'argocd-rbac-cm' added"
time="2026-06-05T15:43:36+02:00" level=info msg="Starting configmap/secret informers"
time="2026-06-05T15:43:36+02:00" level=info msg="Configmap/secret informer synced"
time="2026-06-05T15:43:36+02:00" level=info msg="Initialized admin mtime"
time="2026-06-05T15:43:36+02:00" level=info msg="Starting configmap/secret informers"
time="2026-06-05T15:43:36+02:00" level=info msg="configmap informer cancelled"
time="2026-06-05T15:43:36+02:00" level=info msg="Configmap/secret informer synced"
time="2026-06-05T15:43:36+02:00" level=info msg="secrets informer cancelled"
W0605 15:43:36.958153  595593 shared_informer.go:463] The sharedIndexInformer has started, run more than once is not allowed
time="2026-06-05T15:43:36+02:00" level=warning msg="Content-Type enforcement is disabled, which may make your API vulnerable to CSRF attacks" security=3
time="2026-06-05T15:43:36+02:00" level=warning msg="argocd not in PATH"
time="2026-06-05T15:43:36+02:00" level=info msg="argocd v99.99.99+unknown serving on port 37051 (url: , tls: false, namespace: fake-argocd-ns, sso: false)"
time="2026-06-05T15:43:36+02:00" level=info msg="Enabled application namespace patterns: fake-argocd-ns"
time="2026-06-05T15:43:36+02:00" level=info msg="0x10b16d019420 subscribed to settings updates"
time="2026-06-05T15:43:36+02:00" level=info msg="Starting rbac config informer"
time="2026-06-05T15:43:36+02:00" level=info msg="RBAC ConfigMap 'argocd-rbac-cm' added"
time="2026-06-05T15:43:37+02:00" level=info msg="Starting configmap/secret informers"
time="2026-06-05T15:43:38+02:00" level=info msg="Configmap/secret informer synced"
time="2026-06-05T15:43:38+02:00" level=info msg="Initialized admin mtime"
time="2026-06-05T15:43:38+02:00" level=info msg="Starting configmap/secret informers"
time="2026-06-05T15:43:38+02:00" level=info msg="secrets informer cancelled"
time="2026-06-05T15:43:38+02:00" level=info msg="configmap informer cancelled"
time="2026-06-05T15:43:38+02:00" level=info msg="Configmap/secret informer synced"
W0605 15:43:38.261836  595593 shared_informer.go:463] The sharedIndexInformer has started, run more than once is not allowed
time="2026-06-05T15:43:38+02:00" level=warning msg="Content-Type enforcement is disabled, which may make your API vulnerable to CSRF attacks" security=3
time="2026-06-05T15:43:38+02:00" level=warning msg="argocd not in PATH"
time="2026-06-05T15:43:38+02:00" level=info msg="argocd v99.99.99+unknown serving on port 35443 (url: , tls: false, namespace: fake-argocd-ns, sso: false)"
time="2026-06-05T15:43:38+02:00" level=info msg="Enabled application namespace patterns: fake-argocd-ns"
time="2026-06-05T15:43:38+02:00" level=info msg="0x10b16d0aa700 subscribed to settings updates"
time="2026-06-05T15:43:38+02:00" level=info msg="Starting rbac config informer"
time="2026-06-05T15:43:38+02:00" level=info msg="RBAC ConfigMap 'argocd-rbac-cm' added"
time="2026-06-05T15:43:42+02:00" level=info msg="rbac configmap informer cancelled"
redis: 2026/06/05 15:43:42 pubsub.go:168: redis: discarding bad PubSub connection: EOF
time="2026-06-05T15:43:45+02:00" level=info msg="rbac configmap informer cancelled"
redis: 2026/06/05 15:43:45 pubsub.go:168: redis: discarding bad PubSub connection: EOF
time="2026-06-05T15:43:48+02:00" level=info msg="rbac configmap informer cancelled"
time="2026-06-05T15:43:48+02:00" level=info msg="Starting configmap/secret informers"
time="2026-06-05T15:43:48+02:00" level=info msg="Configmap/secret informer synced"
time="2026-06-05T15:43:48+02:00" level=info msg="Initialized admin mtime"
time="2026-06-05T15:43:48+02:00" level=info msg="Starting configmap/secret informers"
time="2026-06-05T15:43:48+02:00" level=info msg="configmap informer cancelled"
time="2026-06-05T15:43:48+02:00" level=info msg="Configmap/secret informer synced"
time="2026-06-05T15:43:48+02:00" level=info msg="secrets informer cancelled"
time="2026-06-05T15:43:48+02:00" level=info msg="Initialized TLS certificate"
time="2026-06-05T15:43:48+02:00" level=info msg="Starting configmap/secret informers"
time="2026-06-05T15:43:48+02:00" level=info msg="configmap informer cancelled"
time="2026-06-05T15:43:48+02:00" level=info msg="Configmap/secret informer synced"
time="2026-06-05T15:43:48+02:00" level=info msg="secrets informer cancelled"
time="2026-06-05T15:43:48+02:00" level=info msg="Starting configmap/secret informers"
time="2026-06-05T15:43:48+02:00" level=info msg="Configmap/secret informer synced"
time="2026-06-05T15:43:48+02:00" level=info msg="Starting configmap/secret informers"
time="2026-06-05T15:43:49+02:00" level=info msg="Configmap/secret informer synced"
time="2026-06-05T15:43:49+02:00" level=info msg="Starting configmap/secret informers"
time="2026-06-05T15:43:49+02:00" level=info msg="Configmap/secret informer synced"
time="2026-06-05T15:43:49+02:00" level=info msg="Starting configmap/secret informers"
time="2026-06-05T15:43:49+02:00" level=info msg="Configmap/secret informer synced"
time="2026-06-05T15:43:49+02:00" level=info msg="Starting configmap/secret informers"
time="2026-06-05T15:43:49+02:00" level=info msg="Configmap/secret informer synced"
time="2026-06-05T15:43:49+02:00" level=info msg="Starting configmap/secret informers"
time="2026-06-05T15:43:49+02:00" level=info msg="Configmap/secret informer synced"
time="2026-06-05T15:43:49+02:00" level=info msg="Starting configmap/secret informers"
time="2026-06-05T15:43:49+02:00" level=info msg="Configmap/secret informer synced"
time="2026-06-05T15:43:50+02:00" level=info msg="Starting configmap/secret informers"
time="2026-06-05T15:43:50+02:00" level=info msg="Configmap/secret informer synced"
time="2026-06-05T15:43:50+02:00" level=info msg="Initialized admin mtime"
time="2026-06-05T15:43:50+02:00" level=info msg="Starting configmap/secret informers"
time="2026-06-05T15:43:50+02:00" level=info msg="secrets informer cancelled"
time="2026-06-05T15:43:50+02:00" level=info msg="configmap informer cancelled"
time="2026-06-05T15:43:50+02:00" level=info msg="Configmap/secret informer synced"
time="2026-06-05T15:43:50+02:00" level=info msg="Initialized TLS certificate"
time="2026-06-05T15:43:50+02:00" level=info msg="Starting configmap/secret informers"
time="2026-06-05T15:43:50+02:00" level=info msg="configmap informer cancelled"
time="2026-06-05T15:43:50+02:00" level=info msg="secrets informer cancelled"
time="2026-06-05T15:43:50+02:00" level=info msg="Configmap/secret informer synced"
time="2026-06-05T15:43:50+02:00" level=info msg="Starting configmap/secret informers"
time="2026-06-05T15:43:50+02:00" level=info msg="Configmap/secret informer synced"
time="2026-06-05T15:43:50+02:00" level=info msg="Initialized admin mtime"
time="2026-06-05T15:43:50+02:00" level=info msg="Starting configmap/secret informers"
time="2026-06-05T15:43:50+02:00" level=info msg="secrets informer cancelled"
time="2026-06-05T15:43:50+02:00" level=info msg="configmap informer cancelled"
time="2026-06-05T15:43:50+02:00" level=info msg="Configmap/secret informer synced"
time="2026-06-05T15:43:50+02:00" level=info msg="Initialized TLS certificate"
time="2026-06-05T15:43:50+02:00" level=info msg="Starting configmap/secret informers"
time="2026-06-05T15:43:50+02:00" level=info msg="configmap informer cancelled"
time="2026-06-05T15:43:50+02:00" level=info msg="Configmap/secret informer synced"
time="2026-06-05T15:43:50+02:00" level=info msg="secrets informer cancelled"
time="2026-06-05T15:43:50+02:00" level=info msg="Starting configmap/secret informers"
time="2026-06-05T15:43:50+02:00" level=info msg="Configmap/secret informer synced"
time="2026-06-05T15:43:50+02:00" level=info msg="Initialized admin mtime"
time="2026-06-05T15:43:50+02:00" level=info msg="Starting configmap/secret informers"
time="2026-06-05T15:43:50+02:00" level=info msg="configmap informer cancelled"
time="2026-06-05T15:43:50+02:00" level=info msg="Configmap/secret informer synced"
time="2026-06-05T15:43:50+02:00" level=info msg="secrets informer cancelled"
time="2026-06-05T15:43:51+02:00" level=info msg="Initialized TLS certificate"
time="2026-06-05T15:43:51+02:00" level=info msg="Starting configmap/secret informers"
time="2026-06-05T15:43:51+02:00" level=info msg="configmap informer cancelled"
time="2026-06-05T15:43:51+02:00" level=info msg="Configmap/secret informer synced"
time="2026-06-05T15:43:51+02:00" level=info msg="secrets informer cancelled"
time="2026-06-05T15:43:51+02:00" level=info msg="p, proj:testProj:testRole, projects, get, testProj, allow\np, proj:testProj:testRole, applications, get, testProj/*, allow\ng, my-org:my-team, proj:testProj:testRole"
time="2026-06-05T15:43:51+02:00" level=info msg="p, proj:testProj:testRole, projects, get, testProj, allow\np, proj:testProj:testRole, applications, get, testProj/*, allow"
time="2026-06-05T15:43:51+02:00" level=info msg="Starting configmap/secret informers"
time="2026-06-05T15:43:51+02:00" level=info msg="Configmap/secret informer synced"
time="2026-06-05T15:43:51+02:00" level=info msg="Initialized admin mtime"
time="2026-06-05T15:43:51+02:00" level=info msg="Starting configmap/secret informers"
time="2026-06-05T15:43:51+02:00" level=info msg="configmap informer cancelled"
time="2026-06-05T15:43:51+02:00" level=info msg="secrets informer cancelled"
time="2026-06-05T15:43:51+02:00" level=info msg="Configmap/secret informer synced"
time="2026-06-05T15:43:51+02:00" level=info msg="Initialized TLS certificate"
time="2026-06-05T15:43:51+02:00" level=info msg="Starting configmap/secret informers"
time="2026-06-05T15:43:51+02:00" level=info msg="configmap informer cancelled"
time="2026-06-05T15:43:51+02:00" level=info msg="secrets informer cancelled"
time="2026-06-05T15:43:51+02:00" level=info msg="Configmap/secret informer synced"
time="2026-06-05T15:43:51+02:00" level=info msg="Starting configmap/secret informers"
time="2026-06-05T15:43:51+02:00" level=info msg="Configmap/secret informer synced"
time="2026-06-05T15:43:51+02:00" level=info msg="Initialized admin mtime"
time="2026-06-05T15:43:51+02:00" level=info msg="Starting configmap/secret informers"
time="2026-06-05T15:43:51+02:00" level=info msg="configmap informer cancelled"
time="2026-06-05T15:43:51+02:00" level=info msg="Configmap/secret informer synced"
time="2026-06-05T15:43:51+02:00" level=info msg="secrets informer cancelled"
time="2026-06-05T15:43:51+02:00" level=info msg="Starting configmap/secret informers"
time="2026-06-05T15:43:52+02:00" level=info msg="Configmap/secret informer synced"
time="2026-06-05T15:43:52+02:00" level=info msg="Initialized admin mtime"
time="2026-06-05T15:43:52+02:00" level=info msg="Starting configmap/secret informers"
time="2026-06-05T15:43:52+02:00" level=info msg="configmap informer cancelled"
time="2026-06-05T15:43:52+02:00" level=info msg="secrets informer cancelled"
time="2026-06-05T15:43:52+02:00" level=info msg="Configmap/secret informer synced"
time="2026-06-05T15:43:52+02:00" level=info msg="Initialized TLS certificate"
time="2026-06-05T15:43:52+02:00" level=info msg="Starting configmap/secret informers"
time="2026-06-05T15:43:52+02:00" level=info msg="configmap informer cancelled"
time="2026-06-05T15:43:52+02:00" level=info msg="Configmap/secret informer synced"
time="2026-06-05T15:43:52+02:00" level=info msg="secrets informer cancelled"
time="2026-06-05T15:43:52+02:00" level=info msg="Starting configmap/secret informers"
time="2026-06-05T15:43:52+02:00" level=info msg="Configmap/secret informer synced"
time="2026-06-05T15:43:52+02:00" level=info msg="Initialized admin mtime"
time="2026-06-05T15:43:52+02:00" level=info msg="Starting configmap/secret informers"
time="2026-06-05T15:43:52+02:00" level=info msg="secrets informer cancelled"
time="2026-06-05T15:43:52+02:00" level=info msg="configmap informer cancelled"
time="2026-06-05T15:43:52+02:00" level=info msg="Configmap/secret informer synced"
time="2026-06-05T15:43:52+02:00" level=info msg="Initialized TLS certificate"
time="2026-06-05T15:43:52+02:00" level=info msg="Starting configmap/secret informers"
time="2026-06-05T15:43:52+02:00" level=info msg="configmap informer cancelled"
time="2026-06-05T15:43:52+02:00" level=info msg="secrets informer cancelled"
time="2026-06-05T15:43:52+02:00" level=info msg="Configmap/secret informer synced"
time="2026-06-05T15:43:52+02:00" level=info msg="Starting configmap/secret informers"
time="2026-06-05T15:43:52+02:00" level=info msg="Configmap/secret informer synced"
time="2026-06-05T15:43:52+02:00" level=info msg="Initialized admin mtime"
time="2026-06-05T15:43:52+02:00" level=info msg="Starting configmap/secret informers"
time="2026-06-05T15:43:52+02:00" level=info msg="configmap informer cancelled"
time="2026-06-05T15:43:52+02:00" level=info msg="secrets informer cancelled"
time="2026-06-05T15:43:52+02:00" level=info msg="Configmap/secret informer synced"
time="2026-06-05T15:43:52+02:00" level=info msg="Initialized TLS certificate"
time="2026-06-05T15:43:52+02:00" level=info msg="Starting configmap/secret informers"
time="2026-06-05T15:43:52+02:00" level=info msg="configmap informer cancelled"
time="2026-06-05T15:43:52+02:00" level=info msg="secrets informer cancelled"
time="2026-06-05T15:43:53+02:00" level=info msg="Configmap/secret informer synced"
time="2026-06-05T15:43:53+02:00" level=info msg="Starting configmap/secret informers"
time="2026-06-05T15:43:53+02:00" level=info msg="Starting configmap/secret informers"
time="2026-06-05T15:43:53+02:00" level=info msg="Configmap/secret informer synced"
time="2026-06-05T15:43:53+02:00" level=info msg="Initialized admin mtime"
time="2026-06-05T15:43:53+02:00" level=info msg="Starting configmap/secret informers"
time="2026-06-05T15:43:53+02:00" level=info msg="Configmap/secret informer synced"
time="2026-06-05T15:43:53+02:00" level=info msg="Initialized admin mtime"
time="2026-06-05T15:43:53+02:00" level=info msg="Starting configmap/secret informers"
time="2026-06-05T15:43:53+02:00" level=info msg="configmap informer cancelled"
time="2026-06-05T15:43:53+02:00" level=info msg="configmap informer cancelled"
time="2026-06-05T15:43:53+02:00" level=info msg="Configmap/secret informer synced"
time="2026-06-05T15:43:53+02:00" level=info msg="Configmap/secret informer synced"
time="2026-06-05T15:43:53+02:00" level=info msg="secrets informer cancelled"
time="2026-06-05T15:43:53+02:00" level=info msg="secrets informer cancelled"
time="2026-06-05T15:43:53+02:00" level=info msg="Initialized TLS certificate"
time="2026-06-05T15:43:53+02:00" level=info msg="Starting configmap/secret informers"
time="2026-06-05T15:43:53+02:00" level=info msg="configmap informer cancelled"
time="2026-06-05T15:43:53+02:00" level=info msg="secrets informer cancelled"
time="2026-06-05T15:43:53+02:00" level=info msg="Initialized TLS certificate"
time="2026-06-05T15:43:53+02:00" level=info msg="Starting configmap/secret informers"
time="2026-06-05T15:43:53+02:00" level=info msg="configmap informer cancelled"
time="2026-06-05T15:43:53+02:00" level=info msg="Configmap/secret informer synced"
time="2026-06-05T15:43:53+02:00" level=warning msg="config referenced '$oidc.okta.clientSecret', but key does not exist in secret"
time="2026-06-05T15:43:53+02:00" level=warning msg="config referenced '$oidc.okta.clientSecret', but key does not exist in secret"
time="2026-06-05T15:43:53+02:00" level=warning msg="config referenced '$oidc.okta.clientSecret', but key does not exist in secret"
time="2026-06-05T15:43:53+02:00" level=warning msg="config referenced '$oidc.okta.clientSecret', but key does not exist in secret"
time="2026-06-05T15:43:53+02:00" level=warning msg="config referenced '$oidc.okta.clientSecret', but key does not exist in secret"
time="2026-06-05T15:43:53+02:00" level=info msg="Creating client app (argo-cd)"
time="2026-06-05T15:43:53+02:00" level=warning msg="config referenced '$oidc.okta.clientSecret', but key does not exist in secret"
time="2026-06-05T15:43:53+02:00" level=warning msg="config referenced '$oidc.okta.clientSecret', but key does not exist in secret"
time="2026-06-05T15:43:53+02:00" level=warning msg="config referenced '$oidc.okta.clientSecret', but key does not exist in secret"
time="2026-06-05T15:43:53+02:00" level=warning msg="config referenced '$oidc.okta.clientSecret', but key does not exist in secret"
time="2026-06-05T15:43:53+02:00" level=info msg="Initializing OIDC provider (issuer: https://127.0.0.1:44415)"
time="2026-06-05T15:43:53+02:00" level=info msg="OIDC supported scopes: [openid]"
time="2026-06-05T15:43:53+02:00" level=warning msg="config referenced '$oidc.okta.clientSecret', but key does not exist in secret"
time="2026-06-05T15:43:53+02:00" level=warning msg="config referenced '$oidc.okta.clientSecret', but key does not exist in secret"
time="2026-06-05T15:43:53+02:00" level=warning msg="config referenced '$oidc.okta.clientSecret', but key does not exist in secret"
time="2026-06-05T15:43:53+02:00" level=warning msg="config referenced '$oidc.okta.clientSecret', but key does not exist in secret"
time="2026-06-05T15:43:53+02:00" level=error msg="error while quering userinfo endpoint: no accessToken for randomUser: cache: key is missing"
time="2026-06-05T15:43:53+02:00" level=info msg="Configmap/secret informer synced"
time="2026-06-05T15:43:53+02:00" level=info msg="secrets informer cancelled"
time="2026-06-05T15:43:53+02:00" level=warning msg="config referenced '$oidc.okta.clientSecret', but key does not exist in secret"
time="2026-06-05T15:43:53+02:00" level=warning msg="config referenced '$oidc.okta.clientSecret', but key does not exist in secret"
time="2026-06-05T15:43:53+02:00" level=warning msg="config referenced '$oidc.okta.clientSecret', but key does not exist in secret"
time="2026-06-05T15:43:53+02:00" level=warning msg="config referenced '$oidc.okta.clientSecret', but key does not exist in secret"
time="2026-06-05T15:43:53+02:00" level=warning msg="config referenced '$oidc.okta.clientSecret', but key does not exist in secret"
time="2026-06-05T15:43:53+02:00" level=info msg="Creating client app (argo-cd)"
time="2026-06-05T15:43:53+02:00" level=warning msg="config referenced '$oidc.okta.clientSecret', but key does not exist in secret"
time="2026-06-05T15:43:53+02:00" level=warning msg="config referenced '$oidc.okta.clientSecret', but key does not exist in secret"
time="2026-06-05T15:43:53+02:00" level=warning msg="config referenced '$oidc.okta.clientSecret', but key does not exist in secret"
time="2026-06-05T15:43:53+02:00" level=warning msg="config referenced '$oidc.okta.clientSecret', but key does not exist in secret"
time="2026-06-05T15:43:53+02:00" level=info msg="Initializing OIDC provider (issuer: https://127.0.0.1:45723)"
time="2026-06-05T15:43:53+02:00" level=info msg="OIDC supported scopes: [openid]"
time="2026-06-05T15:43:53+02:00" level=warning msg="config referenced '$oidc.okta.clientSecret', but key does not exist in secret"
time="2026-06-05T15:43:53+02:00" level=info msg="Starting configmap/secret informers"
time="2026-06-05T15:43:53+02:00" level=info msg="Starting configmap/secret informers"
time="2026-06-05T15:43:53+02:00" level=info msg="Starting configmap/secret informers"
time="2026-06-05T15:43:53+02:00" level=info msg="Starting configmap/secret informers"
time="2026-06-05T15:43:53+02:00" level=info msg="Starting configmap/secret informers"
time="2026-06-05T15:43:53+02:00" level=info msg="Starting configmap/secret informers"
time="2026-06-05T15:43:53+02:00" level=info msg="Starting configmap/secret informers"
time="2026-06-05T15:43:53+02:00" level=info msg="Starting configmap/secret informers"
time="2026-06-05T15:43:53+02:00" level=info msg="Starting configmap/secret informers"
time="2026-06-05T15:43:53+02:00" level=info msg="Starting configmap/secret informers"
time="2026-06-05T15:43:53+02:00" level=info msg="Starting configmap/secret informers"
time="2026-06-05T15:43:53+02:00" level=info msg="Starting configmap/secret informers"
time="2026-06-05T15:43:53+02:00" level=info msg="Starting configmap/secret informers"
time="2026-06-05T15:43:53+02:00" level=info msg="Starting configmap/secret informers"
time="2026-06-05T15:43:53+02:00" level=info msg="Configmap/secret informer synced"
time="2026-06-05T15:43:53+02:00" level=info msg="Initialized admin mtime"
time="2026-06-05T15:43:53+02:00" level=info msg="Starting configmap/secret informers"
time="2026-06-05T15:43:53+02:00" level=info msg="Configmap/secret informer synced"
time="2026-06-05T15:43:53+02:00" level=info msg="Initialized admin mtime"
time="2026-06-05T15:43:53+02:00" level=info msg="Starting configmap/secret informers"
time="2026-06-05T15:43:53+02:00" level=info msg="configmap informer cancelled"
time="2026-06-05T15:43:53+02:00" level=info msg="configmap informer cancelled"
time="2026-06-05T15:43:53+02:00" level=info msg="secrets informer cancelled"
time="2026-06-05T15:43:53+02:00" level=info msg="Configmap/secret informer synced"
time="2026-06-05T15:43:53+02:00" level=info msg="Initialized admin mtime"
time="2026-06-05T15:43:53+02:00" level=info msg="Configmap/secret informer synced"
time="2026-06-05T15:43:53+02:00" level=info msg="Starting configmap/secret informers"
time="2026-06-05T15:43:53+02:00" level=info msg="Configmap/secret informer synced"
time="2026-06-05T15:43:53+02:00" level=info msg="Initialized admin mtime"
time="2026-06-05T15:43:53+02:00" level=info msg="Configmap/secret informer synced"
time="2026-06-05T15:43:53+02:00" level=info msg="Starting configmap/secret informers"
time="2026-06-05T15:43:53+02:00" level=info msg="Configmap/secret informer synced"
time="2026-06-05T15:43:53+02:00" level=info msg="Configmap/secret informer synced"
time="2026-06-05T15:43:53+02:00" level=info msg="Initialized admin mtime"
time="2026-06-05T15:43:53+02:00" level=info msg="Initialized admin mtime"
time="2026-06-05T15:43:53+02:00" level=info msg="Starting configmap/secret informers"
time="2026-06-05T15:43:53+02:00" level=info msg="Initialized admin mtime"
time="2026-06-05T15:43:53+02:00" level=info msg="Starting configmap/secret informers"
time="2026-06-05T15:43:53+02:00" level=info msg="Configmap/secret informer synced"
time="2026-06-05T15:43:53+02:00" level=info msg="secrets informer cancelled"
time="2026-06-05T15:43:53+02:00" level=info msg="configmap informer cancelled"
time="2026-06-05T15:43:53+02:00" level=info msg="secrets informer cancelled"
time="2026-06-05T15:43:53+02:00" level=info msg="configmap informer cancelled"
time="2026-06-05T15:43:53+02:00" level=info msg="Initialized admin mtime"
time="2026-06-05T15:43:53+02:00" level=info msg="Starting configmap/secret informers"
time="2026-06-05T15:43:53+02:00" level=info msg="configmap informer cancelled"
time="2026-06-05T15:43:53+02:00" level=info msg="Starting configmap/secret informers"
time="2026-06-05T15:43:53+02:00" level=info msg="Configmap/secret informer synced"
time="2026-06-05T15:43:53+02:00" level=info msg="Initialized admin mtime"
time="2026-06-05T15:43:53+02:00" level=info msg="secrets informer cancelled"
time="2026-06-05T15:43:53+02:00" level=info msg="Configmap/secret informer synced"
time="2026-06-05T15:43:53+02:00" level=info msg="Initialized admin mtime"
time="2026-06-05T15:43:53+02:00" level=info msg="Starting configmap/secret informers"
time="2026-06-05T15:43:53+02:00" level=info msg="secrets informer cancelled"
time="2026-06-05T15:43:53+02:00" level=info msg="Starting configmap/secret informers"
time="2026-06-05T15:43:53+02:00" level=info msg="configmap informer cancelled"
time="2026-06-05T15:43:53+02:00" level=info msg="Initialized admin mtime"
time="2026-06-05T15:43:53+02:00" level=info msg="Starting configmap/secret informers"
time="2026-06-05T15:43:53+02:00" level=info msg="configmap informer cancelled"
time="2026-06-05T15:43:53+02:00" level=info msg="secrets informer cancelled"
time="2026-06-05T15:43:53+02:00" level=info msg="configmap informer cancelled"
time="2026-06-05T15:43:53+02:00" level=info msg="configmap informer cancelled"
time="2026-06-05T15:43:53+02:00" level=info msg="Configmap/secret informer synced"
time="2026-06-05T15:43:53+02:00" level=info msg="configmap informer cancelled"
time="2026-06-05T15:43:53+02:00" level=info msg="Configmap/secret informer synced"
time="2026-06-05T15:43:53+02:00" level=info msg="Initialized admin mtime"
time="2026-06-05T15:43:53+02:00" level=info msg="Configmap/secret informer synced"
time="2026-06-05T15:43:53+02:00" level=info msg="secrets informer cancelled"
time="2026-06-05T15:43:53+02:00" level=info msg="configmap informer cancelled"
time="2026-06-05T15:43:53+02:00" level=info msg="Starting configmap/secret informers"
time="2026-06-05T15:43:53+02:00" level=info msg="Initialized admin mtime"
time="2026-06-05T15:43:53+02:00" level=info msg="secrets informer cancelled"
time="2026-06-05T15:43:53+02:00" level=info msg="Initialized admin mtime"
time="2026-06-05T15:43:53+02:00" level=info msg="Starting configmap/secret informers"
time="2026-06-05T15:43:53+02:00" level=info msg="secrets informer cancelled"
time="2026-06-05T15:43:53+02:00" level=info msg="configmap informer cancelled"
time="2026-06-05T15:43:53+02:00" level=info msg="configmap informer cancelled"
time="2026-06-05T15:43:53+02:00" level=info msg="Starting configmap/secret informers"
time="2026-06-05T15:43:53+02:00" level=info msg="secrets informer cancelled"
time="2026-06-05T15:43:53+02:00" level=info msg="configmap informer cancelled"
time="2026-06-05T15:43:53+02:00" level=info msg="Configmap/secret informer synced"
time="2026-06-05T15:43:53+02:00" level=info msg="Configmap/secret informer synced"
time="2026-06-05T15:43:53+02:00" level=info msg="Configmap/secret informer synced"
time="2026-06-05T15:43:53+02:00" level=info msg="Configmap/secret informer synced"
time="2026-06-05T15:43:53+02:00" level=info msg="Configmap/secret informer synced"
time="2026-06-05T15:43:53+02:00" level=info msg="Configmap/secret informer synced"
time="2026-06-05T15:43:53+02:00" level=info msg="Configmap/secret informer synced"
time="2026-06-05T15:43:53+02:00" level=info msg="Configmap/secret informer synced"
time="2026-06-05T15:43:53+02:00" level=info msg="Configmap/secret informer synced"
time="2026-06-05T15:43:53+02:00" level=info msg="Configmap/secret informer synced"
time="2026-06-05T15:43:53+02:00" level=info msg="Configmap/secret informer synced"
time="2026-06-05T15:43:53+02:00" level=info msg="Configmap/secret informer synced"
time="2026-06-05T15:43:53+02:00" level=info msg="Configmap/secret informer synced"
time="2026-06-05T15:43:53+02:00" level=info msg="secrets informer cancelled"
time="2026-06-05T15:43:53+02:00" level=info msg="secrets informer cancelled"
time="2026-06-05T15:43:53+02:00" level=info msg="secrets informer cancelled"
time="2026-06-05T15:43:53+02:00" level=info msg="secrets informer cancelled"
time="2026-06-05T15:43:53+02:00" level=info msg="Configmap/secret informer synced"
time="2026-06-05T15:43:53+02:00" level=info msg="Initialized TLS certificate"
time="2026-06-05T15:43:53+02:00" level=info msg="Starting configmap/secret informers"
time="2026-06-05T15:43:53+02:00" level=info msg="configmap informer cancelled"
time="2026-06-05T15:43:53+02:00" level=info msg="Initialized TLS certificate"
time="2026-06-05T15:43:53+02:00" level=info msg="Starting configmap/secret informers"
time="2026-06-05T15:43:53+02:00" level=info msg="secrets informer cancelled"
time="2026-06-05T15:43:53+02:00" level=info msg="configmap informer cancelled"
time="2026-06-05T15:43:53+02:00" level=info msg="Initialized TLS certificate"
time="2026-06-05T15:43:53+02:00" level=info msg="Starting configmap/secret informers"
time="2026-06-05T15:43:53+02:00" level=info msg="secrets informer cancelled"
time="2026-06-05T15:43:53+02:00" level=info msg="configmap informer cancelled"
time="2026-06-05T15:43:53+02:00" level=info msg="Initialized TLS certificate"
time="2026-06-05T15:43:53+02:00" level=info msg="Starting configmap/secret informers"
time="2026-06-05T15:43:53+02:00" level=info msg="secrets informer cancelled"
time="2026-06-05T15:43:53+02:00" level=info msg="configmap informer cancelled"
time="2026-06-05T15:43:53+02:00" level=info msg="Initialized TLS certificate"
time="2026-06-05T15:43:53+02:00" level=info msg="Starting configmap/secret informers"
time="2026-06-05T15:43:53+02:00" level=info msg="configmap informer cancelled"
time="2026-06-05T15:43:53+02:00" level=info msg="Initialized TLS certificate"
time="2026-06-05T15:43:53+02:00" level=info msg="Starting configmap/secret informers"
time="2026-06-05T15:43:53+02:00" level=info msg="configmap informer cancelled"
time="2026-06-05T15:43:53+02:00" level=info msg="Initialized TLS certificate"
time="2026-06-05T15:43:53+02:00" level=info msg="Starting configmap/secret informers"
time="2026-06-05T15:43:53+02:00" level=info msg="configmap informer cancelled"
time="2026-06-05T15:43:53+02:00" level=info msg="Initialized TLS certificate"
time="2026-06-05T15:43:53+02:00" level=info msg="Starting configmap/secret informers"
time="2026-06-05T15:43:53+02:00" level=info msg="configmap informer cancelled"
time="2026-06-05T15:43:53+02:00" level=info msg="Initialized TLS certificate"
time="2026-06-05T15:43:53+02:00" level=info msg="Starting configmap/secret informers"
time="2026-06-05T15:43:53+02:00" level=info msg="secrets informer cancelled"
time="2026-06-05T15:43:53+02:00" level=info msg="configmap informer cancelled"
time="2026-06-05T15:43:53+02:00" level=info msg="Initialized TLS certificate"
time="2026-06-05T15:43:53+02:00" level=info msg="Starting configmap/secret informers"
time="2026-06-05T15:43:53+02:00" level=info msg="configmap informer cancelled"
time="2026-06-05T15:43:53+02:00" level=info msg="Initialized TLS certificate"
time="2026-06-05T15:43:53+02:00" level=info msg="Starting configmap/secret informers"
time="2026-06-05T15:43:53+02:00" level=info msg="configmap informer cancelled"
time="2026-06-05T15:43:53+02:00" level=info msg="Initialized TLS certificate"
time="2026-06-05T15:43:53+02:00" level=info msg="Starting configmap/secret informers"
time="2026-06-05T15:43:53+02:00" level=info msg="secrets informer cancelled"
time="2026-06-05T15:43:53+02:00" level=info msg="configmap informer cancelled"
time="2026-06-05T15:43:53+02:00" level=info msg="Configmap/secret informer synced"
time="2026-06-05T15:43:53+02:00" level=info msg="secrets informer cancelled"
time="2026-06-05T15:43:53+02:00" level=info msg="Initialized TLS certificate"
time="2026-06-05T15:43:53+02:00" level=info msg="Starting configmap/secret informers"
time="2026-06-05T15:43:53+02:00" level=info msg="configmap informer cancelled"
time="2026-06-05T15:43:53+02:00" level=info msg="Configmap/secret informer synced"
time="2026-06-05T15:43:53+02:00" level=warning msg="config referenced '$oidc.okta.clientSecret', but key does not exist in secret"
time="2026-06-05T15:43:53+02:00" level=info msg="Configmap/secret informer synced"
time="2026-06-05T15:43:53+02:00" level=info msg="Configmap/secret informer synced"
time="2026-06-05T15:43:53+02:00" level=info msg="Configmap/secret informer synced"
time="2026-06-05T15:43:53+02:00" level=info msg="secrets informer cancelled"
time="2026-06-05T15:43:53+02:00" level=warning msg="config referenced '$oidc.okta.clientSecret', but key does not exist in secret"
time="2026-06-05T15:43:53+02:00" level=info msg="Configmap/secret informer synced"
time="2026-06-05T15:43:53+02:00" level=info msg="secrets informer cancelled"
time="2026-06-05T15:43:53+02:00" level=warning msg="config referenced '$oidc.okta.clientSecret', but key does not exist in secret"
time="2026-06-05T15:43:53+02:00" level=info msg="Creating client app (argo-cd)"
time="2026-06-05T15:43:53+02:00" level=info msg="Initializing OIDC provider (issuer: http://127.0.0.1:33835/api/dex)"
time="2026-06-05T15:43:53+02:00" level=info msg="OIDC supported scopes: [openid email groups profile offline_access]"
time="2026-06-05T15:43:53+02:00" level=warning msg="Failed to verify token: failed to verify token: oidc: token is expired (Token Expiry: 2026-06-05 15:43:53 +0200 CEST)"
time="2026-06-05T15:43:53+02:00" level=info msg="Configmap/secret informer synced"
time="2026-06-05T15:43:53+02:00" level=info msg="secrets informer cancelled"
time="2026-06-05T15:43:53+02:00" level=info msg="Creating client app (argo-cd)"
time="2026-06-05T15:43:53+02:00" level=info msg="Initializing OIDC provider (issuer: http://127.0.0.1:33891/api/dex)"
time="2026-06-05T15:43:53+02:00" level=warning msg="config referenced '$oidc.okta.clientSecret', but key does not exist in secret"
time="2026-06-05T15:43:53+02:00" level=warning msg="config referenced '$oidc.okta.clientSecret', but key does not exist in secret"
time="2026-06-05T15:43:53+02:00" level=warning msg="config referenced '$oidc.okta.clientSecret', but key does not exist in secret"
time="2026-06-05T15:43:53+02:00" level=info msg="OIDC supported scopes: [openid email groups profile offline_access]"
time="2026-06-05T15:43:53+02:00" level=warning msg="config referenced '$oidc.okta.clientSecret', but key does not exist in secret"
time="2026-06-05T15:43:53+02:00" level=warning msg="Failed to verify token: failed to verify token: token verification failed for all audiences: error for aud \"argo-cd\": oidc: malformed jwt: go-jose/go-jose: unexpected signature algorithm \"HS256\"; expected [\"RS256\"], error for aud \"argo-cd-cli\": oidc: expected audience \"argo-cd-cli\" got [\"argo-cd\"]"
time="2026-06-05T15:43:53+02:00" level=info msg="Creating client app (argo-cd)"
time="2026-06-05T15:43:53+02:00" level=warning msg="config referenced '$oidc.okta.clientSecret', but key does not exist in secret"
time="2026-06-05T15:43:53+02:00" level=warning msg="config referenced '$oidc.okta.clientSecret', but key does not exist in secret"
time="2026-06-05T15:43:53+02:00" level=warning msg="config referenced '$oidc.okta.clientSecret', but key does not exist in secret"
time="2026-06-05T15:43:53+02:00" level=warning msg="config referenced '$oidc.okta.clientSecret', but key does not exist in secret"
time="2026-06-05T15:43:53+02:00" level=info msg="Initializing OIDC provider (issuer: https://127.0.0.1:34303)"
time="2026-06-05T15:43:53+02:00" level=warning msg="config referenced '$oidc.okta.clientSecret', but key does not exist in secret"
time="2026-06-05T15:43:53+02:00" level=warning msg="config referenced '$oidc.okta.clientSecret', but key does not exist in secret"
time="2026-06-05T15:43:53+02:00" level=warning msg="config referenced '$oidc.okta.clientSecret', but key does not exist in secret"
time="2026-06-05T15:43:53+02:00" level=warning msg="config referenced '$oidc.okta.clientSecret', but key does not exist in secret"
time="2026-06-05T15:43:53+02:00" level=info msg="Creating client app (argo-cd)"
time="2026-06-05T15:43:53+02:00" level=warning msg="config referenced '$oidc.okta.clientSecret', but key does not exist in secret"
time="2026-06-05T15:43:53+02:00" level=warning msg="config referenced '$oidc.okta.clientSecret', but key does not exist in secret"
time="2026-06-05T15:43:53+02:00" level=warning msg="config referenced '$oidc.okta.clientSecret', but key does not exist in secret"
time="2026-06-05T15:43:53+02:00" level=warning msg="config referenced '$oidc.okta.clientSecret', but key does not exist in secret"
time="2026-06-05T15:43:53+02:00" level=info msg="Initializing OIDC provider (issuer: https://127.0.0.1:41085)"
time="2026-06-05T15:43:53+02:00" level=info msg="OIDC supported scopes: [openid]"
time="2026-06-05T15:43:53+02:00" level=warning msg="Failed to verify token: failed to verify token: token verification failed for all audiences: error for aud \"argo-cd\": oidc: malformed jwt: go-jose/go-jose: unexpected signature algorithm \"HS256\"; expected [\"RS512\"]"
time="2026-06-05T15:43:53+02:00" level=info msg="Creating client app (argo-cd)"
time="2026-06-05T15:43:53+02:00" level=info msg="OIDC supported scopes: [openid]"
time="2026-06-05T15:43:53+02:00" level=warning msg="Failed to verify token: failed to verify token: token verification failed for all audiences: error for aud \"argo-cd\": oidc: malformed jwt: go-jose/go-jose: unexpected signature algorithm \"HS256\"; expected [\"RS512\"]"
time="2026-06-05T15:43:53+02:00" level=info msg="Initializing OIDC provider (issuer: http://127.0.0.1:41941/api/dex)"
time="2026-06-05T15:43:53+02:00" level=info msg="OIDC supported scopes: [openid email groups profile offline_access]"
time="2026-06-05T15:43:53+02:00" level=warning msg="Failed to verify token: failed to verify token: oidc: invalid configuration, clientID must be provided or SkipClientIDCheck must be set"
time="2026-06-05T15:43:53+02:00" level=info msg="Configmap/secret informer synced"
time="2026-06-05T15:43:53+02:00" level=info msg="secrets informer cancelled"
time="2026-06-05T15:43:53+02:00" level=info msg="Initialized TLS certificate"
time="2026-06-05T15:43:53+02:00" level=info msg="Starting configmap/secret informers"
time="2026-06-05T15:43:53+02:00" level=info msg="secrets informer cancelled"
time="2026-06-05T15:43:53+02:00" level=info msg="configmap informer cancelled"
time="2026-06-05T15:43:53+02:00" level=warning msg="config referenced '$oidc.okta.clientSecret', but key does not exist in secret"
time="2026-06-05T15:43:53+02:00" level=warning msg="config referenced '$oidc.okta.clientSecret', but key does not exist in secret"
time="2026-06-05T15:43:53+02:00" level=warning msg="config referenced '$oidc.okta.clientSecret', but key does not exist in secret"
time="2026-06-05T15:43:53+02:00" level=warning msg="config referenced '$oidc.okta.clientSecret', but key does not exist in secret"
time="2026-06-05T15:43:53+02:00" level=info msg="Creating client app (argo-cd)"
time="2026-06-05T15:43:53+02:00" level=warning msg="config referenced '$oidc.okta.clientSecret', but key does not exist in secret"
time="2026-06-05T15:43:53+02:00" level=warning msg="config referenced '$oidc.okta.clientSecret', but key does not exist in secret"
time="2026-06-05T15:43:53+02:00" level=warning msg="config referenced '$oidc.okta.clientSecret', but key does not exist in secret"
time="2026-06-05T15:43:53+02:00" level=warning msg="config referenced '$oidc.okta.clientSecret', but key does not exist in secret"
time="2026-06-05T15:43:53+02:00" level=info msg="Initializing OIDC provider (issuer: https://127.0.0.1:33639)"
time="2026-06-05T15:43:53+02:00" level=info msg="OIDC supported scopes: [openid]"
time="2026-06-05T15:43:53+02:00" level=warning msg="Failed to verify token: failed to verify token: oidc: invalid configuration, clientID must be provided or SkipClientIDCheck must be set"
time="2026-06-05T15:43:53+02:00" level=info msg="Configmap/secret informer synced"
time="2026-06-05T15:43:53+02:00" level=warning msg="config referenced '$oidc.okta.clientSecret', but key does not exist in secret"
time="2026-06-05T15:43:53+02:00" level=info msg="Creating client app (argo-cd)"
time="2026-06-05T15:43:53+02:00" level=info msg="Initializing OIDC provider (issuer: http://127.0.0.1:38883/api/dex)"
time="2026-06-05T15:43:53+02:00" level=info msg="OIDC supported scopes: [openid email groups profile offline_access]"
time="2026-06-05T15:43:53+02:00" level=warning msg="Failed to verify token: failed to verify token: token verification failed for all audiences: error for aud \"argo-cd\": oidc: malformed jwt: go-jose/go-jose: unexpected signature algorithm \"HS256\"; expected [\"RS256\"], error for aud \"argo-cd-cli\": oidc: expected audience \"argo-cd-cli\" got [\"argo-cd\"]"
time="2026-06-05T15:43:53+02:00" level=info msg="Configmap/secret informer synced"
time="2026-06-05T15:43:53+02:00" level=info msg="secrets informer cancelled"
time="2026-06-05T15:43:53+02:00" level=info msg="Configmap/secret informer synced"
time="2026-06-05T15:43:53+02:00" level=info msg="secrets informer cancelled"
time="2026-06-05T15:43:53+02:00" level=warning msg="config referenced '$oidc.okta.clientSecret', but key does not exist in secret"
time="2026-06-05T15:43:53+02:00" level=info msg="Creating client app (argo-cd)"
time="2026-06-05T15:43:53+02:00" level=info msg="Initializing OIDC provider (issuer: http://127.0.0.1:33497/api/dex)"
time="2026-06-05T15:43:53+02:00" level=info msg="OIDC supported scopes: [openid email groups profile offline_access]"
time="2026-06-05T15:43:53+02:00" level=warning msg="Failed to verify token: failed to verify token: oidc: token is expired (Token Expiry: 2026-06-05 15:43:53 +0200 CEST)"
time="2026-06-05T15:43:53+02:00" level=info msg="Configmap/secret informer synced"
time="2026-06-05T15:43:53+02:00" level=warning msg="config referenced '$oidc.okta.clientSecret', but key does not exist in secret"
time="2026-06-05T15:43:53+02:00" level=warning msg="config referenced '$oidc.okta.clientSecret', but key does not exist in secret"
time="2026-06-05T15:43:53+02:00" level=warning msg="config referenced '$oidc.okta.clientSecret', but key does not exist in secret"
time="2026-06-05T15:43:53+02:00" level=warning msg="config referenced '$oidc.okta.clientSecret', but key does not exist in secret"
time="2026-06-05T15:43:53+02:00" level=info msg="Creating client app (argo-cd)"
time="2026-06-05T15:43:53+02:00" level=warning msg="config referenced '$oidc.okta.clientSecret', but key does not exist in secret"
time="2026-06-05T15:43:53+02:00" level=warning msg="config referenced '$oidc.okta.clientSecret', but key does not exist in secret"
time="2026-06-05T15:43:53+02:00" level=warning msg="config referenced '$oidc.okta.clientSecret', but key does not exist in secret"
time="2026-06-05T15:43:53+02:00" level=warning msg="config referenced '$oidc.okta.clientSecret', but key does not exist in secret"
time="2026-06-05T15:43:53+02:00" level=info msg="Initializing OIDC provider (issuer: https://127.0.0.1:41927)"
time="2026-06-05T15:43:53+02:00" level=info msg="OIDC supported scopes: [openid]"
time="2026-06-05T15:43:53+02:00" level=info msg="Creating client app (argo-cd)"
time="2026-06-05T15:43:53+02:00" level=warning msg="Failed to verify token: failed to verify token: oidc: invalid configuration, clientID must be provided or SkipClientIDCheck must be set"
time="2026-06-05T15:43:53+02:00" level=info msg="Initializing OIDC provider (issuer: http://127.0.0.1:40601/api/dex)"
time="2026-06-05T15:43:53+02:00" level=info msg="OIDC supported scopes: [openid email groups profile offline_access]"
time="2026-06-05T15:43:53+02:00" level=warning msg="Failed to verify token: failed to verify token: oidc: invalid configuration, clientID must be provided or SkipClientIDCheck must be set"
time="2026-06-05T15:43:53+02:00" level=info msg="Configmap/secret informer synced"
time="2026-06-05T15:43:53+02:00" level=info msg="secrets informer cancelled"
time="2026-06-05T15:43:53+02:00" level=warning msg="config referenced '$oidc.okta.clientSecret', but key does not exist in secret"
time="2026-06-05T15:43:53+02:00" level=warning msg="config referenced '$oidc.okta.clientSecret', but key does not exist in secret"
time="2026-06-05T15:43:53+02:00" level=warning msg="config referenced '$oidc.okta.clientSecret', but key does not exist in secret"
time="2026-06-05T15:43:53+02:00" level=warning msg="config referenced '$oidc.okta.clientSecret', but key does not exist in secret"
time="2026-06-05T15:43:53+02:00" level=warning msg="config referenced '$oidc.okta.clientSecret', but key does not exist in secret"
time="2026-06-05T15:43:53+02:00" level=info msg="Creating client app (argo-cd)"
time="2026-06-05T15:43:53+02:00" level=warning msg="config referenced '$oidc.okta.clientSecret', but key does not exist in secret"
time="2026-06-05T15:43:53+02:00" level=warning msg="config referenced '$oidc.okta.clientSecret', but key does not exist in secret"
time="2026-06-05T15:43:53+02:00" level=warning msg="config referenced '$oidc.okta.clientSecret', but key does not exist in secret"
time="2026-06-05T15:43:53+02:00" level=warning msg="config referenced '$oidc.okta.clientSecret', but key does not exist in secret"
time="2026-06-05T15:43:53+02:00" level=info msg="Initializing OIDC provider (issuer: https://127.0.0.1:43799)"
time="2026-06-05T15:43:53+02:00" level=info msg="Creating client app (argo-cd)"
time="2026-06-05T15:43:53+02:00" level=info msg="Initializing OIDC provider (issuer: http://127.0.0.1:41397/api/dex)"
time="2026-06-05T15:43:53+02:00" level=info msg="OIDC supported scopes: [openid email groups profile offline_access]"
time="2026-06-05T15:43:53+02:00" level=warning msg="Failed to verify token: failed to verify token: token verification failed for all audiences: error for aud \"argo-cd\": oidc: expected audience \"argo-cd\" got [\"incorrect-audience\"], error for aud \"argo-cd-cli\": oidc: expected audience \"argo-cd-cli\" got [\"incorrect-audience\"]"
time="2026-06-05T15:43:53+02:00" level=info msg="OIDC supported scopes: [openid]"
time="2026-06-05T15:43:53+02:00" level=warning msg="Failed to verify token: failed to verify token: oidc: token is expired (Token Expiry: 2026-06-05 15:43:53 +0200 CEST)"
time="2026-06-05T15:43:53+02:00" level=warning msg="config referenced '$oidc.okta.clientSecret', but key does not exist in secret"
time="2026-06-05T15:43:53+02:00" level=warning msg="config referenced '$oidc.okta.clientSecret', but key does not exist in secret"
time="2026-06-05T15:43:53+02:00" level=warning msg="config referenced '$oidc.okta.clientSecret', but key does not exist in secret"
time="2026-06-05T15:43:53+02:00" level=warning msg="config referenced '$oidc.okta.clientSecret', but key does not exist in secret"
time="2026-06-05T15:43:53+02:00" level=info msg="Creating client app (argo-cd)"
time="2026-06-05T15:43:53+02:00" level=warning msg="config referenced '$oidc.okta.clientSecret', but key does not exist in secret"
time="2026-06-05T15:43:53+02:00" level=warning msg="config referenced '$oidc.okta.clientSecret', but key does not exist in secret"
time="2026-06-05T15:43:53+02:00" level=warning msg="config referenced '$oidc.okta.clientSecret', but key does not exist in secret"
time="2026-06-05T15:43:53+02:00" level=warning msg="config referenced '$oidc.okta.clientSecret', but key does not exist in secret"
time="2026-06-05T15:43:53+02:00" level=info msg="Initializing OIDC provider (issuer: https://127.0.0.1:34865)"
time="2026-06-05T15:43:53+02:00" level=info msg="OIDC supported scopes: [openid]"
time="2026-06-05T15:43:53+02:00" level=warning msg="Failed to verify token: failed to verify token: token verification failed for all audiences: error for aud \"argo-cd\": oidc: expected audience \"argo-cd\" got [\"incorrect-audience\"]"
time="2026-06-05T15:43:53+02:00" level=info msg="Configmap/secret informer synced"
time="2026-06-05T15:43:53+02:00" level=warning msg="config referenced '$oidc.okta.clientSecret', but key does not exist in secret"
time="2026-06-05T15:43:53+02:00" level=warning msg="config referenced '$oidc.okta.clientSecret', but key does not exist in secret"
time="2026-06-05T15:43:53+02:00" level=warning msg="config referenced '$oidc.okta.clientSecret', but key does not exist in secret"
time="2026-06-05T15:43:53+02:00" level=warning msg="config referenced '$oidc.okta.clientSecret', but key does not exist in secret"
time="2026-06-05T15:43:53+02:00" level=warning msg="config referenced '$oidc.okta.clientSecret', but key does not exist in secret"
time="2026-06-05T15:43:53+02:00" level=info msg="Creating client app (argo-cd)"
time="2026-06-05T15:43:53+02:00" level=warning msg="config referenced '$oidc.okta.clientSecret', but key does not exist in secret"
time="2026-06-05T15:43:53+02:00" level=warning msg="config referenced '$oidc.okta.clientSecret', but key does not exist in secret"
time="2026-06-05T15:43:53+02:00" level=warning msg="config referenced '$oidc.okta.clientSecret', but key does not exist in secret"
time="2026-06-05T15:43:53+02:00" level=warning msg="config referenced '$oidc.okta.clientSecret', but key does not exist in secret"
time="2026-06-05T15:43:53+02:00" level=info msg="Initializing OIDC provider (issuer: https://127.0.0.1:34255)"
time="2026-06-05T15:43:53+02:00" level=info msg="OIDC supported scopes: [openid]"
time="2026-06-05T15:43:53+02:00" level=warning msg="Failed to verify token: failed to verify token: oidc: token is expired (Token Expiry: 2026-06-05 15:43:53 +0200 CEST)"
time="2026-06-05T15:43:53+02:00" level=info msg="Starting configmap/secret informers"
time="2026-06-05T15:43:53+02:00" level=info msg="Starting configmap/secret informers"
time="2026-06-05T15:43:54+02:00" level=info msg="Configmap/secret informer synced"
time="2026-06-05T15:43:54+02:00" level=info msg="Configmap/secret informer synced"
time="2026-06-05T15:43:54+02:00" level=info msg="Initialized admin mtime"
time="2026-06-05T15:43:54+02:00" level=info msg="Initialized admin mtime"
time="2026-06-05T15:43:54+02:00" level=info msg="Starting configmap/secret informers"
time="2026-06-05T15:43:54+02:00" level=info msg="secrets informer cancelled"
time="2026-06-05T15:43:54+02:00" level=info msg="Starting configmap/secret informers"
time="2026-06-05T15:43:54+02:00" level=info msg="configmap informer cancelled"
time="2026-06-05T15:43:54+02:00" level=info msg="configmap informer cancelled"
time="2026-06-05T15:43:54+02:00" level=info msg="Configmap/secret informer synced"
time="2026-06-05T15:43:54+02:00" level=info msg="secrets informer cancelled"
time="2026-06-05T15:43:54+02:00" level=info msg="Configmap/secret informer synced"
time="2026-06-05T15:43:54+02:00" level=info msg="Initialized TLS certificate"
time="2026-06-05T15:43:54+02:00" level=info msg="Starting configmap/secret informers"
time="2026-06-05T15:43:54+02:00" level=info msg="configmap informer cancelled"
time="2026-06-05T15:43:54+02:00" level=info msg="Initialized TLS certificate"
time="2026-06-05T15:43:54+02:00" level=info msg="Starting configmap/secret informers"
time="2026-06-05T15:43:54+02:00" level=info msg="configmap informer cancelled"
time="2026-06-05T15:43:54+02:00" level=info msg="Configmap/secret informer synced"
time="2026-06-05T15:43:54+02:00" level=info msg="secrets informer cancelled"
time="2026-06-05T15:43:54+02:00" level=info msg="Creating client app (argo-cd)"
time="2026-06-05T15:43:54+02:00" level=info msg="Configmap/secret informer synced"
time="2026-06-05T15:43:54+02:00" level=info msg="secrets informer cancelled"
time="2026-06-05T15:43:54+02:00" level=info msg="Creating client app (argo-cd)"
time="2026-06-05T15:43:54+02:00" level=info msg="Starting configmap/secret informers"
time="2026-06-05T15:43:54+02:00" level=info msg="Starting configmap/secret informers"
time="2026-06-05T15:43:54+02:00" level=info msg="Configmap/secret informer synced"
time="2026-06-05T15:43:54+02:00" level=info msg="Initialized admin mtime"
time="2026-06-05T15:43:54+02:00" level=info msg="Configmap/secret informer synced"
time="2026-06-05T15:43:54+02:00" level=info msg="secrets informer cancelled"
time="2026-06-05T15:43:54+02:00" level=info msg="configmap informer cancelled"
time="2026-06-05T15:43:54+02:00" level=info msg="Starting configmap/secret informers"
time="2026-06-05T15:43:54+02:00" level=info msg="Initialized admin mtime"
time="2026-06-05T15:43:54+02:00" level=info msg="Starting configmap/secret informers"
time="2026-06-05T15:43:54+02:00" level=info msg="configmap informer cancelled"
time="2026-06-05T15:43:54+02:00" level=info msg="Configmap/secret informer synced"
time="2026-06-05T15:43:54+02:00" level=info msg="secrets informer cancelled"
time="2026-06-05T15:43:54+02:00" level=info msg="Configmap/secret informer synced"
time="2026-06-05T15:43:54+02:00" level=info msg="Initialized TLS certificate"
time="2026-06-05T15:43:54+02:00" level=info msg="Starting configmap/secret informers"
time="2026-06-05T15:43:54+02:00" level=info msg="configmap informer cancelled"
time="2026-06-05T15:43:54+02:00" level=info msg="secrets informer cancelled"
time="2026-06-05T15:43:54+02:00" level=info msg="Initialized TLS certificate"
time="2026-06-05T15:43:54+02:00" level=info msg="Starting configmap/secret informers"
time="2026-06-05T15:43:54+02:00" level=info msg="configmap informer cancelled"
time="2026-06-05T15:43:54+02:00" level=info msg="secrets informer cancelled"
time="2026-06-05T15:43:54+02:00" level=info msg="Configmap/secret informer synced"
time="2026-06-05T15:43:54+02:00" level=info msg="Creating client app ()"
time="2026-06-05T15:43:54+02:00" level=info msg="Configmap/secret informer synced"
time="2026-06-05T15:43:54+02:00" level=info msg="Creating client app ()"
time="2026-06-05T15:43:54+02:00" level=info msg="Starting configmap/secret informers"
time="2026-06-05T15:43:54+02:00" level=info msg="Starting configmap/secret informers"
time="2026-06-05T15:43:54+02:00" level=info msg="Starting configmap/secret informers"
time="2026-06-05T15:43:54+02:00" level=info msg="Starting configmap/secret informers"
time="2026-06-05T15:43:54+02:00" level=info msg="Starting configmap/secret informers"
time="2026-06-05T15:43:54+02:00" level=info msg="Starting configmap/secret informers"
time="2026-06-05T15:43:54+02:00" level=info msg="Starting configmap/secret informers"
time="2026-06-05T15:43:54+02:00" level=info msg="Starting configmap/secret informers"
time="2026-06-05T15:43:54+02:00" level=info msg="Starting configmap/secret informers"
time="2026-06-05T15:43:54+02:00" level=info msg="Starting configmap/secret informers"
time="2026-06-05T15:43:54+02:00" level=info msg="Configmap/secret informer synced"
time="2026-06-05T15:43:54+02:00" level=info msg="Initialized admin mtime"
time="2026-06-05T15:43:54+02:00" level=info msg="Starting configmap/secret informers"
time="2026-06-05T15:43:54+02:00" level=info msg="configmap informer cancelled"
time="2026-06-05T15:43:54+02:00" level=info msg="Configmap/secret informer synced"
time="2026-06-05T15:43:54+02:00" level=info msg="Initialized admin mtime"
time="2026-06-05T15:43:54+02:00" level=info msg="Configmap/secret informer synced"
time="2026-06-05T15:43:54+02:00" level=info msg="Starting configmap/secret informers"
time="2026-06-05T15:43:54+02:00" level=info msg="Configmap/secret informer synced"
time="2026-06-05T15:43:54+02:00" level=info msg="Initialized admin mtime"
time="2026-06-05T15:43:54+02:00" level=info msg="Starting configmap/secret informers"
time="2026-06-05T15:43:54+02:00" level=info msg="Initialized admin mtime"
time="2026-06-05T15:43:54+02:00" level=info msg="configmap informer cancelled"
time="2026-06-05T15:43:54+02:00" level=info msg="configmap informer cancelled"
time="2026-06-05T15:43:54+02:00" level=info msg="secrets informer cancelled"
time="2026-06-05T15:43:54+02:00" level=info msg="Configmap/secret informer synced"
time="2026-06-05T15:43:54+02:00" level=info msg="Initialized admin mtime"
time="2026-06-05T15:43:54+02:00" level=info msg="Starting configmap/secret informers"
time="2026-06-05T15:43:54+02:00" level=info msg="Starting configmap/secret informers"
time="2026-06-05T15:43:54+02:00" level=info msg="Configmap/secret informer synced"
time="2026-06-05T15:43:54+02:00" level=info msg="Initialized admin mtime"
time="2026-06-05T15:43:54+02:00" level=info msg="Configmap/secret informer synced"
time="2026-06-05T15:43:54+02:00" level=info msg="Starting configmap/secret informers"
time="2026-06-05T15:43:54+02:00" level=info msg="Initialized admin mtime"
time="2026-06-05T15:43:54+02:00" level=info msg="configmap informer cancelled"
time="2026-06-05T15:43:54+02:00" level=info msg="Starting configmap/secret informers"
time="2026-06-05T15:43:54+02:00" level=info msg="secrets informer cancelled"
time="2026-06-05T15:43:54+02:00" level=info msg="configmap informer cancelled"
time="2026-06-05T15:43:54+02:00" level=info msg="configmap informer cancelled"
time="2026-06-05T15:43:54+02:00" level=info msg="configmap informer cancelled"
time="2026-06-05T15:43:54+02:00" level=info msg="Configmap/secret informer synced"
time="2026-06-05T15:43:54+02:00" level=info msg="Configmap/secret informer synced"
time="2026-06-05T15:43:54+02:00" level=info msg="Initialized admin mtime"
time="2026-06-05T15:43:54+02:00" level=info msg="Configmap/secret informer synced"
time="2026-06-05T15:43:54+02:00" level=info msg="configmap informer cancelled"
time="2026-06-05T15:43:54+02:00" level=info msg="Initialized admin mtime"
time="2026-06-05T15:43:54+02:00" level=info msg="Starting configmap/secret informers"
time="2026-06-05T15:43:54+02:00" level=info msg="Starting configmap/secret informers"
time="2026-06-05T15:43:54+02:00" level=info msg="secrets informer cancelled"
time="2026-06-05T15:43:54+02:00" level=info msg="Initialized admin mtime"
time="2026-06-05T15:43:54+02:00" level=info msg="configmap informer cancelled"
time="2026-06-05T15:43:54+02:00" level=info msg="secrets informer cancelled"
time="2026-06-05T15:43:54+02:00" level=info msg="configmap informer cancelled"
time="2026-06-05T15:43:54+02:00" level=info msg="Starting configmap/secret informers"
time="2026-06-05T15:43:54+02:00" level=info msg="Configmap/secret informer synced"
time="2026-06-05T15:43:54+02:00" level=info msg="Configmap/secret informer synced"
time="2026-06-05T15:43:54+02:00" level=info msg="Configmap/secret informer synced"
time="2026-06-05T15:43:54+02:00" level=info msg="Configmap/secret informer synced"
time="2026-06-05T15:43:54+02:00" level=info msg="Configmap/secret informer synced"
time="2026-06-05T15:43:54+02:00" level=info msg="Configmap/secret informer synced"
time="2026-06-05T15:43:54+02:00" level=info msg="Configmap/secret informer synced"
time="2026-06-05T15:43:54+02:00" level=info msg="secrets informer cancelled"
time="2026-06-05T15:43:54+02:00" level=info msg="secrets informer cancelled"
time="2026-06-05T15:43:54+02:00" level=info msg="Configmap/secret informer synced"
time="2026-06-05T15:43:54+02:00" level=info msg="secrets informer cancelled"
time="2026-06-05T15:43:54+02:00" level=info msg="Configmap/secret informer synced"
time="2026-06-05T15:43:54+02:00" level=info msg="secrets informer cancelled"
time="2026-06-05T15:43:54+02:00" level=info msg="Configmap/secret informer synced"
time="2026-06-05T15:43:54+02:00" level=info msg="secrets informer cancelled"
time="2026-06-05T15:43:54+02:00" level=info msg="secrets informer cancelled"
time="2026-06-05T15:43:54+02:00" level=info msg="Initialized TLS certificate"
time="2026-06-05T15:43:54+02:00" level=info msg="Starting configmap/secret informers"
time="2026-06-05T15:43:54+02:00" level=info msg="configmap informer cancelled"
time="2026-06-05T15:43:54+02:00" level=info msg="Initialized TLS certificate"
time="2026-06-05T15:43:54+02:00" level=info msg="Starting configmap/secret informers"
time="2026-06-05T15:43:54+02:00" level=info msg="secrets informer cancelled"
time="2026-06-05T15:43:54+02:00" level=info msg="configmap informer cancelled"
time="2026-06-05T15:43:54+02:00" level=info msg="Initialized TLS certificate"
time="2026-06-05T15:43:54+02:00" level=info msg="Starting configmap/secret informers"
time="2026-06-05T15:43:54+02:00" level=info msg="configmap informer cancelled"
time="2026-06-05T15:43:54+02:00" level=info msg="Initialized TLS certificate"
time="2026-06-05T15:43:54+02:00" level=info msg="Starting configmap/secret informers"
time="2026-06-05T15:43:54+02:00" level=info msg="configmap informer cancelled"
time="2026-06-05T15:43:54+02:00" level=info msg="Initialized TLS certificate"
time="2026-06-05T15:43:54+02:00" level=info msg="Starting configmap/secret informers"
time="2026-06-05T15:43:54+02:00" level=info msg="configmap informer cancelled"
time="2026-06-05T15:43:54+02:00" level=info msg="secrets informer cancelled"
time="2026-06-05T15:43:54+02:00" level=info msg="Initialized TLS certificate"
time="2026-06-05T15:43:54+02:00" level=info msg="Starting configmap/secret informers"
time="2026-06-05T15:43:54+02:00" level=info msg="configmap informer cancelled"
time="2026-06-05T15:43:54+02:00" level=info msg="Initialized TLS certificate"
time="2026-06-05T15:43:54+02:00" level=info msg="Starting configmap/secret informers"
time="2026-06-05T15:43:54+02:00" level=info msg="configmap informer cancelled"
time="2026-06-05T15:43:54+02:00" level=info msg="secrets informer cancelled"
time="2026-06-05T15:43:54+02:00" level=info msg="Initialized TLS certificate"
time="2026-06-05T15:43:54+02:00" level=info msg="Starting configmap/secret informers"
time="2026-06-05T15:43:54+02:00" level=info msg="configmap informer cancelled"
time="2026-06-05T15:43:54+02:00" level=info msg="Initialized TLS certificate"
time="2026-06-05T15:43:54+02:00" level=info msg="Starting configmap/secret informers"
time="2026-06-05T15:43:54+02:00" level=info msg="secrets informer cancelled"
time="2026-06-05T15:43:54+02:00" level=info msg="configmap informer cancelled"
time="2026-06-05T15:43:54+02:00" level=info msg="Initialized TLS certificate"
time="2026-06-05T15:43:54+02:00" level=info msg="Starting configmap/secret informers"
time="2026-06-05T15:43:54+02:00" level=info msg="configmap informer cancelled"
time="2026-06-05T15:43:55+02:00" level=info msg="Configmap/secret informer synced"
time="2026-06-05T15:43:55+02:00" level=info msg="secrets informer cancelled"
time="2026-06-05T15:43:55+02:00" level=info msg="Configmap/secret informer synced"
time="2026-06-05T15:43:55+02:00" level=info msg="Configmap/secret informer synced"
time="2026-06-05T15:43:55+02:00" level=info msg="secrets informer cancelled"
time="2026-06-05T15:43:55+02:00" level=info msg="Configmap/secret informer synced"
time="2026-06-05T15:43:55+02:00" level=info msg="secrets informer cancelled"
time="2026-06-05T15:43:55+02:00" level=info msg="Configmap/secret informer synced"
time="2026-06-05T15:43:55+02:00" level=info msg="Configmap/secret informer synced"
time="2026-06-05T15:43:55+02:00" level=info msg="secrets informer cancelled"
time="2026-06-05T15:43:55+02:00" level=info msg="Configmap/secret informer synced"
time="2026-06-05T15:43:55+02:00" level=info msg="Configmap/secret informer synced"
time="2026-06-05T15:43:55+02:00" level=info msg="secrets informer cancelled"
time="2026-06-05T15:43:55+02:00" level=info msg="Creating client app (argo-cd)"
time="2026-06-05T15:43:55+02:00" level=info msg="Initializing OIDC provider (issuer: http://127.0.0.1:42353/api/dex)"
time="2026-06-05T15:43:55+02:00" level=info msg="OIDC supported scopes: [openid email groups profile offline_access]"
time="2026-06-05T15:43:55+02:00" level=warning msg="Failed to verify token: failed to verify token: oidc: id token issued by a different provider, expected \"http://127.0.0.1:42353/api/dex\" got \"\""
time="2026-06-05T15:43:55+02:00" level=info msg="Creating client app (argo-cd)"
time="2026-06-05T15:43:55+02:00" level=info msg="Initializing OIDC provider (issuer: http://127.0.0.1:34747/api/dex)"
time="2026-06-05T15:43:55+02:00" level=info msg="OIDC supported scopes: [openid email groups profile offline_access]"
time="2026-06-05T15:43:55+02:00" level=warning msg="Failed to verify token: failed to verify token: oidc: id token issued by a different provider, expected \"http://127.0.0.1:34747/api/dex\" got \"\""
time="2026-06-05T15:43:55+02:00" level=info msg="Creating client app (argo-cd)"
time="2026-06-05T15:43:55+02:00" level=info msg="Creating client app (argo-cd)"
time="2026-06-05T15:43:55+02:00" level=info msg="Configmap/secret informer synced"
time="2026-06-05T15:43:55+02:00" level=info msg="Initializing OIDC provider (issuer: http://127.0.0.1:46537/api/dex)"
time="2026-06-05T15:43:55+02:00" level=info msg="OIDC supported scopes: [openid email groups profile offline_access]"
time="2026-06-05T15:43:55+02:00" level=warning msg="Failed to verify token: failed to verify token: oidc: id token issued by a different provider, expected \"http://127.0.0.1:46537/api/dex\" got \"\""
time="2026-06-05T15:43:55+02:00" level=info msg="Configmap/secret informer synced"
time="2026-06-05T15:43:55+02:00" level=info msg="secrets informer cancelled"
time="2026-06-05T15:43:55+02:00" level=info msg="Creating client app (argo-cd)"
time="2026-06-05T15:43:55+02:00" level=info msg="Creating client app (argo-cd)"
time="2026-06-05T15:43:55+02:00" level=info msg="Creating client app (argo-cd)"
time="2026-06-05T15:43:55+02:00" level=info msg="Creating client app (argo-cd)"
time="2026-06-05T15:43:55+02:00" level=info msg="Creating client app (argo-cd)"
time="2026-06-05T15:43:55+02:00" level=info msg="Creating client app (argo-cd)"
time="2026-06-05T15:43:55+02:00" level=info msg="Initializing OIDC provider (issuer: http://127.0.0.1:46103/api/dex)"
time="2026-06-05T15:43:55+02:00" level=info msg="OIDC supported scopes: [openid email groups profile offline_access]"
time="2026-06-05T15:43:55+02:00" level=warning msg="Failed to verify token: failed to verify token: oidc: id token issued by a different provider, expected \"http://127.0.0.1:46103/api/dex\" got \"\""
time="2026-06-05T15:43:55+02:00" level=info msg="Starting configmap/secret informers"
time="2026-06-05T15:43:55+02:00" level=info msg="Configmap/secret informer synced"
time="2026-06-05T15:43:55+02:00" level=info msg="Initialized admin mtime"
time="2026-06-05T15:43:55+02:00" level=info msg="Starting configmap/secret informers"
time="2026-06-05T15:43:55+02:00" level=info msg="secrets informer cancelled"
time="2026-06-05T15:43:55+02:00" level=info msg="configmap informer cancelled"
time="2026-06-05T15:43:55+02:00" level=info msg="Configmap/secret informer synced"
time="2026-06-05T15:43:55+02:00" level=info msg="Initialized TLS certificate"
time="2026-06-05T15:43:55+02:00" level=info msg="Starting configmap/secret informers"
time="2026-06-05T15:43:55+02:00" level=info msg="configmap informer cancelled"
time="2026-06-05T15:43:55+02:00" level=info msg="secrets informer cancelled"
time="2026-06-05T15:43:55+02:00" level=info msg="Configmap/secret informer synced"
time="2026-06-05T15:43:55+02:00" level=info msg="Starting configmap/secret informers"
time="2026-06-05T15:43:55+02:00" level=info msg="Configmap/secret informer synced"
time="2026-06-05T15:43:55+02:00" level=info msg="Initialized admin mtime"
time="2026-06-05T15:43:55+02:00" level=info msg="Starting configmap/secret informers"
time="2026-06-05T15:43:55+02:00" level=info msg="configmap informer cancelled"
time="2026-06-05T15:43:55+02:00" level=info msg="Configmap/secret informer synced"
time="2026-06-05T15:43:55+02:00" level=info msg="secrets informer cancelled"
time="2026-06-05T15:43:55+02:00" level=info msg="Starting configmap/secret informers"
time="2026-06-05T15:43:55+02:00" level=info msg="Configmap/secret informer synced"
time="2026-06-05T15:43:55+02:00" level=info msg="Initialized admin mtime"
time="2026-06-05T15:43:55+02:00" level=info msg="Starting configmap/secret informers"
time="2026-06-05T15:43:55+02:00" level=info msg="configmap informer cancelled"
time="2026-06-05T15:43:55+02:00" level=info msg="Configmap/secret informer synced"
time="2026-06-05T15:43:55+02:00" level=info msg="secrets informer cancelled"
time="2026-06-05T15:43:55+02:00" level=info msg="Starting configmap/secret informers"
time="2026-06-05T15:43:56+02:00" level=info msg="Configmap/secret informer synced"
time="2026-06-05T15:43:56+02:00" level=info msg="Initialized admin mtime"
time="2026-06-05T15:43:56+02:00" level=info msg="Starting configmap/secret informers"
time="2026-06-05T15:43:56+02:00" level=info msg="configmap informer cancelled"
time="2026-06-05T15:43:56+02:00" level=info msg="secrets informer cancelled"
time="2026-06-05T15:43:56+02:00" level=info msg="Configmap/secret informer synced"
time="2026-06-05T15:43:56+02:00" level=info msg="Starting configmap/secret informers"
time="2026-06-05T15:43:56+02:00" level=info msg="Configmap/secret informer synced"
time="2026-06-05T15:43:56+02:00" level=info msg="Initialized admin mtime"
time="2026-06-05T15:43:56+02:00" level=info msg="Starting configmap/secret informers"
time="2026-06-05T15:43:56+02:00" level=info msg="configmap informer cancelled"
time="2026-06-05T15:43:56+02:00" level=info msg="Configmap/secret informer synced"
time="2026-06-05T15:43:56+02:00" level=info msg="secrets informer cancelled"
--- FAIL: TestCacheControlHeaders (0.82s)
    --- FAIL: TestCacheControlHeaders/main_js_bundle_does_not_exists (0.20s)
        server_test.go:1408: 
            	Error Trace:	/home/advocate/Advocate/Experiments/Advocate/helper/aplas/realWorld/argo-cd/server/server_test.go:1408
            	Error:      	Not equal: 
            	            	expected: []string{"no-cache"}
            	            	actual  : []string(nil)
            	            	
            	            	Diff:
            	            	--- Expected
            	            	+++ Actual
            	            	@@ -1,4 +1,2 @@
            	            	-([]string) (len=1) {
            	            	- (string) (len=8) "no-cache"
            	            	-}
            	            	+([]string) <nil>
            	            	 
            	Test:       	TestCacheControlHeaders/main_js_bundle_does_not_exists
FAIL
FAIL	github.com/argoproj/argo-cd/v2/server	24.365s
ok  	github.com/argoproj/argo-cd/v2/server/account	14.925s
ok  	github.com/argoproj/argo-cd/v2/server/application	37.474s
?   	github.com/argoproj/argo-cd/v2/server/application/mocks	[no test files]
ok  	github.com/argoproj/argo-cd/v2/server/applicationset	11.057s
ok  	github.com/argoproj/argo-cd/v2/server/badge	2.868s
ok  	github.com/argoproj/argo-cd/v2/server/cache	0.032s
?   	github.com/argoproj/argo-cd/v2/server/certificate	[no test files]
ok  	github.com/argoproj/argo-cd/v2/server/cluster	0.341s
ok  	github.com/argoproj/argo-cd/v2/server/deeplinks	0.033s
ok  	github.com/argoproj/argo-cd/v2/server/extension	0.039s
?   	github.com/argoproj/argo-cd/v2/server/extension/mocks	[no test files]
?   	github.com/argoproj/argo-cd/v2/server/gpgkey	[no test files]
ok  	github.com/argoproj/argo-cd/v2/server/logout	0.637s
?   	github.com/argoproj/argo-cd/v2/server/metrics	[no test files]
ok  	github.com/argoproj/argo-cd/v2/server/notification	0.245s
ok  	github.com/argoproj/argo-cd/v2/server/project	1.346s
ok  	github.com/argoproj/argo-cd/v2/server/rbacpolicy	0.433s
?   	github.com/argoproj/argo-cd/v2/server/repocreds	[no test files]
ok  	github.com/argoproj/argo-cd/v2/server/repository	0.339s
ok  	github.com/argoproj/argo-cd/v2/server/session	0.031s
?   	github.com/argoproj/argo-cd/v2/server/settings	[no test files]
?   	github.com/argoproj/argo-cd/v2/server/settings/oidc	[no test files]
?   	github.com/argoproj/argo-cd/v2/server/version	[no test files]
time="2026-06-05T15:43:33+02:00" level=info msg="kustomize build ../manifests/base/application-controller" dir= execID=866d6
--- FAIL: TestBuildManifests (0.00s)
    manifests_test.go:45: 
        	Error Trace:	/home/advocate/Advocate/Experiments/Advocate/helper/aplas/realWorld/argo-cd/test/manifests_test.go:45
        	Error:      	Received unexpected error:
        	            	exec: "kustomize": executable file not found in $PATH
        	Test:       	TestBuildManifests
FAIL
FAIL	github.com/argoproj/argo-cd/v2/test	0.027s
time="2026-06-05T15:43:33+02:00" level=fatal msg="invalid configuration: no configuration has been provided, try setting KUBERNETES_MASTER environment variable"
FAIL	github.com/argoproj/argo-cd/v2/test/e2e	0.050s
?   	github.com/argoproj/argo-cd/v2/test/e2e/fixture	[no test files]
?   	github.com/argoproj/argo-cd/v2/test/e2e/fixture/account	[no test files]
?   	github.com/argoproj/argo-cd/v2/test/e2e/fixture/admin	[no test files]
?   	github.com/argoproj/argo-cd/v2/test/e2e/fixture/admin/utils	[no test files]
?   	github.com/argoproj/argo-cd/v2/test/e2e/fixture/app	[no test files]
?   	github.com/argoproj/argo-cd/v2/test/e2e/fixture/applicationsets	[no test files]
?   	github.com/argoproj/argo-cd/v2/test/e2e/fixture/applicationsets/utils	[no test files]
?   	github.com/argoproj/argo-cd/v2/test/e2e/fixture/certs	[no test files]
?   	github.com/argoproj/argo-cd/v2/test/e2e/fixture/cluster	[no test files]
?   	github.com/argoproj/argo-cd/v2/test/e2e/fixture/gpgkeys	[no test files]
?   	github.com/argoproj/argo-cd/v2/test/e2e/fixture/notification	[no test files]
?   	github.com/argoproj/argo-cd/v2/test/e2e/fixture/project	[no test files]
?   	github.com/argoproj/argo-cd/v2/test/e2e/fixture/repos	[no test files]
?   	github.com/argoproj/argo-cd/v2/test/fixture/log	[no test files]
?   	github.com/argoproj/argo-cd/v2/test/fixture/path	[no test files]
ok  	github.com/argoproj/argo-cd/v2/test/fixture/revision_metadata	0.011s
?   	github.com/argoproj/argo-cd/v2/test/fixture/test	[no test files]
?   	github.com/argoproj/argo-cd/v2/tools/cmd-docs	[no test files]
?   	github.com/argoproj/argo-cd/v2/ui	[no test files]
ok  	github.com/argoproj/argo-cd/v2/util	0.036s
ok  	github.com/argoproj/argo-cd/v2/util/app/discovery	0.040s
ok  	github.com/argoproj/argo-cd/v2/util/app/path	0.045s
ok  	github.com/argoproj/argo-cd/v2/util/argo	1.955s
ok  	github.com/argoproj/argo-cd/v2/util/argo/diff	0.047s
ok  	github.com/argoproj/argo-cd/v2/util/argo/managedfields	0.058s
ok  	github.com/argoproj/argo-cd/v2/util/argo/normalizers	1.064s
?   	github.com/argoproj/argo-cd/v2/util/assets	[no test files]
ok  	github.com/argoproj/argo-cd/v2/util/buffered_context	0.005s
ok  	github.com/argoproj/argo-cd/v2/util/cache	0.190s
ok  	github.com/argoproj/argo-cd/v2/util/cache/appstate	0.033s
?   	github.com/argoproj/argo-cd/v2/util/cache/mocks	[no test files]
ok  	github.com/argoproj/argo-cd/v2/util/cert	0.021s
?   	github.com/argoproj/argo-cd/v2/util/cli	[no test files]
ok  	github.com/argoproj/argo-cd/v2/util/clusterauth	10.591s
ok  	github.com/argoproj/argo-cd/v2/util/cmp	0.044s
ok  	github.com/argoproj/argo-cd/v2/util/collections	0.005s
ok  	github.com/argoproj/argo-cd/v2/util/config	0.004s
ok  	github.com/argoproj/argo-cd/v2/util/crypto	0.002s
ok  	github.com/argoproj/argo-cd/v2/util/db	12.931s
?   	github.com/argoproj/argo-cd/v2/util/db/mocks	[no test files]
ok  	github.com/argoproj/argo-cd/v2/util/dex	0.032s
ok  	github.com/argoproj/argo-cd/v2/util/env	0.003s
?   	github.com/argoproj/argo-cd/v2/util/errors	[no test files]
ok  	github.com/argoproj/argo-cd/v2/util/exec	2.015s
hint: Using 'master' as the name for the initial branch. This default branch name
hint: will change to "main" in Git 3.0. To configure the initial branch name
hint: to use in all of your new repositories, which will suppress this warning,
hint: call:
hint:
hint: 	git config --global init.defaultBranch <name>
hint:
hint: Names commonly chosen instead of 'master' are 'main', 'trunk' and
hint: 'development'. The just-created branch can be renamed via this command:
hint:
hint: 	git branch -m <name>
hint:
hint: Disable this message with "git config set advice.defaultBranchName false"
Initialized empty Git repository in /tmp/404556556/.git/
[master (root-commit) ddeed1d] Initial commit
time="2026-06-05T15:43:33+02:00" level=info msg="Initializing file:///tmp/404556556 to /tmp/file____tmp_404556556"
time="2026-06-05T15:43:33+02:00" level=info msg="git fetch origin --tags --force --prune" dir=/tmp/file____tmp_404556556 execID=4d23f
time="2026-06-05T15:43:33+02:00" level=info msg=Trace args="[git fetch origin --tags --force --prune]" dir=/tmp/file____tmp_404556556 operation_name="exec git" time_ms=7.133447
hint: Using 'master' as the name for the initial branch. This default branch name
hint: will change to "main" in Git 3.0. To configure the initial branch name
hint: to use in all of your new repositories, which will suppress this warning,
hint: call:
hint:
hint: 	git config --global init.defaultBranch <name>
hint:
hint: Names commonly chosen instead of 'master' are 'main', 'trunk' and
hint: 'development'. The just-created branch can be renamed via this command:
hint:
hint: 	git branch -m <name>
hint:
hint: Disable this message with "git config set advice.defaultBranchName false"
Initialized empty Git repository in /tmp/323448648/.git/
[master (root-commit) fd09f55] Initial commit
time="2026-06-05T15:43:34+02:00" level=info msg="Initializing file:///tmp/323448648 to /tmp/file____tmp_323448648"
time="2026-06-05T15:43:34+02:00" level=info msg="git fetch origin --tags --force --prune" dir=/tmp/file____tmp_323448648 execID=c8223
time="2026-06-05T15:43:34+02:00" level=info msg=Trace args="[git fetch origin --tags --force --prune]" dir=/tmp/file____tmp_323448648 operation_name="exec git" time_ms=6.6238470000000005
Deleted branch test/foo (was fd09f55).
time="2026-06-05T15:43:34+02:00" level=info msg="git fetch origin --tags --force --prune" dir=/tmp/file____tmp_323448648 execID=3ef79
time="2026-06-05T15:43:34+02:00" level=info msg=Trace args="[git fetch origin --tags --force --prune]" dir=/tmp/file____tmp_323448648 operation_name="exec git" time_ms=4.499739
time="2026-06-05T15:43:34+02:00" level=info msg="Initializing file:///tmp/Test_IsAnnotatedTag3247787626/001 to /tmp/file____tmp_test_isannotatedtag3247787626_001"
[master (root-commit) 6a8b3af] Initial commit
 1 file changed, 1 insertion(+)
 create mode 100644 README
time="2026-06-05T15:43:34+02:00" level=info msg="git describe --exact-match master" dir=/tmp/file____tmp_test_isannotatedtag3247787626_001 execID=ace5b
time="2026-06-05T15:43:34+02:00" level=info msg=Trace args="[git describe --exact-match master]" dir=/tmp/file____tmp_test_isannotatedtag3247787626_001 operation_name="exec git" time_ms=0.860731
time="2026-06-05T15:43:34+02:00" level=info msg="git describe --exact-match some-tag" dir=/tmp/file____tmp_test_isannotatedtag3247787626_001 execID=d271a
time="2026-06-05T15:43:34+02:00" level=info msg=Trace args="[git describe --exact-match some-tag]" dir=/tmp/file____tmp_test_isannotatedtag3247787626_001 operation_name="exec git" time_ms=1.141325
time="2026-06-05T15:43:34+02:00" level=info msg="git describe --exact-match HEAD" dir=/tmp/file____tmp_test_isannotatedtag3247787626_001 execID=0d623
time="2026-06-05T15:43:34+02:00" level=info msg=Trace args="[git describe --exact-match HEAD]" dir=/tmp/file____tmp_test_isannotatedtag3247787626_001 operation_name="exec git" time_ms=0.822456
rm 'README'
[master 1591bec] remove README
 1 file changed, 1 deletion(-)
 delete mode 100644 README
time="2026-06-05T15:43:34+02:00" level=info msg="git describe --exact-match HEAD" dir=/tmp/file____tmp_test_isannotatedtag3247787626_001 execID=1a147
time="2026-06-05T15:43:34+02:00" level=info msg=Trace args="[git describe --exact-match HEAD]" dir=/tmp/file____tmp_test_isannotatedtag3247787626_001 operation_name="exec git" time_ms=0.7920969999999999
time="2026-06-05T15:43:34+02:00" level=info msg="Initializing file:///tmp/Test_ChangedFiles3803206865/001 to /tmp/Test_ChangedFiles3803206865/001"
[master (root-commit) fd09f55] Initial commit
[master 0504d7f] Changes
 1 file changed, 1 insertion(+)
 create mode 100644 README
time="2026-06-05T15:43:34+02:00" level=info msg="git diff --name-only 0000000000000000000000000000000000000000..1111111111111111111111111111111111111111" dir=/tmp/Test_ChangedFiles3803206865/001 execID=71fa4
time="2026-06-05T15:43:34+02:00" level=error msg="`git diff --name-only 0000000000000000000000000000000000000000..1111111111111111111111111111111111111111` failed exit status 128: fatal: Invalid revision range 0000000000000000000000000000000000000000..1111111111111111111111111111111111111111" execID=71fa4
time="2026-06-05T15:43:34+02:00" level=info msg=Trace args="[git diff --name-only 0000000000000000000000000000000000000000..1111111111111111111111111111111111111111]" dir=/tmp/Test_ChangedFiles3803206865/001 operation_name="exec git" time_ms=0.800921
time="2026-06-05T15:43:34+02:00" level=info msg="git diff --name-only fd09f55dc348e2b67d4383e2fe83e9505a5cac4e..0504d7fb0547f2c470f04f4e97ed2ca28a95454e" dir=/tmp/Test_ChangedFiles3803206865/001 execID=14f54
time="2026-06-05T15:43:34+02:00" level=info msg=Trace args="[git diff --name-only fd09f55dc348e2b67d4383e2fe83e9505a5cac4e..0504d7fb0547f2c470f04f4e97ed2ca28a95454e]" dir=/tmp/Test_ChangedFiles3803206865/001 operation_name="exec git" time_ms=0.8603289999999999
hint: Using 'master' as the name for the initial branch. This default branch name
hint: will change to "main" in Git 3.0. To configure the initial branch name
hint: to use in all of your new repositories, which will suppress this warning,
hint: call:
hint:
hint: 	git config --global init.defaultBranch <name>
hint:
hint: Names commonly chosen instead of 'master' are 'main', 'trunk' and
hint: 'development'. The just-created branch can be renamed via this command:
hint:
hint: 	git branch -m <name>
hint:
hint: Disable this message with "git config set advice.defaultBranchName false"
Initialized empty Git repository in /tmp/2344296485/foo/.git/
hint: Using 'master' as the name for the initial branch. This default branch name
hint: will change to "main" in Git 3.0. To configure the initial branch name
hint: to use in all of your new repositories, which will suppress this warning,
hint: call:
hint:
hint: 	git config --global init.defaultBranch <name>
hint:
hint: Names commonly chosen instead of 'master' are 'main', 'trunk' and
hint: 'development'. The just-created branch can be renamed via this command:
hint:
hint: 	git branch -m <name>
hint:
hint: Disable this message with "git config set advice.defaultBranchName false"
Initialized empty Git repository in /tmp/2344296485/bar/.git/
[master (root-commit) fd09f55] Initial commit
Cloning into '/tmp/2344296485/foo/bar'...
done.
[master (root-commit) 4911f89] Initial commit
 2 files changed, 4 insertions(+)
 create mode 100644 .gitmodules
 create mode 160000 bar
Cloning into 'foo'...
done.
time="2026-06-05T15:43:34+02:00" level=info msg="Initializing file:///tmp/2344296485/foo to /tmp/file____tmp_2344296485_foo"
time="2026-06-05T15:43:34+02:00" level=info msg="git fetch origin --tags --force --prune" dir=/tmp/file____tmp_2344296485_foo execID=224e4
time="2026-06-05T15:43:34+02:00" level=info msg=Trace args="[git fetch origin --tags --force --prune]" dir=/tmp/file____tmp_2344296485_foo operation_name="exec git" time_ms=6.818629
time="2026-06-05T15:43:34+02:00" level=info msg="git checkout --force 4911f8967f34a0718467beae998a75ee349a2309" dir=/tmp/file____tmp_2344296485_foo execID=e8e46
time="2026-06-05T15:43:34+02:00" level=info msg=Trace args="[git checkout --force 4911f8967f34a0718467beae998a75ee349a2309]" dir=/tmp/file____tmp_2344296485_foo operation_name="exec git" time_ms=1.293375
time="2026-06-05T15:43:34+02:00" level=info msg="git clean -ffdx" dir=/tmp/file____tmp_2344296485_foo execID=0466f
time="2026-06-05T15:43:34+02:00" level=info msg=Trace args="[git clean -ffdx]" dir=/tmp/file____tmp_2344296485_foo operation_name="exec git" time_ms=1.2019769999999999
time="2026-06-05T15:43:34+02:00" level=info msg="git checkout --force 4911f8967f34a0718467beae998a75ee349a2309" dir=/tmp/file____tmp_2344296485_foo execID=29fee
time="2026-06-05T15:43:34+02:00" level=info msg=Trace args="[git checkout --force 4911f8967f34a0718467beae998a75ee349a2309]" dir=/tmp/file____tmp_2344296485_foo operation_name="exec git" time_ms=1.068419
time="2026-06-05T15:43:34+02:00" level=info msg="git submodule sync --recursive" dir=/tmp/file____tmp_2344296485_foo execID=29dbf
time="2026-06-05T15:43:34+02:00" level=info msg=Trace args="[git submodule sync --recursive]" dir=/tmp/file____tmp_2344296485_foo operation_name="exec git" time_ms=15.561258
time="2026-06-05T15:43:34+02:00" level=info msg="git submodule update --init --recursive" dir=/tmp/file____tmp_2344296485_foo execID=298be
time="2026-06-05T15:43:34+02:00" level=info msg=Trace args="[git submodule update --init --recursive]" dir=/tmp/file____tmp_2344296485_foo operation_name="exec git" time_ms=23.129455
time="2026-06-05T15:43:34+02:00" level=info msg="git clean -ffdx" dir=/tmp/file____tmp_2344296485_foo execID=8d325
time="2026-06-05T15:43:34+02:00" level=info msg=Trace args="[git clean -ffdx]" dir=/tmp/file____tmp_2344296485_foo operation_name="exec git" time_ms=1.2498150000000001
time="2026-06-05T15:43:34+02:00" level=info msg="git submodule sync --recursive" dir=/tmp/file____tmp_2344296485_foo execID=ddef3
time="2026-06-05T15:43:34+02:00" level=info msg=Trace args="[git submodule sync --recursive]" dir=/tmp/file____tmp_2344296485_foo operation_name="exec git" time_ms=18.970454
time="2026-06-05T15:43:34+02:00" level=info msg="git submodule update --init --recursive" dir=/tmp/file____tmp_2344296485_foo execID=d4d8c
time="2026-06-05T15:43:34+02:00" level=info msg=Trace args="[git submodule update --init --recursive]" dir=/tmp/file____tmp_2344296485_foo operation_name="exec git" time_ms=15.375143000000001
time="2026-06-05T15:43:34+02:00" level=info msg="Initializing file:///tmp/Test_IsRevisionPresent1474729971/001 to /tmp/Test_IsRevisionPresent1474729971/001"
[master (root-commit) 070acf3] Initial Commit
 1 file changed, 1 insertion(+)
 create mode 100644 README
time="2026-06-05T15:43:34+02:00" level=info msg="git cat-file -t 070acf3b8fe1727cd5106224d168a2f5675e5953" dir=/tmp/Test_IsRevisionPresent1474729971/001 execID=7368f
time="2026-06-05T15:43:34+02:00" level=info msg=Trace args="[git cat-file -t 070acf3b8fe1727cd5106224d168a2f5675e5953]" dir=/tmp/Test_IsRevisionPresent1474729971/001 operation_name="exec git" time_ms=0.731104
time="2026-06-05T15:43:34+02:00" level=info msg="git cat-file -t invalid-revision" dir=/tmp/Test_IsRevisionPresent1474729971/001 execID=20df9
time="2026-06-05T15:43:34+02:00" level=info msg=Trace args="[git cat-file -t invalid-revision]" dir=/tmp/Test_IsRevisionPresent1474729971/001 operation_name="exec git" time_ms=0.6658989999999999
time="2026-06-05T15:43:34+02:00" level=warning msg="temporarily disabling strict host key checking (i.e. '-o StrictHostKeyChecking=no -o UserKnownHostsFile=/dev/null'), please don't use in production"
time="2026-06-05T15:43:34+02:00" level=warning msg="temporarily disabling strict host key checking (i.e. '-o StrictHostKeyChecking=no -o UserKnownHostsFile=/dev/null'), please don't use in production"
time="2026-06-05T15:43:34+02:00" level=warning msg="temporarily disabling strict host key checking (i.e. '-o StrictHostKeyChecking=no -o UserKnownHostsFile=/dev/null'), please don't use in production"
time="2026-06-05T15:43:34+02:00" level=warning msg="temporarily disabling strict host key checking (i.e. '-o StrictHostKeyChecking=no -o UserKnownHostsFile=/dev/null'), please don't use in production"
time="2026-06-05T15:43:34+02:00" level=error msg="Failed reading credentials from JSON: unexpected end of JSON input"
time="2026-06-05T15:43:41+02:00" level=info msg="Initializing https://github.com/argoproj/argo-cd.git to /tmp/TestVerifyCommitSignature338468465/001"
time="2026-06-05T15:43:41+02:00" level=info msg="git fetch origin --tags --force --prune" dir=/tmp/TestVerifyCommitSignature338468465/001 execID=37727
time="2026-06-05T15:44:02+02:00" level=info msg=Trace args="[git fetch origin --tags --force --prune]" dir=/tmp/TestVerifyCommitSignature338468465/001 operation_name="exec git" time_ms=21280.383751999998
time="2026-06-05T15:44:04+02:00" level=info msg="git checkout --force 0e2e47610f46de53dfd7ca3bf4900bc1e88d125b" dir=/tmp/TestVerifyCommitSignature338468465/001 execID=7d482
time="2026-06-05T15:44:04+02:00" level=info msg=Trace args="[git checkout --force 0e2e47610f46de53dfd7ca3bf4900bc1e88d125b]" dir=/tmp/TestVerifyCommitSignature338468465/001 operation_name="exec git" time_ms=364.339312
time="2026-06-05T15:44:04+02:00" level=info msg="git clean -ffdx" dir=/tmp/TestVerifyCommitSignature338468465/001 execID=e2340
time="2026-06-05T15:44:04+02:00" level=info msg=Trace args="[git clean -ffdx]" dir=/tmp/TestVerifyCommitSignature338468465/001 operation_name="exec git" time_ms=9.955131000000002
time="2026-06-05T15:44:04+02:00" level=info msg="git-verify-wrapper.sh 28027897aad1262662096745f2ce2d4c74d02b7f" dir=/tmp/TestVerifyCommitSignature338468465/001 execID=21f57
time="2026-06-05T15:44:04+02:00" level=info msg=Trace args="[git-verify-wrapper.sh 28027897aad1262662096745f2ce2d4c74d02b7f]" dir=/tmp/TestVerifyCommitSignature338468465/001 operation_name="exec git-verify-wrapper.sh" time_ms=0.008721
time="2026-06-05T15:44:04+02:00" level=error msg="error verifying commit signature: exec: \"git-verify-wrapper.sh\": executable file not found in $PATH"
--- FAIL: TestVerifyCommitSignature (23.87s)
    git_test.go:373: 
        	Error Trace:	/home/advocate/Advocate/Experiments/Advocate/helper/aplas/realWorld/argo-cd/util/git/git_test.go:373
        	Error:      	Received unexpected error:
        	            	permission denied
        	Test:       	TestVerifyCommitSignature
time="2026-06-05T15:44:05+02:00" level=debug msg="Revision 'HEAD' is not a valid semver constraint, skipping semver resolution."
time="2026-06-05T15:44:05+02:00" level=debug msg="symbolic reference 'HEAD' (refs/heads/master) resolved to '8088f4c0d970abb09e250248cc97e35623447cb5'"
time="2026-06-05T15:44:05+02:00" level=info msg="Initializing https://github.com/argoproj/argocd-example-apps to /tmp/TestNewFactory2755158721/001"
time="2026-06-05T15:44:05+02:00" level=info msg="git fetch origin --tags --force --prune" dir=/tmp/TestNewFactory2755158721/001 execID=1f7af
time="2026-06-05T15:44:05+02:00" level=debug duration=743.950066ms execID=1f7af
time="2026-06-05T15:44:05+02:00" level=info msg=Trace args="[git fetch origin --tags --force --prune]" dir=/tmp/TestNewFactory2755158721/001 operation_name="exec git" time_ms=744.022534
time="2026-06-05T15:44:05+02:00" level=info msg="git fetch origin --tags --force --prune" dir=/tmp/TestNewFactory2755158721/001 execID=bb5fb
time="2026-06-05T15:44:06+02:00" level=debug duration=480.896782ms execID=bb5fb
time="2026-06-05T15:44:06+02:00" level=info msg=Trace args="[git fetch origin --tags --force --prune]" dir=/tmp/TestNewFactory2755158721/001 operation_name="exec git" time_ms=480.96635599999996
time="2026-06-05T15:44:06+02:00" level=info msg="git checkout --force 8088f4c0d970abb09e250248cc97e35623447cb5" dir=/tmp/TestNewFactory2755158721/001 execID=7a8e8
time="2026-06-05T15:44:06+02:00" level=debug duration=3.872404ms execID=7a8e8
time="2026-06-05T15:44:06+02:00" level=info msg=Trace args="[git checkout --force 8088f4c0d970abb09e250248cc97e35623447cb5]" dir=/tmp/TestNewFactory2755158721/001 operation_name="exec git" time_ms=3.9069680000000004
time="2026-06-05T15:44:06+02:00" level=info msg="git clean -ffdx" dir=/tmp/TestNewFactory2755158721/001 execID=e11c5
time="2026-06-05T15:44:06+02:00" level=debug duration=1.117277ms execID=e11c5
time="2026-06-05T15:44:06+02:00" level=info msg=Trace args="[git clean -ffdx]" dir=/tmp/TestNewFactory2755158721/001 operation_name="exec git" time_ms=1.150842
time="2026-06-05T15:44:06+02:00" level=info msg="git show -s --format=%an <%ae>|%at|%B 8088f4c0d970abb09e250248cc97e35623447cb5" dir=/tmp/TestNewFactory2755158721/001 execID=90b99
time="2026-06-05T15:44:06+02:00" level=debug msg="Alexandre Gaudreault <alexandre_gaudreault@intuit.com>|1779203660|feat: add apps for apps in any namespace (#476)\n\n* fix: invalid image for guestbook\n\nSigned-off-by: Alexandre Gaudreault <alexandre_gaudreault@intuit.com>\n\n* rename\n\nSigned-off-by: Alexandre Gaudreault <alexandre_gaudreault@intuit.com>\n\n* feat: add apps for apps in any namespace\n\nSigned-off-by: Alexandre Gaudreault <alexandre_gaudreault@intuit.com>\n\n---------\n\nSigned-off-by: Alexandre Gaudreault <alexandre_gaudreault@intuit.com>\n" duration=1.066073ms execID=90b99
time="2026-06-05T15:44:06+02:00" level=info msg=Trace args="[git show -s --format=%an <%ae>|%at|%B 8088f4c0d970abb09e250248cc97e35623447cb5]" dir=/tmp/TestNewFactory2755158721/001 operation_name="exec git" time_ms=1.090119
time="2026-06-05T15:44:06+02:00" level=info msg="git tag --points-at 8088f4c0d970abb09e250248cc97e35623447cb5" dir=/tmp/TestNewFactory2755158721/001 execID=381c6
time="2026-06-05T15:44:06+02:00" level=debug duration=1.076616ms execID=381c6
time="2026-06-05T15:44:06+02:00" level=info msg=Trace args="[git tag --points-at 8088f4c0d970abb09e250248cc97e35623447cb5]" dir=/tmp/TestNewFactory2755158721/001 operation_name="exec git" time_ms=1.151715
time="2026-06-05T15:44:06+02:00" level=info msg="git rev-parse HEAD" dir=/tmp/TestNewFactory2755158721/001 execID=fe11c
time="2026-06-05T15:44:06+02:00" level=debug msg="8088f4c0d970abb09e250248cc97e35623447cb5\n" duration=1.317516ms execID=fe11c
time="2026-06-05T15:44:06+02:00" level=info msg=Trace args="[git rev-parse HEAD]" dir=/tmp/TestNewFactory2755158721/001 operation_name="exec git" time_ms=1.347806
hint: Using 'master' as the name for the initial branch. This default branch name
hint: will change to "main" in Git 3.0. To configure the initial branch name
hint: to use in all of your new repositories, which will suppress this warning,
hint: call:
hint:
hint: 	git config --global init.defaultBranch <name>
hint:
hint: Names commonly chosen instead of 'master' are 'main', 'trunk' and
hint: 'development'. The just-created branch can be renamed via this command:
hint:
hint: 	git branch -m <name>
hint:
hint: Disable this message with "git config set advice.defaultBranchName false"
Initialized empty Git repository in /tmp/TestLsFiles3905682931/001/.git/
[master (root-commit) 9cfaea7] Initial commit
 3 files changed, 1 insertion(+)
 create mode 100644 a.yaml
 create mode 120000 link.yaml
 create mode 100644 subdir/b.yaml
time="2026-06-05T15:44:06+02:00" level=info msg="git ls-files --full-name -z -- *.yaml" dir=/tmp/TestLsFiles3905682931/001 execID=e64b5
time="2026-06-05T15:44:06+02:00" level=info msg=Trace args="[git ls-files --full-name -z -- *.yaml]" dir=/tmp/TestLsFiles3905682931/001 operation_name="exec git" time_ms=0.8048810000000001
time="2026-06-05T15:44:06+02:00" level=warning msg="Absolute path for link.yaml is outside of repository, removing it"
time="2026-06-05T15:44:06+02:00" level=warning msg="Absolute path for /tmp/TestLsFiles3905682931/002/c.yaml is outside of repository, removing it"
FAIL
FAIL	github.com/argoproj/argo-cd/v2/util/git	32.757s
?   	github.com/argoproj/argo-cd/v2/util/git/mocks	[no test files]
ok  	github.com/argoproj/argo-cd/v2/util/github_app	0.022s
ok  	github.com/argoproj/argo-cd/v2/util/glob	0.002s
-> Using /tmp/1980717767 as GNUPGHOME
time="2026-06-05T15:43:34+02:00" level=info msg="gpg --no-permission-warning --logger-fd 1 --batch --gen-key /tmp/gpg-key-recipe3827673348" dir= execID=eb305
time="2026-06-05T15:43:34+02:00" level=info msg=Trace args="[gpg --no-permission-warning --logger-fd 1 --batch --gen-key /tmp/gpg-key-recipe3827673348]" dir= operation_name="exec gpg" time_ms=55.030661
time="2026-06-05T15:43:34+02:00" level=info msg="gpg --no-permission-warning --list-public-keys" dir= execID=b1e36
time="2026-06-05T15:43:34+02:00" level=info msg=Trace args="[gpg --no-permission-warning --list-public-keys]" dir= operation_name="exec gpg" time_ms=1.625699
time="2026-06-05T15:43:34+02:00" level=info msg="gpg --no-permission-warning -a --export B8B221D8E48A2A8E" dir= execID=7dc0b
time="2026-06-05T15:43:34+02:00" level=info msg=Trace args="[gpg --no-permission-warning -a --export B8B221D8E48A2A8E]" dir= operation_name="exec gpg" time_ms=1.476549
time="2026-06-05T15:43:34+02:00" level=info msg="gpg --no-permission-warning --logger-fd 1 --batch --gen-key /tmp/gpg-key-recipe1429445538" dir= execID=9a075
time="2026-06-05T15:43:34+02:00" level=info msg=Trace args="[gpg --no-permission-warning --logger-fd 1 --batch --gen-key /tmp/gpg-key-recipe1429445538]" dir= operation_name="exec gpg" time_ms=33.898468
time="2026-06-05T15:43:34+02:00" level=info msg="gpg --no-permission-warning --list-public-keys" dir= execID=fcddd
time="2026-06-05T15:43:34+02:00" level=info msg=Trace args="[gpg --no-permission-warning --list-public-keys]" dir= operation_name="exec gpg" time_ms=1.5632949999999999
time="2026-06-05T15:43:34+02:00" level=info msg="gpg --no-permission-warning -a --export 8A28F916D9CF4DBD" dir= execID=84028
time="2026-06-05T15:43:34+02:00" level=info msg=Trace args="[gpg --no-permission-warning -a --export 8A28F916D9CF4DBD]" dir= operation_name="exec gpg" time_ms=1.2712240000000001
-> Using /tmp/1002235512 as GNUPGHOME
-> Using /tmp/1680381295 as GNUPGHOME
time="2026-06-05T15:43:34+02:00" level=info msg="gpg --no-permission-warning --logger-fd 1 --batch --gen-key /tmp/gpg-key-recipe2614802612" dir= execID=425c5
time="2026-06-05T15:43:34+02:00" level=info msg=Trace args="[gpg --no-permission-warning --logger-fd 1 --batch --gen-key /tmp/gpg-key-recipe2614802612]" dir= operation_name="exec gpg" time_ms=121.62862100000001
-> Using /tmp/2467123907 as GNUPGHOME
time="2026-06-05T15:43:34+02:00" level=info msg="gpg --no-permission-warning --logger-fd 1 --batch --gen-key /tmp/gpg-key-recipe2383151175" dir= execID=305d1
time="2026-06-05T15:43:34+02:00" level=info msg=Trace args="[gpg --no-permission-warning --logger-fd 1 --batch --gen-key /tmp/gpg-key-recipe2383151175]" dir= operation_name="exec gpg" time_ms=94.48342
time="2026-06-05T15:43:34+02:00" level=info msg="gpg --no-permission-warning --logger-fd 1 --import testdata/github.asc" dir= execID=e255f
time="2026-06-05T15:43:34+02:00" level=info msg=Trace args="[gpg --no-permission-warning --logger-fd 1 --import testdata/github.asc]" dir= operation_name="exec gpg" time_ms=12.804561000000001
time="2026-06-05T15:43:34+02:00" level=info msg="gpg --no-permission-warning --list-public-keys" dir= execID=2a506
time="2026-06-05T15:43:34+02:00" level=info msg=Trace args="[gpg --no-permission-warning --list-public-keys]" dir= operation_name="exec gpg" time_ms=1.6281990000000002
time="2026-06-05T15:43:34+02:00" level=info msg="gpg --no-permission-warning -a --export 5352851033955CD0" dir= execID=d80a8
time="2026-06-05T15:43:34+02:00" level=info msg=Trace args="[gpg --no-permission-warning -a --export 5352851033955CD0]" dir= operation_name="exec gpg" time_ms=1.8445200000000002
time="2026-06-05T15:43:34+02:00" level=info msg="gpg --no-permission-warning -a --export 4AEE18F83AFDEB23" dir= execID=009df
time="2026-06-05T15:43:34+02:00" level=info msg=Trace args="[gpg --no-permission-warning -a --export 4AEE18F83AFDEB23]" dir= operation_name="exec gpg" time_ms=1.384738
time="2026-06-05T15:43:34+02:00" level=info msg="gpg --no-permission-warning --list-public-keys 4AEE18F83AFDEB23" dir= execID=90e84
time="2026-06-05T15:43:34+02:00" level=info msg=Trace args="[gpg --no-permission-warning --list-public-keys 4AEE18F83AFDEB23]" dir= operation_name="exec gpg" time_ms=1.1907949999999998
time="2026-06-05T15:43:34+02:00" level=info msg="gpg --no-permission-warning -a --export 4AEE18F83AFDEB23" dir= execID=11dce
time="2026-06-05T15:43:34+02:00" level=info msg=Trace args="[gpg --no-permission-warning -a --export 4AEE18F83AFDEB23]" dir= operation_name="exec gpg" time_ms=1.410608
time="2026-06-05T15:43:34+02:00" level=info msg="gpg --no-permission-warning --import-ownertrust /tmp/gpg-key-fps1849775795" dir= execID=eea33
time="2026-06-05T15:43:34+02:00" level=info msg=Trace args="[gpg --no-permission-warning --import-ownertrust /tmp/gpg-key-fps1849775795]" dir= operation_name="exec gpg" time_ms=1.2110020000000001
time="2026-06-05T15:43:34+02:00" level=info msg="gpg --no-permission-warning --update-trustdb" dir= execID=a6b59
time="2026-06-05T15:43:34+02:00" level=info msg=Trace args="[gpg --no-permission-warning --update-trustdb]" dir= operation_name="exec gpg" time_ms=1.443782
time="2026-06-05T15:43:34+02:00" level=info msg="gpg --no-permission-warning --list-public-keys 5DE3E0509C47EA3CF04A42D34AEE18F83AFDEB23" dir= execID=6cdf8
time="2026-06-05T15:43:34+02:00" level=info msg=Trace args="[gpg --no-permission-warning --list-public-keys 5DE3E0509C47EA3CF04A42D34AEE18F83AFDEB23]" dir= operation_name="exec gpg" time_ms=1.4161219999999999
time="2026-06-05T15:43:34+02:00" level=info msg="gpg --no-permission-warning -a --export 4AEE18F83AFDEB23" dir= execID=89139
time="2026-06-05T15:43:34+02:00" level=info msg=Trace args="[gpg --no-permission-warning -a --export 4AEE18F83AFDEB23]" dir= operation_name="exec gpg" time_ms=1.2255479999999999
time="2026-06-05T15:43:34+02:00" level=info msg="gpg --no-permission-warning --logger-fd 1 --import testdata/garbage.asc" dir= execID=01d29
time="2026-06-05T15:43:34+02:00" level=error msg="`gpg --no-permission-warning --logger-fd 1 --import testdata/garbage.asc` failed exit status 2" execID=01d29
time="2026-06-05T15:43:34+02:00" level=info msg=Trace args="[gpg --no-permission-warning --logger-fd 1 --import testdata/garbage.asc]" dir= operation_name="exec gpg" time_ms=1.0851739999999999
time="2026-06-05T15:43:34+02:00" level=info msg="gpg --no-permission-warning --list-public-keys" dir= execID=d8d04
time="2026-06-05T15:43:34+02:00" level=info msg=Trace args="[gpg --no-permission-warning --list-public-keys]" dir= operation_name="exec gpg" time_ms=1.23561
time="2026-06-05T15:43:34+02:00" level=info msg="gpg --no-permission-warning -a --export 5352851033955CD0" dir= execID=4a06b
time="2026-06-05T15:43:34+02:00" level=info msg=Trace args="[gpg --no-permission-warning -a --export 5352851033955CD0]" dir= operation_name="exec gpg" time_ms=1.607423
time="2026-06-05T15:43:34+02:00" level=info msg="gpg --no-permission-warning -a --export 4AEE18F83AFDEB23" dir= execID=cb30d
time="2026-06-05T15:43:34+02:00" level=info msg=Trace args="[gpg --no-permission-warning -a --export 4AEE18F83AFDEB23]" dir= operation_name="exec gpg" time_ms=1.1740789999999999
time="2026-06-05T15:43:34+02:00" level=info msg="gpg --no-permission-warning --yes --batch --delete-keys 4AEE18F83AFDEB23" dir= execID=becca
time="2026-06-05T15:43:34+02:00" level=info msg=Trace args="[gpg --no-permission-warning --yes --batch --delete-keys 4AEE18F83AFDEB23]" dir= operation_name="exec gpg" time_ms=2.387247
time="2026-06-05T15:43:34+02:00" level=info msg="gpg --no-permission-warning --list-public-keys" dir= execID=df360
time="2026-06-05T15:43:34+02:00" level=info msg=Trace args="[gpg --no-permission-warning --list-public-keys]" dir= operation_name="exec gpg" time_ms=1.3391279999999999
time="2026-06-05T15:43:34+02:00" level=info msg="gpg --no-permission-warning -a --export 5352851033955CD0" dir= execID=5e372
time="2026-06-05T15:43:34+02:00" level=info msg=Trace args="[gpg --no-permission-warning -a --export 5352851033955CD0]" dir= operation_name="exec gpg" time_ms=1.231991
time="2026-06-05T15:43:34+02:00" level=info msg="gpg --no-permission-warning --yes --batch --delete-keys 4AEE18F83AFDEB23" dir= execID=cfa1c
time="2026-06-05T15:43:34+02:00" level=error msg="`gpg --no-permission-warning --yes --batch --delete-keys 4AEE18F83AFDEB23` failed exit status 2: gpg: key \"4AEE18F83AFDEB23\" not found: Not found\ngpg: 4AEE18F83AFDEB23: delete key failed: Not found" execID=cfa1c
time="2026-06-05T15:43:34+02:00" level=info msg=Trace args="[gpg --no-permission-warning --yes --batch --delete-keys 4AEE18F83AFDEB23]" dir= operation_name="exec gpg" time_ms=1.022081
time="2026-06-05T15:43:34+02:00" level=info msg="gpg --no-permission-warning --logger-fd 1 --import testdata/multi.asc" dir= execID=b5453
time="2026-06-05T15:43:34+02:00" level=info msg=Trace args="[gpg --no-permission-warning --logger-fd 1 --import testdata/multi.asc]" dir= operation_name="exec gpg" time_ms=2.905022
time="2026-06-05T15:43:34+02:00" level=info msg="gpg --no-permission-warning --list-public-keys" dir= execID=fbd63
time="2026-06-05T15:43:34+02:00" level=info msg=Trace args="[gpg --no-permission-warning --list-public-keys]" dir= operation_name="exec gpg" time_ms=1.103547
time="2026-06-05T15:43:34+02:00" level=info msg="gpg --no-permission-warning -a --export 5352851033955CD0" dir= execID=ab682
time="2026-06-05T15:43:34+02:00" level=info msg=Trace args="[gpg --no-permission-warning -a --export 5352851033955CD0]" dir= operation_name="exec gpg" time_ms=1.1063850000000002
time="2026-06-05T15:43:34+02:00" level=info msg="gpg --no-permission-warning -a --export FDC79815400D88A9" dir= execID=0f683
time="2026-06-05T15:43:34+02:00" level=info msg=Trace args="[gpg --no-permission-warning -a --export FDC79815400D88A9]" dir= operation_name="exec gpg" time_ms=1.0371899999999998
time="2026-06-05T15:43:34+02:00" level=info msg="gpg --no-permission-warning -a --export F7842A5CEAA9C0B1" dir= execID=3df0b
time="2026-06-05T15:43:34+02:00" level=info msg=Trace args="[gpg --no-permission-warning -a --export F7842A5CEAA9C0B1]" dir= operation_name="exec gpg" time_ms=1.0804969999999998
-> Using /tmp/3838555396 as GNUPGHOME
time="2026-06-05T15:43:34+02:00" level=info msg="gpg --no-permission-warning --logger-fd 1 --batch --gen-key /tmp/gpg-key-recipe626607302" dir= execID=c7319
time="2026-06-05T15:43:34+02:00" level=info msg=Trace args="[gpg --no-permission-warning --logger-fd 1 --batch --gen-key /tmp/gpg-key-recipe626607302]" dir= operation_name="exec gpg" time_ms=59.622715
time="2026-06-05T15:43:34+02:00" level=info msg="gpg --no-permission-warning --logger-fd 1 --import /tmp/gpg-key-import1122573177" dir= execID=bfbeb
time="2026-06-05T15:43:34+02:00" level=info msg=Trace args="[gpg --no-permission-warning --logger-fd 1 --import /tmp/gpg-key-import1122573177]" dir= operation_name="exec gpg" time_ms=3.498342
-> Using /tmp/3639420614 as GNUPGHOME
time="2026-06-05T15:43:34+02:00" level=info msg="gpg --no-permission-warning --logger-fd 1 --batch --gen-key /tmp/gpg-key-recipe4019743507" dir= execID=95d64
time="2026-06-05T15:43:34+02:00" level=info msg=Trace args="[gpg --no-permission-warning --logger-fd 1 --batch --gen-key /tmp/gpg-key-recipe4019743507]" dir= operation_name="exec gpg" time_ms=66.592716
time="2026-06-05T15:43:34+02:00" level=info msg="gpg --no-permission-warning --logger-fd 1 --import /tmp/gpg-public-key1271737846" dir= execID=3c255
time="2026-06-05T15:43:34+02:00" level=info msg=Trace args="[gpg --no-permission-warning --logger-fd 1 --import /tmp/gpg-public-key1271737846]" dir= operation_name="exec gpg" time_ms=5.412948
time="2026-06-05T15:43:34+02:00" level=info msg="gpg --no-permission-warning --list-public-keys" dir= execID=9f263
time="2026-06-05T15:43:34+02:00" level=info msg=Trace args="[gpg --no-permission-warning --list-public-keys]" dir= operation_name="exec gpg" time_ms=1.584651
time="2026-06-05T15:43:34+02:00" level=info msg="gpg --no-permission-warning -a --export 4AEE18F83AFDEB23" dir= execID=8cb83
time="2026-06-05T15:43:34+02:00" level=info msg=Trace args="[gpg --no-permission-warning -a --export 4AEE18F83AFDEB23]" dir= operation_name="exec gpg" time_ms=1.566839
time="2026-06-05T15:43:34+02:00" level=info msg="gpg --no-permission-warning --logger-fd 1 --import /tmp/gpg-public-key3510489098" dir= execID=5232e
time="2026-06-05T15:43:34+02:00" level=info msg=Trace args="[gpg --no-permission-warning --logger-fd 1 --import /tmp/gpg-public-key3510489098]" dir= operation_name="exec gpg" time_ms=5.700275
time="2026-06-05T15:43:34+02:00" level=info msg="gpg --no-permission-warning --list-public-keys" dir= execID=44bd4
time="2026-06-05T15:43:34+02:00" level=info msg=Trace args="[gpg --no-permission-warning --list-public-keys]" dir= operation_name="exec gpg" time_ms=1.3813630000000001
time="2026-06-05T15:43:34+02:00" level=info msg="gpg --no-permission-warning -a --export FDC79815400D88A9" dir= execID=f3e7c
time="2026-06-05T15:43:34+02:00" level=info msg=Trace args="[gpg --no-permission-warning -a --export FDC79815400D88A9]" dir= operation_name="exec gpg" time_ms=1.3036020000000001
time="2026-06-05T15:43:34+02:00" level=info msg="gpg --no-permission-warning -a --export F7842A5CEAA9C0B1" dir= execID=a7356
time="2026-06-05T15:43:34+02:00" level=info msg=Trace args="[gpg --no-permission-warning -a --export F7842A5CEAA9C0B1]" dir= operation_name="exec gpg" time_ms=1.603549
-> Using /tmp/3685679896 as GNUPGHOME
time="2026-06-05T15:43:34+02:00" level=info msg="gpg --no-permission-warning --logger-fd 1 --batch --gen-key /tmp/gpg-key-recipe1246957773" dir= execID=04b06
time="2026-06-05T15:43:34+02:00" level=info msg=Trace args="[gpg --no-permission-warning --logger-fd 1 --batch --gen-key /tmp/gpg-key-recipe1246957773]" dir= operation_name="exec gpg" time_ms=96.033406
time="2026-06-05T15:43:34+02:00" level=info msg="gpg --no-permission-warning --logger-fd 1 --import testdata/github.asc" dir= execID=0cce5
time="2026-06-05T15:43:34+02:00" level=info msg=Trace args="[gpg --no-permission-warning --logger-fd 1 --import testdata/github.asc]" dir= operation_name="exec gpg" time_ms=6.148453
time="2026-06-05T15:43:34+02:00" level=info msg="gpg --no-permission-warning --list-public-keys" dir= execID=db37f
time="2026-06-05T15:43:34+02:00" level=info msg=Trace args="[gpg --no-permission-warning --list-public-keys]" dir= operation_name="exec gpg" time_ms=1.507912
time="2026-06-05T15:43:34+02:00" level=info msg="gpg --no-permission-warning -a --export 4AEE18F83AFDEB23" dir= execID=aced4
time="2026-06-05T15:43:34+02:00" level=info msg=Trace args="[gpg --no-permission-warning -a --export 4AEE18F83AFDEB23]" dir= operation_name="exec gpg" time_ms=1.464037
time="2026-06-05T15:43:34+02:00" level=info msg="gpg --no-permission-warning --logger-fd 1 --import testdata/garbage.asc" dir= execID=14bc9
time="2026-06-05T15:43:34+02:00" level=error msg="`gpg --no-permission-warning --logger-fd 1 --import testdata/garbage.asc` failed exit status 2" execID=14bc9
time="2026-06-05T15:43:34+02:00" level=info msg=Trace args="[gpg --no-permission-warning --logger-fd 1 --import testdata/garbage.asc]" dir= operation_name="exec gpg" time_ms=1.54657
time="2026-06-05T15:43:34+02:00" level=info msg="gpg --no-permission-warning --list-public-keys" dir= execID=ebb24
time="2026-06-05T15:43:34+02:00" level=info msg=Trace args="[gpg --no-permission-warning --list-public-keys]" dir= operation_name="exec gpg" time_ms=1.362893
time="2026-06-05T15:43:34+02:00" level=info msg="gpg --no-permission-warning -a --export B3244CC927A5D6BF" dir= execID=ea240
time="2026-06-05T15:43:34+02:00" level=info msg=Trace args="[gpg --no-permission-warning -a --export B3244CC927A5D6BF]" dir= operation_name="exec gpg" time_ms=1.473573
-> Using /tmp/1092175663 as GNUPGHOME
time="2026-06-05T15:43:34+02:00" level=info msg="gpg --no-permission-warning --logger-fd 1 --batch --gen-key /tmp/gpg-key-recipe752049999" dir= execID=b8b92
time="2026-06-05T15:43:34+02:00" level=info msg=Trace args="[gpg --no-permission-warning --logger-fd 1 --batch --gen-key /tmp/gpg-key-recipe752049999]" dir= operation_name="exec gpg" time_ms=42.904888
time="2026-06-05T15:43:34+02:00" level=info msg="gpg --no-permission-warning --logger-fd 1 --import testdata/github.asc" dir= execID=aa80c
time="2026-06-05T15:43:34+02:00" level=info msg=Trace args="[gpg --no-permission-warning --logger-fd 1 --import testdata/github.asc]" dir= operation_name="exec gpg" time_ms=3.424621
-> Using /tmp/396224088 as GNUPGHOME
time="2026-06-05T15:43:34+02:00" level=info msg="gpg --no-permission-warning --logger-fd 1 --batch --gen-key /tmp/gpg-key-recipe3885109101" dir= execID=c21c7
time="2026-06-05T15:43:34+02:00" level=info msg=Trace args="[gpg --no-permission-warning --logger-fd 1 --batch --gen-key /tmp/gpg-key-recipe3885109101]" dir= operation_name="exec gpg" time_ms=88.17365600000001
time="2026-06-05T15:43:34+02:00" level=info msg="gpg --no-permission-warning --list-public-keys" dir= execID=5b7f6
time="2026-06-05T15:43:34+02:00" level=info msg=Trace args="[gpg --no-permission-warning --list-public-keys]" dir= operation_name="exec gpg" time_ms=1.895209
time="2026-06-05T15:43:34+02:00" level=info msg="gpg --no-permission-warning -a --export 06F555E14F53B0D5" dir= execID=d8c25
time="2026-06-05T15:43:34+02:00" level=info msg=Trace args="[gpg --no-permission-warning -a --export 06F555E14F53B0D5]" dir= operation_name="exec gpg" time_ms=1.378409
time="2026-06-05T15:43:34+02:00" level=info msg="gpg-wrapper.sh --no-permission-warning --list-secret-keys 06F555E14F53B0D5" dir= execID=4a9cf
time="2026-06-05T15:43:34+02:00" level=info msg=Trace args="[gpg-wrapper.sh --no-permission-warning --list-secret-keys 06F555E14F53B0D5]" dir= operation_name="exec gpg-wrapper.sh" time_ms=0.017533
--- FAIL: Test_IsSecretKey (0.09s)
    gpg_test.go:532: 
        	Error Trace:	/home/advocate/Advocate/Experiments/Advocate/helper/aplas/realWorld/argo-cd/util/gpg/gpg_test.go:532
        	Error:      	Received unexpected error:
        	            	exec: "gpg-wrapper.sh": executable file not found in $PATH
        	Test:       	Test_IsSecretKey
-> Using /tmp/2626460787 as GNUPGHOME
time="2026-06-05T15:43:34+02:00" level=info msg="gpg --no-permission-warning --logger-fd 1 --batch --gen-key /tmp/gpg-key-recipe102482560" dir= execID=d358b
time="2026-06-05T15:43:34+02:00" level=info msg=Trace args="[gpg --no-permission-warning --logger-fd 1 --batch --gen-key /tmp/gpg-key-recipe102482560]" dir= operation_name="exec gpg" time_ms=65.481498
time="2026-06-05T15:43:34+02:00" level=info msg="gpg --no-permission-warning --list-public-keys" dir= execID=c125f
time="2026-06-05T15:43:34+02:00" level=info msg=Trace args="[gpg --no-permission-warning --list-public-keys]" dir= operation_name="exec gpg" time_ms=2.451735
time="2026-06-05T15:43:34+02:00" level=info msg="gpg --no-permission-warning -a --export CA2043B0D8576DA6" dir= execID=76104
time="2026-06-05T15:43:34+02:00" level=info msg=Trace args="[gpg --no-permission-warning -a --export CA2043B0D8576DA6]" dir= operation_name="exec gpg" time_ms=2.589688
time="2026-06-05T15:43:34+02:00" level=info msg="gpg-wrapper.sh --no-permission-warning --list-secret-keys CA2043B0D8576DA6" dir= execID=32efd
time="2026-06-05T15:43:34+02:00" level=info msg=Trace args="[gpg-wrapper.sh --no-permission-warning --list-secret-keys CA2043B0D8576DA6]" dir= operation_name="exec gpg-wrapper.sh" time_ms=0.026262
--- FAIL: Test_SyncKeyRingFromDirectory (0.07s)
    gpg_test.go:554: 
        	Error Trace:	/home/advocate/Advocate/Experiments/Advocate/helper/aplas/realWorld/argo-cd/util/gpg/gpg_test.go:554
        	Error:      	Received unexpected error:
        	            	error check secret key: exec: "gpg-wrapper.sh": executable file not found in $PATH
        	Test:       	Test_SyncKeyRingFromDirectory
FAIL
FAIL	github.com/argoproj/argo-cd/v2/util/gpg	0.854s
ok  	github.com/argoproj/argo-cd/v2/util/grpc	0.008s
?   	github.com/argoproj/argo-cd/v2/util/hash	[no test files]
ok  	github.com/argoproj/argo-cd/v2/util/healthz	0.003s
time="2026-06-05T15:43:34+02:00" level=info msg="took to get index" seconds=0.055713686
time="2026-06-05T15:43:34+02:00" level=info msg="took to get index" seconds=0.02151768
time="2026-06-05T15:43:34+02:00" level=info msg="took to get index" seconds=0.027984808
time="2026-06-05T15:43:34+02:00" level=info msg="helm pull --destination /tmp/40d41255-2c29-489d-8813-1ef2aa2bbf6f --version 0.7.1 --repo https://argoproj.github.io/argo-helm argo-cd" dir= execID=075b0
time="2026-06-05T15:43:34+02:00" level=info msg=Trace args="[helm pull --destination /tmp/40d41255-2c29-489d-8813-1ef2aa2bbf6f --version 0.7.1 --repo https://argoproj.github.io/argo-helm argo-cd]" dir= operation_name="exec helm" time_ms=0.066991
--- FAIL: Test_nativeHelmChart_ExtractChart (0.00s)
    client_test.go:82: 
        	Error Trace:	/home/advocate/Advocate/Experiments/Advocate/helper/aplas/realWorld/argo-cd/util/helm/client_test.go:82
        	Error:      	Received unexpected error:
        	            	error fetching chart: failed to fetch chart: failed to get command args to log: exec: "helm": executable file not found in $PATH
        	Test:       	Test_nativeHelmChart_ExtractChart
time="2026-06-05T15:43:34+02:00" level=info msg="helm pull --destination /tmp/b65c61c0-9645-4bbf-a0e1-582822482c1d --version 0.7.1 --repo https://argoproj.github.io/argo-helm argo-cd" dir= execID=df4e0
time="2026-06-05T15:43:34+02:00" level=info msg=Trace args="[helm pull --destination /tmp/b65c61c0-9645-4bbf-a0e1-582822482c1d --version 0.7.1 --repo https://argoproj.github.io/argo-helm argo-cd]" dir= operation_name="exec helm" time_ms=0.025746
time="2026-06-05T15:43:34+02:00" level=info msg="helm pull --destination /tmp/ffca9905-48f5-4d33-a109-0802ca367cfe --version 0.7.1 --insecure-skip-tls-verify --repo https://argoproj.github.io/argo-helm argo-cd" dir= execID=0b906
time="2026-06-05T15:43:34+02:00" level=info msg=Trace args="[helm pull --destination /tmp/ffca9905-48f5-4d33-a109-0802ca367cfe --version 0.7.1 --insecure-skip-tls-verify --repo https://argoproj.github.io/argo-helm argo-cd]" dir= operation_name="exec helm" time_ms=0.020411000000000002
--- FAIL: Test_nativeHelmChart_ExtractChart_insecure (0.00s)
    client_test.go:98: 
        	Error Trace:	/home/advocate/Advocate/Experiments/Advocate/helper/aplas/realWorld/argo-cd/util/helm/client_test.go:98
        	Error:      	Received unexpected error:
        	            	error fetching chart: failed to fetch chart: failed to get command args to log: exec: "helm": executable file not found in $PATH
        	Test:       	Test_nativeHelmChart_ExtractChart_insecure
time="2026-06-05T15:43:34+02:00" level=info msg="took to get tags" chart=mychart repo="https://127.0.0.1:41445" seconds=0.005068185
time="2026-06-05T15:43:34+02:00" level=info msg="took to get tags" chart=mychart repo="https://127.0.0.1:35833" seconds=0.003901466
time="2026-06-05T15:43:34+02:00" level=info msg="took to get tags" chart=mychart repo="https://127.0.0.1:35833/my-repo" seconds=0.004510003
time="2026-06-05T15:43:34+02:00" level=info msg="took to get tags" chart=mychart repo="127.0.0.1:35833" seconds=0.004389034
time="2026-06-05T15:43:34+02:00" level=info msg="took to get tags" chart=mychart repo="127.0.0.1:35833/my-repo" seconds=0.003512673
time="2026-06-05T15:43:34+02:00" level=info msg="helm template testdata/redis --name-template  --kube-version 1.14 --include-crds" dir=. execID=82618
time="2026-06-05T15:43:34+02:00" level=info msg=Trace args="[helm template testdata/redis --name-template  --kube-version 1.14 --include-crds]" dir=. operation_name="exec helm" time_ms=0.031198999999999998
--- FAIL: TestCmd_template_kubeVersion (0.00s)
    cmd_test.go:23: 
        	Error Trace:	/home/advocate/Advocate/Experiments/Advocate/helper/aplas/realWorld/argo-cd/util/helm/cmd_test.go:23
        	Error:      	Received unexpected error:
        	            	failed to get command args to log: exec: "helm": executable file not found in $PATH
        	Test:       	TestCmd_template_kubeVersion
time="2026-06-05T15:43:34+02:00" level=info msg="helm template testdata/chart-does-not-exist --name-template  --kube-version 1.14 --api-versions foo --api-versions bar --include-crds" dir=. execID=61014
time="2026-06-05T15:43:34+02:00" level=info msg=Trace args="[helm template testdata/chart-does-not-exist --name-template  --kube-version 1.14 --api-versions foo --api-versions bar --include-crds]" dir=. operation_name="exec helm" time_ms=0.020509
--- FAIL: TestCmd_template_noApiVersionsInError (0.00s)
    cmd_test.go:36: 
        	Error Trace:	/home/advocate/Advocate/Experiments/Advocate/helper/aplas/realWorld/argo-cd/util/helm/cmd_test.go:36
        	Error:      	Error "failed to get command args to log: exec: \"helm\": executable file not found in $PATH" does not contain "<api versions removed> "
        	Test:       	TestCmd_template_noApiVersionsInError
2026/06/05 15:43:34 helm chart version 'abcd' is not supported
time="2026-06-05T15:43:34+02:00" level=info msg="helm template . --name-template test --set service.type=LoadBalancer --set service.port=1234 --set-string service.annotations.prometheus\\.io/scrape=true --include-crds" dir=./testdata/minio execID=eb740
time="2026-06-05T15:43:34+02:00" level=info msg=Trace args="[helm template . --name-template test --set service.type=LoadBalancer --set service.port=1234 --set-string service.annotations.prometheus\\.io/scrape=true --include-crds]" dir=./testdata/minio operation_name="exec helm" time_ms=0.019028
--- FAIL: TestHelmTemplateParams (0.00s)
    helm_test.go:41: 
        	Error Trace:	/home/advocate/Advocate/Experiments/Advocate/helper/aplas/realWorld/argo-cd/util/helm/helm_test.go:41
        	Error:      	Received unexpected error:
        	            	failed to execute helm template command: failed to get command args to log: exec: "helm": executable file not found in $PATH
        	Test:       	TestHelmTemplateParams
time="2026-06-05T15:43:34+02:00" level=info msg="helm template . --name-template test --values /home/advocate/Advocate/Experiments/Advocate/helper/aplas/realWorld/argo-cd/util/helm/testdata/redis/values-production.yaml --include-crds" dir=/home/advocate/Advocate/Experiments/Advocate/helper/aplas/realWorld/argo-cd/util/helm/testdata/redis execID=2b75e
time="2026-06-05T15:43:34+02:00" level=info msg=Trace args="[helm template . --name-template test --values /home/advocate/Advocate/Experiments/Advocate/helper/aplas/realWorld/argo-cd/util/helm/testdata/redis/values-production.yaml --include-crds]" dir=/home/advocate/Advocate/Experiments/Advocate/helper/aplas/realWorld/argo-cd/util/helm/testdata/redis operation_name="exec helm" time_ms=0.019325
--- FAIL: TestHelmTemplateValues (0.00s)
    helm_test.go:69: 
        	Error Trace:	/home/advocate/Advocate/Experiments/Advocate/helper/aplas/realWorld/argo-cd/util/helm/helm_test.go:69
        	Error:      	Received unexpected error:
        	            	failed to execute helm template command: failed to get command args to log: exec: "helm": executable file not found in $PATH
        	Test:       	TestHelmTemplateValues
time="2026-06-05T15:43:34+02:00" level=info msg="helm show values ." dir=/home/advocate/Advocate/Experiments/Advocate/helper/aplas/realWorld/argo-cd/util/helm/testdata/redis execID=b2fca
time="2026-06-05T15:43:34+02:00" level=info msg=Trace args="[helm show values .]" dir=/home/advocate/Advocate/Experiments/Advocate/helper/aplas/realWorld/argo-cd/util/helm/testdata/redis operation_name="exec helm" time_ms=0.017068999999999997
--- FAIL: TestHelmGetParams (0.00s)
    helm_test.go:89: 
        	Error Trace:	/home/advocate/Advocate/Experiments/Advocate/helper/aplas/realWorld/argo-cd/util/helm/helm_test.go:89
        	Error:      	Received unexpected error:
        	            	failed to execute helm inspect values command: failed to inspect values: failed to get command args to log: exec: "helm": executable file not found in $PATH
        	Test:       	TestHelmGetParams
time="2026-06-05T15:43:34+02:00" level=info msg="helm show values ." dir=/home/advocate/Advocate/Experiments/Advocate/helper/aplas/realWorld/argo-cd/util/helm/testdata/redis execID=5e963
time="2026-06-05T15:43:34+02:00" level=info msg=Trace args="[helm show values .]" dir=/home/advocate/Advocate/Experiments/Advocate/helper/aplas/realWorld/argo-cd/util/helm/testdata/redis operation_name="exec helm" time_ms=0.016085
--- FAIL: TestHelmGetParamsValueFiles (0.00s)
    helm_test.go:104: 
        	Error Trace:	/home/advocate/Advocate/Experiments/Advocate/helper/aplas/realWorld/argo-cd/util/helm/helm_test.go:104
        	Error:      	Received unexpected error:
        	            	failed to execute helm inspect values command: failed to inspect values: failed to get command args to log: exec: "helm": executable file not found in $PATH
        	Test:       	TestHelmGetParamsValueFiles
time="2026-06-05T15:43:34+02:00" level=info msg="helm show values ." dir=/home/advocate/Advocate/Experiments/Advocate/helper/aplas/realWorld/argo-cd/util/helm/testdata/redis execID=7eadd
time="2026-06-05T15:43:34+02:00" level=info msg=Trace args="[helm show values .]" dir=/home/advocate/Advocate/Experiments/Advocate/helper/aplas/realWorld/argo-cd/util/helm/testdata/redis operation_name="exec helm" time_ms=0.08831
--- FAIL: TestHelmGetParamsValueFilesThatExist (0.00s)
    helm_test.go:121: 
        	Error Trace:	/home/advocate/Advocate/Experiments/Advocate/helper/aplas/realWorld/argo-cd/util/helm/helm_test.go:121
        	Error:      	Received unexpected error:
        	            	failed to execute helm inspect values command: failed to inspect values: failed to get command args to log: exec: "helm": executable file not found in $PATH
        	Test:       	TestHelmGetParamsValueFilesThatExist
time="2026-06-05T15:43:34+02:00" level=info msg="helm template . --name-template my-release --include-crds" dir=./testdata/redis execID=13c74
time="2026-06-05T15:43:34+02:00" level=info msg=Trace args="[helm template . --name-template my-release --include-crds]" dir=./testdata/redis operation_name="exec helm" time_ms=0.052388000000000004
--- FAIL: TestHelmTemplateReleaseNameOverwrite (0.00s)
    helm_test.go:132: 
        	Error Trace:	/home/advocate/Advocate/Experiments/Advocate/helper/aplas/realWorld/argo-cd/util/helm/helm_test.go:132
        	Error:      	Received unexpected error:
        	            	failed to execute helm template command: failed to get command args to log: exec: "helm": executable file not found in $PATH
        	Test:       	TestHelmTemplateReleaseNameOverwrite
time="2026-06-05T15:43:34+02:00" level=info msg="helm template . --name-template test --include-crds" dir=./testdata/redis execID=bb69f
time="2026-06-05T15:43:34+02:00" level=info msg=Trace args="[helm template . --name-template test --include-crds]" dir=./testdata/redis operation_name="exec helm" time_ms=0.204695
--- FAIL: TestHelmTemplateReleaseName (0.00s)
    helm_test.go:149: 
        	Error Trace:	/home/advocate/Advocate/Experiments/Advocate/helper/aplas/realWorld/argo-cd/util/helm/helm_test.go:149
        	Error:      	Received unexpected error:
        	            	failed to execute helm template command: failed to get command args to log: exec: "helm": executable file not found in $PATH
        	Test:       	TestHelmTemplateReleaseName
time="2026-06-05T15:43:34+02:00" level=info msg="helm version --client" dir= execID=30e82
time="2026-06-05T15:43:34+02:00" level=info msg=Trace args="[helm version --client]" dir= operation_name="exec helm" time_ms=0.020707
--- FAIL: TestVersion (0.00s)
    helm_test.go:177: 
        	Error Trace:	/home/advocate/Advocate/Experiments/Advocate/helper/aplas/realWorld/argo-cd/util/helm/helm_test.go:177
        	Error:      	Received unexpected error:
        	            	could not get helm version: exec: "helm": executable file not found in $PATH
        	Test:       	TestVersion
time="2026-06-05T15:43:34+02:00" level=info msg="helm template . --name-template  --include-crds" dir=./testdata/api-versions execID=9c509
time="2026-06-05T15:43:34+02:00" level=info msg=Trace args="[helm template . --name-template  --include-crds]" dir=./testdata/api-versions operation_name="exec helm" time_ms=0.034665
--- FAIL: TestAPIVersions (0.00s)
    helm_test.go:210: 
        	Error Trace:	/home/advocate/Advocate/Experiments/Advocate/helper/aplas/realWorld/argo-cd/util/helm/helm_test.go:210
        	Error:      	Received unexpected error:
        	            	failed to execute helm template command: failed to get command args to log: exec: "helm": executable file not found in $PATH
        	Test:       	TestAPIVersions
time="2026-06-05T15:43:34+02:00" level=info msg="helm template . --name-template  --include-crds" dir=./testdata/crds execID=6b70c
time="2026-06-05T15:43:34+02:00" level=info msg=Trace args="[helm template . --name-template  --include-crds]" dir=./testdata/crds operation_name="exec helm" time_ms=0.041100000000000005
--- FAIL: TestSkipCrds (0.00s)
    helm_test.go:225: 
        	Error Trace:	/home/advocate/Advocate/Experiments/Advocate/helper/aplas/realWorld/argo-cd/util/helm/helm_test.go:225
        	Error:      	Received unexpected error:
        	            	failed to execute helm template command: failed to get command args to log: exec: "helm": executable file not found in $PATH
        	Test:       	TestSkipCrds
FAIL
FAIL	github.com/argoproj/argo-cd/v2/util/helm	0.158s
?   	github.com/argoproj/argo-cd/v2/util/helm/mocks	[no test files]
ok  	github.com/argoproj/argo-cd/v2/util/http	0.006s
ok  	github.com/argoproj/argo-cd/v2/util/io	0.005s
ok  	github.com/argoproj/argo-cd/v2/util/io/files	0.033s
?   	github.com/argoproj/argo-cd/v2/util/io/mocks	[no test files]
ok  	github.com/argoproj/argo-cd/v2/util/io/path	0.002s
ok  	github.com/argoproj/argo-cd/v2/util/jwt	0.002s
ok  	github.com/argoproj/argo-cd/v2/util/kube	0.027s
time="2026-06-05T15:43:34+02:00" level=info msg="cp -r ./testdata/kustomization_yaml /tmp/TestKustomizeBuild522259095/001/testdata" dir= execID=42bd3
time="2026-06-05T15:43:34+02:00" level=info msg="kustomize edit set nameprefix -- namePrefix-" dir=/tmp/TestKustomizeBuild522259095/001/testdata execID=ec41a
time="2026-06-05T15:43:34+02:00" level=info msg=Trace args="[kustomize edit set nameprefix -- namePrefix-]" dir=/tmp/TestKustomizeBuild522259095/001/testdata operation_name="exec kustomize" time_ms=0.023589000000000002
--- FAIL: TestKustomizeBuild (0.00s)
    kustomize_test.go:78: 
        	Error Trace:	/home/advocate/Advocate/Experiments/Advocate/helper/aplas/realWorld/argo-cd/util/kustomize/kustomize_test.go:78
        	Error:      	Received unexpected error:
        	            	exec: "kustomize": executable file not found in $PATH
        	Test:       	TestKustomizeBuild
time="2026-06-05T15:43:34+02:00" level=info msg="cp -r ./testdata/kustomization_yaml /tmp/TestFailKustomizeBuild26705157/001/testdata" dir= execID=cacf2
time="2026-06-05T15:43:34+02:00" level=info msg="kustomize version --short" dir= execID=4246a
time="2026-06-05T15:43:34+02:00" level=info msg=Trace args="[kustomize version --short]" dir= operation_name="exec kustomize" time_ms=0.020376
time="2026-06-05T15:43:34+02:00" level=warning msg="Failed to parse kustomize version: could not get kustomize version: exec: \"kustomize\": executable file not found in $PATH"
time="2026-06-05T15:43:34+02:00" level=info msg="kustomize version" dir= execID=1e03a
time="2026-06-05T15:43:34+02:00" level=info msg=Trace args="[kustomize version]" dir= operation_name="exec kustomize" time_ms=0.0155
--- FAIL: TestVersion (0.00s)
    kustomize_test.go:174: 
        	Error Trace:	/home/advocate/Advocate/Experiments/Advocate/helper/aplas/realWorld/argo-cd/util/kustomize/kustomize_test.go:174
        	Error:      	Received unexpected error:
        	            	could not get kustomize version: exec: "kustomize": executable file not found in $PATH
        	Test:       	TestVersion
time="2026-06-05T15:43:34+02:00" level=info msg="kustomize version --short" dir= execID=63dbf
time="2026-06-05T15:43:34+02:00" level=info msg=Trace args="[kustomize version --short]" dir= operation_name="exec kustomize" time_ms=0.008392
--- FAIL: TestGetSemver (0.00s)
    kustomize_test.go:180: 
        	Error Trace:	/home/advocate/Advocate/Experiments/Advocate/helper/aplas/realWorld/argo-cd/util/kustomize/kustomize_test.go:180
        	Error:      	Received unexpected error:
        	            	could not get kustomize version: exec: "kustomize": executable file not found in $PATH
        	Test:       	TestGetSemver
time="2026-06-05T15:43:34+02:00" level=info msg="cp -r ./testdata/force_common /tmp/TestKustomizeBuildForceCommonLabels3679169166/001/testdata" dir= execID=7d271
time="2026-06-05T15:43:34+02:00" level=info msg="kustomize edit add label --force test:argo-cd-tests foo:edited" dir=/tmp/TestKustomizeBuildForceCommonLabels3679169166/001/testdata execID=10357
time="2026-06-05T15:43:34+02:00" level=info msg=Trace args="[kustomize edit add label --force test:argo-cd-tests foo:edited]" dir=/tmp/TestKustomizeBuildForceCommonLabels3679169166/001/testdata operation_name="exec kustomize" time_ms=0.078458
--- FAIL: TestKustomizeBuildForceCommonLabels (0.00s)
    kustomize_test.go:240: 
        	Error Trace:	/home/advocate/Advocate/Experiments/Advocate/helper/aplas/realWorld/argo-cd/util/kustomize/kustomize_test.go:240
        	Error:      	Received unexpected error:
        	            	exec: "kustomize": executable file not found in $PATH
        	Test:       	TestKustomizeBuildForceCommonLabels
time="2026-06-05T15:43:34+02:00" level=info msg="cp -r ./testdata/force_common /tmp/TestKustomizeBuildForceCommonAnnotations4052677381/001/testdata" dir= execID=430a8
time="2026-06-05T15:43:34+02:00" level=info msg="kustomize edit add annotation --force one:edited two:${test} three:$ARGOCD_APP_NAME" dir=/tmp/TestKustomizeBuildForceCommonAnnotations4052677381/001/testdata execID=42ec4
time="2026-06-05T15:43:34+02:00" level=info msg=Trace args="[kustomize edit add annotation --force one:edited two:${test} three:$ARGOCD_APP_NAME]" dir=/tmp/TestKustomizeBuildForceCommonAnnotations4052677381/001/testdata operation_name="exec kustomize" time_ms=0.012766
--- FAIL: TestKustomizeBuildForceCommonAnnotations (0.00s)
    kustomize_test.go:332: 
        	Error Trace:	/home/advocate/Advocate/Experiments/Advocate/helper/aplas/realWorld/argo-cd/util/kustomize/kustomize_test.go:332
        	Error:      	Received unexpected error:
        	            	exec: "kustomize": executable file not found in $PATH
        	Test:       	TestKustomizeBuildForceCommonAnnotations
time="2026-06-05T15:43:34+02:00" level=info msg="cp -r ./testdata/label_without_selector /tmp/TestKustomizeLabelWithoutSelector3881759970/001/testdata" dir= execID=09ddc
time="2026-06-05T15:43:34+02:00" level=info msg="kustomize edit add label --without-selector foo:bar" dir=/tmp/TestKustomizeLabelWithoutSelector3881759970/001/testdata execID=bc521
time="2026-06-05T15:43:34+02:00" level=info msg=Trace args="[kustomize edit add label --without-selector foo:bar]" dir=/tmp/TestKustomizeLabelWithoutSelector3881759970/001/testdata operation_name="exec kustomize" time_ms=0.010922
--- FAIL: TestKustomizeLabelWithoutSelector (0.00s)
    kustomize_test.go:400: 
        	Error Trace:	/home/advocate/Advocate/Experiments/Advocate/helper/aplas/realWorld/argo-cd/util/kustomize/kustomize_test.go:400
        	Error:      	Received unexpected error:
        	            	exec: "kustomize": executable file not found in $PATH
        	Test:       	TestKustomizeLabelWithoutSelector
time="2026-06-05T15:43:34+02:00" level=info msg="cp -r ./testdata/kustomization_yaml /tmp/TestKustomizeCustomVersion3283595192/001/testdata" dir= execID=eb6e5
time="2026-06-05T15:43:34+02:00" level=info msg="cp -r ./testdata/custom_version /tmp/TestKustomizeCustomVersion3283595192/002/testdata" dir= execID=a185f
time="2026-06-05T15:43:34+02:00" level=info msg="/tmp/TestKustomizeCustomVersion3283595192/002/testdata/kustomize.special build /tmp/TestKustomizeCustomVersion3283595192/001/testdata" dir=/tmp/TestKustomizeCustomVersion3283595192/001/testdata execID=c09dc
time="2026-06-05T15:43:34+02:00" level=error msg="`/tmp/TestKustomizeCustomVersion3283595192/002/testdata/kustomize.special build /tmp/TestKustomizeCustomVersion3283595192/001/testdata` failed exit status 127: /tmp/TestKustomizeCustomVersion3283595192/002/testdata/kustomize.special: line 8: kustomize: command not found" execID=c09dc
time="2026-06-05T15:43:34+02:00" level=info msg=Trace args="[/tmp/TestKustomizeCustomVersion3283595192/002/testdata/kustomize.special build /tmp/TestKustomizeCustomVersion3283595192/001/testdata]" dir=/tmp/TestKustomizeCustomVersion3283595192/001/testdata operation_name="exec /tmp/TestKustomizeCustomVersion3283595192/002/testdata/kustomize.special" time_ms=4.361592
--- FAIL: TestKustomizeCustomVersion (0.01s)
    kustomize_test.go:431: 
        	Error Trace:	/home/advocate/Advocate/Experiments/Advocate/helper/aplas/realWorld/argo-cd/util/kustomize/kustomize_test.go:431
        	Error:      	Received unexpected error:
        	            	`/tmp/TestKustomizeCustomVersion3283595192/002/testdata/kustomize.special build /tmp/TestKustomizeCustomVersion3283595192/001/testdata` failed exit status 127: /tmp/TestKustomizeCustomVersion3283595192/002/testdata/kustomize.special: line 8: kustomize: command not found
        	Test:       	TestKustomizeCustomVersion
time="2026-06-05T15:43:34+02:00" level=info msg="cp -r ./testdata/kustomization_yaml_components /tmp/TestKustomizeBuildComponents2952158030/001/testdata" dir= execID=970b1
time="2026-06-05T15:43:34+02:00" level=info msg="kustomize edit add component ./components" dir=/tmp/TestKustomizeBuildComponents2952158030/001/testdata execID=9ff0e
time="2026-06-05T15:43:34+02:00" level=info msg=Trace args="[kustomize edit add component ./components]" dir=/tmp/TestKustomizeBuildComponents2952158030/001/testdata operation_name="exec kustomize" time_ms=0.026136
--- FAIL: TestKustomizeBuildComponents (0.00s)
    kustomize_test.go:451: 
        	Error Trace:	/home/advocate/Advocate/Experiments/Advocate/helper/aplas/realWorld/argo-cd/util/kustomize/kustomize_test.go:451
        	Error:      	Received unexpected error:
        	            	exec: "kustomize": executable file not found in $PATH
        	Test:       	TestKustomizeBuildComponents
time="2026-06-05T15:43:34+02:00" level=info msg="cp -r ./testdata/kustomization_yaml_patches /tmp/TestKustomizeBuildPatches3203264301/001/testdata" dir= execID=e66f7
time="2026-06-05T15:43:34+02:00" level=info msg="kustomize build /tmp/TestKustomizeBuildPatches3203264301/001/testdata" dir=/tmp/TestKustomizeBuildPatches3203264301/001/testdata execID=95c75
time="2026-06-05T15:43:34+02:00" level=info msg=Trace args="[kustomize build /tmp/TestKustomizeBuildPatches3203264301/001/testdata]" dir=/tmp/TestKustomizeBuildPatches3203264301/001/testdata operation_name="exec kustomize" time_ms=0.012766
--- FAIL: TestKustomizeBuildPatches (0.00s)
    kustomize_test.go:484: 
        	Error Trace:	/home/advocate/Advocate/Experiments/Advocate/helper/aplas/realWorld/argo-cd/util/kustomize/kustomize_test.go:484
        	Error:      	Received unexpected error:
        	            	exec: "kustomize": executable file not found in $PATH
        	Test:       	TestKustomizeBuildPatches
FAIL
FAIL	github.com/argoproj/argo-cd/v2/util/kustomize	0.040s
--- FAIL: TestFilePermission (0.00s)
    --- FAIL: TestFilePermission/Test_config_file_with_permission_0400 (0.00s)
        localconfig_test.go:75: 
            	Error Trace:	/home/advocate/Advocate/Experiments/Advocate/helper/aplas/realWorld/argo-cd/util/localconfig/localconfig_test.go:75
            	Error:      	Received unexpected error:
            	            	open testfolder/.config_0400: permission denied
            	Test:       	TestFilePermission/Test_config_file_with_permission_0400
            	Messages:   	Could not write  create config file: open testfolder/.config_0400: permission denied
FAIL
FAIL	github.com/argoproj/argo-cd/v2/util/localconfig	0.002s
ok  	github.com/argoproj/argo-cd/v2/util/log	0.006s
ok  	github.com/argoproj/argo-cd/v2/util/lua	1.257s
ok  	github.com/argoproj/argo-cd/v2/util/manifeststream	0.027s
ok  	github.com/argoproj/argo-cd/v2/util/metrics	0.002s
?   	github.com/argoproj/argo-cd/v2/util/notification/argocd	[no test files]
?   	github.com/argoproj/argo-cd/v2/util/notification/argocd/mocks	[no test files]
ok  	github.com/argoproj/argo-cd/v2/util/notification/expression	0.022s
?   	github.com/argoproj/argo-cd/v2/util/notification/expression/repo	[no test files]
ok  	github.com/argoproj/argo-cd/v2/util/notification/expression/shared	0.023s
ok  	github.com/argoproj/argo-cd/v2/util/notification/expression/strings	0.002s
ok  	github.com/argoproj/argo-cd/v2/util/notification/expression/time	0.002s
?   	github.com/argoproj/argo-cd/v2/util/notification/k8s	[no test files]
ok  	github.com/argoproj/argo-cd/v2/util/notification/settings	0.030s
ok  	github.com/argoproj/argo-cd/v2/util/oidc	0.731s
ok  	github.com/argoproj/argo-cd/v2/util/password	0.153s
ok  	github.com/argoproj/argo-cd/v2/util/profile	0.003s
ok  	github.com/argoproj/argo-cd/v2/util/proxy	0.002s
ok  	github.com/argoproj/argo-cd/v2/util/rand	0.002s
ok  	github.com/argoproj/argo-cd/v2/util/rbac	0.065s
?   	github.com/argoproj/argo-cd/v2/util/regex	[no test files]
ok  	github.com/argoproj/argo-cd/v2/util/resource	0.031s
ok  	github.com/argoproj/argo-cd/v2/util/security	0.004s
ok  	github.com/argoproj/argo-cd/v2/util/session	7.487s
ok  	github.com/argoproj/argo-cd/v2/util/settings	8.598s
ok  	github.com/argoproj/argo-cd/v2/util/stats	0.002s
ok  	github.com/argoproj/argo-cd/v2/util/swagger	0.068s
?   	github.com/argoproj/argo-cd/v2/util/templates	[no test files]
?   	github.com/argoproj/argo-cd/v2/util/test	[no test files]
ok  	github.com/argoproj/argo-cd/v2/util/text	0.002s
ok  	github.com/argoproj/argo-cd/v2/util/text/label	0.002s
?   	github.com/argoproj/argo-cd/v2/util/tgzstream	[no test files]
--- FAIL: TestEncodeX509KeyPairString (0.00s)
panic: runtime error: invalid memory address or nil pointer dereference [recovered, repanicked]
[signal SIGSEGV: segmentation violation code=0x1 addr=0x60 pc=0x5857bd]

goroutine 8 [running]:
testing.tRunner.func1.2({0x6ac4c0, 0x96b190})
	/usr/lib/go-1.26/src/testing/testing.go:1974 +0x232
testing.tRunner.func1()
	/usr/lib/go-1.26/src/testing/testing.go:1977 +0x349
panic({0x6ac4c0?, 0x96b190?})
	/usr/lib/go-1.26/src/runtime/panic.go:860 +0x13a
crypto/rsa.(*PrivateKey).precomputedIsConsistent(0x1000000000000?)
	/usr/lib/go-1.26/src/crypto/rsa/rsa.go:253 +0x1d
crypto/rsa.(*PrivateKey).Precompute(0x0)
	/usr/lib/go-1.26/src/crypto/rsa/rsa.go:548 +0x1c
crypto/x509.MarshalPKCS1PrivateKey(0x0)
	/usr/lib/go-1.26/src/crypto/x509/pkcs1.go:134 +0x27
github.com/argoproj/argo-cd/v2/util/tls.pemBlockForKey({0x6ddcc0?, 0x0?})
	/home/advocate/Advocate/Experiments/Advocate/helper/aplas/realWorld/argo-cd/util/tls/tls.go:196 +0x126
github.com/argoproj/argo-cd/v2/util/tls.EncodeX509KeyPair({{0x334ba2e49740, 0x2, 0x2}, {0x6ddcc0, 0x0}, {0x0, 0x0, 0x0}, {0x0, 0x0, ...}, ...})
	/home/advocate/Advocate/Experiments/Advocate/helper/aplas/realWorld/argo-cd/util/tls/tls.go:324 +0x16c
github.com/argoproj/argo-cd/v2/util/tls.EncodeX509KeyPairString(...)
	/home/advocate/Advocate/Experiments/Advocate/helper/aplas/realWorld/argo-cd/util/tls/tls.go:330
github.com/argoproj/argo-cd/v2/util/tls.TestEncodeX509KeyPairString(0x334ba2e70908)
	/home/advocate/Advocate/Experiments/Advocate/helper/aplas/realWorld/argo-cd/util/tls/tls_test.go:117 +0xe5
testing.tRunner(0x334ba2e70908, 0x717aa8)
	/usr/lib/go-1.26/src/testing/testing.go:2036 +0xea
created by testing.(*T).Run in goroutine 1
	/usr/lib/go-1.26/src/testing/testing.go:2101 +0x4c5
FAIL	github.com/argoproj/argo-cd/v2/util/tls	0.007s
?   	github.com/argoproj/argo-cd/v2/util/trace	[no test files]
ok  	github.com/argoproj/argo-cd/v2/util/webhook	0.035s
FAIL
