2026/06/05 14:16:05 [33mUpdated Go version in go.mod to 1.25[0m
2026/06/05 14:16:05 Run go mod tidy
2026/06/05 14:16:05 Start fuzzing in mode GoCRHB
2026/06/05 14:16:05 Run fuzzing on all tests
2026/06/05 14:16:05 Found 104 test files
2026/06/05 14:16:05 Processing file: /home/advocate/Advocate/Experiments/Advocate/helper/aplas/output/oocLength/7/blocking/cockroach/10214/cockroach10214_test.go
2026/06/05 14:16:05 Fuzzing Run:  1
2026/06/05 14:16:05 Create  /home/advocate/Advocate/Experiments/Advocate/helper/aplas/output/oocLength/7/advocateResult/file(1)-test(1)-cockroach10214_test-TestCockroach10214
2026/06/05 14:16:05 Execute Test
2026/06/05 14:16:06 Text executed
2026/06/05 14:16:06 Run the analyzer for /home/advocate/Advocate/Experiments/Advocate/helper/aplas/output/oocLength/7/blocking/cockroach/10214/advocateTrace
2026/06/05 14:16:06 Read trace with 23 elements in 3 routines
2026/06/05 14:16:06 Start Analysis
2026/06/05 14:16:06 Finished HB analysis
2026/06/05 14:16:06 Analysis finished
2026/06/05 14:16:06 Start rewrite
2026/06/05 14:16:06 Finished Rewrite
2026/06/05 14:16:06 Number Results:  1
2026/06/05 14:16:06 Successfully rewrites:  0
2026/06/05 14:16:06 No need/not possible to rewrite:  1
2026/06/05 14:16:06 Failed rewrites:  0
2026/06/05 14:16:06 Start guided execution
2026/06/05 14:16:06 Found 0 rewritten traces
2026/06/05 14:16:06 Create bug reports
2026/06/05 14:16:06 [32mFound Possible Cyclic Deadlock.[0m
2026/06/05 14:16:06 Create statistics
2026/06/05 14:16:06 Finished run for TestCockroach10214
2026/06/05 14:16:06 Parse recorded trace for fuzzing information
2026/06/05 14:16:06 Create mutations
2026/06/05 14:16:06 Create GoPie mutations
2026/06/05 14:16:06 Mutate 24 scheduling chains
2026/06/05 14:16:06 Write 14 mutations to file
2026/06/05 14:16:06 Create statistics
2026/06/05 14:16:06 Current fuzzing queue size: 14
2026/06/05 14:16:06 Remaining fuzzing time: 9:58 min
2026/06/05 14:16:06 Fuzzing Run:  2
2026/06/05 14:16:06 Execute Test
2026/06/05 14:26:07 [35mRecording timed out[0m
2026/06/05 14:26:07 Text executed
2026/06/05 14:26:07 Run the analyzer for /home/advocate/Advocate/Experiments/Advocate/helper/aplas/output/oocLength/7/blocking/cockroach/10214/advocateTrace
2026/06/05 14:26:07 Trace at /home/advocate/Advocate/Experiments/Advocate/helper/aplas/output/oocLength/7/blocking/cockroach/10214/advocateTrace does not contain any elements
2026/06/05 14:26:07 Read trace with 0 elements in 0 routines
2026/06/05 14:26:07 Start Analysis
2026/06/05 14:26:07 Finished HB analysis
2026/06/05 14:26:07 Analysis finished
2026/06/05 14:26:07 Finished Rewrite
2026/06/05 14:26:07 Number Results:  0
2026/06/05 14:26:07 Successfully rewrites:  0
2026/06/05 14:26:07 No need/not possible to rewrite:  0
2026/06/05 14:26:07 Failed rewrites:  0
2026/06/05 14:26:07 Start guided execution
2026/06/05 14:26:07 Found 0 rewritten traces
2026/06/05 14:26:07 Create bug reports
2026/06/05 14:26:07 Create statistics
2026/06/05 14:26:07 Finished run for TestCockroach10214
2026/06/05 14:26:07 Parse recorded trace for fuzzing information
2026/06/05 14:26:07 Create mutations
2026/06/05 14:26:07 Create GoPie mutations
2026/06/05 14:26:07 Mutate 0 scheduling chains
2026/06/05 14:26:07 Write 0 mutations to file
2026/06/05 14:26:07 Create statistics
2026/06/05 14:26:07 Current fuzzing queue size: 0
2026/06/05 14:26:07 Finish fuzzing because maximum runtime for fuzzing (10 min) has been reached
2026/06/05 14:26:07 Processing file: /home/advocate/Advocate/Experiments/Advocate/helper/aplas/output/oocLength/7/blocking/cockroach/1055/cockroach1055_test.go
2026/06/05 14:26:07 Fuzzing Run:  1
2026/06/05 14:26:07 Create  /home/advocate/Advocate/Experiments/Advocate/helper/aplas/output/oocLength/7/advocateResult/file(2)-test(1)-cockroach1055_test-TestCockroach1055
2026/06/05 14:26:07 Execute Test
2026/06/05 14:30:08 Text executed
2026/06/05 14:30:08 Run the analyzer for /home/advocate/Advocate/Experiments/Advocate/helper/aplas/output/oocLength/7/blocking/cockroach/1055/advocateTrace
2026/06/05 14:30:08 Read trace with 44 elements in 5 routines
2026/06/05 14:30:08 Start Analysis
2026/06/05 14:30:08 Finished HB analysis
2026/06/05 14:30:08 Analysis finished
2026/06/05 14:30:08 Start rewrite
2026/06/05 14:30:08 Finished Rewrite
2026/06/05 14:30:08 Number Results:  2
2026/06/05 14:30:08 Successfully rewrites:  0
2026/06/05 14:30:08 No need/not possible to rewrite:  2
2026/06/05 14:30:08 Failed rewrites:  0
2026/06/05 14:30:08 Start guided execution
2026/06/05 14:30:08 Found 0 rewritten traces
2026/06/05 14:30:08 Create bug reports
2026/06/05 14:30:08 [32mFound Timeout.[0m
2026/06/05 14:30:08 [32mFound Actual Non-Cyclic Blocking Bug.[0m
2026/06/05 14:30:08 Create statistics
2026/06/05 14:30:08 Finished run for TestCockroach1055
2026/06/05 14:30:08 Parse recorded trace for fuzzing information
2026/06/05 14:30:08 Create mutations
2026/06/05 14:30:08 Create GoPie mutations
2026/06/05 14:30:08 Mutate 24 scheduling chains
2026/06/05 14:30:08 Write 6 mutations to file
2026/06/05 14:30:08 Create statistics
2026/06/05 14:30:08 Current fuzzing queue size: 7
2026/06/05 14:30:08 Remaining fuzzing time: 5:58 min
2026/06/05 14:30:08 Fuzzing Run:  2
2026/06/05 14:30:08 Execute Test
2026/06/05 14:40:08 Text executed
2026/06/05 14:40:08 Run the analyzer for /home/advocate/Advocate/Experiments/Advocate/helper/aplas/output/oocLength/7/blocking/cockroach/1055/advocateTrace
2026/06/05 14:40:08 Trace at /home/advocate/Advocate/Experiments/Advocate/helper/aplas/output/oocLength/7/blocking/cockroach/1055/advocateTrace does not contain any elements
2026/06/05 14:40:08 Read trace with 0 elements in 0 routines
2026/06/05 14:40:08 Start Analysis
2026/06/05 14:40:08 Finished HB analysis
2026/06/05 14:40:08 Analysis finished
2026/06/05 14:40:08 Start rewrite
2026/06/05 14:40:08 Finished Rewrite
2026/06/05 14:40:08 Number Results:  1
2026/06/05 14:40:08 Successfully rewrites:  0
2026/06/05 14:40:08 No need/not possible to rewrite:  1
2026/06/05 14:40:08 Failed rewrites:  0
2026/06/05 14:40:08 Start guided execution
2026/06/05 14:40:08 Found 0 rewritten traces
2026/06/05 14:40:08 Create bug reports
2026/06/05 14:40:08 Create statistics
2026/06/05 14:40:08 Finished run for TestCockroach1055
2026/06/05 14:40:08 Parse recorded trace for fuzzing information
2026/06/05 14:40:08 Create mutations
2026/06/05 14:40:08 Create GoPie mutations
2026/06/05 14:40:08 Mutate 0 scheduling chains
2026/06/05 14:40:08 Write 0 mutations to file
2026/06/05 14:40:08 Create statistics
2026/06/05 14:40:08 Current fuzzing queue size: 0
2026/06/05 14:40:08 Finish fuzzing because maximum runtime for fuzzing (10 min) has been reached
2026/06/05 14:40:08 Processing file: /home/advocate/Advocate/Experiments/Advocate/helper/aplas/output/oocLength/7/blocking/cockroach/10790/cockroach10790_test.go
2026/06/05 14:40:08 Fuzzing Run:  1
2026/06/05 14:40:08 Create  /home/advocate/Advocate/Experiments/Advocate/helper/aplas/output/oocLength/7/advocateResult/file(3)-test(1)-cockroach10790_test-TestCockroach10790
2026/06/05 14:40:08 Execute Test
2026/06/05 14:40:09 Text executed
2026/06/05 14:40:09 Run the analyzer for /home/advocate/Advocate/Experiments/Advocate/helper/aplas/output/oocLength/7/blocking/cockroach/10790/advocateTrace
2026/06/05 14:40:09 Read trace with 24 elements in 6 routines
2026/06/05 14:40:09 Start Analysis
2026/06/05 14:40:09 Finished HB analysis
2026/06/05 14:40:09 Analysis finished
2026/06/05 14:40:09 Start rewrite
2026/06/05 14:40:09 Finished Rewrite
2026/06/05 14:40:09 Number Results:  2
2026/06/05 14:40:09 Successfully rewrites:  0
2026/06/05 14:40:09 No need/not possible to rewrite:  2
2026/06/05 14:40:09 Failed rewrites:  0
2026/06/05 14:40:09 Start guided execution
2026/06/05 14:40:09 Found 0 rewritten traces
2026/06/05 14:40:09 Create bug reports
2026/06/05 14:40:09 [31mline number out of range[0m
2026/06/05 14:40:09 [32mFound Actual Non-Cyclic Blocking Bug.[0m
2026/06/05 14:40:09 [32mFound Actual Cyclic Deadlock.[0m
2026/06/05 14:40:09 Create statistics
2026/06/05 14:40:09 Finished run for TestCockroach10790
2026/06/05 14:40:09 Parse recorded trace for fuzzing information
2026/06/05 14:40:09 Create mutations
2026/06/05 14:40:09 Create GoPie mutations
2026/06/05 14:40:09 Mutate 24 scheduling chains
2026/06/05 14:40:09 Write 1 special mutation to file
2026/06/05 14:40:09 Write 0 mutations to file
2026/06/05 14:40:09 Create statistics
2026/06/05 14:40:09 Current fuzzing queue size: 0
2026/06/05 14:40:09 Remaining fuzzing time: 9:58 min
2026/06/05 14:40:09 Finish fuzzing after 1 runs
2026/06/05 14:40:09 Processing file: /home/advocate/Advocate/Experiments/Advocate/helper/aplas/output/oocLength/7/blocking/cockroach/13197/cockroach13197_test.go
2026/06/05 14:40:09 Fuzzing Run:  1
2026/06/05 14:40:09 Create  /home/advocate/Advocate/Experiments/Advocate/helper/aplas/output/oocLength/7/advocateResult/file(4)-test(1)-cockroach13197_test-TestCockroach13197
2026/06/05 14:40:09 Execute Test
2026/06/05 14:40:10 Text executed
2026/06/05 14:40:10 Run the analyzer for /home/advocate/Advocate/Experiments/Advocate/helper/aplas/output/oocLength/7/blocking/cockroach/13197/advocateTrace
2026/06/05 14:40:10 Read trace with 6 elements in 2 routines
2026/06/05 14:40:10 Start Analysis
2026/06/05 14:40:10 Finished HB analysis
2026/06/05 14:40:10 Analysis finished
2026/06/05 14:40:10 Start rewrite
2026/06/05 14:40:10 Finished Rewrite
2026/06/05 14:40:10 Number Results:  2
2026/06/05 14:40:10 Successfully rewrites:  0
2026/06/05 14:40:10 No need/not possible to rewrite:  2
2026/06/05 14:40:10 Failed rewrites:  0
2026/06/05 14:40:10 Start guided execution
2026/06/05 14:40:10 Found 0 rewritten traces
2026/06/05 14:40:10 Create bug reports
2026/06/05 14:40:10 [31mline number out of range[0m
2026/06/05 14:40:10 [32mFound Actual Non-Cyclic Blocking Bug.[0m
2026/06/05 14:40:10 [32mFound Actual Cyclic Deadlock.[0m
2026/06/05 14:40:10 Create statistics
2026/06/05 14:40:10 Finished run for TestCockroach13197
2026/06/05 14:40:10 Parse recorded trace for fuzzing information
2026/06/05 14:40:10 Create mutations
2026/06/05 14:40:10 Create GoPie mutations
2026/06/05 14:40:10 Mutate 0 scheduling chains
2026/06/05 14:40:10 Write 0 mutations to file
2026/06/05 14:40:10 Create statistics
2026/06/05 14:40:10 Current fuzzing queue size: 0
2026/06/05 14:40:10 Remaining fuzzing time: 9:58 min
2026/06/05 14:40:10 Finish fuzzing after 1 runs
2026/06/05 14:40:10 Processing file: /home/advocate/Advocate/Experiments/Advocate/helper/aplas/output/oocLength/7/blocking/cockroach/13755/cockroach13755_test.go
2026/06/05 14:40:10 Fuzzing Run:  1
2026/06/05 14:40:10 Create  /home/advocate/Advocate/Experiments/Advocate/helper/aplas/output/oocLength/7/advocateResult/file(5)-test(1)-cockroach13755_test-TestCockroach13755
2026/06/05 14:40:10 Execute Test
2026/06/05 14:40:11 Text executed
2026/06/05 14:40:11 Run the analyzer for /home/advocate/Advocate/Experiments/Advocate/helper/aplas/output/oocLength/7/blocking/cockroach/13755/advocateTrace
2026/06/05 14:40:11 Read trace with 6 elements in 2 routines
2026/06/05 14:40:11 Start Analysis
2026/06/05 14:40:11 Finished HB analysis
2026/06/05 14:40:11 Analysis finished
2026/06/05 14:40:11 Start rewrite
2026/06/05 14:40:11 Finished Rewrite
2026/06/05 14:40:11 Number Results:  2
2026/06/05 14:40:11 Successfully rewrites:  0
2026/06/05 14:40:11 No need/not possible to rewrite:  2
2026/06/05 14:40:11 Failed rewrites:  0
2026/06/05 14:40:11 Start guided execution
2026/06/05 14:40:11 Found 0 rewritten traces
2026/06/05 14:40:11 Create bug reports
2026/06/05 14:40:11 [31mline number out of range[0m
2026/06/05 14:40:11 [32mFound Actual Non-Cyclic Blocking Bug.[0m
2026/06/05 14:40:11 Create statistics
2026/06/05 14:40:11 Finished run for TestCockroach13755
2026/06/05 14:40:11 Parse recorded trace for fuzzing information
2026/06/05 14:40:11 Create mutations
2026/06/05 14:40:11 Create GoPie mutations
2026/06/05 14:40:11 Mutate 0 scheduling chains
2026/06/05 14:40:11 Write 0 mutations to file
2026/06/05 14:40:11 Create statistics
2026/06/05 14:40:11 Current fuzzing queue size: 0
2026/06/05 14:40:11 Remaining fuzzing time: 9:58 min
2026/06/05 14:40:11 Finish fuzzing after 1 runs
2026/06/05 14:40:11 Processing file: /home/advocate/Advocate/Experiments/Advocate/helper/aplas/output/oocLength/7/blocking/cockroach/1462/cockroach1462_test.go
2026/06/05 14:40:11 Fuzzing Run:  1
2026/06/05 14:40:11 Create  /home/advocate/Advocate/Experiments/Advocate/helper/aplas/output/oocLength/7/advocateResult/file(6)-test(1)-cockroach1462_test-TestCockroach1462
2026/06/05 14:40:11 Execute Test
2026/06/05 14:40:13 Text executed
2026/06/05 14:40:13 Run the analyzer for /home/advocate/Advocate/Experiments/Advocate/helper/aplas/output/oocLength/7/blocking/cockroach/1462/advocateTrace
2026/06/05 14:40:13 Read trace with 21 elements in 3 routines
2026/06/05 14:40:13 Start Analysis
2026/06/05 14:40:13 Finished HB analysis
2026/06/05 14:40:13 Analysis finished
2026/06/05 14:40:13 Start rewrite
2026/06/05 14:40:13 Finished Rewrite
2026/06/05 14:40:13 Number Results:  2
2026/06/05 14:40:13 Successfully rewrites:  0
2026/06/05 14:40:13 No need/not possible to rewrite:  2
2026/06/05 14:40:13 Failed rewrites:  0
2026/06/05 14:40:13 Start guided execution
2026/06/05 14:40:13 Found 0 rewritten traces
2026/06/05 14:40:13 Create bug reports
2026/06/05 14:40:13 [31mline number out of range[0m
2026/06/05 14:40:13 [32mFound Actual Non-Cyclic Blocking Bug.[0m
2026/06/05 14:40:13 Create statistics
2026/06/05 14:40:13 Finished run for TestCockroach1462
2026/06/05 14:40:13 Parse recorded trace for fuzzing information
2026/06/05 14:40:13 Create mutations
2026/06/05 14:40:13 Create GoPie mutations
2026/06/05 14:40:13 Mutate 24 scheduling chains
2026/06/05 14:40:13 Write 0 mutations to file
2026/06/05 14:40:13 Create statistics
2026/06/05 14:40:13 Current fuzzing queue size: 0
2026/06/05 14:40:13 Remaining fuzzing time: 9:58 min
2026/06/05 14:40:13 Finish fuzzing after 1 runs
2026/06/05 14:40:13 Processing file: /home/advocate/Advocate/Experiments/Advocate/helper/aplas/output/oocLength/7/blocking/cockroach/16167/cockroach16167_test.go
2026/06/05 14:40:13 Fuzzing Run:  1
2026/06/05 14:40:13 Create  /home/advocate/Advocate/Experiments/Advocate/helper/aplas/output/oocLength/7/advocateResult/file(7)-test(1)-cockroach16167_test-TestCockroach16167
2026/06/05 14:40:13 Execute Test
2026/06/05 14:40:14 Text executed
2026/06/05 14:40:14 Run the analyzer for /home/advocate/Advocate/Experiments/Advocate/helper/aplas/output/oocLength/7/blocking/cockroach/16167/advocateTrace
2026/06/05 14:40:14 Read trace with 7 elements in 2 routines
2026/06/05 14:40:14 Start Analysis
2026/06/05 14:40:14 Finished HB analysis
2026/06/05 14:40:14 Analysis finished
2026/06/05 14:40:14 Start rewrite
2026/06/05 14:40:14 Finished Rewrite
2026/06/05 14:40:14 Number Results:  2
2026/06/05 14:40:14 Successfully rewrites:  0
2026/06/05 14:40:14 No need/not possible to rewrite:  2
2026/06/05 14:40:14 Failed rewrites:  0
2026/06/05 14:40:14 Start guided execution
2026/06/05 14:40:14 Found 0 rewritten traces
2026/06/05 14:40:14 Create bug reports
2026/06/05 14:40:14 [31mline number out of range[0m
2026/06/05 14:40:14 Create statistics
2026/06/05 14:40:14 Finished run for TestCockroach16167
2026/06/05 14:40:14 Parse recorded trace for fuzzing information
2026/06/05 14:40:14 Create mutations
2026/06/05 14:40:14 Create GoPie mutations
2026/06/05 14:40:14 Mutate 24 scheduling chains
2026/06/05 14:40:14 Write 0 mutations to file
2026/06/05 14:40:14 Create statistics
2026/06/05 14:40:14 Current fuzzing queue size: 0
2026/06/05 14:40:14 Remaining fuzzing time: 9:58 min
2026/06/05 14:40:14 Finish fuzzing after 1 runs
2026/06/05 14:40:14 Processing file: /home/advocate/Advocate/Experiments/Advocate/helper/aplas/output/oocLength/7/blocking/cockroach/18101/cockroach18101_test.go
2026/06/05 14:40:14 Fuzzing Run:  1
2026/06/05 14:40:14 Create  /home/advocate/Advocate/Experiments/Advocate/helper/aplas/output/oocLength/7/advocateResult/file(8)-test(1)-cockroach18101_test-TestCockroach18101
2026/06/05 14:40:14 Execute Test
2026/06/05 14:40:15 Text executed
2026/06/05 14:40:15 Run the analyzer for /home/advocate/Advocate/Experiments/Advocate/helper/aplas/output/oocLength/7/blocking/cockroach/18101/advocateTrace
2026/06/05 14:40:15 Read trace with 19 elements in 4 routines
2026/06/05 14:40:15 Start Analysis
2026/06/05 14:40:15 Finished HB analysis
2026/06/05 14:40:15 Analysis finished
2026/06/05 14:40:15 Start rewrite
2026/06/05 14:40:15 Finished Rewrite
2026/06/05 14:40:15 Number Results:  2
2026/06/05 14:40:15 Successfully rewrites:  0
2026/06/05 14:40:15 No need/not possible to rewrite:  2
2026/06/05 14:40:15 Failed rewrites:  0
2026/06/05 14:40:15 Start guided execution
2026/06/05 14:40:15 Found 0 rewritten traces
2026/06/05 14:40:15 Create bug reports
2026/06/05 14:40:15 [31mline number out of range[0m
2026/06/05 14:40:15 [32mFound Actual Non-Cyclic Blocking Bug.[0m
2026/06/05 14:40:15 Create statistics
2026/06/05 14:40:15 Finished run for TestCockroach18101
2026/06/05 14:40:15 Parse recorded trace for fuzzing information
2026/06/05 14:40:15 Create mutations
2026/06/05 14:40:15 Create GoPie mutations
2026/06/05 14:40:15 Mutate 24 scheduling chains
2026/06/05 14:40:15 Write 0 mutations to file
2026/06/05 14:40:15 Create statistics
2026/06/05 14:40:15 Current fuzzing queue size: 0
2026/06/05 14:40:15 Remaining fuzzing time: 9:58 min
2026/06/05 14:40:15 Finish fuzzing after 1 runs
2026/06/05 14:40:15 Processing file: /home/advocate/Advocate/Experiments/Advocate/helper/aplas/output/oocLength/7/blocking/cockroach/2448/cockroach2448_test.go
2026/06/05 14:40:15 Fuzzing Run:  1
2026/06/05 14:40:15 Create  /home/advocate/Advocate/Experiments/Advocate/helper/aplas/output/oocLength/7/advocateResult/file(9)-test(1)-cockroach2448_test-TestCockroach2448
2026/06/05 14:40:15 Execute Test
2026/06/05 14:40:16 Text executed
2026/06/05 14:40:16 Run the analyzer for /home/advocate/Advocate/Experiments/Advocate/helper/aplas/output/oocLength/7/blocking/cockroach/2448/advocateTrace
2026/06/05 14:40:16 Read trace with 72 elements in 3 routines
2026/06/05 14:40:16 Start Analysis
2026/06/05 14:40:16 Finished HB analysis
2026/06/05 14:40:16 Analysis finished
2026/06/05 14:40:16 Start rewrite
2026/06/05 14:40:16 Finished Rewrite
2026/06/05 14:40:16 Number Results:  2
2026/06/05 14:40:16 Successfully rewrites:  0
2026/06/05 14:40:16 No need/not possible to rewrite:  2
2026/06/05 14:40:16 Failed rewrites:  0
2026/06/05 14:40:16 Start guided execution
2026/06/05 14:40:16 Found 0 rewritten traces
2026/06/05 14:40:16 Create bug reports
2026/06/05 14:40:16 [31mline number out of range[0m
2026/06/05 14:40:16 [32mFound Actual Non-Cyclic Blocking Bug.[0m
2026/06/05 14:40:16 [32mFound Actual Cyclic Deadlock.[0m
2026/06/05 14:40:16 Create statistics
2026/06/05 14:40:16 Finished run for TestCockroach2448
2026/06/05 14:40:16 Parse recorded trace for fuzzing information
2026/06/05 14:40:16 Create mutations
2026/06/05 14:40:16 Create GoPie mutations
2026/06/05 14:40:16 Mutate 0 scheduling chains
2026/06/05 14:40:16 Write 0 mutations to file
2026/06/05 14:40:16 Create statistics
2026/06/05 14:40:16 Current fuzzing queue size: 0
2026/06/05 14:40:16 Remaining fuzzing time: 9:58 min
2026/06/05 14:40:16 Finish fuzzing after 1 runs
2026/06/05 14:40:16 Processing file: /home/advocate/Advocate/Experiments/Advocate/helper/aplas/output/oocLength/7/blocking/cockroach/24808/cockroach24808_test.go
2026/06/05 14:40:16 Fuzzing Run:  1
2026/06/05 14:40:16 Create  /home/advocate/Advocate/Experiments/Advocate/helper/aplas/output/oocLength/7/advocateResult/file(10)-test(1)-cockroach24808_test-TestCockroach24808
2026/06/05 14:40:16 Execute Test
2026/06/05 14:44:17 Text executed
2026/06/05 14:44:17 Run the analyzer for /home/advocate/Advocate/Experiments/Advocate/helper/aplas/output/oocLength/7/blocking/cockroach/24808/advocateTrace
2026/06/05 14:44:17 Read trace with 4 elements in 1 routines
2026/06/05 14:44:17 Start Analysis
2026/06/05 14:44:17 Finished HB analysis
2026/06/05 14:44:17 Analysis finished
2026/06/05 14:44:17 Start rewrite
2026/06/05 14:44:17 Finished Rewrite
2026/06/05 14:44:17 Number Results:  3
2026/06/05 14:44:17 Successfully rewrites:  0
2026/06/05 14:44:17 No need/not possible to rewrite:  3
2026/06/05 14:44:17 Failed rewrites:  0
2026/06/05 14:44:17 Start guided execution
2026/06/05 14:44:17 Found 0 rewritten traces
2026/06/05 14:44:17 Create bug reports
2026/06/05 14:44:17 [31mline number out of range[0m
2026/06/05 14:44:17 [32mFound Actual Non-Cyclic Blocking Bug.[0m
2026/06/05 14:44:17 [32mFound Actual Cyclic Deadlock.[0m
2026/06/05 14:44:17 Create statistics
2026/06/05 14:44:17 Finished run for TestCockroach24808
2026/06/05 14:44:17 Parse recorded trace for fuzzing information
2026/06/05 14:44:17 Create mutations
2026/06/05 14:44:17 Create GoPie mutations
2026/06/05 14:44:17 Mutate 0 scheduling chains
2026/06/05 14:44:17 Write 0 mutations to file
2026/06/05 14:44:17 Create statistics
2026/06/05 14:44:17 Current fuzzing queue size: 0
2026/06/05 14:44:17 Remaining fuzzing time: 5:58 min
2026/06/05 14:44:17 Finish fuzzing after 1 runs
2026/06/05 14:44:17 Processing file: /home/advocate/Advocate/Experiments/Advocate/helper/aplas/output/oocLength/7/blocking/cockroach/25456/cockroach25456_test.go
2026/06/05 14:44:17 Fuzzing Run:  1
2026/06/05 14:44:17 Create  /home/advocate/Advocate/Experiments/Advocate/helper/aplas/output/oocLength/7/advocateResult/file(11)-test(1)-cockroach25456_test-TestCockroach25456
2026/06/05 14:44:17 Execute Test
2026/06/05 14:48:18 Text executed
2026/06/05 14:48:18 Run the analyzer for /home/advocate/Advocate/Experiments/Advocate/helper/aplas/output/oocLength/7/blocking/cockroach/25456/advocateTrace
2026/06/05 14:48:18 Read trace with 2 elements in 1 routines
2026/06/05 14:48:18 Start Analysis
2026/06/05 14:48:18 Finished HB analysis
2026/06/05 14:48:18 Analysis finished
2026/06/05 14:48:18 Start rewrite
2026/06/05 14:48:18 Finished Rewrite
2026/06/05 14:48:18 Number Results:  3
2026/06/05 14:48:18 Successfully rewrites:  0
2026/06/05 14:48:18 No need/not possible to rewrite:  3
2026/06/05 14:48:18 Failed rewrites:  0
2026/06/05 14:48:18 Start guided execution
2026/06/05 14:48:18 Found 0 rewritten traces
2026/06/05 14:48:18 Create bug reports
2026/06/05 14:48:18 [31mline number out of range[0m
2026/06/05 14:48:18 [32mFound Actual Non-Cyclic Blocking Bug.[0m
2026/06/05 14:48:18 Create statistics
2026/06/05 14:48:18 Finished run for TestCockroach25456
2026/06/05 14:48:18 Parse recorded trace for fuzzing information
2026/06/05 14:48:18 Create mutations
2026/06/05 14:48:18 Create GoPie mutations
2026/06/05 14:48:18 Mutate 0 scheduling chains
2026/06/05 14:48:18 Write 0 mutations to file
2026/06/05 14:48:18 Create statistics
2026/06/05 14:48:18 Current fuzzing queue size: 0
2026/06/05 14:48:18 Remaining fuzzing time: 5:58 min
2026/06/05 14:48:18 Finish fuzzing after 1 runs
2026/06/05 14:48:18 Processing file: /home/advocate/Advocate/Experiments/Advocate/helper/aplas/output/oocLength/7/blocking/cockroach/35073/cockroach35073_test.go
2026/06/05 14:48:18 Fuzzing Run:  1
2026/06/05 14:48:18 Create  /home/advocate/Advocate/Experiments/Advocate/helper/aplas/output/oocLength/7/advocateResult/file(12)-test(1)-cockroach35073_test-TestCockroach35073
2026/06/05 14:48:18 Execute Test
2026/06/05 14:52:20 Text executed
2026/06/05 14:52:20 Run the analyzer for /home/advocate/Advocate/Experiments/Advocate/helper/aplas/output/oocLength/7/blocking/cockroach/35073/advocateTrace
2026/06/05 14:52:20 Read trace with 44 elements in 3 routines
2026/06/05 14:52:20 Start Analysis
2026/06/05 14:52:20 Finished HB analysis
2026/06/05 14:52:20 Analysis finished
2026/06/05 14:52:20 Start rewrite
2026/06/05 14:52:20 Finished Rewrite
2026/06/05 14:52:20 Number Results:  3
2026/06/05 14:52:20 Successfully rewrites:  0
2026/06/05 14:52:20 No need/not possible to rewrite:  3
2026/06/05 14:52:20 Failed rewrites:  0
2026/06/05 14:52:20 Start guided execution
2026/06/05 14:52:20 Found 0 rewritten traces
2026/06/05 14:52:20 Create bug reports
2026/06/05 14:52:20 [31mline number out of range[0m
2026/06/05 14:52:20 [32mFound Actual Non-Cyclic Blocking Bug.[0m
2026/06/05 14:52:20 [32mFound Actual Cyclic Deadlock.[0m
2026/06/05 14:52:20 Create statistics
2026/06/05 14:52:20 Finished run for TestCockroach35073
2026/06/05 14:52:20 Parse recorded trace for fuzzing information
2026/06/05 14:52:20 Create mutations
2026/06/05 14:52:20 Create GoPie mutations
2026/06/05 14:52:20 Mutate 24 scheduling chains
2026/06/05 14:52:20 Write 0 mutations to file
2026/06/05 14:52:20 Create statistics
2026/06/05 14:52:20 Current fuzzing queue size: 0
2026/06/05 14:52:20 Remaining fuzzing time: 5:58 min
2026/06/05 14:52:20 Finish fuzzing after 1 runs
2026/06/05 14:52:20 Processing file: /home/advocate/Advocate/Experiments/Advocate/helper/aplas/output/oocLength/7/blocking/cockroach/35931/cockroach35931_test.go
2026/06/05 14:52:20 Fuzzing Run:  1
2026/06/05 14:52:20 Create  /home/advocate/Advocate/Experiments/Advocate/helper/aplas/output/oocLength/7/advocateResult/file(13)-test(1)-cockroach35931_test-TestCockroach35931
2026/06/05 14:52:20 Execute Test
2026/06/05 14:56:21 Text executed
2026/06/05 14:56:21 Run the analyzer for /home/advocate/Advocate/Experiments/Advocate/helper/aplas/output/oocLength/7/blocking/cockroach/35931/advocateTrace
2026/06/05 14:56:21 Read trace with 6 elements in 1 routines
2026/06/05 14:56:21 Start Analysis
2026/06/05 14:56:21 Finished HB analysis
2026/06/05 14:56:21 Analysis finished
2026/06/05 14:56:21 Start rewrite
2026/06/05 14:56:21 Finished Rewrite
2026/06/05 14:56:21 Number Results:  3
2026/06/05 14:56:21 Successfully rewrites:  0
2026/06/05 14:56:21 No need/not possible to rewrite:  3
2026/06/05 14:56:21 Failed rewrites:  0
2026/06/05 14:56:21 Start guided execution
2026/06/05 14:56:21 Found 0 rewritten traces
2026/06/05 14:56:21 Create bug reports
2026/06/05 14:56:21 [31mline number out of range[0m
2026/06/05 14:56:21 [32mFound Actual Non-Cyclic Blocking Bug.[0m
2026/06/05 14:56:21 [32mFound Actual Cyclic Deadlock.[0m
2026/06/05 14:56:21 Create statistics
2026/06/05 14:56:21 Finished run for TestCockroach35931
2026/06/05 14:56:21 Parse recorded trace for fuzzing information
2026/06/05 14:56:21 Create mutations
2026/06/05 14:56:21 Create GoPie mutations
2026/06/05 14:56:21 Mutate 0 scheduling chains
2026/06/05 14:56:21 Write 0 mutations to file
2026/06/05 14:56:21 Create statistics
2026/06/05 14:56:21 Current fuzzing queue size: 0
2026/06/05 14:56:21 Remaining fuzzing time: 5:58 min
2026/06/05 14:56:21 Finish fuzzing after 1 runs
2026/06/05 14:56:21 Processing file: /home/advocate/Advocate/Experiments/Advocate/helper/aplas/output/oocLength/7/blocking/cockroach/3710/cockroach3710_test.go
2026/06/05 14:56:21 Fuzzing Run:  1
2026/06/05 14:56:21 Create  /home/advocate/Advocate/Experiments/Advocate/helper/aplas/output/oocLength/7/advocateResult/file(14)-test(1)-cockroach3710_test-TestCockroach3710
2026/06/05 14:56:21 Execute Test
2026/06/05 14:56:22 Text executed
2026/06/05 14:56:22 Run the analyzer for /home/advocate/Advocate/Experiments/Advocate/helper/aplas/output/oocLength/7/blocking/cockroach/3710/advocateTrace
2026/06/05 14:56:22 Read trace with 19 elements in 4 routines
2026/06/05 14:56:22 Start Analysis
2026/06/05 14:56:22 Finished HB analysis
2026/06/05 14:56:22 Analysis finished
2026/06/05 14:56:22 Start rewrite
2026/06/05 14:56:22 Finished Rewrite
2026/06/05 14:56:22 Number Results:  2
2026/06/05 14:56:22 Successfully rewrites:  0
2026/06/05 14:56:22 No need/not possible to rewrite:  2
2026/06/05 14:56:22 Failed rewrites:  0
2026/06/05 14:56:22 Start guided execution
2026/06/05 14:56:22 Found 0 rewritten traces
2026/06/05 14:56:22 Create bug reports
2026/06/05 14:56:22 [31mline number out of range[0m
2026/06/05 14:56:22 [32mFound Actual Non-Cyclic Blocking Bug.[0m
2026/06/05 14:56:22 Create statistics
2026/06/05 14:56:22 Finished run for TestCockroach3710
2026/06/05 14:56:22 Parse recorded trace for fuzzing information
2026/06/05 14:56:22 Create mutations
2026/06/05 14:56:22 Create GoPie mutations
2026/06/05 14:56:22 Mutate 24 scheduling chains
2026/06/05 14:56:22 Write 0 mutations to file
2026/06/05 14:56:22 Create statistics
2026/06/05 14:56:22 Current fuzzing queue size: 0
2026/06/05 14:56:22 Remaining fuzzing time: 9:58 min
2026/06/05 14:56:22 Finish fuzzing after 1 runs
2026/06/05 14:56:22 Processing file: /home/advocate/Advocate/Experiments/Advocate/helper/aplas/output/oocLength/7/blocking/cockroach/584/cockroach584_test.go
2026/06/05 14:56:22 Fuzzing Run:  1
2026/06/05 14:56:22 Create  /home/advocate/Advocate/Experiments/Advocate/helper/aplas/output/oocLength/7/advocateResult/file(15)-test(1)-cockroach584_test-TestCockroach584
2026/06/05 14:56:22 Execute Test
2026/06/05 14:56:23 Text executed
2026/06/05 14:56:23 Run the analyzer for /home/advocate/Advocate/Experiments/Advocate/helper/aplas/output/oocLength/7/blocking/cockroach/584/advocateTrace
2026/06/05 14:56:23 Read trace with 4 elements in 2 routines
2026/06/05 14:56:23 Start Analysis
2026/06/05 14:56:23 Finished HB analysis
2026/06/05 14:56:23 Analysis finished
2026/06/05 14:56:23 Start rewrite
2026/06/05 14:56:23 Finished Rewrite
2026/06/05 14:56:23 Number Results:  2
2026/06/05 14:56:23 Successfully rewrites:  0
2026/06/05 14:56:23 No need/not possible to rewrite:  2
2026/06/05 14:56:23 Failed rewrites:  0
2026/06/05 14:56:23 Start guided execution
2026/06/05 14:56:23 Found 0 rewritten traces
2026/06/05 14:56:23 Create bug reports
2026/06/05 14:56:23 [31mline number out of range[0m
2026/06/05 14:56:23 [32mFound Actual Non-Cyclic Blocking Bug.[0m
2026/06/05 14:56:23 Create statistics
2026/06/05 14:56:23 Finished run for TestCockroach584
2026/06/05 14:56:23 Parse recorded trace for fuzzing information
2026/06/05 14:56:23 Create mutations
2026/06/05 14:56:23 Create GoPie mutations
2026/06/05 14:56:23 Mutate 0 scheduling chains
2026/06/05 14:56:23 Write 0 mutations to file
2026/06/05 14:56:23 Create statistics
2026/06/05 14:56:23 Current fuzzing queue size: 0
2026/06/05 14:56:23 Remaining fuzzing time: 9:58 min
2026/06/05 14:56:23 Finish fuzzing after 1 runs
2026/06/05 14:56:23 Processing file: /home/advocate/Advocate/Experiments/Advocate/helper/aplas/output/oocLength/7/blocking/cockroach/6181/cockroach6181_test.go
2026/06/05 14:56:23 Fuzzing Run:  1
2026/06/05 14:56:23 Create  /home/advocate/Advocate/Experiments/Advocate/helper/aplas/output/oocLength/7/advocateResult/file(16)-test(1)-cockroach6181_test-TestCockroach6181
2026/06/05 14:56:23 Execute Test
2026/06/05 14:56:24 Text executed
2026/06/05 14:56:24 Run the analyzer for /home/advocate/Advocate/Experiments/Advocate/helper/aplas/output/oocLength/7/blocking/cockroach/6181/advocateTrace
2026/06/05 14:56:24 Read trace with 17 elements in 5 routines
2026/06/05 14:56:24 Start Analysis
2026/06/05 14:56:24 Finished HB analysis
2026/06/05 14:56:24 Analysis finished
2026/06/05 14:56:24 Start rewrite
2026/06/05 14:56:24 Finished Rewrite
2026/06/05 14:56:24 Number Results:  4
2026/06/05 14:56:24 Successfully rewrites:  0
2026/06/05 14:56:24 No need/not possible to rewrite:  4
2026/06/05 14:56:24 Failed rewrites:  0
2026/06/05 14:56:24 Start guided execution
2026/06/05 14:56:24 Found 0 rewritten traces
2026/06/05 14:56:24 Create bug reports
2026/06/05 14:56:24 [31mline number out of range[0m
2026/06/05 14:56:24 [32mFound Actual Non-Cyclic Blocking Bug.[0m
2026/06/05 14:56:24 [32mFound Actual Cyclic Deadlock.[0m
2026/06/05 14:56:24 [32mFound Leak on Sync.WaitGroup.[0m
2026/06/05 14:56:24 [32mFound Leak on Sync.Mutex.[0m
2026/06/05 14:56:24 Create statistics
2026/06/05 14:56:24 Finished run for TestCockroach6181
2026/06/05 14:56:24 Parse recorded trace for fuzzing information
2026/06/05 14:56:24 Create mutations
2026/06/05 14:56:24 Create GoPie mutations
2026/06/05 14:56:24 Mutate 24 scheduling chains
2026/06/05 14:56:24 Write 0 mutations to file
2026/06/05 14:56:24 Create statistics
2026/06/05 14:56:24 Current fuzzing queue size: 0
2026/06/05 14:56:24 Remaining fuzzing time: 9:58 min
2026/06/05 14:56:24 Finish fuzzing after 1 runs
2026/06/05 14:56:24 Processing file: /home/advocate/Advocate/Experiments/Advocate/helper/aplas/output/oocLength/7/blocking/cockroach/7504/cockroach7504_test.go
2026/06/05 14:56:24 Fuzzing Run:  1
2026/06/05 14:56:24 Create  /home/advocate/Advocate/Experiments/Advocate/helper/aplas/output/oocLength/7/advocateResult/file(17)-test(1)-cockroach7504_test-TestCockroach7504
2026/06/05 14:56:24 Execute Test
2026/06/05 14:56:25 Text executed
2026/06/05 14:56:25 Run the analyzer for /home/advocate/Advocate/Experiments/Advocate/helper/aplas/output/oocLength/7/blocking/cockroach/7504/advocateTrace
2026/06/05 14:56:25 Read trace with 17 elements in 3 routines
2026/06/05 14:56:25 Start Analysis
2026/06/05 14:56:25 Finished HB analysis
2026/06/05 14:56:25 Analysis finished
2026/06/05 14:56:25 Start rewrite
2026/06/05 14:56:25 Finished Rewrite
2026/06/05 14:56:25 Number Results:  4
2026/06/05 14:56:25 Successfully rewrites:  0
2026/06/05 14:56:25 No need/not possible to rewrite:  4
2026/06/05 14:56:25 Failed rewrites:  0
2026/06/05 14:56:25 Start guided execution
2026/06/05 14:56:25 Found 0 rewritten traces
2026/06/05 14:56:25 Create bug reports
2026/06/05 14:56:25 [31mline number out of range[0m
2026/06/05 14:56:25 [32mFound Actual Cyclic Deadlock.[0m
2026/06/05 14:56:25 [32mFound Leak on Sync.Mutex.[0m
2026/06/05 14:56:25 [32mFound Leak on Sync.WaitGroup.[0m
2026/06/05 14:56:25 Create statistics
2026/06/05 14:56:25 Finished run for TestCockroach7504
2026/06/05 14:56:25 Parse recorded trace for fuzzing information
2026/06/05 14:56:25 Create mutations
2026/06/05 14:56:25 Create GoPie mutations
2026/06/05 14:56:25 Mutate 24 scheduling chains
2026/06/05 14:56:25 Write 0 mutations to file
2026/06/05 14:56:25 Create statistics
2026/06/05 14:56:25 Current fuzzing queue size: 0
2026/06/05 14:56:25 Remaining fuzzing time: 9:58 min
2026/06/05 14:56:25 Finish fuzzing after 1 runs
2026/06/05 14:56:25 Processing file: /home/advocate/Advocate/Experiments/Advocate/helper/aplas/output/oocLength/7/blocking/cockroach/9935/cockroach9935_test.go
2026/06/05 14:56:25 Fuzzing Run:  1
2026/06/05 14:56:25 Create  /home/advocate/Advocate/Experiments/Advocate/helper/aplas/output/oocLength/7/advocateResult/file(18)-test(1)-cockroach9935_test-TestCockroach9935
2026/06/05 14:56:25 Execute Test
2026/06/05 14:56:26 Text executed
2026/06/05 14:56:26 Run the analyzer for /home/advocate/Advocate/Experiments/Advocate/helper/aplas/output/oocLength/7/blocking/cockroach/9935/advocateTrace
2026/06/05 14:56:26 Read trace with 4 elements in 2 routines
2026/06/05 14:56:26 Start Analysis
2026/06/05 14:56:26 Finished HB analysis
2026/06/05 14:56:26 Analysis finished
2026/06/05 14:56:26 Start rewrite
2026/06/05 14:56:26 Finished Rewrite
2026/06/05 14:56:26 Number Results:  3
2026/06/05 14:56:26 Successfully rewrites:  0
2026/06/05 14:56:26 No need/not possible to rewrite:  3
2026/06/05 14:56:26 Failed rewrites:  0
2026/06/05 14:56:26 Start guided execution
2026/06/05 14:56:26 Found 0 rewritten traces
2026/06/05 14:56:26 Create bug reports
2026/06/05 14:56:26 [31mline number out of range[0m
2026/06/05 14:56:26 [32mFound Actual Non-Cyclic Blocking Bug.[0m
2026/06/05 14:56:26 Create statistics
2026/06/05 14:56:26 Finished run for TestCockroach9935
2026/06/05 14:56:26 Parse recorded trace for fuzzing information
2026/06/05 14:56:26 Create mutations
2026/06/05 14:56:26 Create GoPie mutations
2026/06/05 14:56:26 Mutate 0 scheduling chains
2026/06/05 14:56:26 Write 0 mutations to file
2026/06/05 14:56:26 Create statistics
2026/06/05 14:56:26 Current fuzzing queue size: 0
2026/06/05 14:56:26 Remaining fuzzing time: 9:58 min
2026/06/05 14:56:26 Finish fuzzing after 1 runs
2026/06/05 14:56:26 Processing file: /home/advocate/Advocate/Experiments/Advocate/helper/aplas/output/oocLength/7/blocking/etcd/10492/etcd10492_test.go
2026/06/05 14:56:26 Fuzzing Run:  1
2026/06/05 14:56:26 Create  /home/advocate/Advocate/Experiments/Advocate/helper/aplas/output/oocLength/7/advocateResult/file(19)-test(1)-etcd10492_test-TestEtcd10492
2026/06/05 14:56:27 Execute Test
2026/06/05 15:00:28 Text executed
2026/06/05 15:00:28 Run the analyzer for /home/advocate/Advocate/Experiments/Advocate/helper/aplas/output/oocLength/7/blocking/etcd/10492/advocateTrace
2026/06/05 15:00:28 Read trace with 6 elements in 1 routines
2026/06/05 15:00:28 Start Analysis
2026/06/05 15:00:28 Finished HB analysis
2026/06/05 15:00:28 Analysis finished
2026/06/05 15:00:28 Start rewrite
2026/06/05 15:00:28 Finished Rewrite
2026/06/05 15:00:28 Number Results:  5
2026/06/05 15:00:28 Successfully rewrites:  0
2026/06/05 15:00:28 No need/not possible to rewrite:  5
2026/06/05 15:00:28 Failed rewrites:  0
2026/06/05 15:00:28 Start guided execution
2026/06/05 15:00:28 Found 0 rewritten traces
2026/06/05 15:00:28 Create bug reports
2026/06/05 15:00:28 [31mline number out of range[0m
2026/06/05 15:00:28 [32mFound Actual Non-Cyclic Blocking Bug.[0m
2026/06/05 15:00:28 [32mFound Leak on Sync.Mutex.[0m
2026/06/05 15:00:28 Create statistics
2026/06/05 15:00:28 Finished run for TestEtcd10492
2026/06/05 15:00:28 Parse recorded trace for fuzzing information
2026/06/05 15:00:28 Create mutations
2026/06/05 15:00:28 Create GoPie mutations
2026/06/05 15:00:28 Mutate 0 scheduling chains
2026/06/05 15:00:28 Write 0 mutations to file
2026/06/05 15:00:28 Create statistics
2026/06/05 15:00:28 Current fuzzing queue size: 0
2026/06/05 15:00:28 Remaining fuzzing time: 5:58 min
2026/06/05 15:00:28 Finish fuzzing after 1 runs
2026/06/05 15:00:28 Processing file: /home/advocate/Advocate/Experiments/Advocate/helper/aplas/output/oocLength/7/blocking/etcd/5509/etcd5509_test.go
2026/06/05 15:00:28 Fuzzing Run:  1
2026/06/05 15:00:28 Create  /home/advocate/Advocate/Experiments/Advocate/helper/aplas/output/oocLength/7/advocateResult/file(20)-test(1)-etcd5509_test-TestEtcd5509
2026/06/05 15:00:28 Execute Test
2026/06/05 15:00:29 Text executed
2026/06/05 15:00:29 Run the analyzer for /home/advocate/Advocate/Experiments/Advocate/helper/aplas/output/oocLength/7/blocking/etcd/5509/advocateTrace
2026/06/05 15:00:29 Read trace with 15 elements in 2 routines
2026/06/05 15:00:29 Start Analysis
2026/06/05 15:00:29 Finished HB analysis
2026/06/05 15:00:29 Analysis finished
2026/06/05 15:00:29 Start rewrite
2026/06/05 15:00:29 Finished Rewrite
2026/06/05 15:00:29 Number Results:  5
2026/06/05 15:00:29 Successfully rewrites:  0
2026/06/05 15:00:29 No need/not possible to rewrite:  5
2026/06/05 15:00:29 Failed rewrites:  0
2026/06/05 15:00:29 Start guided execution
2026/06/05 15:00:29 Found 0 rewritten traces
2026/06/05 15:00:29 Create bug reports
2026/06/05 15:00:29 [32mFound Possible Mixed Deadlock.[0m
2026/06/05 15:00:29 [31mline number out of range[0m
2026/06/05 15:00:29 [32mFound Leak on Sync.Mutex.[0m
2026/06/05 15:00:29 Create statistics
2026/06/05 15:00:29 Finished run for TestEtcd5509
2026/06/05 15:00:29 Parse recorded trace for fuzzing information
2026/06/05 15:00:29 Create mutations
2026/06/05 15:00:29 Create GoPie mutations
2026/06/05 15:00:29 Mutate 24 scheduling chains
2026/06/05 15:00:29 Write 0 mutations to file
2026/06/05 15:00:29 Create statistics
2026/06/05 15:00:29 Current fuzzing queue size: 0
2026/06/05 15:00:29 Remaining fuzzing time: 9:58 min
2026/06/05 15:00:29 Finish fuzzing after 1 runs
2026/06/05 15:00:29 Processing file: /home/advocate/Advocate/Experiments/Advocate/helper/aplas/output/oocLength/7/blocking/etcd/6708/etcd6708_test.go
2026/06/05 15:00:29 Fuzzing Run:  1
2026/06/05 15:00:29 Create  /home/advocate/Advocate/Experiments/Advocate/helper/aplas/output/oocLength/7/advocateResult/file(21)-test(1)-etcd6708_test-TestEtcd6708
2026/06/05 15:00:29 Execute Test
2026/06/05 15:04:30 Text executed
2026/06/05 15:04:30 Run the analyzer for /home/advocate/Advocate/Experiments/Advocate/helper/aplas/output/oocLength/7/blocking/etcd/6708/advocateTrace
2026/06/05 15:04:30 Read trace with 2 elements in 1 routines
2026/06/05 15:04:30 Start Analysis
2026/06/05 15:04:30 Finished HB analysis
2026/06/05 15:04:30 Analysis finished
2026/06/05 15:04:30 Start rewrite
2026/06/05 15:04:30 Finished Rewrite
2026/06/05 15:04:30 Number Results:  4
2026/06/05 15:04:30 Successfully rewrites:  0
2026/06/05 15:04:30 No need/not possible to rewrite:  4
2026/06/05 15:04:30 Failed rewrites:  0
2026/06/05 15:04:30 Start guided execution
2026/06/05 15:04:30 Found 0 rewritten traces
2026/06/05 15:04:30 Create bug reports
2026/06/05 15:04:30 [31mline number out of range[0m
2026/06/05 15:04:30 [32mFound Actual Non-Cyclic Blocking Bug.[0m
2026/06/05 15:04:30 Create statistics
2026/06/05 15:04:30 Finished run for TestEtcd6708
2026/06/05 15:04:30 Parse recorded trace for fuzzing information
2026/06/05 15:04:30 Create mutations
2026/06/05 15:04:30 Create GoPie mutations
2026/06/05 15:04:30 Mutate 0 scheduling chains
2026/06/05 15:04:30 Write 0 mutations to file
2026/06/05 15:04:30 Create statistics
2026/06/05 15:04:30 Current fuzzing queue size: 0
2026/06/05 15:04:30 Remaining fuzzing time: 5:58 min
2026/06/05 15:04:30 Finish fuzzing after 1 runs
2026/06/05 15:04:30 Processing file: /home/advocate/Advocate/Experiments/Advocate/helper/aplas/output/oocLength/7/blocking/etcd/6857/etcd6857_test.go
2026/06/05 15:04:30 Fuzzing Run:  1
2026/06/05 15:04:30 Create  /home/advocate/Advocate/Experiments/Advocate/helper/aplas/output/oocLength/7/advocateResult/file(22)-test(1)-etcd6857_test-TestEtcd6857
2026/06/05 15:04:30 Execute Test
2026/06/05 15:04:31 Text executed
2026/06/05 15:04:31 Run the analyzer for /home/advocate/Advocate/Experiments/Advocate/helper/aplas/output/oocLength/7/blocking/etcd/6857/advocateTrace
2026/06/05 15:04:31 Read trace with 15 elements in 4 routines
2026/06/05 15:04:31 Start Analysis
2026/06/05 15:04:31 Finished HB analysis
2026/06/05 15:04:31 Analysis finished
2026/06/05 15:04:31 Start rewrite
2026/06/05 15:04:31 Finished Rewrite
2026/06/05 15:04:31 Number Results:  3
2026/06/05 15:04:31 Successfully rewrites:  0
2026/06/05 15:04:31 No need/not possible to rewrite:  3
2026/06/05 15:04:31 Failed rewrites:  0
2026/06/05 15:04:31 Start guided execution
2026/06/05 15:04:31 Found 0 rewritten traces
2026/06/05 15:04:31 Create bug reports
2026/06/05 15:04:31 [31mline number out of range[0m
2026/06/05 15:04:31 [32mFound Actual Non-Cyclic Blocking Bug.[0m
2026/06/05 15:04:31 Create statistics
2026/06/05 15:04:31 Finished run for TestEtcd6857
2026/06/05 15:04:31 Parse recorded trace for fuzzing information
2026/06/05 15:04:31 Create mutations
2026/06/05 15:04:31 Create GoPie mutations
2026/06/05 15:04:31 Mutate 24 scheduling chains
2026/06/05 15:04:31 Write 1 special mutation to file
2026/06/05 15:04:31 Write 0 mutations to file
2026/06/05 15:04:31 Create statistics
2026/06/05 15:04:31 Current fuzzing queue size: 0
2026/06/05 15:04:31 Remaining fuzzing time: 9:58 min
2026/06/05 15:04:31 Finish fuzzing after 1 runs
2026/06/05 15:04:31 Processing file: /home/advocate/Advocate/Experiments/Advocate/helper/aplas/output/oocLength/7/blocking/etcd/6873/etcd6873_test.go
2026/06/05 15:04:31 Fuzzing Run:  1
2026/06/05 15:04:31 Create  /home/advocate/Advocate/Experiments/Advocate/helper/aplas/output/oocLength/7/advocateResult/file(23)-test(1)-etcd6873_test-TestEtcd
2026/06/05 15:04:31 Execute Test
2026/06/05 15:04:32 Text executed
2026/06/05 15:04:32 Run the analyzer for /home/advocate/Advocate/Experiments/Advocate/helper/aplas/output/oocLength/7/blocking/etcd/6873/advocateTrace
2026/06/05 15:04:32 Read trace with 11 elements in 3 routines
2026/06/05 15:04:32 Start Analysis
2026/06/05 15:04:32 Finished HB analysis
2026/06/05 15:04:32 Analysis finished
2026/06/05 15:04:32 Start rewrite
2026/06/05 15:04:32 Finished Rewrite
2026/06/05 15:04:32 Number Results:  3
2026/06/05 15:04:32 Successfully rewrites:  0
2026/06/05 15:04:32 No need/not possible to rewrite:  3
2026/06/05 15:04:32 Failed rewrites:  0
2026/06/05 15:04:32 Start guided execution
2026/06/05 15:04:32 Found 0 rewritten traces
2026/06/05 15:04:32 Create bug reports
2026/06/05 15:04:32 [31mline number out of range[0m
2026/06/05 15:04:32 [32mFound Actual Non-Cyclic Blocking Bug.[0m
2026/06/05 15:04:32 [32mFound Actual Cyclic Deadlock.[0m
2026/06/05 15:04:32 Create statistics
2026/06/05 15:04:32 Finished run for TestEtcd
2026/06/05 15:04:32 Parse recorded trace for fuzzing information
2026/06/05 15:04:32 Create mutations
2026/06/05 15:04:32 Create GoPie mutations
2026/06/05 15:04:32 Mutate 24 scheduling chains
2026/06/05 15:04:32 Write 0 mutations to file
2026/06/05 15:04:32 Create statistics
2026/06/05 15:04:32 Current fuzzing queue size: 0
2026/06/05 15:04:32 Remaining fuzzing time: 9:58 min
2026/06/05 15:04:32 Finish fuzzing after 1 runs
2026/06/05 15:04:32 Processing file: /home/advocate/Advocate/Experiments/Advocate/helper/aplas/output/oocLength/7/blocking/etcd/7443/etcd7443_test.go
2026/06/05 15:04:32 Fuzzing Run:  1
2026/06/05 15:04:32 Create  /home/advocate/Advocate/Experiments/Advocate/helper/aplas/output/oocLength/7/advocateResult/file(24)-test(1)-etcd7443_test-TestEtcd7443
2026/06/05 15:04:32 Execute Test
2026/06/05 15:04:33 Text executed
2026/06/05 15:04:33 Run the analyzer for /home/advocate/Advocate/Experiments/Advocate/helper/aplas/output/oocLength/7/blocking/etcd/7443/advocateTrace
2026/06/05 15:04:33 Read trace with 29 elements in 4 routines
2026/06/05 15:04:33 Start Analysis
2026/06/05 15:04:33 Finished HB analysis
2026/06/05 15:04:33 Analysis finished
2026/06/05 15:04:33 Start rewrite
2026/06/05 15:04:33 Finished Rewrite
2026/06/05 15:04:33 Number Results:  3
2026/06/05 15:04:33 Successfully rewrites:  0
2026/06/05 15:04:33 No need/not possible to rewrite:  3
2026/06/05 15:04:33 Failed rewrites:  0
2026/06/05 15:04:33 Start guided execution
2026/06/05 15:04:33 Found 0 rewritten traces
2026/06/05 15:04:33 Create bug reports
2026/06/05 15:04:33 [31mline number out of range[0m
2026/06/05 15:04:33 [32mFound Actual Cyclic Deadlock.[0m
2026/06/05 15:04:33 Create statistics
2026/06/05 15:04:33 Finished run for TestEtcd7443
2026/06/05 15:04:33 Parse recorded trace for fuzzing information
2026/06/05 15:04:33 Create mutations
2026/06/05 15:04:33 Create GoPie mutations
2026/06/05 15:04:33 Mutate 24 scheduling chains
2026/06/05 15:04:33 Write 0 mutations to file
2026/06/05 15:04:33 Create statistics
2026/06/05 15:04:33 Current fuzzing queue size: 0
2026/06/05 15:04:33 Remaining fuzzing time: 9:58 min
2026/06/05 15:04:33 Finish fuzzing after 1 runs
2026/06/05 15:04:33 Processing file: /home/advocate/Advocate/Experiments/Advocate/helper/aplas/output/oocLength/7/blocking/etcd/7492/etcd7492_test.go
2026/06/05 15:04:33 Fuzzing Run:  1
2026/06/05 15:04:33 Create  /home/advocate/Advocate/Experiments/Advocate/helper/aplas/output/oocLength/7/advocateResult/file(25)-test(1)-etcd7492_test-TestEtcd7492
2026/06/05 15:04:33 Execute Test
2026/06/05 15:04:35 Text executed
2026/06/05 15:04:35 Run the analyzer for /home/advocate/Advocate/Experiments/Advocate/helper/aplas/output/oocLength/7/blocking/etcd/7492/advocateTrace
2026/06/05 15:04:35 Read trace with 42 elements in 5 routines
2026/06/05 15:04:35 Start Analysis
2026/06/05 15:04:35 Finished HB analysis
2026/06/05 15:04:35 Analysis finished
2026/06/05 15:04:35 Start rewrite
2026/06/05 15:04:35 Finished Rewrite
2026/06/05 15:04:35 Number Results:  3
2026/06/05 15:04:35 Successfully rewrites:  0
2026/06/05 15:04:35 No need/not possible to rewrite:  3
2026/06/05 15:04:35 Failed rewrites:  0
2026/06/05 15:04:35 Start guided execution
2026/06/05 15:04:35 Found 0 rewritten traces
2026/06/05 15:04:35 Create bug reports
2026/06/05 15:04:35 [31mline number out of range[0m
2026/06/05 15:04:35 Create statistics
2026/06/05 15:04:35 Finished run for TestEtcd7492
2026/06/05 15:04:35 Parse recorded trace for fuzzing information
2026/06/05 15:04:35 Create mutations
2026/06/05 15:04:35 Create GoPie mutations
2026/06/05 15:04:35 Mutate 24 scheduling chains
2026/06/05 15:04:35 Write 0 mutations to file
2026/06/05 15:04:35 Create statistics
2026/06/05 15:04:35 Current fuzzing queue size: 0
2026/06/05 15:04:35 Remaining fuzzing time: 9:58 min
2026/06/05 15:04:35 Finish fuzzing after 1 runs
2026/06/05 15:04:35 Processing file: /home/advocate/Advocate/Experiments/Advocate/helper/aplas/output/oocLength/7/blocking/etcd/7902/etcd7902_test.go
2026/06/05 15:04:35 Fuzzing Run:  1
2026/06/05 15:04:35 Create  /home/advocate/Advocate/Experiments/Advocate/helper/aplas/output/oocLength/7/advocateResult/file(26)-test(1)-etcd7902_test-TestEtcd7902
2026/06/05 15:04:35 Execute Test
2026/06/05 15:04:36 Text executed
2026/06/05 15:04:36 Run the analyzer for /home/advocate/Advocate/Experiments/Advocate/helper/aplas/output/oocLength/7/blocking/etcd/7902/advocateTrace
2026/06/05 15:04:36 Read trace with 14 elements in 5 routines
2026/06/05 15:04:36 Start Analysis
2026/06/05 15:04:36 Finished HB analysis
2026/06/05 15:04:36 Analysis finished
2026/06/05 15:04:36 Start rewrite
2026/06/05 15:04:36 Finished Rewrite
2026/06/05 15:04:36 Number Results:  2
2026/06/05 15:04:36 Successfully rewrites:  0
2026/06/05 15:04:36 No need/not possible to rewrite:  2
2026/06/05 15:04:36 Failed rewrites:  0
2026/06/05 15:04:36 Start guided execution
2026/06/05 15:04:36 Found 0 rewritten traces
2026/06/05 15:04:36 Create bug reports
2026/06/05 15:04:36 [31mline number out of range[0m
2026/06/05 15:04:36 [32mFound Actual Non-Cyclic Blocking Bug.[0m
2026/06/05 15:04:36 Create statistics
2026/06/05 15:04:36 Finished run for TestEtcd7902
2026/06/05 15:04:36 Parse recorded trace for fuzzing information
2026/06/05 15:04:36 Create mutations
2026/06/05 15:04:36 Create GoPie mutations
2026/06/05 15:04:36 Mutate 24 scheduling chains
2026/06/05 15:04:36 Write 0 mutations to file
2026/06/05 15:04:36 Create statistics
2026/06/05 15:04:36 Current fuzzing queue size: 0
2026/06/05 15:04:36 Remaining fuzzing time: 9:58 min
2026/06/05 15:04:36 Finish fuzzing after 1 runs
2026/06/05 15:04:36 Processing file: /home/advocate/Advocate/Experiments/Advocate/helper/aplas/output/oocLength/7/blocking/grpc/1275/grpc1275_test.go
2026/06/05 15:04:36 Fuzzing Run:  1
2026/06/05 15:04:36 Create  /home/advocate/Advocate/Experiments/Advocate/helper/aplas/output/oocLength/7/advocateResult/file(27)-test(1)-grpc1275_test-TestGrpc1293
2026/06/05 15:04:36 Execute Test
2026/06/05 15:04:37 Text executed
2026/06/05 15:04:37 Run the analyzer for /home/advocate/Advocate/Experiments/Advocate/helper/aplas/output/oocLength/7/blocking/grpc/1275/advocateTrace
2026/06/05 15:04:37 Read trace with 6 elements in 2 routines
2026/06/05 15:04:37 Start Analysis
2026/06/05 15:04:37 Finished HB analysis
2026/06/05 15:04:37 Analysis finished
2026/06/05 15:04:37 Start rewrite
2026/06/05 15:04:37 Finished Rewrite
2026/06/05 15:04:37 Number Results:  2
2026/06/05 15:04:37 Successfully rewrites:  0
2026/06/05 15:04:37 No need/not possible to rewrite:  2
2026/06/05 15:04:37 Failed rewrites:  0
2026/06/05 15:04:37 Start guided execution
2026/06/05 15:04:37 Found 0 rewritten traces
2026/06/05 15:04:37 Create bug reports
2026/06/05 15:04:37 [31mline number out of range[0m
2026/06/05 15:04:37 [32mFound Actual Non-Cyclic Blocking Bug.[0m
2026/06/05 15:04:37 Create statistics
2026/06/05 15:04:37 Finished run for TestGrpc1293
2026/06/05 15:04:37 Parse recorded trace for fuzzing information
2026/06/05 15:04:37 Create mutations
2026/06/05 15:04:37 Create GoPie mutations
2026/06/05 15:04:37 Mutate 0 scheduling chains
2026/06/05 15:04:37 Write 0 mutations to file
2026/06/05 15:04:37 Create statistics
2026/06/05 15:04:37 Current fuzzing queue size: 0
2026/06/05 15:04:37 Remaining fuzzing time: 9:58 min
2026/06/05 15:04:37 Finish fuzzing after 1 runs
2026/06/05 15:04:37 Processing file: /home/advocate/Advocate/Experiments/Advocate/helper/aplas/output/oocLength/7/blocking/grpc/1353/grpc1353_test.go
2026/06/05 15:04:37 Fuzzing Run:  1
2026/06/05 15:04:37 Create  /home/advocate/Advocate/Experiments/Advocate/helper/aplas/output/oocLength/7/advocateResult/file(28)-test(1)-grpc1353_test-TestGrpc1353
2026/06/05 15:04:37 Execute Test
2026/06/05 15:04:38 Text executed
2026/06/05 15:04:38 Run the analyzer for /home/advocate/Advocate/Experiments/Advocate/helper/aplas/output/oocLength/7/blocking/grpc/1353/advocateTrace
2026/06/05 15:04:38 Read trace with 15 elements in 4 routines
2026/06/05 15:04:38 Start Analysis
2026/06/05 15:04:38 Finished HB analysis
2026/06/05 15:04:38 Analysis finished
2026/06/05 15:04:38 Start rewrite
2026/06/05 15:04:38 Finished Rewrite
2026/06/05 15:04:38 Number Results:  2
2026/06/05 15:04:38 Successfully rewrites:  0
2026/06/05 15:04:38 No need/not possible to rewrite:  2
2026/06/05 15:04:38 Failed rewrites:  0
2026/06/05 15:04:38 Start guided execution
2026/06/05 15:04:38 Found 0 rewritten traces
2026/06/05 15:04:38 Create bug reports
2026/06/05 15:04:38 [31mline number out of range[0m
2026/06/05 15:04:38 [32mFound Actual Non-Cyclic Blocking Bug.[0m
2026/06/05 15:04:38 [32mFound Actual Cyclic Deadlock.[0m
2026/06/05 15:04:38 Create statistics
2026/06/05 15:04:38 Finished run for TestGrpc1353
2026/06/05 15:04:38 Parse recorded trace for fuzzing information
2026/06/05 15:04:38 Create mutations
2026/06/05 15:04:38 Create GoPie mutations
2026/06/05 15:04:38 Mutate 24 scheduling chains
2026/06/05 15:04:38 Write 0 mutations to file
2026/06/05 15:04:38 Create statistics
2026/06/05 15:04:38 Current fuzzing queue size: 0
2026/06/05 15:04:38 Remaining fuzzing time: 9:58 min
2026/06/05 15:04:38 Finish fuzzing after 1 runs
2026/06/05 15:04:38 Processing file: /home/advocate/Advocate/Experiments/Advocate/helper/aplas/output/oocLength/7/blocking/grpc/1424/grpc1424_test.go
2026/06/05 15:04:38 Fuzzing Run:  1
2026/06/05 15:04:38 Create  /home/advocate/Advocate/Experiments/Advocate/helper/aplas/output/oocLength/7/advocateResult/file(29)-test(1)-grpc1424_test-TestGrpc1424
2026/06/05 15:04:38 Execute Test
2026/06/05 15:04:39 Text executed
2026/06/05 15:04:39 Run the analyzer for /home/advocate/Advocate/Experiments/Advocate/helper/aplas/output/oocLength/7/blocking/grpc/1424/advocateTrace
2026/06/05 15:04:39 Read trace with 13 elements in 5 routines
2026/06/05 15:04:39 Start Analysis
2026/06/05 15:04:39 Finished HB analysis
2026/06/05 15:04:39 Analysis finished
2026/06/05 15:04:39 Start rewrite
2026/06/05 15:04:39 Finished Rewrite
2026/06/05 15:04:39 Number Results:  2
2026/06/05 15:04:39 Successfully rewrites:  0
2026/06/05 15:04:39 No need/not possible to rewrite:  2
2026/06/05 15:04:39 Failed rewrites:  0
2026/06/05 15:04:39 Start guided execution
2026/06/05 15:04:39 Found 0 rewritten traces
2026/06/05 15:04:39 Create bug reports
2026/06/05 15:04:39 [31mline number out of range[0m
2026/06/05 15:04:39 [31mline number out of range[0m
2026/06/05 15:04:39 [32mFound Actual Non-Cyclic Blocking Bug.[0m
2026/06/05 15:04:39 [32mFound Actual Cyclic Deadlock.[0m
2026/06/05 15:04:39 Create statistics
2026/06/05 15:04:39 Finished run for TestGrpc1424
2026/06/05 15:04:39 Parse recorded trace for fuzzing information
2026/06/05 15:04:39 Create mutations
2026/06/05 15:04:39 Create GoPie mutations
2026/06/05 15:04:39 Mutate 24 scheduling chains
2026/06/05 15:04:39 Write 0 mutations to file
2026/06/05 15:04:39 Create statistics
2026/06/05 15:04:39 Current fuzzing queue size: 0
2026/06/05 15:04:39 Remaining fuzzing time: 9:58 min
2026/06/05 15:04:39 Finish fuzzing after 1 runs
2026/06/05 15:04:39 Processing file: /home/advocate/Advocate/Experiments/Advocate/helper/aplas/output/oocLength/7/blocking/grpc/1460/grpc1460_test.go
2026/06/05 15:04:39 Fuzzing Run:  1
2026/06/05 15:04:39 Create  /home/advocate/Advocate/Experiments/Advocate/helper/aplas/output/oocLength/7/advocateResult/file(30)-test(1)-grpc1460_test-TestGrpc1460
2026/06/05 15:04:39 Execute Test
2026/06/05 15:04:40 Text executed
2026/06/05 15:04:40 Run the analyzer for /home/advocate/Advocate/Experiments/Advocate/helper/aplas/output/oocLength/7/blocking/grpc/1460/advocateTrace
2026/06/05 15:04:40 Read trace with 11 elements in 3 routines
2026/06/05 15:04:40 Start Analysis
2026/06/05 15:04:40 Finished HB analysis
2026/06/05 15:04:40 Analysis finished
2026/06/05 15:04:40 Start rewrite
2026/06/05 15:04:40 Finished Rewrite
2026/06/05 15:04:40 Number Results:  2
2026/06/05 15:04:40 Successfully rewrites:  0
2026/06/05 15:04:40 No need/not possible to rewrite:  2
2026/06/05 15:04:40 Failed rewrites:  0
2026/06/05 15:04:40 Start guided execution
2026/06/05 15:04:40 Found 0 rewritten traces
2026/06/05 15:04:40 Create bug reports
2026/06/05 15:04:40 [31mline number out of range[0m
2026/06/05 15:04:40 [31mline number out of range[0m
2026/06/05 15:04:40 [32mFound Actual Non-Cyclic Blocking Bug.[0m
2026/06/05 15:04:40 Create statistics
2026/06/05 15:04:40 Finished run for TestGrpc1460
2026/06/05 15:04:40 Parse recorded trace for fuzzing information
2026/06/05 15:04:40 Create mutations
2026/06/05 15:04:40 Create GoPie mutations
2026/06/05 15:04:40 Mutate 24 scheduling chains
2026/06/05 15:04:40 Write 0 mutations to file
2026/06/05 15:04:40 Create statistics
2026/06/05 15:04:40 Current fuzzing queue size: 0
2026/06/05 15:04:40 Remaining fuzzing time: 9:58 min
2026/06/05 15:04:40 Finish fuzzing after 1 runs
2026/06/05 15:04:40 Processing file: /home/advocate/Advocate/Experiments/Advocate/helper/aplas/output/oocLength/7/blocking/grpc/3017/grpc3017_test.go
2026/06/05 15:04:40 Fuzzing Run:  1
2026/06/05 15:04:40 Create  /home/advocate/Advocate/Experiments/Advocate/helper/aplas/output/oocLength/7/advocateResult/file(31)-test(1)-grpc3017_test-TestGrpc3017
2026/06/05 15:04:40 Execute Test
2026/06/05 15:08:41 Text executed
2026/06/05 15:08:41 Run the analyzer for /home/advocate/Advocate/Experiments/Advocate/helper/aplas/output/oocLength/7/blocking/grpc/3017/advocateTrace
2026/06/05 15:08:41 Read trace with 20 elements in 3 routines
2026/06/05 15:08:41 Start Analysis
2026/06/05 15:08:41 Finished HB analysis
2026/06/05 15:08:41 Analysis finished
2026/06/05 15:08:41 Start rewrite
2026/06/05 15:08:41 Finished Rewrite
2026/06/05 15:08:41 Number Results:  3
2026/06/05 15:08:41 Successfully rewrites:  0
2026/06/05 15:08:41 No need/not possible to rewrite:  3
2026/06/05 15:08:41 Failed rewrites:  0
2026/06/05 15:08:41 Start guided execution
2026/06/05 15:08:41 Found 0 rewritten traces
2026/06/05 15:08:41 Create bug reports
2026/06/05 15:08:41 [31mline number out of range[0m
2026/06/05 15:08:41 [31mline number out of range[0m
2026/06/05 15:08:41 [32mFound Actual Non-Cyclic Blocking Bug.[0m
2026/06/05 15:08:41 Create statistics
2026/06/05 15:08:41 Finished run for TestGrpc3017
2026/06/05 15:08:41 Parse recorded trace for fuzzing information
2026/06/05 15:08:41 Create mutations
2026/06/05 15:08:41 Create GoPie mutations
2026/06/05 15:08:41 Mutate 0 scheduling chains
2026/06/05 15:08:41 Write 0 mutations to file
2026/06/05 15:08:41 Create statistics
2026/06/05 15:08:41 Current fuzzing queue size: 0
2026/06/05 15:08:41 Remaining fuzzing time: 5:58 min
2026/06/05 15:08:41 Finish fuzzing after 1 runs
2026/06/05 15:08:41 Processing file: /home/advocate/Advocate/Experiments/Advocate/helper/aplas/output/oocLength/7/blocking/grpc/660/grpc660_test.go
2026/06/05 15:08:41 Fuzzing Run:  1
2026/06/05 15:08:41 Create  /home/advocate/Advocate/Experiments/Advocate/helper/aplas/output/oocLength/7/advocateResult/file(32)-test(1)-grpc660_test-TestGrpc660
2026/06/05 15:08:41 Execute Test
2026/06/05 15:08:43 Text executed
2026/06/05 15:08:43 Run the analyzer for /home/advocate/Advocate/Experiments/Advocate/helper/aplas/output/oocLength/7/blocking/grpc/660/advocateTrace
2026/06/05 15:08:43 Read trace with 11 elements in 4 routines
2026/06/05 15:08:43 Start Analysis
2026/06/05 15:08:43 Finished HB analysis
2026/06/05 15:08:43 Analysis finished
2026/06/05 15:08:43 Start rewrite
2026/06/05 15:08:43 Finished Rewrite
2026/06/05 15:08:43 Number Results:  2
2026/06/05 15:08:43 Successfully rewrites:  0
2026/06/05 15:08:43 No need/not possible to rewrite:  2
2026/06/05 15:08:43 Failed rewrites:  0
2026/06/05 15:08:43 Start guided execution
2026/06/05 15:08:43 Found 0 rewritten traces
2026/06/05 15:08:43 Create bug reports
2026/06/05 15:08:43 [31mline number out of range[0m
2026/06/05 15:08:43 [31mline number out of range[0m
2026/06/05 15:08:43 [31mline number out of range[0m
2026/06/05 15:08:43 [32mFound Actual Non-Cyclic Blocking Bug.[0m
2026/06/05 15:08:43 Create statistics
2026/06/05 15:08:43 Finished run for TestGrpc660
2026/06/05 15:08:43 Parse recorded trace for fuzzing information
2026/06/05 15:08:43 Create mutations
2026/06/05 15:08:43 Create GoPie mutations
2026/06/05 15:08:43 Mutate 0 scheduling chains
2026/06/05 15:08:43 Write 0 mutations to file
2026/06/05 15:08:43 Create statistics
2026/06/05 15:08:43 Current fuzzing queue size: 0
2026/06/05 15:08:43 Remaining fuzzing time: 9:58 min
2026/06/05 15:08:43 Finish fuzzing after 1 runs
2026/06/05 15:08:43 Processing file: /home/advocate/Advocate/Experiments/Advocate/helper/aplas/output/oocLength/7/blocking/grpc/795/grpc795_test.go
2026/06/05 15:08:43 Fuzzing Run:  1
2026/06/05 15:08:43 Create  /home/advocate/Advocate/Experiments/Advocate/helper/aplas/output/oocLength/7/advocateResult/file(33)-test(1)-grpc795_test-TestGrpc795
2026/06/05 15:08:43 Execute Test
2026/06/05 15:12:44 Text executed
2026/06/05 15:12:44 Run the analyzer for /home/advocate/Advocate/Experiments/Advocate/helper/aplas/output/oocLength/7/blocking/grpc/795/advocateTrace
2026/06/05 15:12:44 Read trace with 4 elements in 2 routines
2026/06/05 15:12:44 Start Analysis
2026/06/05 15:12:44 Finished HB analysis
2026/06/05 15:12:44 Analysis finished
2026/06/05 15:12:44 Start rewrite
2026/06/05 15:12:44 Finished Rewrite
2026/06/05 15:12:44 Number Results:  3
2026/06/05 15:12:44 Successfully rewrites:  0
2026/06/05 15:12:44 No need/not possible to rewrite:  3
2026/06/05 15:12:44 Failed rewrites:  0
2026/06/05 15:12:44 Start guided execution
2026/06/05 15:12:44 Found 0 rewritten traces
2026/06/05 15:12:44 Create bug reports
2026/06/05 15:12:44 [31mline number out of range[0m
2026/06/05 15:12:44 [31mline number out of range[0m
2026/06/05 15:12:44 [31mline number out of range[0m
2026/06/05 15:12:44 [32mFound Actual Non-Cyclic Blocking Bug.[0m
2026/06/05 15:12:44 [32mFound Actual Cyclic Deadlock.[0m
2026/06/05 15:12:44 Create statistics
2026/06/05 15:12:44 Finished run for TestGrpc795
2026/06/05 15:12:44 Parse recorded trace for fuzzing information
2026/06/05 15:12:44 Create mutations
2026/06/05 15:12:44 Create GoPie mutations
2026/06/05 15:12:44 Mutate 24 scheduling chains
2026/06/05 15:12:44 Write 0 mutations to file
2026/06/05 15:12:44 Create statistics
2026/06/05 15:12:44 Current fuzzing queue size: 0
2026/06/05 15:12:44 Remaining fuzzing time: 5:58 min
2026/06/05 15:12:44 Finish fuzzing after 1 runs
2026/06/05 15:12:44 Processing file: /home/advocate/Advocate/Experiments/Advocate/helper/aplas/output/oocLength/7/blocking/grpc/862/grpc862_test.go
2026/06/05 15:12:44 Fuzzing Run:  1
2026/06/05 15:12:44 Create  /home/advocate/Advocate/Experiments/Advocate/helper/aplas/output/oocLength/7/advocateResult/file(34)-test(1)-grpc862_test-TestGrpc862
2026/06/05 15:12:44 Execute Test
2026/06/05 15:12:49 Text executed
2026/06/05 15:12:49 Run the analyzer for /home/advocate/Advocate/Experiments/Advocate/helper/aplas/output/oocLength/7/blocking/grpc/862/advocateTrace
2026/06/05 15:12:49 Read trace with 157506 elements in 28 routines
2026/06/05 15:12:49 Start Analysis
2026/06/05 15:12:50 Finished HB analysis
2026/06/05 15:13:59 Analysis finished
2026/06/05 15:13:59 Start rewrite
2026/06/05 15:13:59 Finished Rewrite
2026/06/05 15:13:59 Number Results:  2
2026/06/05 15:13:59 Successfully rewrites:  0
2026/06/05 15:13:59 No need/not possible to rewrite:  2
2026/06/05 15:13:59 Failed rewrites:  0
2026/06/05 15:13:59 Start guided execution
2026/06/05 15:13:59 Found 0 rewritten traces
2026/06/05 15:13:59 Create bug reports
2026/06/05 15:13:59 [31mline number out of range[0m
2026/06/05 15:13:59 [31mline number out of range[0m
2026/06/05 15:13:59 [31mline number out of range[0m
2026/06/05 15:13:59 [32mFound Actual Non-Cyclic Blocking Bug.[0m
2026/06/05 15:13:59 [32mFound Actual Cyclic Deadlock.[0m
2026/06/05 15:13:59 Create statistics
2026/06/05 15:14:00 Finished run for TestGrpc862
2026/06/05 15:14:00 Parse recorded trace for fuzzing information
2026/06/05 15:14:00 Create mutations
2026/06/05 15:14:00 Create GoPie mutations
2026/06/05 15:14:00 Mutate 0 scheduling chains
2026/06/05 15:14:00 Write 0 mutations to file
2026/06/05 15:14:00 Create statistics
2026/06/05 15:14:01 Current fuzzing queue size: 0
2026/06/05 15:14:01 Remaining fuzzing time: 8:43 min
2026/06/05 15:14:01 Finish fuzzing after 1 runs
2026/06/05 15:14:01 Processing file: /home/advocate/Advocate/Experiments/Advocate/helper/aplas/output/oocLength/7/blocking/hugo/3251/hugo3251_test.go
2026/06/05 15:14:01 Fuzzing Run:  1
2026/06/05 15:14:01 Create  /home/advocate/Advocate/Experiments/Advocate/helper/aplas/output/oocLength/7/advocateResult/file(35)-test(1)-hugo3251_test-TestHugo3251
2026/06/05 15:14:01 Execute Test
2026/06/05 15:18:02 Text executed
2026/06/05 15:18:02 Run the analyzer for /home/advocate/Advocate/Experiments/Advocate/helper/aplas/output/oocLength/7/blocking/hugo/3251/advocateTrace
2026/06/05 15:18:02 Read trace with 167 elements in 51 routines
2026/06/05 15:18:02 Start Analysis
2026/06/05 15:18:02 Finished HB analysis
2026/06/05 15:18:02 Analysis finished
2026/06/05 15:18:02 Start rewrite
2026/06/05 15:18:02 Finished Rewrite
2026/06/05 15:18:02 Number Results:  6
2026/06/05 15:18:02 Successfully rewrites:  0
2026/06/05 15:18:02 No need/not possible to rewrite:  6
2026/06/05 15:18:02 Failed rewrites:  0
2026/06/05 15:18:02 Start guided execution
2026/06/05 15:18:02 Found 0 rewritten traces
2026/06/05 15:18:02 Create bug reports
2026/06/05 15:18:02 [32mFound Possible Cyclic Deadlock.[0m
2026/06/05 15:18:02 [31mline number out of range[0m
2026/06/05 15:18:02 [31mline number out of range[0m
2026/06/05 15:18:02 [31mline number out of range[0m
2026/06/05 15:18:02 [32mFound Actual Non-Cyclic Blocking Bug.[0m
2026/06/05 15:18:02 [32mFound Leak on Sync.Mutex.[0m
2026/06/05 15:18:02 Create statistics
2026/06/05 15:18:02 Finished run for TestHugo3251
2026/06/05 15:18:02 Parse recorded trace for fuzzing information
2026/06/05 15:18:02 Create mutations
2026/06/05 15:18:02 Create GoPie mutations
2026/06/05 15:18:02 Mutate 24 scheduling chains
2026/06/05 15:18:02 Write 0 mutations to file
2026/06/05 15:18:02 Create statistics
2026/06/05 15:18:02 Current fuzzing queue size: 0
2026/06/05 15:18:02 Remaining fuzzing time: 5:58 min
2026/06/05 15:18:02 Finish fuzzing after 1 runs
2026/06/05 15:18:02 Processing file: /home/advocate/Advocate/Experiments/Advocate/helper/aplas/output/oocLength/7/blocking/hugo/5379/hugo5379_test.go
2026/06/05 15:18:02 Fuzzing Run:  1
2026/06/05 15:18:02 Create  /home/advocate/Advocate/Experiments/Advocate/helper/aplas/output/oocLength/7/advocateResult/file(36)-test(1)-hugo5379_test-TestHugo5379
2026/06/05 15:18:02 Execute Test
2026/06/05 15:22:03 Text executed
2026/06/05 15:22:03 Run the analyzer for /home/advocate/Advocate/Experiments/Advocate/helper/aplas/output/oocLength/7/blocking/hugo/5379/advocateTrace
2026/06/05 15:22:03 Read trace with 35 elements in 5 routines
2026/06/05 15:22:03 Start Analysis
2026/06/05 15:22:03 Finished HB analysis
2026/06/05 15:22:03 Analysis finished
2026/06/05 15:22:03 Start rewrite
2026/06/05 15:22:03 Finished Rewrite
2026/06/05 15:22:03 Number Results:  4
2026/06/05 15:22:03 Successfully rewrites:  0
2026/06/05 15:22:03 No need/not possible to rewrite:  4
2026/06/05 15:22:03 Failed rewrites:  0
2026/06/05 15:22:03 Start guided execution
2026/06/05 15:22:03 Found 0 rewritten traces
2026/06/05 15:22:03 Create bug reports
2026/06/05 15:22:03 [31mline number out of range[0m
2026/06/05 15:22:03 [31mline number out of range[0m
2026/06/05 15:22:03 [31mline number out of range[0m
2026/06/05 15:22:03 [31mline number out of range[0m
2026/06/05 15:22:03 [32mFound Actual Non-Cyclic Blocking Bug.[0m
2026/06/05 15:22:03 [32mFound Leak on Sync.Mutex.[0m
2026/06/05 15:22:03 Create statistics
2026/06/05 15:22:03 Finished run for TestHugo5379
2026/06/05 15:22:03 Parse recorded trace for fuzzing information
2026/06/05 15:22:03 Create mutations
2026/06/05 15:22:03 Create GoPie mutations
2026/06/05 15:22:03 Mutate 24 scheduling chains
2026/06/05 15:22:03 Write 0 mutations to file
2026/06/05 15:22:03 Create statistics
2026/06/05 15:22:03 Current fuzzing queue size: 0
2026/06/05 15:22:03 Remaining fuzzing time: 5:58 min
2026/06/05 15:22:03 Finish fuzzing after 1 runs
2026/06/05 15:22:03 Processing file: /home/advocate/Advocate/Experiments/Advocate/helper/aplas/output/oocLength/7/blocking/istio/16224/istio16224_test.go
2026/06/05 15:22:03 Fuzzing Run:  1
2026/06/05 15:22:03 Create  /home/advocate/Advocate/Experiments/Advocate/helper/aplas/output/oocLength/7/advocateResult/file(37)-test(1)-istio16224_test-TestIstio16224
2026/06/05 15:22:03 Execute Test
2026/06/05 15:26:05 Text executed
2026/06/05 15:26:05 Run the analyzer for /home/advocate/Advocate/Experiments/Advocate/helper/aplas/output/oocLength/7/blocking/istio/16224/advocateTrace
2026/06/05 15:26:05 Read trace with 9 elements in 2 routines
2026/06/05 15:26:05 Start Analysis
2026/06/05 15:26:05 Finished HB analysis
2026/06/05 15:26:05 Analysis finished
2026/06/05 15:26:05 Start rewrite
2026/06/05 15:26:05 Finished Rewrite
2026/06/05 15:26:05 Number Results:  4
2026/06/05 15:26:05 Successfully rewrites:  0
2026/06/05 15:26:05 No need/not possible to rewrite:  4
2026/06/05 15:26:05 Failed rewrites:  0
2026/06/05 15:26:05 Start guided execution
2026/06/05 15:26:05 Found 0 rewritten traces
2026/06/05 15:26:05 Create bug reports
2026/06/05 15:26:05 [31mline number out of range[0m
2026/06/05 15:26:05 [31mline number out of range[0m
2026/06/05 15:26:05 [31mline number out of range[0m
2026/06/05 15:26:05 [31mline number out of range[0m
2026/06/05 15:26:05 [32mFound Actual Non-Cyclic Blocking Bug.[0m
2026/06/05 15:26:05 [32mFound Actual Cyclic Deadlock.[0m
2026/06/05 15:26:05 Create statistics
2026/06/05 15:26:05 Finished run for TestIstio16224
2026/06/05 15:26:05 Parse recorded trace for fuzzing information
2026/06/05 15:26:05 Create mutations
2026/06/05 15:26:05 Create GoPie mutations
2026/06/05 15:26:05 Mutate 24 scheduling chains
2026/06/05 15:26:05 Write 0 mutations to file
2026/06/05 15:26:05 Create statistics
2026/06/05 15:26:05 Current fuzzing queue size: 0
2026/06/05 15:26:05 Remaining fuzzing time: 5:58 min
2026/06/05 15:26:05 Finish fuzzing after 1 runs
2026/06/05 15:26:05 Processing file: /home/advocate/Advocate/Experiments/Advocate/helper/aplas/output/oocLength/7/blocking/istio/17860/istio17860_test.go
2026/06/05 15:26:05 Fuzzing Run:  1
2026/06/05 15:26:05 Create  /home/advocate/Advocate/Experiments/Advocate/helper/aplas/output/oocLength/7/advocateResult/file(38)-test(1)-istio17860_test-TestIstio17860
2026/06/05 15:26:05 Execute Test
2026/06/05 15:26:06 Text executed
2026/06/05 15:26:06 Run the analyzer for /home/advocate/Advocate/Experiments/Advocate/helper/aplas/output/oocLength/7/blocking/istio/17860/advocateTrace
2026/06/05 15:26:06 Read trace with 23 elements in 5 routines
2026/06/05 15:26:06 Start Analysis
2026/06/05 15:26:06 Finished HB analysis
2026/06/05 15:26:06 Analysis finished
2026/06/05 15:26:06 Start rewrite
2026/06/05 15:26:06 Finished Rewrite
2026/06/05 15:26:06 Number Results:  3
2026/06/05 15:26:06 Successfully rewrites:  0
2026/06/05 15:26:06 No need/not possible to rewrite:  3
2026/06/05 15:26:06 Failed rewrites:  0
2026/06/05 15:26:06 Start guided execution
2026/06/05 15:26:06 Found 0 rewritten traces
2026/06/05 15:26:06 Create bug reports
2026/06/05 15:26:06 [31mline number out of range[0m
2026/06/05 15:26:06 [31mline number out of range[0m
2026/06/05 15:26:06 [31mline number out of range[0m
2026/06/05 15:26:06 [31mline number out of range[0m
2026/06/05 15:26:06 [32mFound Actual Non-Cyclic Blocking Bug.[0m
2026/06/05 15:26:06 [32mFound Actual Cyclic Deadlock.[0m
2026/06/05 15:26:06 Create statistics
2026/06/05 15:26:06 Finished run for TestIstio17860
2026/06/05 15:26:06 Parse recorded trace for fuzzing information
2026/06/05 15:26:06 Create mutations
2026/06/05 15:26:06 Create GoPie mutations
2026/06/05 15:26:06 Mutate 24 scheduling chains
2026/06/05 15:26:06 Write 0 mutations to file
2026/06/05 15:26:06 Create statistics
2026/06/05 15:26:06 Current fuzzing queue size: 0
2026/06/05 15:26:06 Remaining fuzzing time: 9:58 min
2026/06/05 15:26:06 Finish fuzzing after 1 runs
2026/06/05 15:26:06 Processing file: /home/advocate/Advocate/Experiments/Advocate/helper/aplas/output/oocLength/7/blocking/istio/18454/istio18454_test.go
2026/06/05 15:26:06 Fuzzing Run:  1
2026/06/05 15:26:06 Create  /home/advocate/Advocate/Experiments/Advocate/helper/aplas/output/oocLength/7/advocateResult/file(39)-test(1)-istio18454_test-TestIstio18454
2026/06/05 15:26:06 Execute Test
2026/06/05 15:26:07 Text executed
2026/06/05 15:26:07 Run the analyzer for /home/advocate/Advocate/Experiments/Advocate/helper/aplas/output/oocLength/7/blocking/istio/18454/advocateTrace
2026/06/05 15:26:07 Read trace with 1034 elements in 2 routines
2026/06/05 15:26:07 Start Analysis
2026/06/05 15:26:07 Finished HB analysis
2026/06/05 15:26:07 Analysis finished
2026/06/05 15:26:07 Start rewrite
2026/06/05 15:26:07 Finished Rewrite
2026/06/05 15:26:07 Number Results:  3
2026/06/05 15:26:07 Successfully rewrites:  0
2026/06/05 15:26:07 No need/not possible to rewrite:  3
2026/06/05 15:26:07 Failed rewrites:  0
2026/06/05 15:26:07 Start guided execution
2026/06/05 15:26:07 Found 0 rewritten traces
2026/06/05 15:26:07 Create bug reports
2026/06/05 15:26:07 [31mline number out of range[0m
2026/06/05 15:26:07 [31mline number out of range[0m
2026/06/05 15:26:07 [31mline number out of range[0m
2026/06/05 15:26:07 [31mline number out of range[0m
2026/06/05 15:26:07 [32mFound Actual Non-Cyclic Blocking Bug.[0m
2026/06/05 15:26:07 Create statistics
2026/06/05 15:26:07 Finished run for TestIstio18454
2026/06/05 15:26:07 Parse recorded trace for fuzzing information
2026/06/05 15:26:07 Create mutations
2026/06/05 15:26:07 Create GoPie mutations
2026/06/05 15:26:07 Mutate 0 scheduling chains
2026/06/05 15:26:07 Write 0 mutations to file
2026/06/05 15:26:07 Create statistics
2026/06/05 15:26:07 Current fuzzing queue size: 0
2026/06/05 15:26:07 Remaining fuzzing time: 9:58 min
2026/06/05 15:26:07 Finish fuzzing after 1 runs
2026/06/05 15:26:07 Processing file: /home/advocate/Advocate/Experiments/Advocate/helper/aplas/output/oocLength/7/blocking/kubernetes/10182/kubernetes10182_test.go
2026/06/05 15:26:07 Fuzzing Run:  1
2026/06/05 15:26:07 Create  /home/advocate/Advocate/Experiments/Advocate/helper/aplas/output/oocLength/7/advocateResult/file(40)-test(1)-kubernetes10182_test-TestKubernetes10182
2026/06/05 15:26:07 Execute Test
2026/06/05 15:26:08 Text executed
2026/06/05 15:26:08 Run the analyzer for /home/advocate/Advocate/Experiments/Advocate/helper/aplas/output/oocLength/7/blocking/kubernetes/10182/advocateTrace
2026/06/05 15:26:08 Read trace with 15 elements in 5 routines
2026/06/05 15:26:08 Start Analysis
2026/06/05 15:26:08 Finished HB analysis
2026/06/05 15:26:08 Analysis finished
2026/06/05 15:26:08 Start rewrite
2026/06/05 15:26:08 Finished Rewrite
2026/06/05 15:26:08 Number Results:  4
2026/06/05 15:26:08 Successfully rewrites:  0
2026/06/05 15:26:08 No need/not possible to rewrite:  4
2026/06/05 15:26:08 Failed rewrites:  0
2026/06/05 15:26:08 Start guided execution
2026/06/05 15:26:08 Found 0 rewritten traces
2026/06/05 15:26:08 Create bug reports
2026/06/05 15:26:08 [31mline number out of range[0m
2026/06/05 15:26:08 [31mline number out of range[0m
2026/06/05 15:26:08 [31mline number out of range[0m
2026/06/05 15:26:08 [31mline number out of range[0m
2026/06/05 15:26:08 [32mFound Actual Non-Cyclic Blocking Bug.[0m
2026/06/05 15:26:08 [32mFound Leak on Sync.Mutex.[0m
2026/06/05 15:26:08 Create statistics
2026/06/05 15:26:08 Finished run for TestKubernetes10182
2026/06/05 15:26:08 Parse recorded trace for fuzzing information
2026/06/05 15:26:08 Create mutations
2026/06/05 15:26:08 Create GoPie mutations
2026/06/05 15:26:08 Mutate 24 scheduling chains
2026/06/05 15:26:08 Write 0 mutations to file
2026/06/05 15:26:08 Create statistics
2026/06/05 15:26:08 Current fuzzing queue size: 0
2026/06/05 15:26:08 Remaining fuzzing time: 9:58 min
2026/06/05 15:26:08 Finish fuzzing after 1 runs
2026/06/05 15:26:08 Processing file: /home/advocate/Advocate/Experiments/Advocate/helper/aplas/output/oocLength/7/blocking/kubernetes/11298/kubernetes11298_test.go
2026/06/05 15:26:08 Fuzzing Run:  1
2026/06/05 15:26:08 Create  /home/advocate/Advocate/Experiments/Advocate/helper/aplas/output/oocLength/7/advocateResult/file(41)-test(1)-kubernetes11298_test-TestKubernetes11298
2026/06/05 15:26:08 Execute Test
2026/06/05 15:26:09 Text executed
2026/06/05 15:26:09 Run the analyzer for /home/advocate/Advocate/Experiments/Advocate/helper/aplas/output/oocLength/7/blocking/kubernetes/11298/advocateTrace
2026/06/05 15:26:09 Read trace with 17 elements in 5 routines
2026/06/05 15:26:09 Start Analysis
2026/06/05 15:26:09 Finished HB analysis
2026/06/05 15:26:09 Analysis finished
2026/06/05 15:26:09 Start rewrite
2026/06/05 15:26:09 Finished Rewrite
2026/06/05 15:26:09 Number Results:  4
2026/06/05 15:26:09 Successfully rewrites:  0
2026/06/05 15:26:09 No need/not possible to rewrite:  4
2026/06/05 15:26:09 Failed rewrites:  0
2026/06/05 15:26:09 Start guided execution
2026/06/05 15:26:09 Found 0 rewritten traces
2026/06/05 15:26:09 Create bug reports
2026/06/05 15:26:09 [31mline number out of range[0m
2026/06/05 15:26:09 [31mline number out of range[0m
2026/06/05 15:26:09 [31mline number out of range[0m
2026/06/05 15:26:09 [31mline number out of range[0m
2026/06/05 15:26:09 [32mFound Actual Non-Cyclic Blocking Bug.[0m
2026/06/05 15:26:09 [32mFound Leak on Sync.Mutex.[0m
2026/06/05 15:26:09 Create statistics
2026/06/05 15:26:09 Finished run for TestKubernetes11298
2026/06/05 15:26:09 Parse recorded trace for fuzzing information
2026/06/05 15:26:09 Create mutations
2026/06/05 15:26:09 Create GoPie mutations
2026/06/05 15:26:09 Mutate 24 scheduling chains
2026/06/05 15:26:09 Write 0 mutations to file
2026/06/05 15:26:09 Create statistics
2026/06/05 15:26:09 Current fuzzing queue size: 0
2026/06/05 15:26:09 Remaining fuzzing time: 9:58 min
2026/06/05 15:26:09 Finish fuzzing after 1 runs
2026/06/05 15:26:09 Processing file: /home/advocate/Advocate/Experiments/Advocate/helper/aplas/output/oocLength/7/blocking/kubernetes/13135/kubernetes13135_test.go
2026/06/05 15:26:09 Fuzzing Run:  1
2026/06/05 15:26:09 Create  /home/advocate/Advocate/Experiments/Advocate/helper/aplas/output/oocLength/7/advocateResult/file(42)-test(1)-kubernetes13135_test-TestKubernetes13135
2026/06/05 15:26:09 Execute Test
2026/06/05 15:26:11 Text executed
2026/06/05 15:26:11 Run the analyzer for /home/advocate/Advocate/Experiments/Advocate/helper/aplas/output/oocLength/7/blocking/kubernetes/13135/advocateTrace
2026/06/05 15:26:11 Read trace with 68 elements in 4 routines
2026/06/05 15:26:11 Start Analysis
2026/06/05 15:26:11 Finished HB analysis
2026/06/05 15:26:11 Analysis finished
2026/06/05 15:26:11 Start rewrite
2026/06/05 15:26:11 Finished Rewrite
2026/06/05 15:26:11 Number Results:  5
2026/06/05 15:26:11 Successfully rewrites:  0
2026/06/05 15:26:11 No need/not possible to rewrite:  5
2026/06/05 15:26:11 Failed rewrites:  0
2026/06/05 15:26:11 Start guided execution
2026/06/05 15:26:11 Found 0 rewritten traces
2026/06/05 15:26:11 Create bug reports
2026/06/05 15:26:11 [32mFound Possible Cyclic Deadlock.[0m
2026/06/05 15:26:11 [31mline number out of range[0m
2026/06/05 15:26:11 [31mline number out of range[0m
2026/06/05 15:26:11 [31mline number out of range[0m
2026/06/05 15:26:11 [31mline number out of range[0m
2026/06/05 15:26:11 Create statistics
2026/06/05 15:26:11 Finished run for TestKubernetes13135
2026/06/05 15:26:11 Parse recorded trace for fuzzing information
2026/06/05 15:26:11 Create mutations
2026/06/05 15:26:11 Create GoPie mutations
2026/06/05 15:26:11 Mutate 24 scheduling chains
2026/06/05 15:26:11 Write 0 mutations to file
2026/06/05 15:26:11 Create statistics
2026/06/05 15:26:11 Current fuzzing queue size: 0
2026/06/05 15:26:11 Remaining fuzzing time: 9:58 min
2026/06/05 15:26:11 Finish fuzzing after 1 runs
2026/06/05 15:26:11 Processing file: /home/advocate/Advocate/Experiments/Advocate/helper/aplas/output/oocLength/7/blocking/kubernetes/1321/kubernetes1321_test.go
2026/06/05 15:26:11 Fuzzing Run:  1
2026/06/05 15:26:11 Create  /home/advocate/Advocate/Experiments/Advocate/helper/aplas/output/oocLength/7/advocateResult/file(43)-test(1)-kubernetes1321_test-TestKubernetes1321
2026/06/05 15:26:11 Execute Test
2026/06/05 15:26:12 Text executed
2026/06/05 15:26:12 Run the analyzer for /home/advocate/Advocate/Experiments/Advocate/helper/aplas/output/oocLength/7/blocking/kubernetes/1321/advocateTrace
2026/06/05 15:26:12 Read trace with 413 elements in 27 routines
2026/06/05 15:26:12 Start Analysis
2026/06/05 15:26:12 Finished HB analysis
2026/06/05 15:26:12 Analysis finished
2026/06/05 15:26:12 Start rewrite
2026/06/05 15:26:12 Finished Rewrite
2026/06/05 15:26:12 Number Results:  4
2026/06/05 15:26:12 Successfully rewrites:  0
2026/06/05 15:26:12 No need/not possible to rewrite:  4
2026/06/05 15:26:12 Failed rewrites:  0
2026/06/05 15:26:12 Start guided execution
2026/06/05 15:26:12 Found 0 rewritten traces
2026/06/05 15:26:12 Create bug reports
2026/06/05 15:26:12 [31mline number out of range[0m
2026/06/05 15:26:12 [31mline number out of range[0m
2026/06/05 15:26:12 [31mline number out of range[0m
2026/06/05 15:26:12 [31mline number out of range[0m
2026/06/05 15:26:12 Create statistics
2026/06/05 15:26:12 Finished run for TestKubernetes1321
2026/06/05 15:26:12 Parse recorded trace for fuzzing information
2026/06/05 15:26:12 Create mutations
2026/06/05 15:26:12 Create GoPie mutations
2026/06/05 15:26:12 Mutate 8 scheduling chains
2026/06/05 15:26:12 Write 0 mutations to file
2026/06/05 15:26:12 Create statistics
2026/06/05 15:26:12 Current fuzzing queue size: 0
2026/06/05 15:26:12 Remaining fuzzing time: 9:58 min
2026/06/05 15:26:12 Finish fuzzing after 1 runs
2026/06/05 15:26:12 Processing file: /home/advocate/Advocate/Experiments/Advocate/helper/aplas/output/oocLength/7/blocking/kubernetes/25331/kubernetes25331_test.go
2026/06/05 15:26:12 Fuzzing Run:  1
2026/06/05 15:26:12 Create  /home/advocate/Advocate/Experiments/Advocate/helper/aplas/output/oocLength/7/advocateResult/file(44)-test(1)-kubernetes25331_test-TestKubernetes25331
2026/06/05 15:26:12 Execute Test
2026/06/05 15:26:13 Text executed
2026/06/05 15:26:13 Run the analyzer for /home/advocate/Advocate/Experiments/Advocate/helper/aplas/output/oocLength/7/blocking/kubernetes/25331/advocateTrace
2026/06/05 15:26:13 Read trace with 17 elements in 3 routines
2026/06/05 15:26:13 Start Analysis
2026/06/05 15:26:13 Finished HB analysis
2026/06/05 15:26:13 Analysis finished
2026/06/05 15:26:13 Start rewrite
2026/06/05 15:26:13 Finished Rewrite
2026/06/05 15:26:13 Number Results:  4
2026/06/05 15:26:13 Successfully rewrites:  0
2026/06/05 15:26:13 No need/not possible to rewrite:  4
2026/06/05 15:26:13 Failed rewrites:  0
2026/06/05 15:26:13 Start guided execution
2026/06/05 15:26:13 Found 0 rewritten traces
2026/06/05 15:26:13 Create bug reports
2026/06/05 15:26:13 [31mline number out of range[0m
2026/06/05 15:26:13 [31mline number out of range[0m
2026/06/05 15:26:13 [31mline number out of range[0m
2026/06/05 15:26:13 [31mline number out of range[0m
2026/06/05 15:26:13 [32mFound Actual Non-Cyclic Blocking Bug.[0m
2026/06/05 15:26:13 Create statistics
2026/06/05 15:26:13 Finished run for TestKubernetes25331
2026/06/05 15:26:13 Parse recorded trace for fuzzing information
2026/06/05 15:26:13 Create mutations
2026/06/05 15:26:13 Create GoPie mutations
2026/06/05 15:26:13 Mutate 24 scheduling chains
2026/06/05 15:26:13 Write 1 special mutation to file
2026/06/05 15:26:13 Write 0 mutations to file
2026/06/05 15:26:13 Create statistics
2026/06/05 15:26:13 Current fuzzing queue size: 0
2026/06/05 15:26:13 Remaining fuzzing time: 9:58 min
2026/06/05 15:26:13 Finish fuzzing after 1 runs
2026/06/05 15:26:13 Processing file: /home/advocate/Advocate/Experiments/Advocate/helper/aplas/output/oocLength/7/blocking/kubernetes/26980/kubernetes26980_test.go
2026/06/05 15:26:13 Fuzzing Run:  1
2026/06/05 15:26:13 Create  /home/advocate/Advocate/Experiments/Advocate/helper/aplas/output/oocLength/7/advocateResult/file(45)-test(1)-kubernetes26980_test-TestKubernetes26980
2026/06/05 15:26:13 Execute Test
2026/06/05 15:26:14 Text executed
2026/06/05 15:26:14 Run the analyzer for /home/advocate/Advocate/Experiments/Advocate/helper/aplas/output/oocLength/7/blocking/kubernetes/26980/advocateTrace
2026/06/05 15:26:14 Read trace with 18 elements in 3 routines
2026/06/05 15:26:14 Start Analysis
2026/06/05 15:26:14 Finished HB analysis
2026/06/05 15:26:14 Analysis finished
2026/06/05 15:26:14 Start rewrite
2026/06/05 15:26:14 Finished Rewrite
2026/06/05 15:26:14 Number Results:  4
2026/06/05 15:26:14 Successfully rewrites:  0
2026/06/05 15:26:14 No need/not possible to rewrite:  4
2026/06/05 15:26:14 Failed rewrites:  0
2026/06/05 15:26:14 Start guided execution
2026/06/05 15:26:14 Found 0 rewritten traces
2026/06/05 15:26:14 Create bug reports
2026/06/05 15:26:14 [31mline number out of range[0m
2026/06/05 15:26:14 [31mline number out of range[0m
2026/06/05 15:26:14 [31mline number out of range[0m
2026/06/05 15:26:14 [31mline number out of range[0m
2026/06/05 15:26:14 [32mFound Actual Non-Cyclic Blocking Bug.[0m
2026/06/05 15:26:14 Create statistics
2026/06/05 15:26:14 Finished run for TestKubernetes26980
2026/06/05 15:26:14 Parse recorded trace for fuzzing information
2026/06/05 15:26:14 Create mutations
2026/06/05 15:26:14 Create GoPie mutations
2026/06/05 15:26:14 Mutate 24 scheduling chains
2026/06/05 15:26:14 Write 0 mutations to file
2026/06/05 15:26:14 Create statistics
2026/06/05 15:26:14 Current fuzzing queue size: 0
2026/06/05 15:26:14 Remaining fuzzing time: 9:58 min
2026/06/05 15:26:14 Finish fuzzing after 1 runs
2026/06/05 15:26:14 Processing file: /home/advocate/Advocate/Experiments/Advocate/helper/aplas/output/oocLength/7/blocking/kubernetes/30872/kubernetes30872_test.go
2026/06/05 15:26:14 Fuzzing Run:  1
2026/06/05 15:26:14 Create  /home/advocate/Advocate/Experiments/Advocate/helper/aplas/output/oocLength/7/advocateResult/file(46)-test(1)-kubernetes30872_test-TestKubernetes30872_bad_test
2026/06/05 15:26:14 Execute Test
2026/06/05 15:26:15 Text executed
2026/06/05 15:26:15 Run the analyzer for /home/advocate/Advocate/Experiments/Advocate/helper/aplas/output/oocLength/7/blocking/kubernetes/30872/advocateTrace
2026/06/05 15:26:15 Read trace with 26 elements in 4 routines
2026/06/05 15:26:15 Start Analysis
2026/06/05 15:26:15 Finished HB analysis
2026/06/05 15:26:16 Analysis finished
2026/06/05 15:26:16 Start rewrite
2026/06/05 15:26:16 Finished Rewrite
2026/06/05 15:26:16 Number Results:  5
2026/06/05 15:26:16 Successfully rewrites:  0
2026/06/05 15:26:16 No need/not possible to rewrite:  5
2026/06/05 15:26:16 Failed rewrites:  0
2026/06/05 15:26:16 Start guided execution
2026/06/05 15:26:16 Found 0 rewritten traces
2026/06/05 15:26:16 Create bug reports
2026/06/05 15:26:16 [32mFound Possible Cyclic Deadlock.[0m
2026/06/05 15:26:16 [31mline number out of range[0m
2026/06/05 15:26:16 [31mline number out of range[0m
2026/06/05 15:26:16 [31mline number out of range[0m
2026/06/05 15:26:16 [31mline number out of range[0m
2026/06/05 15:26:16 Create statistics
2026/06/05 15:26:16 Finished run for TestKubernetes30872_bad_test
2026/06/05 15:26:16 Parse recorded trace for fuzzing information
2026/06/05 15:26:16 Create mutations
2026/06/05 15:26:16 Create GoPie mutations
2026/06/05 15:26:16 Mutate 24 scheduling chains
2026/06/05 15:26:16 Write 0 mutations to file
2026/06/05 15:26:16 Create statistics
2026/06/05 15:26:16 Current fuzzing queue size: 0
2026/06/05 15:26:16 Remaining fuzzing time: 9:58 min
2026/06/05 15:26:16 Finish fuzzing after 1 runs
2026/06/05 15:26:16 Processing file: /home/advocate/Advocate/Experiments/Advocate/helper/aplas/output/oocLength/7/blocking/kubernetes/38669/kubernetes38669_test.go
2026/06/05 15:26:16 Fuzzing Run:  1
2026/06/05 15:26:16 Create  /home/advocate/Advocate/Experiments/Advocate/helper/aplas/output/oocLength/7/advocateResult/file(47)-test(1)-kubernetes38669_test-TestKubernetes38669
2026/06/05 15:26:16 Execute Test
2026/06/05 15:26:17 Text executed
2026/06/05 15:26:17 Run the analyzer for /home/advocate/Advocate/Experiments/Advocate/helper/aplas/output/oocLength/7/blocking/kubernetes/38669/advocateTrace
2026/06/05 15:26:17 Read trace with 8 elements in 2 routines
2026/06/05 15:26:17 Start Analysis
2026/06/05 15:26:17 Finished HB analysis
2026/06/05 15:26:17 Analysis finished
2026/06/05 15:26:17 Start rewrite
2026/06/05 15:26:17 Finished Rewrite
2026/06/05 15:26:17 Number Results:  4
2026/06/05 15:26:17 Successfully rewrites:  0
2026/06/05 15:26:17 No need/not possible to rewrite:  4
2026/06/05 15:26:17 Failed rewrites:  0
2026/06/05 15:26:17 Start guided execution
2026/06/05 15:26:17 Found 0 rewritten traces
2026/06/05 15:26:17 Create bug reports
2026/06/05 15:26:17 [31mline number out of range[0m
2026/06/05 15:26:17 [31mline number out of range[0m
2026/06/05 15:26:17 [31mline number out of range[0m
2026/06/05 15:26:17 [31mline number out of range[0m
2026/06/05 15:26:17 [32mFound Actual Non-Cyclic Blocking Bug.[0m
2026/06/05 15:26:17 Create statistics
2026/06/05 15:26:17 Finished run for TestKubernetes38669
2026/06/05 15:26:17 Parse recorded trace for fuzzing information
2026/06/05 15:26:17 Create mutations
2026/06/05 15:26:17 Create GoPie mutations
2026/06/05 15:26:17 Mutate 0 scheduling chains
2026/06/05 15:26:17 Write 0 mutations to file
2026/06/05 15:26:17 Create statistics
2026/06/05 15:26:17 Current fuzzing queue size: 0
2026/06/05 15:26:17 Remaining fuzzing time: 9:58 min
2026/06/05 15:26:17 Finish fuzzing after 1 runs
2026/06/05 15:26:17 Processing file: /home/advocate/Advocate/Experiments/Advocate/helper/aplas/output/oocLength/7/blocking/kubernetes/5316/kubernetes5316_test.go
2026/06/05 15:26:17 Fuzzing Run:  1
2026/06/05 15:26:17 Create  /home/advocate/Advocate/Experiments/Advocate/helper/aplas/output/oocLength/7/advocateResult/file(48)-test(1)-kubernetes5316_test-TestKubernetes5316
2026/06/05 15:26:17 Execute Test
2026/06/05 15:26:18 Text executed
2026/06/05 15:26:18 Run the analyzer for /home/advocate/Advocate/Experiments/Advocate/helper/aplas/output/oocLength/7/blocking/kubernetes/5316/advocateTrace
2026/06/05 15:26:18 Read trace with 8 elements in 3 routines
2026/06/05 15:26:18 Start Analysis
2026/06/05 15:26:18 Finished HB analysis
2026/06/05 15:26:18 Analysis finished
2026/06/05 15:26:18 Start rewrite
2026/06/05 15:26:18 Finished Rewrite
2026/06/05 15:26:18 Number Results:  4
2026/06/05 15:26:18 Successfully rewrites:  0
2026/06/05 15:26:18 No need/not possible to rewrite:  4
2026/06/05 15:26:18 Failed rewrites:  0
2026/06/05 15:26:18 Start guided execution
2026/06/05 15:26:18 Found 0 rewritten traces
2026/06/05 15:26:18 Create bug reports
2026/06/05 15:26:18 [31mline number out of range[0m
2026/06/05 15:26:18 [31mline number out of range[0m
2026/06/05 15:26:18 [31mline number out of range[0m
2026/06/05 15:26:18 [31mline number out of range[0m
2026/06/05 15:26:18 [32mFound Actual Non-Cyclic Blocking Bug.[0m
2026/06/05 15:26:18 Create statistics
2026/06/05 15:26:18 Finished run for TestKubernetes5316
2026/06/05 15:26:18 Parse recorded trace for fuzzing information
2026/06/05 15:26:18 Create mutations
2026/06/05 15:26:18 Create GoPie mutations
2026/06/05 15:26:18 Mutate 0 scheduling chains
2026/06/05 15:26:18 Write 0 mutations to file
2026/06/05 15:26:18 Create statistics
2026/06/05 15:26:18 Current fuzzing queue size: 0
2026/06/05 15:26:18 Remaining fuzzing time: 9:58 min
2026/06/05 15:26:18 Finish fuzzing after 1 runs
2026/06/05 15:26:18 Processing file: /home/advocate/Advocate/Experiments/Advocate/helper/aplas/output/oocLength/7/blocking/kubernetes/58107/kubernetes58107_test.go
2026/06/05 15:26:18 Fuzzing Run:  1
2026/06/05 15:26:18 Create  /home/advocate/Advocate/Experiments/Advocate/helper/aplas/output/oocLength/7/advocateResult/file(49)-test(1)-kubernetes58107_test-TestKubernetes58107
2026/06/05 15:26:18 Execute Test
2026/06/05 15:26:26 Text executed
2026/06/05 15:26:26 Run the analyzer for /home/advocate/Advocate/Experiments/Advocate/helper/aplas/output/oocLength/7/blocking/kubernetes/58107/advocateTrace
2026/06/05 15:26:26 Read trace with 400022 elements in 30 routines
2026/06/05 15:26:26 Start Analysis
2026/06/05 15:26:27 Finished HB analysis
2026/06/05 16:16:49 [31mNot enough RAM[0m
2026/06/05 16:16:49 goroutine 20 [running]:
advocate/utils/control.printAllGoroutines()
	/home/advocate/Advocate/Experiments/Advocate/advocate/utils/control/utils.go:20 +0x3d
advocate/utils/control.cancelRAM(0x77cd50, 0x77cd48, 0x77cd58)
	/home/advocate/Advocate/Experiments/Advocate/advocate/utils/control/memory.go:109 +0x6e
advocate/utils/control.Supervisor(0x77cd50, 0x77cd48, 0x77cd58)
	/home/advocate/Advocate/Experiments/Advocate/advocate/utils/control/memory.go:79 +0x12f
created by advocate/run.Run in goroutine 1
	/home/advocate/Advocate/Experiments/Advocate/advocate/run/run.go:63 +0x26f

goroutine 1 [runnable]:
advocate/analysis/hb/clock.(*VectorClock).GetValue(...)
	/home/advocate/Advocate/Experiments/Advocate/advocate/analysis/hb/clock/vc.go:97
advocate/analysis/hb/clock.happensBefore(0x2aab058266a0, 0x2aaaf97847d0)
	/home/advocate/Advocate/Experiments/Advocate/advocate/analysis/hb/clock/hb.go:29 +0x130
advocate/analysis/hb/clock.GetHappensBefore(0x2aaaf97847d0, 0x2aab058266a0)
	/home/advocate/Advocate/Experiments/Advocate/advocate/analysis/hb/clock/hb.go:77 +0x47
advocate/analysis/analysis/scenarios.buildResidualGraph({0x2aab06692000, 0x186a2, 0x2aaaee286b68?}, {0x2aab0685e000, 0x186a2, 0x1?})
	/home/advocate/Advocate/Experiments/Advocate/advocate/analysis/analysis/scenarios/graph.go:60 +0x49f
advocate/analysis/analysis/scenarios.CheckForUnlockBeforeLock()
	/home/advocate/Advocate/Experiments/Advocate/advocate/analysis/analysis/scenarios/unlockBeforeLock.go:75 +0x2b5
advocate/analysis/analysis.RunHBAnalysis(0x1)
	/home/advocate/Advocate/Experiments/Advocate/advocate/analysis/analysis/analysis.go:262 +0xc9b
advocate/analysis/analysis.RunAnalysis(0x1)
	/home/advocate/Advocate/Experiments/Advocate/advocate/analysis/analysis/analysis.go:63 +0x105
advocate/toolchain.runAnalyzer({0x2aaaed6fe100, 0x74}, {0x2aaaed6fe200?, 0x66?}, {0x2aaaed6fe180, 0x7a}, {0x2aaaed6fe280, 0x75}, 0x0, {0x2aaaee144080, ...}, ...)
	/home/advocate/Advocate/Experiments/Advocate/advocate/toolchain/analyzer.go:78 +0x43b
advocate/toolchain.unitTestAnalyzer({0x2aaaed1921c0, 0x66}, {0x760f26?, 0x2aaaed182048?}, 0x0, {0x2aaaee144080, 0x7e}, {0x2aaaeda20502, 0x13})
	/home/advocate/Advocate/Experiments/Advocate/advocate/toolchain/fullWorkflowUnit.go:619 +0x25c
advocate/toolchain.unitTestFullWorkflow({0x2aaaed1f0000?, 0x2c}, {0x7ffcdd7ec10d, 0x4c}, 0x1, 0x1, 0x1, {0x2aaaeda20502, 0x13}, {0x2aaaed1d0140, ...}, ...)
	/home/advocate/Advocate/Experiments/Advocate/advocate/toolchain/fullWorkflowUnit.go:479 +0x625
advocate/toolchain.runWorkflowUnit({0x7ffcdd7ec10d, 0x4c}, 0x1, 0x1, 0x1, {0x2aaaed2a2480, 0x7e}, 0x0, {0x0, 0x0}, ...)
	/home/advocate/Advocate/Experiments/Advocate/advocate/toolchain/fullWorkflowUnit.go:171 +0x1190
advocate/toolchain.Run({0x75dd74, 0x4}, {0x2aaaed2a2480, 0x7e}, 0x1, 0x1, 0x1, 0x0, {0x0, 0x0}, ...)
	/home/advocate/Advocate/Experiments/Advocate/advocate/toolchain/toolchain.go:72 +0x389
advocate/fuzzing.runFuzzing({0x2aaaed2a2480, 0x7e}, 0x0, 0x31, 0x1)
	/home/advocate/Advocate/Experiments/Advocate/advocate/fuzzing/fuzzing.go:217 +0x57b
advocate/fuzzing.Fuzzing()
	/home/advocate/Advocate/Experiments/Advocate/advocate/fuzzing/fuzzing.go:135 +0xea5
advocate/run.modeFuzzing()
	/home/advocate/Advocate/Experiments/Advocate/advocate/run/modes.go:34 +0x5e
advocate/run.Run()
	/home/advocate/Advocate/Experiments/Advocate/advocate/run/run.go:100 +0x5b5
main.main()
	/home/advocate/Advocate/Experiments/Advocate/advocate/main.go:28 +0x1c
2026/06/05 16:16:58 [33mRAM Reset[0m
2026/06/05 16:18:30 [31mNot enough RAM[0m
2026/06/05 16:18:30 goroutine 20 [running]:
advocate/utils/control.printAllGoroutines()
	/home/advocate/Advocate/Experiments/Advocate/advocate/utils/control/utils.go:20 +0x3d
advocate/utils/control.cancelRAM(0x77cd50, 0x77cd48, 0x77cd58)
	/home/advocate/Advocate/Experiments/Advocate/advocate/utils/control/memory.go:109 +0x6e
advocate/utils/control.Supervisor(0x77cd50, 0x77cd48, 0x77cd58)
	/home/advocate/Advocate/Experiments/Advocate/advocate/utils/control/memory.go:79 +0x12f
created by advocate/run.Run in goroutine 1
	/home/advocate/Advocate/Experiments/Advocate/advocate/run/run.go:63 +0x26f

goroutine 1 [runnable]:
advocate/analysis/hb/clock.(*VectorClock).GetValue(...)
	/home/advocate/Advocate/Experiments/Advocate/advocate/analysis/hb/clock/vc.go:97
advocate/analysis/hb/clock.happensBefore(0x2aaafe460a60, 0x2aab05eedd40)
	/home/advocate/Advocate/Experiments/Advocate/advocate/analysis/hb/clock/hb.go:27 +0x96
advocate/analysis/hb/clock.GetHappensBefore(0x2aaafe460a60, 0x2aab05eedd40)
	/home/advocate/Advocate/Experiments/Advocate/advocate/analysis/hb/clock/hb.go:74 +0x34
advocate/analysis/analysis/scenarios.buildResidualGraph({0x2aab06692000, 0x186a2, 0x2aaaee286b68?}, {0x2aab0685e000, 0x186a2, 0x1?})
	/home/advocate/Advocate/Experiments/Advocate/advocate/analysis/analysis/scenarios/graph.go:60 +0x49f
advocate/analysis/analysis/scenarios.CheckForUnlockBeforeLock()
	/home/advocate/Advocate/Experiments/Advocate/advocate/analysis/analysis/scenarios/unlockBeforeLock.go:75 +0x2b5
advocate/analysis/analysis.RunHBAnalysis(0x1)
	/home/advocate/Advocate/Experiments/Advocate/advocate/analysis/analysis/analysis.go:262 +0xc9b
advocate/analysis/analysis.RunAnalysis(0x1)
	/home/advocate/Advocate/Experiments/Advocate/advocate/analysis/analysis/analysis.go:63 +0x105
advocate/toolchain.runAnalyzer({0x2aaaed6fe100, 0x74}, {0x2aaaed6fe200?, 0x66?}, {0x2aaaed6fe180, 0x7a}, {0x2aaaed6fe280, 0x75}, 0x0, {0x2aaaee144080, ...}, ...)
	/home/advocate/Advocate/Experiments/Advocate/advocate/toolchain/analyzer.go:78 +0x43b
advocate/toolchain.unitTestAnalyzer({0x2aaaed1921c0, 0x66}, {0x760f26?, 0x2aaaed182048?}, 0x0, {0x2aaaee144080, 0x7e}, {0x2aaaeda20502, 0x13})
	/home/advocate/Advocate/Experiments/Advocate/advocate/toolchain/fullWorkflowUnit.go:619 +0x25c
advocate/toolchain.unitTestFullWorkflow({0x2aaaed1f0000?, 0x2c}, {0x7ffcdd7ec10d, 0x4c}, 0x1, 0x1, 0x1, {0x2aaaeda20502, 0x13}, {0x2aaaed1d0140, ...}, ...)
	/home/advocate/Advocate/Experiments/Advocate/advocate/toolchain/fullWorkflowUnit.go:479 +0x625
advocate/toolchain.runWorkflowUnit({0x7ffcdd7ec10d, 0x4c}, 0x1, 0x1, 0x1, {0x2aaaed2a2480, 0x7e}, 0x0, {0x0, 0x0}, ...)
	/home/advocate/Advocate/Experiments/Advocate/advocate/toolchain/fullWorkflowUnit.go:171 +0x1190
advocate/toolchain.Run({0x75dd74, 0x4}, {0x2aaaed2a2480, 0x7e}, 0x1, 0x1, 0x1, 0x0, {0x0, 0x0}, ...)
	/home/advocate/Advocate/Experiments/Advocate/advocate/toolchain/toolchain.go:72 +0x389
advocate/fuzzing.runFuzzing({0x2aaaed2a2480, 0x7e}, 0x0, 0x31, 0x1)
	/home/advocate/Advocate/Experiments/Advocate/advocate/fuzzing/fuzzing.go:217 +0x57b
advocate/fuzzing.Fuzzing()
	/home/advocate/Advocate/Experiments/Advocate/advocate/fuzzing/fuzzing.go:135 +0xea5
advocate/run.modeFuzzing()
	/home/advocate/Advocate/Experiments/Advocate/advocate/run/modes.go:34 +0x5e
advocate/run.Run()
	/home/advocate/Advocate/Experiments/Advocate/advocate/run/run.go:100 +0x5b5
main.main()
	/home/advocate/Advocate/Experiments/Advocate/advocate/main.go:28 +0x1c
2026/06/05 16:18:39 [33mRAM Reset[0m
2026/06/05 16:19:53 [31mNot enough RAM[0m
2026/06/05 16:19:53 goroutine 20 [running]:
advocate/utils/control.printAllGoroutines()
	/home/advocate/Advocate/Experiments/Advocate/advocate/utils/control/utils.go:20 +0x3d
advocate/utils/control.cancelRAM(0x77cd50, 0x77cd48, 0x77cd58)
	/home/advocate/Advocate/Experiments/Advocate/advocate/utils/control/memory.go:109 +0x6e
advocate/utils/control.Supervisor(0x77cd50, 0x77cd48, 0x77cd58)
	/home/advocate/Advocate/Experiments/Advocate/advocate/utils/control/memory.go:79 +0x12f
created by advocate/run.Run in goroutine 1
	/home/advocate/Advocate/Experiments/Advocate/advocate/run/run.go:63 +0x26f

goroutine 1 [runnable]:
advocate/analysis/hb/clock.happensBefore(0x2aaaff6860b0, 0x2aab0641b510)
	/home/advocate/Advocate/Experiments/Advocate/advocate/analysis/hb/clock/hb.go:24 +0x189
advocate/analysis/hb/clock.GetHappensBefore(0x2aaaff6860b0, 0x2aab0641b510)
	/home/advocate/Advocate/Experiments/Advocate/advocate/analysis/hb/clock/hb.go:74 +0x34
advocate/analysis/analysis/scenarios.buildResidualGraph({0x2aab06692000, 0x186a2, 0x2aaaee286b68?}, {0x2aab0685e000, 0x186a2, 0x1?})
	/home/advocate/Advocate/Experiments/Advocate/advocate/analysis/analysis/scenarios/graph.go:60 +0x49f
advocate/analysis/analysis/scenarios.CheckForUnlockBeforeLock()
	/home/advocate/Advocate/Experiments/Advocate/advocate/analysis/analysis/scenarios/unlockBeforeLock.go:75 +0x2b5
advocate/analysis/analysis.RunHBAnalysis(0x1)
	/home/advocate/Advocate/Experiments/Advocate/advocate/analysis/analysis/analysis.go:262 +0xc9b
advocate/analysis/analysis.RunAnalysis(0x1)
	/home/advocate/Advocate/Experiments/Advocate/advocate/analysis/analysis/analysis.go:63 +0x105
advocate/toolchain.runAnalyzer({0x2aaaed6fe100, 0x74}, {0x2aaaed6fe200?, 0x66?}, {0x2aaaed6fe180, 0x7a}, {0x2aaaed6fe280, 0x75}, 0x0, {0x2aaaee144080, ...}, ...)
	/home/advocate/Advocate/Experiments/Advocate/advocate/toolchain/analyzer.go:78 +0x43b
advocate/toolchain.unitTestAnalyzer({0x2aaaed1921c0, 0x66}, {0x760f26?, 0x2aaaed182048?}, 0x0, {0x2aaaee144080, 0x7e}, {0x2aaaeda20502, 0x13})
	/home/advocate/Advocate/Experiments/Advocate/advocate/toolchain/fullWorkflowUnit.go:619 +0x25c
advocate/toolchain.unitTestFullWorkflow({0x2aaaed1f0000?, 0x2c}, {0x7ffcdd7ec10d, 0x4c}, 0x1, 0x1, 0x1, {0x2aaaeda20502, 0x13}, {0x2aaaed1d0140, ...}, ...)
	/home/advocate/Advocate/Experiments/Advocate/advocate/toolchain/fullWorkflowUnit.go:479 +0x625
advocate/toolchain.runWorkflowUnit({0x7ffcdd7ec10d, 0x4c}, 0x1, 0x1, 0x1, {0x2aaaed2a2480, 0x7e}, 0x0, {0x0, 0x0}, ...)
	/home/advocate/Advocate/Experiments/Advocate/advocate/toolchain/fullWorkflowUnit.go:171 +0x1190
advocate/toolchain.Run({0x75dd74, 0x4}, {0x2aaaed2a2480, 0x7e}, 0x1, 0x1, 0x1, 0x0, {0x0, 0x0}, ...)
	/home/advocate/Advocate/Experiments/Advocate/advocate/toolchain/toolchain.go:72 +0x389
advocate/fuzzing.runFuzzing({0x2aaaed2a2480, 0x7e}, 0x0, 0x31, 0x1)
	/home/advocate/Advocate/Experiments/Advocate/advocate/fuzzing/fuzzing.go:217 +0x57b
advocate/fuzzing.Fuzzing()
	/home/advocate/Advocate/Experiments/Advocate/advocate/fuzzing/fuzzing.go:135 +0xea5
advocate/run.modeFuzzing()
	/home/advocate/Advocate/Experiments/Advocate/advocate/run/modes.go:34 +0x5e
advocate/run.Run()
	/home/advocate/Advocate/Experiments/Advocate/advocate/run/run.go:100 +0x5b5
main.main()
	/home/advocate/Advocate/Experiments/Advocate/advocate/main.go:28 +0x1c
2026/06/05 16:20:02 [33mRAM Reset[0m
2026/06/05 16:20:59 [31mNot enough RAM[0m
2026/06/05 16:20:59 goroutine 20 [running]:
advocate/utils/control.printAllGoroutines()
	/home/advocate/Advocate/Experiments/Advocate/advocate/utils/control/utils.go:20 +0x3d
advocate/utils/control.cancelRAM(0x77cd50, 0x77cd48, 0x77cd58)
	/home/advocate/Advocate/Experiments/Advocate/advocate/utils/control/memory.go:109 +0x6e
advocate/utils/control.Supervisor(0x77cd50, 0x77cd48, 0x77cd58)
	/home/advocate/Advocate/Experiments/Advocate/advocate/utils/control/memory.go:79 +0x12f
created by advocate/run.Run in goroutine 1
	/home/advocate/Advocate/Experiments/Advocate/advocate/run/run.go:63 +0x26f

goroutine 1 [runnable]:
advocate/analysis/hb/clock.GetHappensBefore(0x2aaaf9310960?, 0x2aaaf56cddb0?)
	/home/advocate/Advocate/Experiments/Advocate/advocate/analysis/hb/clock/hb.go:65 +0x8e
advocate/analysis/analysis/scenarios.buildResidualGraph({0x2aab06692000, 0x186a2, 0x2aaaee286b68?}, {0x2aab0685e000, 0x186a2, 0x1?})
	/home/advocate/Advocate/Experiments/Advocate/advocate/analysis/analysis/scenarios/graph.go:60 +0x49f
advocate/analysis/analysis/scenarios.CheckForUnlockBeforeLock()
	/home/advocate/Advocate/Experiments/Advocate/advocate/analysis/analysis/scenarios/unlockBeforeLock.go:75 +0x2b5
advocate/analysis/analysis.RunHBAnalysis(0x1)
	/home/advocate/Advocate/Experiments/Advocate/advocate/analysis/analysis/analysis.go:262 +0xc9b
advocate/analysis/analysis.RunAnalysis(0x1)
	/home/advocate/Advocate/Experiments/Advocate/advocate/analysis/analysis/analysis.go:63 +0x105
advocate/toolchain.runAnalyzer({0x2aaaed6fe100, 0x74}, {0x2aaaed6fe200?, 0x66?}, {0x2aaaed6fe180, 0x7a}, {0x2aaaed6fe280, 0x75}, 0x0, {0x2aaaee144080, ...}, ...)
	/home/advocate/Advocate/Experiments/Advocate/advocate/toolchain/analyzer.go:78 +0x43b
advocate/toolchain.unitTestAnalyzer({0x2aaaed1921c0, 0x66}, {0x760f26?, 0x2aaaed182048?}, 0x0, {0x2aaaee144080, 0x7e}, {0x2aaaeda20502, 0x13})
	/home/advocate/Advocate/Experiments/Advocate/advocate/toolchain/fullWorkflowUnit.go:619 +0x25c
advocate/toolchain.unitTestFullWorkflow({0x2aaaed1f0000?, 0x2c}, {0x7ffcdd7ec10d, 0x4c}, 0x1, 0x1, 0x1, {0x2aaaeda20502, 0x13}, {0x2aaaed1d0140, ...}, ...)
	/home/advocate/Advocate/Experiments/Advocate/advocate/toolchain/fullWorkflowUnit.go:479 +0x625
advocate/toolchain.runWorkflowUnit({0x7ffcdd7ec10d, 0x4c}, 0x1, 0x1, 0x1, {0x2aaaed2a2480, 0x7e}, 0x0, {0x0, 0x0}, ...)
	/home/advocate/Advocate/Experiments/Advocate/advocate/toolchain/fullWorkflowUnit.go:171 +0x1190
advocate/toolchain.Run({0x75dd74, 0x4}, {0x2aaaed2a2480, 0x7e}, 0x1, 0x1, 0x1, 0x0, {0x0, 0x0}, ...)
	/home/advocate/Advocate/Experiments/Advocate/advocate/toolchain/toolchain.go:72 +0x389
advocate/fuzzing.runFuzzing({0x2aaaed2a2480, 0x7e}, 0x0, 0x31, 0x1)
	/home/advocate/Advocate/Experiments/Advocate/advocate/fuzzing/fuzzing.go:217 +0x57b
advocate/fuzzing.Fuzzing()
	/home/advocate/Advocate/Experiments/Advocate/advocate/fuzzing/fuzzing.go:135 +0xea5
advocate/run.modeFuzzing()
	/home/advocate/Advocate/Experiments/Advocate/advocate/run/modes.go:34 +0x5e
advocate/run.Run()
	/home/advocate/Advocate/Experiments/Advocate/advocate/run/run.go:100 +0x5b5
main.main()
	/home/advocate/Advocate/Experiments/Advocate/advocate/main.go:28 +0x1c
2026/06/05 16:21:09 [33mRAM Reset[0m
2026/06/05 16:21:51 [31mNot enough RAM[0m
2026/06/05 16:21:51 goroutine 20 [running]:
advocate/utils/control.printAllGoroutines()
	/home/advocate/Advocate/Experiments/Advocate/advocate/utils/control/utils.go:20 +0x3d
advocate/utils/control.cancelRAM(0x77cd50, 0x77cd48, 0x77cd58)
	/home/advocate/Advocate/Experiments/Advocate/advocate/utils/control/memory.go:109 +0x6e
advocate/utils/control.Supervisor(0x77cd50, 0x77cd48, 0x77cd58)
	/home/advocate/Advocate/Experiments/Advocate/advocate/utils/control/memory.go:79 +0x12f
created by advocate/run.Run in goroutine 1
	/home/advocate/Advocate/Experiments/Advocate/advocate/run/run.go:63 +0x26f

goroutine 1 [runnable]:
advocate/analysis/hb/clock.(*VectorClock).GetValue(...)
	/home/advocate/Advocate/Experiments/Advocate/advocate/analysis/hb/clock/vc.go:97
advocate/analysis/hb/clock.happensBefore(0x2aaaf8f82290, 0x2aaaf8bd8d50)
	/home/advocate/Advocate/Experiments/Advocate/advocate/analysis/hb/clock/hb.go:27 +0x96
advocate/analysis/hb/clock.GetHappensBefore(0x2aaaf8f82290, 0x2aaaf8bd8d50)
	/home/advocate/Advocate/Experiments/Advocate/advocate/analysis/hb/clock/hb.go:74 +0x34
advocate/analysis/analysis/scenarios.buildResidualGraph({0x2aab06692000, 0x186a2, 0x2aaaee286b68?}, {0x2aab0685e000, 0x186a2, 0x1?})
	/home/advocate/Advocate/Experiments/Advocate/advocate/analysis/analysis/scenarios/graph.go:60 +0x49f
advocate/analysis/analysis/scenarios.CheckForUnlockBeforeLock()
	/home/advocate/Advocate/Experiments/Advocate/advocate/analysis/analysis/scenarios/unlockBeforeLock.go:75 +0x2b5
advocate/analysis/analysis.RunHBAnalysis(0x1)
	/home/advocate/Advocate/Experiments/Advocate/advocate/analysis/analysis/analysis.go:262 +0xc9b
advocate/analysis/analysis.RunAnalysis(0x1)
	/home/advocate/Advocate/Experiments/Advocate/advocate/analysis/analysis/analysis.go:63 +0x105
advocate/toolchain.runAnalyzer({0x2aaaed6fe100, 0x74}, {0x2aaaed6fe200?, 0x66?}, {0x2aaaed6fe180, 0x7a}, {0x2aaaed6fe280, 0x75}, 0x0, {0x2aaaee144080, ...}, ...)
	/home/advocate/Advocate/Experiments/Advocate/advocate/toolchain/analyzer.go:78 +0x43b
advocate/toolchain.unitTestAnalyzer({0x2aaaed1921c0, 0x66}, {0x760f26?, 0x2aaaed182048?}, 0x0, {0x2aaaee144080, 0x7e}, {0x2aaaeda20502, 0x13})
	/home/advocate/Advocate/Experiments/Advocate/advocate/toolchain/fullWorkflowUnit.go:619 +0x25c
advocate/toolchain.unitTestFullWorkflow({0x2aaaed1f0000?, 0x2c}, {0x7ffcdd7ec10d, 0x4c}, 0x1, 0x1, 0x1, {0x2aaaeda20502, 0x13}, {0x2aaaed1d0140, ...}, ...)
	/home/advocate/Advocate/Experiments/Advocate/advocate/toolchain/fullWorkflowUnit.go:479 +0x625
advocate/toolchain.runWorkflowUnit({0x7ffcdd7ec10d, 0x4c}, 0x1, 0x1, 0x1, {0x2aaaed2a2480, 0x7e}, 0x0, {0x0, 0x0}, ...)
	/home/advocate/Advocate/Experiments/Advocate/advocate/toolchain/fullWorkflowUnit.go:171 +0x1190
advocate/toolchain.Run({0x75dd74, 0x4}, {0x2aaaed2a2480, 0x7e}, 0x1, 0x1, 0x1, 0x0, {0x0, 0x0}, ...)
	/home/advocate/Advocate/Experiments/Advocate/advocate/toolchain/toolchain.go:72 +0x389
advocate/fuzzing.runFuzzing({0x2aaaed2a2480, 0x7e}, 0x0, 0x31, 0x1)
	/home/advocate/Advocate/Experiments/Advocate/advocate/fuzzing/fuzzing.go:217 +0x57b
advocate/fuzzing.Fuzzing()
	/home/advocate/Advocate/Experiments/Advocate/advocate/fuzzing/fuzzing.go:135 +0xea5
advocate/run.modeFuzzing()
	/home/advocate/Advocate/Experiments/Advocate/advocate/run/modes.go:34 +0x5e
advocate/run.Run()
	/home/advocate/Advocate/Experiments/Advocate/advocate/run/run.go:100 +0x5b5
main.main()
	/home/advocate/Advocate/Experiments/Advocate/advocate/main.go:28 +0x1c
2026/06/05 16:22:01 [33mRAM Reset[0m
2026/06/05 16:22:32 [31mNot enough RAM[0m
2026/06/05 16:22:32 goroutine 20 [running]:
advocate/utils/control.printAllGoroutines()
	/home/advocate/Advocate/Experiments/Advocate/advocate/utils/control/utils.go:20 +0x3d
advocate/utils/control.cancelRAM(0x77cd50, 0x77cd48, 0x77cd58)
	/home/advocate/Advocate/Experiments/Advocate/advocate/utils/control/memory.go:109 +0x6e
advocate/utils/control.Supervisor(0x77cd50, 0x77cd48, 0x77cd58)
	/home/advocate/Advocate/Experiments/Advocate/advocate/utils/control/memory.go:79 +0x12f
created by advocate/run.Run in goroutine 1
	/home/advocate/Advocate/Experiments/Advocate/advocate/run/run.go:63 +0x26f

goroutine 1 [runnable]:
advocate/analysis/hb/clock.(*VectorClock).GetValue(...)
	/home/advocate/Advocate/Experiments/Advocate/advocate/analysis/hb/clock/vc.go:97
advocate/analysis/hb/clock.happensBefore(0x2aaafdd39dd0, 0x2aaaf96a0860)
	/home/advocate/Advocate/Experiments/Advocate/advocate/analysis/hb/clock/hb.go:27 +0x96
advocate/analysis/hb/clock.GetHappensBefore(0x2aaafdd39dd0, 0x2aaaf96a0860)
	/home/advocate/Advocate/Experiments/Advocate/advocate/analysis/hb/clock/hb.go:74 +0x34
advocate/analysis/analysis/scenarios.buildResidualGraph({0x2aab06692000, 0x186a2, 0x2aaaee286b68?}, {0x2aab0685e000, 0x186a2, 0x1?})
	/home/advocate/Advocate/Experiments/Advocate/advocate/analysis/analysis/scenarios/graph.go:60 +0x49f
advocate/analysis/analysis/scenarios.CheckForUnlockBeforeLock()
	/home/advocate/Advocate/Experiments/Advocate/advocate/analysis/analysis/scenarios/unlockBeforeLock.go:75 +0x2b5
advocate/analysis/analysis.RunHBAnalysis(0x1)
	/home/advocate/Advocate/Experiments/Advocate/advocate/analysis/analysis/analysis.go:262 +0xc9b
advocate/analysis/analysis.RunAnalysis(0x1)
	/home/advocate/Advocate/Experiments/Advocate/advocate/analysis/analysis/analysis.go:63 +0x105
advocate/toolchain.runAnalyzer({0x2aaaed6fe100, 0x74}, {0x2aaaed6fe200?, 0x66?}, {0x2aaaed6fe180, 0x7a}, {0x2aaaed6fe280, 0x75}, 0x0, {0x2aaaee144080, ...}, ...)
	/home/advocate/Advocate/Experiments/Advocate/advocate/toolchain/analyzer.go:78 +0x43b
advocate/toolchain.unitTestAnalyzer({0x2aaaed1921c0, 0x66}, {0x760f26?, 0x2aaaed182048?}, 0x0, {0x2aaaee144080, 0x7e}, {0x2aaaeda20502, 0x13})
	/home/advocate/Advocate/Experiments/Advocate/advocate/toolchain/fullWorkflowUnit.go:619 +0x25c
advocate/toolchain.unitTestFullWorkflow({0x2aaaed1f0000?, 0x2c}, {0x7ffcdd7ec10d, 0x4c}, 0x1, 0x1, 0x1, {0x2aaaeda20502, 0x13}, {0x2aaaed1d0140, ...}, ...)
	/home/advocate/Advocate/Experiments/Advocate/advocate/toolchain/fullWorkflowUnit.go:479 +0x625
advocate/toolchain.runWorkflowUnit({0x7ffcdd7ec10d, 0x4c}, 0x1, 0x1, 0x1, {0x2aaaed2a2480, 0x7e}, 0x0, {0x0, 0x0}, ...)
	/home/advocate/Advocate/Experiments/Advocate/advocate/toolchain/fullWorkflowUnit.go:171 +0x1190
advocate/toolchain.Run({0x75dd74, 0x4}, {0x2aaaed2a2480, 0x7e}, 0x1, 0x1, 0x1, 0x0, {0x0, 0x0}, ...)
	/home/advocate/Advocate/Experiments/Advocate/advocate/toolchain/toolchain.go:72 +0x389
advocate/fuzzing.runFuzzing({0x2aaaed2a2480, 0x7e}, 0x0, 0x31, 0x1)
	/home/advocate/Advocate/Experiments/Advocate/advocate/fuzzing/fuzzing.go:217 +0x57b
advocate/fuzzing.Fuzzing()
	/home/advocate/Advocate/Experiments/Advocate/advocate/fuzzing/fuzzing.go:135 +0xea5
advocate/run.modeFuzzing()
	/home/advocate/Advocate/Experiments/Advocate/advocate/run/modes.go:34 +0x5e
advocate/run.Run()
	/home/advocate/Advocate/Experiments/Advocate/advocate/run/run.go:100 +0x5b5
main.main()
	/home/advocate/Advocate/Experiments/Advocate/advocate/main.go:28 +0x1c
2026/06/05 16:22:42 [33mRAM Reset[0m
2026/06/05 16:23:06 [31mNot enough RAM[0m
2026/06/05 16:23:06 goroutine 20 [running]:
advocate/utils/control.printAllGoroutines()
	/home/advocate/Advocate/Experiments/Advocate/advocate/utils/control/utils.go:20 +0x3d
advocate/utils/control.cancelRAM(0x77cd50, 0x77cd48, 0x77cd58)
	/home/advocate/Advocate/Experiments/Advocate/advocate/utils/control/memory.go:109 +0x6e
advocate/utils/control.Supervisor(0x77cd50, 0x77cd48, 0x77cd58)
	/home/advocate/Advocate/Experiments/Advocate/advocate/utils/control/memory.go:79 +0x12f
created by advocate/run.Run in goroutine 1
	/home/advocate/Advocate/Experiments/Advocate/advocate/run/run.go:63 +0x26f

goroutine 1 [runnable]:
advocate/analysis/hb/clock.(*VectorClock).GetValue(...)
	/home/advocate/Advocate/Experiments/Advocate/advocate/analysis/hb/clock/vc.go:97
advocate/analysis/hb/clock.happensBefore(0x2aaafc667730, 0x2aaaf9e461b0)
	/home/advocate/Advocate/Experiments/Advocate/advocate/analysis/hb/clock/hb.go:27 +0x65
advocate/analysis/hb/clock.GetHappensBefore(0x2aaafc667730, 0x2aaaf9e461b0)
	/home/advocate/Advocate/Experiments/Advocate/advocate/analysis/hb/clock/hb.go:74 +0x34
advocate/analysis/analysis/scenarios.buildResidualGraph({0x2aab06692000, 0x186a2, 0x2aaaee286b68?}, {0x2aab0685e000, 0x186a2, 0x1?})
	/home/advocate/Advocate/Experiments/Advocate/advocate/analysis/analysis/scenarios/graph.go:60 +0x49f
advocate/analysis/analysis/scenarios.CheckForUnlockBeforeLock()
	/home/advocate/Advocate/Experiments/Advocate/advocate/analysis/analysis/scenarios/unlockBeforeLock.go:75 +0x2b5
advocate/analysis/analysis.RunHBAnalysis(0x1)
	/home/advocate/Advocate/Experiments/Advocate/advocate/analysis/analysis/analysis.go:262 +0xc9b
advocate/analysis/analysis.RunAnalysis(0x1)
	/home/advocate/Advocate/Experiments/Advocate/advocate/analysis/analysis/analysis.go:63 +0x105
advocate/toolchain.runAnalyzer({0x2aaaed6fe100, 0x74}, {0x2aaaed6fe200?, 0x66?}, {0x2aaaed6fe180, 0x7a}, {0x2aaaed6fe280, 0x75}, 0x0, {0x2aaaee144080, ...}, ...)
	/home/advocate/Advocate/Experiments/Advocate/advocate/toolchain/analyzer.go:78 +0x43b
advocate/toolchain.unitTestAnalyzer({0x2aaaed1921c0, 0x66}, {0x760f26?, 0x2aaaed182048?}, 0x0, {0x2aaaee144080, 0x7e}, {0x2aaaeda20502, 0x13})
	/home/advocate/Advocate/Experiments/Advocate/advocate/toolchain/fullWorkflowUnit.go:619 +0x25c
advocate/toolchain.unitTestFullWorkflow({0x2aaaed1f0000?, 0x2c}, {0x7ffcdd7ec10d, 0x4c}, 0x1, 0x1, 0x1, {0x2aaaeda20502, 0x13}, {0x2aaaed1d0140, ...}, ...)
	/home/advocate/Advocate/Experiments/Advocate/advocate/toolchain/fullWorkflowUnit.go:479 +0x625
advocate/toolchain.runWorkflowUnit({0x7ffcdd7ec10d, 0x4c}, 0x1, 0x1, 0x1, {0x2aaaed2a2480, 0x7e}, 0x0, {0x0, 0x0}, ...)
	/home/advocate/Advocate/Experiments/Advocate/advocate/toolchain/fullWorkflowUnit.go:171 +0x1190
advocate/toolchain.Run({0x75dd74, 0x4}, {0x2aaaed2a2480, 0x7e}, 0x1, 0x1, 0x1, 0x0, {0x0, 0x0}, ...)
	/home/advocate/Advocate/Experiments/Advocate/advocate/toolchain/toolchain.go:72 +0x389
advocate/fuzzing.runFuzzing({0x2aaaed2a2480, 0x7e}, 0x0, 0x31, 0x1)
	/home/advocate/Advocate/Experiments/Advocate/advocate/fuzzing/fuzzing.go:217 +0x57b
advocate/fuzzing.Fuzzing()
	/home/advocate/Advocate/Experiments/Advocate/advocate/fuzzing/fuzzing.go:135 +0xea5
advocate/run.modeFuzzing()
	/home/advocate/Advocate/Experiments/Advocate/advocate/run/modes.go:34 +0x5e
advocate/run.Run()
	/home/advocate/Advocate/Experiments/Advocate/advocate/run/run.go:100 +0x5b5
main.main()
	/home/advocate/Advocate/Experiments/Advocate/advocate/main.go:28 +0x1c
2026/06/05 16:23:17 [33mRAM Reset[0m
2026/06/05 16:23:34 [31mNot enough RAM[0m
2026/06/05 16:23:34 goroutine 20 [running]:
advocate/utils/control.printAllGoroutines()
	/home/advocate/Advocate/Experiments/Advocate/advocate/utils/control/utils.go:20 +0x3d
advocate/utils/control.cancelRAM(0x77cd50, 0x77cd48, 0x77cd58)
	/home/advocate/Advocate/Experiments/Advocate/advocate/utils/control/memory.go:109 +0x6e
advocate/utils/control.Supervisor(0x77cd50, 0x77cd48, 0x77cd58)
	/home/advocate/Advocate/Experiments/Advocate/advocate/utils/control/memory.go:79 +0x12f
created by advocate/run.Run in goroutine 1
	/home/advocate/Advocate/Experiments/Advocate/advocate/run/run.go:63 +0x26f

goroutine 1 [runnable]:
advocate/analysis/analysis/scenarios.buildResidualGraph({0x2aab06692000, 0x186a2, 0x2aaaee286b68?}, {0x2aab0685e000, 0x186a2, 0x1?})
	/home/advocate/Advocate/Experiments/Advocate/advocate/analysis/analysis/scenarios/graph.go:61 +0x4df
advocate/analysis/analysis/scenarios.CheckForUnlockBeforeLock()
	/home/advocate/Advocate/Experiments/Advocate/advocate/analysis/analysis/scenarios/unlockBeforeLock.go:75 +0x2b5
advocate/analysis/analysis.RunHBAnalysis(0x1)
	/home/advocate/Advocate/Experiments/Advocate/advocate/analysis/analysis/analysis.go:262 +0xc9b
advocate/analysis/analysis.RunAnalysis(0x1)
	/home/advocate/Advocate/Experiments/Advocate/advocate/analysis/analysis/analysis.go:63 +0x105
advocate/toolchain.runAnalyzer({0x2aaaed6fe100, 0x74}, {0x2aaaed6fe200?, 0x66?}, {0x2aaaed6fe180, 0x7a}, {0x2aaaed6fe280, 0x75}, 0x0, {0x2aaaee144080, ...}, ...)
	/home/advocate/Advocate/Experiments/Advocate/advocate/toolchain/analyzer.go:78 +0x43b
advocate/toolchain.unitTestAnalyzer({0x2aaaed1921c0, 0x66}, {0x760f26?, 0x2aaaed182048?}, 0x0, {0x2aaaee144080, 0x7e}, {0x2aaaeda20502, 0x13})
	/home/advocate/Advocate/Experiments/Advocate/advocate/toolchain/fullWorkflowUnit.go:619 +0x25c
advocate/toolchain.unitTestFullWorkflow({0x2aaaed1f0000?, 0x2c}, {0x7ffcdd7ec10d, 0x4c}, 0x1, 0x1, 0x1, {0x2aaaeda20502, 0x13}, {0x2aaaed1d0140, ...}, ...)
	/home/advocate/Advocate/Experiments/Advocate/advocate/toolchain/fullWorkflowUnit.go:479 +0x625
advocate/toolchain.runWorkflowUnit({0x7ffcdd7ec10d, 0x4c}, 0x1, 0x1, 0x1, {0x2aaaed2a2480, 0x7e}, 0x0, {0x0, 0x0}, ...)
	/home/advocate/Advocate/Experiments/Advocate/advocate/toolchain/fullWorkflowUnit.go:171 +0x1190
advocate/toolchain.Run({0x75dd74, 0x4}, {0x2aaaed2a2480, 0x7e}, 0x1, 0x1, 0x1, 0x0, {0x0, 0x0}, ...)
	/home/advocate/Advocate/Experiments/Advocate/advocate/toolchain/toolchain.go:72 +0x389
advocate/fuzzing.runFuzzing({0x2aaaed2a2480, 0x7e}, 0x0, 0x31, 0x1)
	/home/advocate/Advocate/Experiments/Advocate/advocate/fuzzing/fuzzing.go:217 +0x57b
advocate/fuzzing.Fuzzing()
	/home/advocate/Advocate/Experiments/Advocate/advocate/fuzzing/fuzzing.go:135 +0xea5
advocate/run.modeFuzzing()
	/home/advocate/Advocate/Experiments/Advocate/advocate/run/modes.go:34 +0x5e
advocate/run.Run()
	/home/advocate/Advocate/Experiments/Advocate/advocate/run/run.go:100 +0x5b5
main.main()
	/home/advocate/Advocate/Experiments/Advocate/advocate/main.go:28 +0x1c
2026/06/05 16:23:45 [33mRAM Reset[0m
2026/06/05 16:23:58 [31mNot enough RAM[0m
2026/06/05 16:23:58 goroutine 20 [running]:
advocate/utils/control.printAllGoroutines()
	/home/advocate/Advocate/Experiments/Advocate/advocate/utils/control/utils.go:20 +0x3d
advocate/utils/control.cancelRAM(0x77cd50, 0x77cd48, 0x77cd58)
	/home/advocate/Advocate/Experiments/Advocate/advocate/utils/control/memory.go:109 +0x6e
advocate/utils/control.Supervisor(0x77cd50, 0x77cd48, 0x77cd58)
	/home/advocate/Advocate/Experiments/Advocate/advocate/utils/control/memory.go:79 +0x12f
created by advocate/run.Run in goroutine 1
	/home/advocate/Advocate/Experiments/Advocate/advocate/run/run.go:63 +0x26f

goroutine 1 [runnable]:
advocate/analysis/hb/clock.(*VectorClock).GetValue(...)
	/home/advocate/Advocate/Experiments/Advocate/advocate/analysis/hb/clock/vc.go:97
advocate/analysis/hb/clock.happensBefore(0x2aaafaed2b40, 0x2aaaf8b7f9a0)
	/home/advocate/Advocate/Experiments/Advocate/advocate/analysis/hb/clock/hb.go:27 +0x65
advocate/analysis/hb/clock.GetHappensBefore(0x2aaafaed2b40, 0x2aaaf8b7f9a0)
	/home/advocate/Advocate/Experiments/Advocate/advocate/analysis/hb/clock/hb.go:74 +0x34
advocate/analysis/analysis/scenarios.buildResidualGraph({0x2aab06692000, 0x186a2, 0x2aaaee286b68?}, {0x2aab0685e000, 0x186a2, 0x1?})
	/home/advocate/Advocate/Experiments/Advocate/advocate/analysis/analysis/scenarios/graph.go:60 +0x49f
advocate/analysis/analysis/scenarios.CheckForUnlockBeforeLock()
	/home/advocate/Advocate/Experiments/Advocate/advocate/analysis/analysis/scenarios/unlockBeforeLock.go:75 +0x2b5
advocate/analysis/analysis.RunHBAnalysis(0x1)
	/home/advocate/Advocate/Experiments/Advocate/advocate/analysis/analysis/analysis.go:262 +0xc9b
advocate/analysis/analysis.RunAnalysis(0x1)
	/home/advocate/Advocate/Experiments/Advocate/advocate/analysis/analysis/analysis.go:63 +0x105
advocate/toolchain.runAnalyzer({0x2aaaed6fe100, 0x74}, {0x2aaaed6fe200?, 0x66?}, {0x2aaaed6fe180, 0x7a}, {0x2aaaed6fe280, 0x75}, 0x0, {0x2aaaee144080, ...}, ...)
	/home/advocate/Advocate/Experiments/Advocate/advocate/toolchain/analyzer.go:78 +0x43b
advocate/toolchain.unitTestAnalyzer({0x2aaaed1921c0, 0x66}, {0x760f26?, 0x2aaaed182048?}, 0x0, {0x2aaaee144080, 0x7e}, {0x2aaaeda20502, 0x13})
	/home/advocate/Advocate/Experiments/Advocate/advocate/toolchain/fullWorkflowUnit.go:619 +0x25c
advocate/toolchain.unitTestFullWorkflow({0x2aaaed1f0000?, 0x2c}, {0x7ffcdd7ec10d, 0x4c}, 0x1, 0x1, 0x1, {0x2aaaeda20502, 0x13}, {0x2aaaed1d0140, ...}, ...)
	/home/advocate/Advocate/Experiments/Advocate/advocate/toolchain/fullWorkflowUnit.go:479 +0x625
advocate/toolchain.runWorkflowUnit({0x7ffcdd7ec10d, 0x4c}, 0x1, 0x1, 0x1, {0x2aaaed2a2480, 0x7e}, 0x0, {0x0, 0x0}, ...)
	/home/advocate/Advocate/Experiments/Advocate/advocate/toolchain/fullWorkflowUnit.go:171 +0x1190
advocate/toolchain.Run({0x75dd74, 0x4}, {0x2aaaed2a2480, 0x7e}, 0x1, 0x1, 0x1, 0x0, {0x0, 0x0}, ...)
	/home/advocate/Advocate/Experiments/Advocate/advocate/toolchain/toolchain.go:72 +0x389
advocate/fuzzing.runFuzzing({0x2aaaed2a2480, 0x7e}, 0x0, 0x31, 0x1)
	/home/advocate/Advocate/Experiments/Advocate/advocate/fuzzing/fuzzing.go:217 +0x57b
advocate/fuzzing.Fuzzing()
	/home/advocate/Advocate/Experiments/Advocate/advocate/fuzzing/fuzzing.go:135 +0xea5
advocate/run.modeFuzzing()
	/home/advocate/Advocate/Experiments/Advocate/advocate/run/modes.go:34 +0x5e
advocate/run.Run()
	/home/advocate/Advocate/Experiments/Advocate/advocate/run/run.go:100 +0x5b5
main.main()
	/home/advocate/Advocate/Experiments/Advocate/advocate/main.go:28 +0x1c
2026/06/05 16:24:08 [33mRAM Reset[0m
2026/06/05 16:24:16 [31mNot enough RAM[0m
2026/06/05 16:24:16 goroutine 20 [running]:
advocate/utils/control.printAllGoroutines()
	/home/advocate/Advocate/Experiments/Advocate/advocate/utils/control/utils.go:20 +0x3d
advocate/utils/control.cancelRAM(0x77cd50, 0x77cd48, 0x77cd58)
	/home/advocate/Advocate/Experiments/Advocate/advocate/utils/control/memory.go:109 +0x6e
advocate/utils/control.Supervisor(0x77cd50, 0x77cd48, 0x77cd58)
	/home/advocate/Advocate/Experiments/Advocate/advocate/utils/control/memory.go:79 +0x12f
created by advocate/run.Run in goroutine 1
	/home/advocate/Advocate/Experiments/Advocate/advocate/run/run.go:63 +0x26f

goroutine 1 [runnable]:
advocate/analysis/hb/clock.(*VectorClock).GetValue(...)
	/home/advocate/Advocate/Experiments/Advocate/advocate/analysis/hb/clock/vc.go:97
advocate/analysis/hb/clock.happensBefore(0x2aab05e16a30, 0x2aaafad51df0)
	/home/advocate/Advocate/Experiments/Advocate/advocate/analysis/hb/clock/hb.go:27 +0x65
advocate/analysis/hb/clock.GetHappensBefore(0x2aab05e16a30, 0x2aaafad51df0)
	/home/advocate/Advocate/Experiments/Advocate/advocate/analysis/hb/clock/hb.go:74 +0x34
advocate/analysis/analysis/scenarios.buildResidualGraph({0x2aab06692000, 0x186a2, 0x2aaaee286b68?}, {0x2aab0685e000, 0x186a2, 0x1?})
	/home/advocate/Advocate/Experiments/Advocate/advocate/analysis/analysis/scenarios/graph.go:60 +0x49f
advocate/analysis/analysis/scenarios.CheckForUnlockBeforeLock()
	/home/advocate/Advocate/Experiments/Advocate/advocate/analysis/analysis/scenarios/unlockBeforeLock.go:75 +0x2b5
advocate/analysis/analysis.RunHBAnalysis(0x1)
	/home/advocate/Advocate/Experiments/Advocate/advocate/analysis/analysis/analysis.go:262 +0xc9b
advocate/analysis/analysis.RunAnalysis(0x1)
	/home/advocate/Advocate/Experiments/Advocate/advocate/analysis/analysis/analysis.go:63 +0x105
advocate/toolchain.runAnalyzer({0x2aaaed6fe100, 0x74}, {0x2aaaed6fe200?, 0x66?}, {0x2aaaed6fe180, 0x7a}, {0x2aaaed6fe280, 0x75}, 0x0, {0x2aaaee144080, ...}, ...)
	/home/advocate/Advocate/Experiments/Advocate/advocate/toolchain/analyzer.go:78 +0x43b
advocate/toolchain.unitTestAnalyzer({0x2aaaed1921c0, 0x66}, {0x760f26?, 0x2aaaed182048?}, 0x0, {0x2aaaee144080, 0x7e}, {0x2aaaeda20502, 0x13})
	/home/advocate/Advocate/Experiments/Advocate/advocate/toolchain/fullWorkflowUnit.go:619 +0x25c
advocate/toolchain.unitTestFullWorkflow({0x2aaaed1f0000?, 0x2c}, {0x7ffcdd7ec10d, 0x4c}, 0x1, 0x1, 0x1, {0x2aaaeda20502, 0x13}, {0x2aaaed1d0140, ...}, ...)
	/home/advocate/Advocate/Experiments/Advocate/advocate/toolchain/fullWorkflowUnit.go:479 +0x625
advocate/toolchain.runWorkflowUnit({0x7ffcdd7ec10d, 0x4c}, 0x1, 0x1, 0x1, {0x2aaaed2a2480, 0x7e}, 0x0, {0x0, 0x0}, ...)
	/home/advocate/Advocate/Experiments/Advocate/advocate/toolchain/fullWorkflowUnit.go:171 +0x1190
advocate/toolchain.Run({0x75dd74, 0x4}, {0x2aaaed2a2480, 0x7e}, 0x1, 0x1, 0x1, 0x0, {0x0, 0x0}, ...)
	/home/advocate/Advocate/Experiments/Advocate/advocate/toolchain/toolchain.go:72 +0x389
advocate/fuzzing.runFuzzing({0x2aaaed2a2480, 0x7e}, 0x0, 0x31, 0x1)
	/home/advocate/Advocate/Experiments/Advocate/advocate/fuzzing/fuzzing.go:217 +0x57b
advocate/fuzzing.Fuzzing()
	/home/advocate/Advocate/Experiments/Advocate/advocate/fuzzing/fuzzing.go:135 +0xea5
advocate/run.modeFuzzing()
	/home/advocate/Advocate/Experiments/Advocate/advocate/run/modes.go:34 +0x5e
advocate/run.Run()
	/home/advocate/Advocate/Experiments/Advocate/advocate/run/run.go:100 +0x5b5
main.main()
	/home/advocate/Advocate/Experiments/Advocate/advocate/main.go:28 +0x1c
2026/06/05 16:24:26 [33mRAM Reset[0m
2026/06/05 16:24:31 [31mNot enough RAM[0m
2026/06/05 16:24:31 goroutine 20 [running]:
advocate/utils/control.printAllGoroutines()
	/home/advocate/Advocate/Experiments/Advocate/advocate/utils/control/utils.go:20 +0x3d
advocate/utils/control.cancelRAM(0x77cd50, 0x77cd48, 0x77cd58)
	/home/advocate/Advocate/Experiments/Advocate/advocate/utils/control/memory.go:109 +0x6e
advocate/utils/control.Supervisor(0x77cd50, 0x77cd48, 0x77cd58)
	/home/advocate/Advocate/Experiments/Advocate/advocate/utils/control/memory.go:79 +0x12f
created by advocate/run.Run in goroutine 1
	/home/advocate/Advocate/Experiments/Advocate/advocate/run/run.go:63 +0x26f

goroutine 1 [runnable]:
advocate/analysis/hb/clock.(*VectorClock).GetValue(...)
	/home/advocate/Advocate/Experiments/Advocate/advocate/analysis/hb/clock/vc.go:97
advocate/analysis/hb/clock.happensBefore(0x2aaafe581620, 0x2aaafafec810)
	/home/advocate/Advocate/Experiments/Advocate/advocate/analysis/hb/clock/hb.go:27 +0x96
advocate/analysis/hb/clock.GetHappensBefore(0x2aaafe581620, 0x2aaafafec810)
	/home/advocate/Advocate/Experiments/Advocate/advocate/analysis/hb/clock/hb.go:74 +0x34
advocate/analysis/analysis/scenarios.buildResidualGraph({0x2aab06692000, 0x186a2, 0x2aaaee286b68?}, {0x2aab0685e000, 0x186a2, 0x1?})
	/home/advocate/Advocate/Experiments/Advocate/advocate/analysis/analysis/scenarios/graph.go:60 +0x49f
advocate/analysis/analysis/scenarios.CheckForUnlockBeforeLock()
	/home/advocate/Advocate/Experiments/Advocate/advocate/analysis/analysis/scenarios/unlockBeforeLock.go:75 +0x2b5
advocate/analysis/analysis.RunHBAnalysis(0x1)
	/home/advocate/Advocate/Experiments/Advocate/advocate/analysis/analysis/analysis.go:262 +0xc9b
advocate/analysis/analysis.RunAnalysis(0x1)
	/home/advocate/Advocate/Experiments/Advocate/advocate/analysis/analysis/analysis.go:63 +0x105
advocate/toolchain.runAnalyzer({0x2aaaed6fe100, 0x74}, {0x2aaaed6fe200?, 0x66?}, {0x2aaaed6fe180, 0x7a}, {0x2aaaed6fe280, 0x75}, 0x0, {0x2aaaee144080, ...}, ...)
	/home/advocate/Advocate/Experiments/Advocate/advocate/toolchain/analyzer.go:78 +0x43b
advocate/toolchain.unitTestAnalyzer({0x2aaaed1921c0, 0x66}, {0x760f26?, 0x2aaaed182048?}, 0x0, {0x2aaaee144080, 0x7e}, {0x2aaaeda20502, 0x13})
	/home/advocate/Advocate/Experiments/Advocate/advocate/toolchain/fullWorkflowUnit.go:619 +0x25c
advocate/toolchain.unitTestFullWorkflow({0x2aaaed1f0000?, 0x2c}, {0x7ffcdd7ec10d, 0x4c}, 0x1, 0x1, 0x1, {0x2aaaeda20502, 0x13}, {0x2aaaed1d0140, ...}, ...)
	/home/advocate/Advocate/Experiments/Advocate/advocate/toolchain/fullWorkflowUnit.go:479 +0x625
advocate/toolchain.runWorkflowUnit({0x7ffcdd7ec10d, 0x4c}, 0x1, 0x1, 0x1, {0x2aaaed2a2480, 0x7e}, 0x0, {0x0, 0x0}, ...)
	/home/advocate/Advocate/Experiments/Advocate/advocate/toolchain/fullWorkflowUnit.go:171 +0x1190
advocate/toolchain.Run({0x75dd74, 0x4}, {0x2aaaed2a2480, 0x7e}, 0x1, 0x1, 0x1, 0x0, {0x0, 0x0}, ...)
	/home/advocate/Advocate/Experiments/Advocate/advocate/toolchain/toolchain.go:72 +0x389
advocate/fuzzing.runFuzzing({0x2aaaed2a2480, 0x7e}, 0x0, 0x31, 0x1)
	/home/advocate/Advocate/Experiments/Advocate/advocate/fuzzing/fuzzing.go:217 +0x57b
advocate/fuzzing.Fuzzing()
	/home/advocate/Advocate/Experiments/Advocate/advocate/fuzzing/fuzzing.go:135 +0xea5
advocate/run.modeFuzzing()
	/home/advocate/Advocate/Experiments/Advocate/advocate/run/modes.go:34 +0x5e
advocate/run.Run()
	/home/advocate/Advocate/Experiments/Advocate/advocate/run/run.go:100 +0x5b5
main.main()
	/home/advocate/Advocate/Experiments/Advocate/advocate/main.go:28 +0x1c
2026/06/05 16:24:42 [33mRAM Reset[0m
2026/06/05 16:24:43 [31mNot enough RAM[0m
2026/06/05 16:24:43 goroutine 20 [running]:
advocate/utils/control.printAllGoroutines()
	/home/advocate/Advocate/Experiments/Advocate/advocate/utils/control/utils.go:20 +0x3d
advocate/utils/control.cancelRAM(0x77cd50, 0x77cd48, 0x77cd58)
	/home/advocate/Advocate/Experiments/Advocate/advocate/utils/control/memory.go:109 +0x6e
advocate/utils/control.Supervisor(0x77cd50, 0x77cd48, 0x77cd58)
	/home/advocate/Advocate/Experiments/Advocate/advocate/utils/control/memory.go:79 +0x12f
created by advocate/run.Run in goroutine 1
	/home/advocate/Advocate/Experiments/Advocate/advocate/run/run.go:63 +0x26f

goroutine 1 [runnable]:
advocate/analysis/hb/clock.(*VectorClock).GetValue(...)
	/home/advocate/Advocate/Experiments/Advocate/advocate/analysis/hb/clock/vc.go:97
advocate/analysis/hb/clock.happensBefore(0x2aab051929a0, 0x2aaafb1bc110)
	/home/advocate/Advocate/Experiments/Advocate/advocate/analysis/hb/clock/hb.go:29 +0xe6
advocate/analysis/hb/clock.GetHappensBefore(0x2aab051929a0, 0x2aaafb1bc110)
	/home/advocate/Advocate/Experiments/Advocate/advocate/analysis/hb/clock/hb.go:74 +0x34
advocate/analysis/analysis/scenarios.buildResidualGraph({0x2aab06692000, 0x186a2, 0x2aaaee286b68?}, {0x2aab0685e000, 0x186a2, 0x1?})
	/home/advocate/Advocate/Experiments/Advocate/advocate/analysis/analysis/scenarios/graph.go:60 +0x49f
advocate/analysis/analysis/scenarios.CheckForUnlockBeforeLock()
	/home/advocate/Advocate/Experiments/Advocate/advocate/analysis/analysis/scenarios/unlockBeforeLock.go:75 +0x2b5
advocate/analysis/analysis.RunHBAnalysis(0x1)
	/home/advocate/Advocate/Experiments/Advocate/advocate/analysis/analysis/analysis.go:262 +0xc9b
advocate/analysis/analysis.RunAnalysis(0x1)
	/home/advocate/Advocate/Experiments/Advocate/advocate/analysis/analysis/analysis.go:63 +0x105
advocate/toolchain.runAnalyzer({0x2aaaed6fe100, 0x74}, {0x2aaaed6fe200?, 0x66?}, {0x2aaaed6fe180, 0x7a}, {0x2aaaed6fe280, 0x75}, 0x0, {0x2aaaee144080, ...}, ...)
	/home/advocate/Advocate/Experiments/Advocate/advocate/toolchain/analyzer.go:78 +0x43b
advocate/toolchain.unitTestAnalyzer({0x2aaaed1921c0, 0x66}, {0x760f26?, 0x2aaaed182048?}, 0x0, {0x2aaaee144080, 0x7e}, {0x2aaaeda20502, 0x13})
	/home/advocate/Advocate/Experiments/Advocate/advocate/toolchain/fullWorkflowUnit.go:619 +0x25c
advocate/toolchain.unitTestFullWorkflow({0x2aaaed1f0000?, 0x2c}, {0x7ffcdd7ec10d, 0x4c}, 0x1, 0x1, 0x1, {0x2aaaeda20502, 0x13}, {0x2aaaed1d0140, ...}, ...)
	/home/advocate/Advocate/Experiments/Advocate/advocate/toolchain/fullWorkflowUnit.go:479 +0x625
advocate/toolchain.runWorkflowUnit({0x7ffcdd7ec10d, 0x4c}, 0x1, 0x1, 0x1, {0x2aaaed2a2480, 0x7e}, 0x0, {0x0, 0x0}, ...)
	/home/advocate/Advocate/Experiments/Advocate/advocate/toolchain/fullWorkflowUnit.go:171 +0x1190
advocate/toolchain.Run({0x75dd74, 0x4}, {0x2aaaed2a2480, 0x7e}, 0x1, 0x1, 0x1, 0x0, {0x0, 0x0}, ...)
	/home/advocate/Advocate/Experiments/Advocate/advocate/toolchain/toolchain.go:72 +0x389
advocate/fuzzing.runFuzzing({0x2aaaed2a2480, 0x7e}, 0x0, 0x31, 0x1)
	/home/advocate/Advocate/Experiments/Advocate/advocate/fuzzing/fuzzing.go:217 +0x57b
advocate/fuzzing.Fuzzing()
	/home/advocate/Advocate/Experiments/Advocate/advocate/fuzzing/fuzzing.go:135 +0xea5
advocate/run.modeFuzzing()
	/home/advocate/Advocate/Experiments/Advocate/advocate/run/modes.go:34 +0x5e
advocate/run.Run()
	/home/advocate/Advocate/Experiments/Advocate/advocate/run/run.go:100 +0x5b5
main.main()
	/home/advocate/Advocate/Experiments/Advocate/advocate/main.go:28 +0x1c
2026/06/05 16:24:53 [31mNot enough RAM[0m
2026/06/05 16:24:53 goroutine 20 [running]:
advocate/utils/control.printAllGoroutines()
	/home/advocate/Advocate/Experiments/Advocate/advocate/utils/control/utils.go:20 +0x3d
advocate/utils/control.cancelRAM(0x77cd50, 0x77cd48, 0x77cd58)
	/home/advocate/Advocate/Experiments/Advocate/advocate/utils/control/memory.go:109 +0x6e
advocate/utils/control.Supervisor(0x77cd50, 0x77cd48, 0x77cd58)
	/home/advocate/Advocate/Experiments/Advocate/advocate/utils/control/memory.go:79 +0x12f
created by advocate/run.Run in goroutine 1
	/home/advocate/Advocate/Experiments/Advocate/advocate/run/run.go:63 +0x26f

goroutine 1 [runnable]:
advocate/analysis/hb/clock.happensBefore(0x2aaafcfc9290, 0x2aaafb37b9a0)
	/home/advocate/Advocate/Experiments/Advocate/advocate/analysis/hb/clock/hb.go:24 +0x189
advocate/analysis/hb/clock.GetHappensBefore(0x2aaafcfc9290, 0x2aaafb37b9a0)
	/home/advocate/Advocate/Experiments/Advocate/advocate/analysis/hb/clock/hb.go:74 +0x34
advocate/analysis/analysis/scenarios.buildResidualGraph({0x2aab06692000, 0x186a2, 0x2aaaee286b68?}, {0x2aab0685e000, 0x186a2, 0x1?})
	/home/advocate/Advocate/Experiments/Advocate/advocate/analysis/analysis/scenarios/graph.go:60 +0x49f
advocate/analysis/analysis/scenarios.CheckForUnlockBeforeLock()
	/home/advocate/Advocate/Experiments/Advocate/advocate/analysis/analysis/scenarios/unlockBeforeLock.go:75 +0x2b5
advocate/analysis/analysis.RunHBAnalysis(0x1)
	/home/advocate/Advocate/Experiments/Advocate/advocate/analysis/analysis/analysis.go:262 +0xc9b
advocate/analysis/analysis.RunAnalysis(0x1)
	/home/advocate/Advocate/Experiments/Advocate/advocate/analysis/analysis/analysis.go:63 +0x105
advocate/toolchain.runAnalyzer({0x2aaaed6fe100, 0x74}, {0x2aaaed6fe200?, 0x66?}, {0x2aaaed6fe180, 0x7a}, {0x2aaaed6fe280, 0x75}, 0x0, {0x2aaaee144080, ...}, ...)
	/home/advocate/Advocate/Experiments/Advocate/advocate/toolchain/analyzer.go:78 +0x43b
advocate/toolchain.unitTestAnalyzer({0x2aaaed1921c0, 0x66}, {0x760f26?, 0x2aaaed182048?}, 0x0, {0x2aaaee144080, 0x7e}, {0x2aaaeda20502, 0x13})
	/home/advocate/Advocate/Experiments/Advocate/advocate/toolchain/fullWorkflowUnit.go:619 +0x25c
advocate/toolchain.unitTestFullWorkflow({0x2aaaed1f0000?, 0x2c}, {0x7ffcdd7ec10d, 0x4c}, 0x1, 0x1, 0x1, {0x2aaaeda20502, 0x13}, {0x2aaaed1d0140, ...}, ...)
	/home/advocate/Advocate/Experiments/Advocate/advocate/toolchain/fullWorkflowUnit.go:479 +0x625
advocate/toolchain.runWorkflowUnit({0x7ffcdd7ec10d, 0x4c}, 0x1, 0x1, 0x1, {0x2aaaed2a2480, 0x7e}, 0x0, {0x0, 0x0}, ...)
	/home/advocate/Advocate/Experiments/Advocate/advocate/toolchain/fullWorkflowUnit.go:171 +0x1190
advocate/toolchain.Run({0x75dd74, 0x4}, {0x2aaaed2a2480, 0x7e}, 0x1, 0x1, 0x1, 0x0, {0x0, 0x0}, ...)
	/home/advocate/Advocate/Experiments/Advocate/advocate/toolchain/toolchain.go:72 +0x389
advocate/fuzzing.runFuzzing({0x2aaaed2a2480, 0x7e}, 0x0, 0x31, 0x1)
	/home/advocate/Advocate/Experiments/Advocate/advocate/fuzzing/fuzzing.go:217 +0x57b
advocate/fuzzing.Fuzzing()
	/home/advocate/Advocate/Experiments/Advocate/advocate/fuzzing/fuzzing.go:135 +0xea5
advocate/run.modeFuzzing()
	/home/advocate/Advocate/Experiments/Advocate/advocate/run/modes.go:34 +0x5e
advocate/run.Run()
	/home/advocate/Advocate/Experiments/Advocate/advocate/run/run.go:100 +0x5b5
main.main()
	/home/advocate/Advocate/Experiments/Advocate/advocate/main.go:28 +0x1c
2026/06/05 16:25:02 [31mNot enough RAM[0m
2026/06/05 16:25:02 goroutine 20 [running]:
advocate/utils/control.printAllGoroutines()
	/home/advocate/Advocate/Experiments/Advocate/advocate/utils/control/utils.go:20 +0x3d
advocate/utils/control.cancelRAM(0x77cd50, 0x77cd48, 0x77cd58)
	/home/advocate/Advocate/Experiments/Advocate/advocate/utils/control/memory.go:109 +0x6e
advocate/utils/control.Supervisor(0x77cd50, 0x77cd48, 0x77cd58)
	/home/advocate/Advocate/Experiments/Advocate/advocate/utils/control/memory.go:79 +0x12f
created by advocate/run.Run in goroutine 1
	/home/advocate/Advocate/Experiments/Advocate/advocate/run/run.go:63 +0x26f

goroutine 1 [runnable]:
advocate/analysis/hb/clock.(*VectorClock).GetValue(...)
	/home/advocate/Advocate/Experiments/Advocate/advocate/analysis/hb/clock/vc.go:97
advocate/analysis/hb/clock.happensBefore(0x2aaafb54ed80, 0x2aaafc855010)
	/home/advocate/Advocate/Experiments/Advocate/advocate/analysis/hb/clock/hb.go:27 +0x96
advocate/analysis/hb/clock.GetHappensBefore(0x2aaafc855010, 0x2aaafb54ed80)
	/home/advocate/Advocate/Experiments/Advocate/advocate/analysis/hb/clock/hb.go:77 +0x47
advocate/analysis/analysis/scenarios.buildResidualGraph({0x2aab06692000, 0x186a2, 0x2aaaee286b68?}, {0x2aab0685e000, 0x186a2, 0x1?})
	/home/advocate/Advocate/Experiments/Advocate/advocate/analysis/analysis/scenarios/graph.go:60 +0x49f
advocate/analysis/analysis/scenarios.CheckForUnlockBeforeLock()
	/home/advocate/Advocate/Experiments/Advocate/advocate/analysis/analysis/scenarios/unlockBeforeLock.go:75 +0x2b5
advocate/analysis/analysis.RunHBAnalysis(0x1)
	/home/advocate/Advocate/Experiments/Advocate/advocate/analysis/analysis/analysis.go:262 +0xc9b
advocate/analysis/analysis.RunAnalysis(0x1)
	/home/advocate/Advocate/Experiments/Advocate/advocate/analysis/analysis/analysis.go:63 +0x105
advocate/toolchain.runAnalyzer({0x2aaaed6fe100, 0x74}, {0x2aaaed6fe200?, 0x66?}, {0x2aaaed6fe180, 0x7a}, {0x2aaaed6fe280, 0x75}, 0x0, {0x2aaaee144080, ...}, ...)
	/home/advocate/Advocate/Experiments/Advocate/advocate/toolchain/analyzer.go:78 +0x43b
advocate/toolchain.unitTestAnalyzer({0x2aaaed1921c0, 0x66}, {0x760f26?, 0x2aaaed182048?}, 0x0, {0x2aaaee144080, 0x7e}, {0x2aaaeda20502, 0x13})
	/home/advocate/Advocate/Experiments/Advocate/advocate/toolchain/fullWorkflowUnit.go:619 +0x25c
advocate/toolchain.unitTestFullWorkflow({0x2aaaed1f0000?, 0x2c}, {0x7ffcdd7ec10d, 0x4c}, 0x1, 0x1, 0x1, {0x2aaaeda20502, 0x13}, {0x2aaaed1d0140, ...}, ...)
	/home/advocate/Advocate/Experiments/Advocate/advocate/toolchain/fullWorkflowUnit.go:479 +0x625
advocate/toolchain.runWorkflowUnit({0x7ffcdd7ec10d, 0x4c}, 0x1, 0x1, 0x1, {0x2aaaed2a2480, 0x7e}, 0x0, {0x0, 0x0}, ...)
	/home/advocate/Advocate/Experiments/Advocate/advocate/toolchain/fullWorkflowUnit.go:171 +0x1190
advocate/toolchain.Run({0x75dd74, 0x4}, {0x2aaaed2a2480, 0x7e}, 0x1, 0x1, 0x1, 0x0, {0x0, 0x0}, ...)
	/home/advocate/Advocate/Experiments/Advocate/advocate/toolchain/toolchain.go:72 +0x389
advocate/fuzzing.runFuzzing({0x2aaaed2a2480, 0x7e}, 0x0, 0x31, 0x1)
	/home/advocate/Advocate/Experiments/Advocate/advocate/fuzzing/fuzzing.go:217 +0x57b
advocate/fuzzing.Fuzzing()
	/home/advocate/Advocate/Experiments/Advocate/advocate/fuzzing/fuzzing.go:135 +0xea5
advocate/run.modeFuzzing()
	/home/advocate/Advocate/Experiments/Advocate/advocate/run/modes.go:34 +0x5e
advocate/run.Run()
	/home/advocate/Advocate/Experiments/Advocate/advocate/run/run.go:100 +0x5b5
main.main()
	/home/advocate/Advocate/Experiments/Advocate/advocate/main.go:28 +0x1c
2026/06/05 16:25:11 [31mNot enough RAM[0m
2026/06/05 16:25:11 goroutine 20 [running]:
advocate/utils/control.printAllGoroutines()
	/home/advocate/Advocate/Experiments/Advocate/advocate/utils/control/utils.go:20 +0x3d
advocate/utils/control.cancelRAM(0x77cd50, 0x77cd48, 0x77cd58)
	/home/advocate/Advocate/Experiments/Advocate/advocate/utils/control/memory.go:109 +0x6e
advocate/utils/control.Supervisor(0x77cd50, 0x77cd48, 0x77cd58)
	/home/advocate/Advocate/Experiments/Advocate/advocate/utils/control/memory.go:79 +0x12f
created by advocate/run.Run in goroutine 1
	/home/advocate/Advocate/Experiments/Advocate/advocate/run/run.go:63 +0x26f

goroutine 1 [runnable]:
advocate/analysis/analysis/scenarios.buildResidualGraph({0x2aab06692000, 0x186a2, 0x2aaaee286b68?}, {0x2aab0685e000, 0x186a2, 0x1?})
	/home/advocate/Advocate/Experiments/Advocate/advocate/analysis/analysis/scenarios/graph.go:61 +0x4df
advocate/analysis/analysis/scenarios.CheckForUnlockBeforeLock()
	/home/advocate/Advocate/Experiments/Advocate/advocate/analysis/analysis/scenarios/unlockBeforeLock.go:75 +0x2b5
advocate/analysis/analysis.RunHBAnalysis(0x1)
	/home/advocate/Advocate/Experiments/Advocate/advocate/analysis/analysis/analysis.go:262 +0xc9b
advocate/analysis/analysis.RunAnalysis(0x1)
	/home/advocate/Advocate/Experiments/Advocate/advocate/analysis/analysis/analysis.go:63 +0x105
advocate/toolchain.runAnalyzer({0x2aaaed6fe100, 0x74}, {0x2aaaed6fe200?, 0x66?}, {0x2aaaed6fe180, 0x7a}, {0x2aaaed6fe280, 0x75}, 0x0, {0x2aaaee144080, ...}, ...)
	/home/advocate/Advocate/Experiments/Advocate/advocate/toolchain/analyzer.go:78 +0x43b
advocate/toolchain.unitTestAnalyzer({0x2aaaed1921c0, 0x66}, {0x760f26?, 0x2aaaed182048?}, 0x0, {0x2aaaee144080, 0x7e}, {0x2aaaeda20502, 0x13})
	/home/advocate/Advocate/Experiments/Advocate/advocate/toolchain/fullWorkflowUnit.go:619 +0x25c
advocate/toolchain.unitTestFullWorkflow({0x2aaaed1f0000?, 0x2c}, {0x7ffcdd7ec10d, 0x4c}, 0x1, 0x1, 0x1, {0x2aaaeda20502, 0x13}, {0x2aaaed1d0140, ...}, ...)
	/home/advocate/Advocate/Experiments/Advocate/advocate/toolchain/fullWorkflowUnit.go:479 +0x625
advocate/toolchain.runWorkflowUnit({0x7ffcdd7ec10d, 0x4c}, 0x1, 0x1, 0x1, {0x2aaaed2a2480, 0x7e}, 0x0, {0x0, 0x0}, ...)
	/home/advocate/Advocate/Experiments/Advocate/advocate/toolchain/fullWorkflowUnit.go:171 +0x1190
advocate/toolchain.Run({0x75dd74, 0x4}, {0x2aaaed2a2480, 0x7e}, 0x1, 0x1, 0x1, 0x0, {0x0, 0x0}, ...)
	/home/advocate/Advocate/Experiments/Advocate/advocate/toolchain/toolchain.go:72 +0x389
advocate/fuzzing.runFuzzing({0x2aaaed2a2480, 0x7e}, 0x0, 0x31, 0x1)
	/home/advocate/Advocate/Experiments/Advocate/advocate/fuzzing/fuzzing.go:217 +0x57b
advocate/fuzzing.Fuzzing()
	/home/advocate/Advocate/Experiments/Advocate/advocate/fuzzing/fuzzing.go:135 +0xea5
advocate/run.modeFuzzing()
	/home/advocate/Advocate/Experiments/Advocate/advocate/run/modes.go:34 +0x5e
advocate/run.Run()
	/home/advocate/Advocate/Experiments/Advocate/advocate/run/run.go:100 +0x5b5
main.main()
	/home/advocate/Advocate/Experiments/Advocate/advocate/main.go:28 +0x1c
2026/06/05 16:25:20 [31mNot enough RAM[0m
2026/06/05 16:25:20 goroutine 20 [running]:
advocate/utils/control.printAllGoroutines()
	/home/advocate/Advocate/Experiments/Advocate/advocate/utils/control/utils.go:20 +0x3d
advocate/utils/control.cancelRAM(0x77cd50, 0x77cd48, 0x77cd58)
	/home/advocate/Advocate/Experiments/Advocate/advocate/utils/control/memory.go:109 +0x6e
advocate/utils/control.Supervisor(0x77cd50, 0x77cd48, 0x77cd58)
	/home/advocate/Advocate/Experiments/Advocate/advocate/utils/control/memory.go:79 +0x12f
created by advocate/run.Run in goroutine 1
	/home/advocate/Advocate/Experiments/Advocate/advocate/run/run.go:63 +0x26f

goroutine 1 [runnable]:
advocate/analysis/hb/clock.(*VectorClock).GetValue(...)
	/home/advocate/Advocate/Experiments/Advocate/advocate/analysis/hb/clock/vc.go:97
advocate/analysis/hb/clock.happensBefore(0x2aaafca30610, 0x2aaafb8cc770)
	/home/advocate/Advocate/Experiments/Advocate/advocate/analysis/hb/clock/hb.go:27 +0x96
advocate/analysis/hb/clock.GetHappensBefore(0x2aaafca30610, 0x2aaafb8cc770)
	/home/advocate/Advocate/Experiments/Advocate/advocate/analysis/hb/clock/hb.go:74 +0x34
advocate/analysis/analysis/scenarios.buildResidualGraph({0x2aab06692000, 0x186a2, 0x2aaaee286b68?}, {0x2aab0685e000, 0x186a2, 0x1?})
	/home/advocate/Advocate/Experiments/Advocate/advocate/analysis/analysis/scenarios/graph.go:60 +0x49f
advocate/analysis/analysis/scenarios.CheckForUnlockBeforeLock()
	/home/advocate/Advocate/Experiments/Advocate/advocate/analysis/analysis/scenarios/unlockBeforeLock.go:75 +0x2b5
advocate/analysis/analysis.RunHBAnalysis(0x1)
	/home/advocate/Advocate/Experiments/Advocate/advocate/analysis/analysis/analysis.go:262 +0xc9b
advocate/analysis/analysis.RunAnalysis(0x1)
	/home/advocate/Advocate/Experiments/Advocate/advocate/analysis/analysis/analysis.go:63 +0x105
advocate/toolchain.runAnalyzer({0x2aaaed6fe100, 0x74}, {0x2aaaed6fe200?, 0x66?}, {0x2aaaed6fe180, 0x7a}, {0x2aaaed6fe280, 0x75}, 0x0, {0x2aaaee144080, ...}, ...)
	/home/advocate/Advocate/Experiments/Advocate/advocate/toolchain/analyzer.go:78 +0x43b
advocate/toolchain.unitTestAnalyzer({0x2aaaed1921c0, 0x66}, {0x760f26?, 0x2aaaed182048?}, 0x0, {0x2aaaee144080, 0x7e}, {0x2aaaeda20502, 0x13})
	/home/advocate/Advocate/Experiments/Advocate/advocate/toolchain/fullWorkflowUnit.go:619 +0x25c
advocate/toolchain.unitTestFullWorkflow({0x2aaaed1f0000?, 0x2c}, {0x7ffcdd7ec10d, 0x4c}, 0x1, 0x1, 0x1, {0x2aaaeda20502, 0x13}, {0x2aaaed1d0140, ...}, ...)
	/home/advocate/Advocate/Experiments/Advocate/advocate/toolchain/fullWorkflowUnit.go:479 +0x625
advocate/toolchain.runWorkflowUnit({0x7ffcdd7ec10d, 0x4c}, 0x1, 0x1, 0x1, {0x2aaaed2a2480, 0x7e}, 0x0, {0x0, 0x0}, ...)
	/home/advocate/Advocate/Experiments/Advocate/advocate/toolchain/fullWorkflowUnit.go:171 +0x1190
advocate/toolchain.Run({0x75dd74, 0x4}, {0x2aaaed2a2480, 0x7e}, 0x1, 0x1, 0x1, 0x0, {0x0, 0x0}, ...)
	/home/advocate/Advocate/Experiments/Advocate/advocate/toolchain/toolchain.go:72 +0x389
advocate/fuzzing.runFuzzing({0x2aaaed2a2480, 0x7e}, 0x0, 0x31, 0x1)
	/home/advocate/Advocate/Experiments/Advocate/advocate/fuzzing/fuzzing.go:217 +0x57b
advocate/fuzzing.Fuzzing()
	/home/advocate/Advocate/Experiments/Advocate/advocate/fuzzing/fuzzing.go:135 +0xea5
advocate/run.modeFuzzing()
	/home/advocate/Advocate/Experiments/Advocate/advocate/run/modes.go:34 +0x5e
advocate/run.Run()
	/home/advocate/Advocate/Experiments/Advocate/advocate/run/run.go:100 +0x5b5
main.main()
	/home/advocate/Advocate/Experiments/Advocate/advocate/main.go:28 +0x1c
2026/06/05 16:25:29 [31mNot enough RAM[0m
2026/06/05 16:25:29 goroutine 20 [running]:
advocate/utils/control.printAllGoroutines()
	/home/advocate/Advocate/Experiments/Advocate/advocate/utils/control/utils.go:20 +0x3d
advocate/utils/control.cancelRAM(0x77cd50, 0x77cd48, 0x77cd58)
	/home/advocate/Advocate/Experiments/Advocate/advocate/utils/control/memory.go:109 +0x6e
advocate/utils/control.Supervisor(0x77cd50, 0x77cd48, 0x77cd58)
	/home/advocate/Advocate/Experiments/Advocate/advocate/utils/control/memory.go:79 +0x12f
created by advocate/run.Run in goroutine 1
	/home/advocate/Advocate/Experiments/Advocate/advocate/run/run.go:63 +0x26f

goroutine 1 [runnable]:
advocate/analysis/hb/clock.(*VectorClock).GetValue(...)
	/home/advocate/Advocate/Experiments/Advocate/advocate/analysis/hb/clock/vc.go:97
advocate/analysis/hb/clock.happensBefore(0x2aaaff285e60, 0x2aaafba783f0)
	/home/advocate/Advocate/Experiments/Advocate/advocate/analysis/hb/clock/hb.go:29 +0x130
advocate/analysis/hb/clock.GetHappensBefore(0x2aaaff285e60, 0x2aaafba783f0)
	/home/advocate/Advocate/Experiments/Advocate/advocate/analysis/hb/clock/hb.go:74 +0x34
advocate/analysis/analysis/scenarios.buildResidualGraph({0x2aab06692000, 0x186a2, 0x2aaaee286b68?}, {0x2aab0685e000, 0x186a2, 0x1?})
	/home/advocate/Advocate/Experiments/Advocate/advocate/analysis/analysis/scenarios/graph.go:60 +0x49f
advocate/analysis/analysis/scenarios.CheckForUnlockBeforeLock()
	/home/advocate/Advocate/Experiments/Advocate/advocate/analysis/analysis/scenarios/unlockBeforeLock.go:75 +0x2b5
advocate/analysis/analysis.RunHBAnalysis(0x1)
	/home/advocate/Advocate/Experiments/Advocate/advocate/analysis/analysis/analysis.go:262 +0xc9b
advocate/analysis/analysis.RunAnalysis(0x1)
	/home/advocate/Advocate/Experiments/Advocate/advocate/analysis/analysis/analysis.go:63 +0x105
advocate/toolchain.runAnalyzer({0x2aaaed6fe100, 0x74}, {0x2aaaed6fe200?, 0x66?}, {0x2aaaed6fe180, 0x7a}, {0x2aaaed6fe280, 0x75}, 0x0, {0x2aaaee144080, ...}, ...)
	/home/advocate/Advocate/Experiments/Advocate/advocate/toolchain/analyzer.go:78 +0x43b
advocate/toolchain.unitTestAnalyzer({0x2aaaed1921c0, 0x66}, {0x760f26?, 0x2aaaed182048?}, 0x0, {0x2aaaee144080, 0x7e}, {0x2aaaeda20502, 0x13})
	/home/advocate/Advocate/Experiments/Advocate/advocate/toolchain/fullWorkflowUnit.go:619 +0x25c
advocate/toolchain.unitTestFullWorkflow({0x2aaaed1f0000?, 0x2c}, {0x7ffcdd7ec10d, 0x4c}, 0x1, 0x1, 0x1, {0x2aaaeda20502, 0x13}, {0x2aaaed1d0140, ...}, ...)
	/home/advocate/Advocate/Experiments/Advocate/advocate/toolchain/fullWorkflowUnit.go:479 +0x625
advocate/toolchain.runWorkflowUnit({0x7ffcdd7ec10d, 0x4c}, 0x1, 0x1, 0x1, {0x2aaaed2a2480, 0x7e}, 0x0, {0x0, 0x0}, ...)
	/home/advocate/Advocate/Experiments/Advocate/advocate/toolchain/fullWorkflowUnit.go:171 +0x1190
advocate/toolchain.Run({0x75dd74, 0x4}, {0x2aaaed2a2480, 0x7e}, 0x1, 0x1, 0x1, 0x0, {0x0, 0x0}, ...)
	/home/advocate/Advocate/Experiments/Advocate/advocate/toolchain/toolchain.go:72 +0x389
advocate/fuzzing.runFuzzing({0x2aaaed2a2480, 0x7e}, 0x0, 0x31, 0x1)
	/home/advocate/Advocate/Experiments/Advocate/advocate/fuzzing/fuzzing.go:217 +0x57b
advocate/fuzzing.Fuzzing()
	/home/advocate/Advocate/Experiments/Advocate/advocate/fuzzing/fuzzing.go:135 +0xea5
advocate/run.modeFuzzing()
	/home/advocate/Advocate/Experiments/Advocate/advocate/run/modes.go:34 +0x5e
advocate/run.Run()
	/home/advocate/Advocate/Experiments/Advocate/advocate/run/run.go:100 +0x5b5
main.main()
	/home/advocate/Advocate/Experiments/Advocate/advocate/main.go:28 +0x1c
2026/06/05 16:25:38 [31mNot enough RAM[0m
2026/06/05 16:25:38 goroutine 20 [running]:
advocate/utils/control.printAllGoroutines()
	/home/advocate/Advocate/Experiments/Advocate/advocate/utils/control/utils.go:20 +0x3d
advocate/utils/control.cancelRAM(0x77cd50, 0x77cd48, 0x77cd58)
	/home/advocate/Advocate/Experiments/Advocate/advocate/utils/control/memory.go:109 +0x6e
advocate/utils/control.Supervisor(0x77cd50, 0x77cd48, 0x77cd58)
	/home/advocate/Advocate/Experiments/Advocate/advocate/utils/control/memory.go:79 +0x12f
created by advocate/run.Run in goroutine 1
	/home/advocate/Advocate/Experiments/Advocate/advocate/run/run.go:63 +0x26f

goroutine 1 [runnable]:
advocate/analysis/hb/clock.(*VectorClock).GetValue(...)
	/home/advocate/Advocate/Experiments/Advocate/advocate/analysis/hb/clock/vc.go:97
advocate/analysis/hb/clock.happensBefore(0x2aaafb58b680, 0x2aaafbc98230)
	/home/advocate/Advocate/Experiments/Advocate/advocate/analysis/hb/clock/hb.go:27 +0x65
advocate/analysis/hb/clock.GetHappensBefore(0x2aaafb58b680, 0x2aaafbc98230)
	/home/advocate/Advocate/Experiments/Advocate/advocate/analysis/hb/clock/hb.go:74 +0x34
advocate/analysis/analysis/scenarios.buildResidualGraph({0x2aab06692000, 0x186a2, 0x2aaaee286b68?}, {0x2aab0685e000, 0x186a2, 0x1?})
	/home/advocate/Advocate/Experiments/Advocate/advocate/analysis/analysis/scenarios/graph.go:60 +0x49f
advocate/analysis/analysis/scenarios.CheckForUnlockBeforeLock()
	/home/advocate/Advocate/Experiments/Advocate/advocate/analysis/analysis/scenarios/unlockBeforeLock.go:75 +0x2b5
advocate/analysis/analysis.RunHBAnalysis(0x1)
	/home/advocate/Advocate/Experiments/Advocate/advocate/analysis/analysis/analysis.go:262 +0xc9b
advocate/analysis/analysis.RunAnalysis(0x1)
	/home/advocate/Advocate/Experiments/Advocate/advocate/analysis/analysis/analysis.go:63 +0x105
advocate/toolchain.runAnalyzer({0x2aaaed6fe100, 0x74}, {0x2aaaed6fe200?, 0x66?}, {0x2aaaed6fe180, 0x7a}, {0x2aaaed6fe280, 0x75}, 0x0, {0x2aaaee144080, ...}, ...)
	/home/advocate/Advocate/Experiments/Advocate/advocate/toolchain/analyzer.go:78 +0x43b
advocate/toolchain.unitTestAnalyzer({0x2aaaed1921c0, 0x66}, {0x760f26?, 0x2aaaed182048?}, 0x0, {0x2aaaee144080, 0x7e}, {0x2aaaeda20502, 0x13})
	/home/advocate/Advocate/Experiments/Advocate/advocate/toolchain/fullWorkflowUnit.go:619 +0x25c
advocate/toolchain.unitTestFullWorkflow({0x2aaaed1f0000?, 0x2c}, {0x7ffcdd7ec10d, 0x4c}, 0x1, 0x1, 0x1, {0x2aaaeda20502, 0x13}, {0x2aaaed1d0140, ...}, ...)
	/home/advocate/Advocate/Experiments/Advocate/advocate/toolchain/fullWorkflowUnit.go:479 +0x625
advocate/toolchain.runWorkflowUnit({0x7ffcdd7ec10d, 0x4c}, 0x1, 0x1, 0x1, {0x2aaaed2a2480, 0x7e}, 0x0, {0x0, 0x0}, ...)
	/home/advocate/Advocate/Experiments/Advocate/advocate/toolchain/fullWorkflowUnit.go:171 +0x1190
advocate/toolchain.Run({0x75dd74, 0x4}, {0x2aaaed2a2480, 0x7e}, 0x1, 0x1, 0x1, 0x0, {0x0, 0x0}, ...)
	/home/advocate/Advocate/Experiments/Advocate/advocate/toolchain/toolchain.go:72 +0x389
advocate/fuzzing.runFuzzing({0x2aaaed2a2480, 0x7e}, 0x0, 0x31, 0x1)
	/home/advocate/Advocate/Experiments/Advocate/advocate/fuzzing/fuzzing.go:217 +0x57b
advocate/fuzzing.Fuzzing()
	/home/advocate/Advocate/Experiments/Advocate/advocate/fuzzing/fuzzing.go:135 +0xea5
advocate/run.modeFuzzing()
	/home/advocate/Advocate/Experiments/Advocate/advocate/run/modes.go:34 +0x5e
advocate/run.Run()
	/home/advocate/Advocate/Experiments/Advocate/advocate/run/run.go:100 +0x5b5
main.main()
	/home/advocate/Advocate/Experiments/Advocate/advocate/main.go:28 +0x1c
2026/06/05 16:25:46 [31mNot enough RAM[0m
2026/06/05 16:25:46 goroutine 20 [running]:
advocate/utils/control.printAllGoroutines()
	/home/advocate/Advocate/Experiments/Advocate/advocate/utils/control/utils.go:20 +0x3d
advocate/utils/control.cancelRAM(0x77cd50, 0x77cd48, 0x77cd58)
	/home/advocate/Advocate/Experiments/Advocate/advocate/utils/control/memory.go:109 +0x6e
advocate/utils/control.Supervisor(0x77cd50, 0x77cd48, 0x77cd58)
	/home/advocate/Advocate/Experiments/Advocate/advocate/utils/control/memory.go:79 +0x12f
created by advocate/run.Run in goroutine 1
	/home/advocate/Advocate/Experiments/Advocate/advocate/run/run.go:63 +0x26f

goroutine 1 [runnable]:
advocate/analysis/hb/clock.(*VectorClock).GetValue(...)
	/home/advocate/Advocate/Experiments/Advocate/advocate/analysis/hb/clock/vc.go:97
advocate/analysis/hb/clock.happensBefore(0x2aaafbe56740, 0x2aaafe2c66e0)
	/home/advocate/Advocate/Experiments/Advocate/advocate/analysis/hb/clock/hb.go:29 +0xe6
advocate/analysis/hb/clock.GetHappensBefore(0x2aaafe2c66e0, 0x2aaafbe56740)
	/home/advocate/Advocate/Experiments/Advocate/advocate/analysis/hb/clock/hb.go:77 +0x47
advocate/analysis/analysis/scenarios.buildResidualGraph({0x2aab06692000, 0x186a2, 0x2aaaee286b68?}, {0x2aab0685e000, 0x186a2, 0x1?})
	/home/advocate/Advocate/Experiments/Advocate/advocate/analysis/analysis/scenarios/graph.go:60 +0x49f
advocate/analysis/analysis/scenarios.CheckForUnlockBeforeLock()
	/home/advocate/Advocate/Experiments/Advocate/advocate/analysis/analysis/scenarios/unlockBeforeLock.go:75 +0x2b5
advocate/analysis/analysis.RunHBAnalysis(0x1)
	/home/advocate/Advocate/Experiments/Advocate/advocate/analysis/analysis/analysis.go:262 +0xc9b
advocate/analysis/analysis.RunAnalysis(0x1)
	/home/advocate/Advocate/Experiments/Advocate/advocate/analysis/analysis/analysis.go:63 +0x105
advocate/toolchain.runAnalyzer({0x2aaaed6fe100, 0x74}, {0x2aaaed6fe200?, 0x66?}, {0x2aaaed6fe180, 0x7a}, {0x2aaaed6fe280, 0x75}, 0x0, {0x2aaaee144080, ...}, ...)
	/home/advocate/Advocate/Experiments/Advocate/advocate/toolchain/analyzer.go:78 +0x43b
advocate/toolchain.unitTestAnalyzer({0x2aaaed1921c0, 0x66}, {0x760f26?, 0x2aaaed182048?}, 0x0, {0x2aaaee144080, 0x7e}, {0x2aaaeda20502, 0x13})
	/home/advocate/Advocate/Experiments/Advocate/advocate/toolchain/fullWorkflowUnit.go:619 +0x25c
advocate/toolchain.unitTestFullWorkflow({0x2aaaed1f0000?, 0x2c}, {0x7ffcdd7ec10d, 0x4c}, 0x1, 0x1, 0x1, {0x2aaaeda20502, 0x13}, {0x2aaaed1d0140, ...}, ...)
	/home/advocate/Advocate/Experiments/Advocate/advocate/toolchain/fullWorkflowUnit.go:479 +0x625
advocate/toolchain.runWorkflowUnit({0x7ffcdd7ec10d, 0x4c}, 0x1, 0x1, 0x1, {0x2aaaed2a2480, 0x7e}, 0x0, {0x0, 0x0}, ...)
	/home/advocate/Advocate/Experiments/Advocate/advocate/toolchain/fullWorkflowUnit.go:171 +0x1190
advocate/toolchain.Run({0x75dd74, 0x4}, {0x2aaaed2a2480, 0x7e}, 0x1, 0x1, 0x1, 0x0, {0x0, 0x0}, ...)
	/home/advocate/Advocate/Experiments/Advocate/advocate/toolchain/toolchain.go:72 +0x389
advocate/fuzzing.runFuzzing({0x2aaaed2a2480, 0x7e}, 0x0, 0x31, 0x1)
	/home/advocate/Advocate/Experiments/Advocate/advocate/fuzzing/fuzzing.go:217 +0x57b
advocate/fuzzing.Fuzzing()
	/home/advocate/Advocate/Experiments/Advocate/advocate/fuzzing/fuzzing.go:135 +0xea5
advocate/run.modeFuzzing()
	/home/advocate/Advocate/Experiments/Advocate/advocate/run/modes.go:34 +0x5e
advocate/run.Run()
	/home/advocate/Advocate/Experiments/Advocate/advocate/run/run.go:100 +0x5b5
main.main()
	/home/advocate/Advocate/Experiments/Advocate/advocate/main.go:28 +0x1c
2026/06/05 16:25:55 [31mNot enough RAM[0m
2026/06/05 16:25:55 goroutine 20 [running]:
advocate/utils/control.printAllGoroutines()
	/home/advocate/Advocate/Experiments/Advocate/advocate/utils/control/utils.go:20 +0x3d
advocate/utils/control.cancelRAM(0x77cd50, 0x77cd48, 0x77cd58)
	/home/advocate/Advocate/Experiments/Advocate/advocate/utils/control/memory.go:109 +0x6e
advocate/utils/control.Supervisor(0x77cd50, 0x77cd48, 0x77cd58)
	/home/advocate/Advocate/Experiments/Advocate/advocate/utils/control/memory.go:79 +0x12f
created by advocate/run.Run in goroutine 1
	/home/advocate/Advocate/Experiments/Advocate/advocate/run/run.go:63 +0x26f

goroutine 1 [runnable]:
advocate/analysis/hb/clock.GetHappensBefore(0x2aaaffdb3310?, 0x2aaafbffec20?)
	/home/advocate/Advocate/Experiments/Advocate/advocate/analysis/hb/clock/hb.go:65 +0x8e
advocate/analysis/analysis/scenarios.buildResidualGraph({0x2aab06692000, 0x186a2, 0x2aaaee286b68?}, {0x2aab0685e000, 0x186a2, 0x1?})
	/home/advocate/Advocate/Experiments/Advocate/advocate/analysis/analysis/scenarios/graph.go:60 +0x49f
advocate/analysis/analysis/scenarios.CheckForUnlockBeforeLock()
	/home/advocate/Advocate/Experiments/Advocate/advocate/analysis/analysis/scenarios/unlockBeforeLock.go:75 +0x2b5
advocate/analysis/analysis.RunHBAnalysis(0x1)
	/home/advocate/Advocate/Experiments/Advocate/advocate/analysis/analysis/analysis.go:262 +0xc9b
advocate/analysis/analysis.RunAnalysis(0x1)
	/home/advocate/Advocate/Experiments/Advocate/advocate/analysis/analysis/analysis.go:63 +0x105
advocate/toolchain.runAnalyzer({0x2aaaed6fe100, 0x74}, {0x2aaaed6fe200?, 0x66?}, {0x2aaaed6fe180, 0x7a}, {0x2aaaed6fe280, 0x75}, 0x0, {0x2aaaee144080, ...}, ...)
	/home/advocate/Advocate/Experiments/Advocate/advocate/toolchain/analyzer.go:78 +0x43b
advocate/toolchain.unitTestAnalyzer({0x2aaaed1921c0, 0x66}, {0x760f26?, 0x2aaaed182048?}, 0x0, {0x2aaaee144080, 0x7e}, {0x2aaaeda20502, 0x13})
	/home/advocate/Advocate/Experiments/Advocate/advocate/toolchain/fullWorkflowUnit.go:619 +0x25c
advocate/toolchain.unitTestFullWorkflow({0x2aaaed1f0000?, 0x2c}, {0x7ffcdd7ec10d, 0x4c}, 0x1, 0x1, 0x1, {0x2aaaeda20502, 0x13}, {0x2aaaed1d0140, ...}, ...)
	/home/advocate/Advocate/Experiments/Advocate/advocate/toolchain/fullWorkflowUnit.go:479 +0x625
advocate/toolchain.runWorkflowUnit({0x7ffcdd7ec10d, 0x4c}, 0x1, 0x1, 0x1, {0x2aaaed2a2480, 0x7e}, 0x0, {0x0, 0x0}, ...)
	/home/advocate/Advocate/Experiments/Advocate/advocate/toolchain/fullWorkflowUnit.go:171 +0x1190
advocate/toolchain.Run({0x75dd74, 0x4}, {0x2aaaed2a2480, 0x7e}, 0x1, 0x1, 0x1, 0x0, {0x0, 0x0}, ...)
	/home/advocate/Advocate/Experiments/Advocate/advocate/toolchain/toolchain.go:72 +0x389
advocate/fuzzing.runFuzzing({0x2aaaed2a2480, 0x7e}, 0x0, 0x31, 0x1)
	/home/advocate/Advocate/Experiments/Advocate/advocate/fuzzing/fuzzing.go:217 +0x57b
advocate/fuzzing.Fuzzing()
	/home/advocate/Advocate/Experiments/Advocate/advocate/fuzzing/fuzzing.go:135 +0xea5
advocate/run.modeFuzzing()
	/home/advocate/Advocate/Experiments/Advocate/advocate/run/modes.go:34 +0x5e
advocate/run.Run()
	/home/advocate/Advocate/Experiments/Advocate/advocate/run/run.go:100 +0x5b5
main.main()
	/home/advocate/Advocate/Experiments/Advocate/advocate/main.go:28 +0x1c
2026/06/05 16:26:04 [31mNot enough RAM[0m
2026/06/05 16:26:04 goroutine 20 [running]:
advocate/utils/control.printAllGoroutines()
	/home/advocate/Advocate/Experiments/Advocate/advocate/utils/control/utils.go:20 +0x3d
advocate/utils/control.cancelRAM(0x77cd50, 0x77cd48, 0x77cd58)
	/home/advocate/Advocate/Experiments/Advocate/advocate/utils/control/memory.go:109 +0x6e
advocate/utils/control.Supervisor(0x77cd50, 0x77cd48, 0x77cd58)
	/home/advocate/Advocate/Experiments/Advocate/advocate/utils/control/memory.go:79 +0x12f
created by advocate/run.Run in goroutine 1
	/home/advocate/Advocate/Experiments/Advocate/advocate/run/run.go:63 +0x26f

goroutine 1 [runnable]:
advocate/analysis/hb/clock.(*VectorClock).GetValue(...)
	/home/advocate/Advocate/Experiments/Advocate/advocate/analysis/hb/clock/vc.go:97
advocate/analysis/hb/clock.happensBefore(0x2aab057b0d60, 0x2aaafc1087b0)
	/home/advocate/Advocate/Experiments/Advocate/advocate/analysis/hb/clock/hb.go:27 +0x96
advocate/analysis/hb/clock.GetHappensBefore(0x2aab057b0d60, 0x2aaafc1087b0)
	/home/advocate/Advocate/Experiments/Advocate/advocate/analysis/hb/clock/hb.go:74 +0x34
advocate/analysis/analysis/scenarios.buildResidualGraph({0x2aab06692000, 0x186a2, 0x2aaaee286b68?}, {0x2aab0685e000, 0x186a2, 0x1?})
	/home/advocate/Advocate/Experiments/Advocate/advocate/analysis/analysis/scenarios/graph.go:60 +0x49f
advocate/analysis/analysis/scenarios.CheckForUnlockBeforeLock()
	/home/advocate/Advocate/Experiments/Advocate/advocate/analysis/analysis/scenarios/unlockBeforeLock.go:75 +0x2b5
advocate/analysis/analysis.RunHBAnalysis(0x1)
	/home/advocate/Advocate/Experiments/Advocate/advocate/analysis/analysis/analysis.go:262 +0xc9b
advocate/analysis/analysis.RunAnalysis(0x1)
	/home/advocate/Advocate/Experiments/Advocate/advocate/analysis/analysis/analysis.go:63 +0x105
advocate/toolchain.runAnalyzer({0x2aaaed6fe100, 0x74}, {0x2aaaed6fe200?, 0x66?}, {0x2aaaed6fe180, 0x7a}, {0x2aaaed6fe280, 0x75}, 0x0, {0x2aaaee144080, ...}, ...)
	/home/advocate/Advocate/Experiments/Advocate/advocate/toolchain/analyzer.go:78 +0x43b
advocate/toolchain.unitTestAnalyzer({0x2aaaed1921c0, 0x66}, {0x760f26?, 0x2aaaed182048?}, 0x0, {0x2aaaee144080, 0x7e}, {0x2aaaeda20502, 0x13})
	/home/advocate/Advocate/Experiments/Advocate/advocate/toolchain/fullWorkflowUnit.go:619 +0x25c
advocate/toolchain.unitTestFullWorkflow({0x2aaaed1f0000?, 0x2c}, {0x7ffcdd7ec10d, 0x4c}, 0x1, 0x1, 0x1, {0x2aaaeda20502, 0x13}, {0x2aaaed1d0140, ...}, ...)
	/home/advocate/Advocate/Experiments/Advocate/advocate/toolchain/fullWorkflowUnit.go:479 +0x625
advocate/toolchain.runWorkflowUnit({0x7ffcdd7ec10d, 0x4c}, 0x1, 0x1, 0x1, {0x2aaaed2a2480, 0x7e}, 0x0, {0x0, 0x0}, ...)
	/home/advocate/Advocate/Experiments/Advocate/advocate/toolchain/fullWorkflowUnit.go:171 +0x1190
advocate/toolchain.Run({0x75dd74, 0x4}, {0x2aaaed2a2480, 0x7e}, 0x1, 0x1, 0x1, 0x0, {0x0, 0x0}, ...)
	/home/advocate/Advocate/Experiments/Advocate/advocate/toolchain/toolchain.go:72 +0x389
advocate/fuzzing.runFuzzing({0x2aaaed2a2480, 0x7e}, 0x0, 0x31, 0x1)
	/home/advocate/Advocate/Experiments/Advocate/advocate/fuzzing/fuzzing.go:217 +0x57b
advocate/fuzzing.Fuzzing()
	/home/advocate/Advocate/Experiments/Advocate/advocate/fuzzing/fuzzing.go:135 +0xea5
advocate/run.modeFuzzing()
	/home/advocate/Advocate/Experiments/Advocate/advocate/run/modes.go:34 +0x5e
advocate/run.Run()
	/home/advocate/Advocate/Experiments/Advocate/advocate/run/run.go:100 +0x5b5
main.main()
	/home/advocate/Advocate/Experiments/Advocate/advocate/main.go:28 +0x1c
2026/06/05 16:26:13 [31mNot enough RAM[0m
2026/06/05 16:26:13 goroutine 20 [running]:
advocate/utils/control.printAllGoroutines()
	/home/advocate/Advocate/Experiments/Advocate/advocate/utils/control/utils.go:20 +0x3d
advocate/utils/control.cancelRAM(0x77cd50, 0x77cd48, 0x77cd58)
	/home/advocate/Advocate/Experiments/Advocate/advocate/utils/control/memory.go:109 +0x6e
advocate/utils/control.Supervisor(0x77cd50, 0x77cd48, 0x77cd58)
	/home/advocate/Advocate/Experiments/Advocate/advocate/utils/control/memory.go:79 +0x12f
created by advocate/run.Run in goroutine 1
	/home/advocate/Advocate/Experiments/Advocate/advocate/run/run.go:63 +0x26f

goroutine 1 [runnable]:
advocate/analysis/hb/clock.happensBefore(0x2aab03ca55b0, 0x2aaafc2b2ac0)
	/home/advocate/Advocate/Experiments/Advocate/advocate/analysis/hb/clock/hb.go:27 +0x82
advocate/analysis/hb/clock.GetHappensBefore(0x2aab03ca55b0, 0x2aaafc2b2ac0)
	/home/advocate/Advocate/Experiments/Advocate/advocate/analysis/hb/clock/hb.go:74 +0x34
advocate/analysis/analysis/scenarios.buildResidualGraph({0x2aab06692000, 0x186a2, 0x2aaaee286b68?}, {0x2aab0685e000, 0x186a2, 0x1?})
	/home/advocate/Advocate/Experiments/Advocate/advocate/analysis/analysis/scenarios/graph.go:60 +0x49f
advocate/analysis/analysis/scenarios.CheckForUnlockBeforeLock()
	/home/advocate/Advocate/Experiments/Advocate/advocate/analysis/analysis/scenarios/unlockBeforeLock.go:75 +0x2b5
advocate/analysis/analysis.RunHBAnalysis(0x1)
	/home/advocate/Advocate/Experiments/Advocate/advocate/analysis/analysis/analysis.go:262 +0xc9b
advocate/analysis/analysis.RunAnalysis(0x1)
	/home/advocate/Advocate/Experiments/Advocate/advocate/analysis/analysis/analysis.go:63 +0x105
advocate/toolchain.runAnalyzer({0x2aaaed6fe100, 0x74}, {0x2aaaed6fe200?, 0x66?}, {0x2aaaed6fe180, 0x7a}, {0x2aaaed6fe280, 0x75}, 0x0, {0x2aaaee144080, ...}, ...)
	/home/advocate/Advocate/Experiments/Advocate/advocate/toolchain/analyzer.go:78 +0x43b
advocate/toolchain.unitTestAnalyzer({0x2aaaed1921c0, 0x66}, {0x760f26?, 0x2aaaed182048?}, 0x0, {0x2aaaee144080, 0x7e}, {0x2aaaeda20502, 0x13})
	/home/advocate/Advocate/Experiments/Advocate/advocate/toolchain/fullWorkflowUnit.go:619 +0x25c
advocate/toolchain.unitTestFullWorkflow({0x2aaaed1f0000?, 0x2c}, {0x7ffcdd7ec10d, 0x4c}, 0x1, 0x1, 0x1, {0x2aaaeda20502, 0x13}, {0x2aaaed1d0140, ...}, ...)
	/home/advocate/Advocate/Experiments/Advocate/advocate/toolchain/fullWorkflowUnit.go:479 +0x625
advocate/toolchain.runWorkflowUnit({0x7ffcdd7ec10d, 0x4c}, 0x1, 0x1, 0x1, {0x2aaaed2a2480, 0x7e}, 0x0, {0x0, 0x0}, ...)
	/home/advocate/Advocate/Experiments/Advocate/advocate/toolchain/fullWorkflowUnit.go:171 +0x1190
advocate/toolchain.Run({0x75dd74, 0x4}, {0x2aaaed2a2480, 0x7e}, 0x1, 0x1, 0x1, 0x0, {0x0, 0x0}, ...)
	/home/advocate/Advocate/Experiments/Advocate/advocate/toolchain/toolchain.go:72 +0x389
advocate/fuzzing.runFuzzing({0x2aaaed2a2480, 0x7e}, 0x0, 0x31, 0x1)
	/home/advocate/Advocate/Experiments/Advocate/advocate/fuzzing/fuzzing.go:217 +0x57b
advocate/fuzzing.Fuzzing()
	/home/advocate/Advocate/Experiments/Advocate/advocate/fuzzing/fuzzing.go:135 +0xea5
advocate/run.modeFuzzing()
	/home/advocate/Advocate/Experiments/Advocate/advocate/run/modes.go:34 +0x5e
advocate/run.Run()
	/home/advocate/Advocate/Experiments/Advocate/advocate/run/run.go:100 +0x5b5
main.main()
	/home/advocate/Advocate/Experiments/Advocate/advocate/main.go:28 +0x1c
2026/06/05 16:26:22 [31mNot enough RAM[0m
2026/06/05 16:26:22 goroutine 20 [running]:
advocate/utils/control.printAllGoroutines()
	/home/advocate/Advocate/Experiments/Advocate/advocate/utils/control/utils.go:20 +0x3d
advocate/utils/control.cancelRAM(0x77cd50, 0x77cd48, 0x77cd58)
	/home/advocate/Advocate/Experiments/Advocate/advocate/utils/control/memory.go:109 +0x6e
advocate/utils/control.Supervisor(0x77cd50, 0x77cd48, 0x77cd58)
	/home/advocate/Advocate/Experiments/Advocate/advocate/utils/control/memory.go:79 +0x12f
created by advocate/run.Run in goroutine 1
	/home/advocate/Advocate/Experiments/Advocate/advocate/run/run.go:63 +0x26f

goroutine 1 [runnable]:
advocate/analysis/hb/clock.(*VectorClock).GetValue(...)
	/home/advocate/Advocate/Experiments/Advocate/advocate/analysis/hb/clock/vc.go:97
advocate/analysis/hb/clock.happensBefore(0x2aaafc45f010, 0x2aab01e11880)
	/home/advocate/Advocate/Experiments/Advocate/advocate/analysis/hb/clock/hb.go:29 +0x130
advocate/analysis/hb/clock.GetHappensBefore(0x2aab01e11880, 0x2aaafc45f010)
	/home/advocate/Advocate/Experiments/Advocate/advocate/analysis/hb/clock/hb.go:77 +0x47
advocate/analysis/analysis/scenarios.buildResidualGraph({0x2aab06692000, 0x186a2, 0x2aaaee286b68?}, {0x2aab0685e000, 0x186a2, 0x1?})
	/home/advocate/Advocate/Experiments/Advocate/advocate/analysis/analysis/scenarios/graph.go:60 +0x49f
advocate/analysis/analysis/scenarios.CheckForUnlockBeforeLock()
	/home/advocate/Advocate/Experiments/Advocate/advocate/analysis/analysis/scenarios/unlockBeforeLock.go:75 +0x2b5
advocate/analysis/analysis.RunHBAnalysis(0x1)
	/home/advocate/Advocate/Experiments/Advocate/advocate/analysis/analysis/analysis.go:262 +0xc9b
advocate/analysis/analysis.RunAnalysis(0x1)
	/home/advocate/Advocate/Experiments/Advocate/advocate/analysis/analysis/analysis.go:63 +0x105
advocate/toolchain.runAnalyzer({0x2aaaed6fe100, 0x74}, {0x2aaaed6fe200?, 0x66?}, {0x2aaaed6fe180, 0x7a}, {0x2aaaed6fe280, 0x75}, 0x0, {0x2aaaee144080, ...}, ...)
	/home/advocate/Advocate/Experiments/Advocate/advocate/toolchain/analyzer.go:78 +0x43b
advocate/toolchain.unitTestAnalyzer({0x2aaaed1921c0, 0x66}, {0x760f26?, 0x2aaaed182048?}, 0x0, {0x2aaaee144080, 0x7e}, {0x2aaaeda20502, 0x13})
	/home/advocate/Advocate/Experiments/Advocate/advocate/toolchain/fullWorkflowUnit.go:619 +0x25c
advocate/toolchain.unitTestFullWorkflow({0x2aaaed1f0000?, 0x2c}, {0x7ffcdd7ec10d, 0x4c}, 0x1, 0x1, 0x1, {0x2aaaeda20502, 0x13}, {0x2aaaed1d0140, ...}, ...)
	/home/advocate/Advocate/Experiments/Advocate/advocate/toolchain/fullWorkflowUnit.go:479 +0x625
advocate/toolchain.runWorkflowUnit({0x7ffcdd7ec10d, 0x4c}, 0x1, 0x1, 0x1, {0x2aaaed2a2480, 0x7e}, 0x0, {0x0, 0x0}, ...)
	/home/advocate/Advocate/Experiments/Advocate/advocate/toolchain/fullWorkflowUnit.go:171 +0x1190
advocate/toolchain.Run({0x75dd74, 0x4}, {0x2aaaed2a2480, 0x7e}, 0x1, 0x1, 0x1, 0x0, {0x0, 0x0}, ...)
	/home/advocate/Advocate/Experiments/Advocate/advocate/toolchain/toolchain.go:72 +0x389
advocate/fuzzing.runFuzzing({0x2aaaed2a2480, 0x7e}, 0x0, 0x31, 0x1)
	/home/advocate/Advocate/Experiments/Advocate/advocate/fuzzing/fuzzing.go:217 +0x57b
advocate/fuzzing.Fuzzing()
	/home/advocate/Advocate/Experiments/Advocate/advocate/fuzzing/fuzzing.go:135 +0xea5
advocate/run.modeFuzzing()
	/home/advocate/Advocate/Experiments/Advocate/advocate/run/modes.go:34 +0x5e
advocate/run.Run()
	/home/advocate/Advocate/Experiments/Advocate/advocate/run/run.go:100 +0x5b5
main.main()
	/home/advocate/Advocate/Experiments/Advocate/advocate/main.go:28 +0x1c
2026/06/05 16:26:31 [31mNot enough RAM[0m
2026/06/05 16:26:31 goroutine 20 [running]:
advocate/utils/control.printAllGoroutines()
	/home/advocate/Advocate/Experiments/Advocate/advocate/utils/control/utils.go:20 +0x3d
advocate/utils/control.cancelRAM(0x77cd50, 0x77cd48, 0x77cd58)
	/home/advocate/Advocate/Experiments/Advocate/advocate/utils/control/memory.go:109 +0x6e
advocate/utils/control.Supervisor(0x77cd50, 0x77cd48, 0x77cd58)
	/home/advocate/Advocate/Experiments/Advocate/advocate/utils/control/memory.go:79 +0x12f
created by advocate/run.Run in goroutine 1
	/home/advocate/Advocate/Experiments/Advocate/advocate/run/run.go:63 +0x26f

goroutine 1 [runnable]:
advocate/analysis/hb/clock.(*VectorClock).GetValue(...)
	/home/advocate/Advocate/Experiments/Advocate/advocate/analysis/hb/clock/vc.go:97
advocate/analysis/hb/clock.happensBefore(0x2aaafa892f20, 0x2aaafc5ea7b0)
	/home/advocate/Advocate/Experiments/Advocate/advocate/analysis/hb/clock/hb.go:29 +0x130
advocate/analysis/hb/clock.GetHappensBefore(0x2aaafa892f20, 0x2aaafc5ea7b0)
	/home/advocate/Advocate/Experiments/Advocate/advocate/analysis/hb/clock/hb.go:74 +0x34
advocate/analysis/analysis/scenarios.buildResidualGraph({0x2aab06692000, 0x186a2, 0x2aaaee286b68?}, {0x2aab0685e000, 0x186a2, 0x1?})
	/home/advocate/Advocate/Experiments/Advocate/advocate/analysis/analysis/scenarios/graph.go:60 +0x49f
advocate/analysis/analysis/scenarios.CheckForUnlockBeforeLock()
	/home/advocate/Advocate/Experiments/Advocate/advocate/analysis/analysis/scenarios/unlockBeforeLock.go:75 +0x2b5
advocate/analysis/analysis.RunHBAnalysis(0x1)
	/home/advocate/Advocate/Experiments/Advocate/advocate/analysis/analysis/analysis.go:262 +0xc9b
advocate/analysis/analysis.RunAnalysis(0x1)
	/home/advocate/Advocate/Experiments/Advocate/advocate/analysis/analysis/analysis.go:63 +0x105
advocate/toolchain.runAnalyzer({0x2aaaed6fe100, 0x74}, {0x2aaaed6fe200?, 0x66?}, {0x2aaaed6fe180, 0x7a}, {0x2aaaed6fe280, 0x75}, 0x0, {0x2aaaee144080, ...}, ...)
	/home/advocate/Advocate/Experiments/Advocate/advocate/toolchain/analyzer.go:78 +0x43b
advocate/toolchain.unitTestAnalyzer({0x2aaaed1921c0, 0x66}, {0x760f26?, 0x2aaaed182048?}, 0x0, {0x2aaaee144080, 0x7e}, {0x2aaaeda20502, 0x13})
	/home/advocate/Advocate/Experiments/Advocate/advocate/toolchain/fullWorkflowUnit.go:619 +0x25c
advocate/toolchain.unitTestFullWorkflow({0x2aaaed1f0000?, 0x2c}, {0x7ffcdd7ec10d, 0x4c}, 0x1, 0x1, 0x1, {0x2aaaeda20502, 0x13}, {0x2aaaed1d0140, ...}, ...)
	/home/advocate/Advocate/Experiments/Advocate/advocate/toolchain/fullWorkflowUnit.go:479 +0x625
advocate/toolchain.runWorkflowUnit({0x7ffcdd7ec10d, 0x4c}, 0x1, 0x1, 0x1, {0x2aaaed2a2480, 0x7e}, 0x0, {0x0, 0x0}, ...)
	/home/advocate/Advocate/Experiments/Advocate/advocate/toolchain/fullWorkflowUnit.go:171 +0x1190
advocate/toolchain.Run({0x75dd74, 0x4}, {0x2aaaed2a2480, 0x7e}, 0x1, 0x1, 0x1, 0x0, {0x0, 0x0}, ...)
	/home/advocate/Advocate/Experiments/Advocate/advocate/toolchain/toolchain.go:72 +0x389
advocate/fuzzing.runFuzzing({0x2aaaed2a2480, 0x7e}, 0x0, 0x31, 0x1)
	/home/advocate/Advocate/Experiments/Advocate/advocate/fuzzing/fuzzing.go:217 +0x57b
advocate/fuzzing.Fuzzing()
	/home/advocate/Advocate/Experiments/Advocate/advocate/fuzzing/fuzzing.go:135 +0xea5
advocate/run.modeFuzzing()
	/home/advocate/Advocate/Experiments/Advocate/advocate/run/modes.go:34 +0x5e
advocate/run.Run()
	/home/advocate/Advocate/Experiments/Advocate/advocate/run/run.go:100 +0x5b5
main.main()
	/home/advocate/Advocate/Experiments/Advocate/advocate/main.go:28 +0x1c
2026/06/05 16:26:39 [31mNot enough RAM[0m
2026/06/05 16:26:39 goroutine 20 [running]:
advocate/utils/control.printAllGoroutines()
	/home/advocate/Advocate/Experiments/Advocate/advocate/utils/control/utils.go:20 +0x3d
advocate/utils/control.cancelRAM(0x77cd50, 0x77cd48, 0x77cd58)
	/home/advocate/Advocate/Experiments/Advocate/advocate/utils/control/memory.go:109 +0x6e
advocate/utils/control.Supervisor(0x77cd50, 0x77cd48, 0x77cd58)
	/home/advocate/Advocate/Experiments/Advocate/advocate/utils/control/memory.go:79 +0x12f
created by advocate/run.Run in goroutine 1
	/home/advocate/Advocate/Experiments/Advocate/advocate/run/run.go:63 +0x26f

goroutine 1 [runnable]:
advocate/analysis/hb/clock.(*VectorClock).GetValue(...)
	/home/advocate/Advocate/Experiments/Advocate/advocate/analysis/hb/clock/vc.go:97
advocate/analysis/hb/clock.happensBefore(0x2aaafc75d8c0, 0x2aab0190c040)
	/home/advocate/Advocate/Experiments/Advocate/advocate/analysis/hb/clock/hb.go:27 +0x96
advocate/analysis/hb/clock.GetHappensBefore(0x2aab0190c040, 0x2aaafc75d8c0)
	/home/advocate/Advocate/Experiments/Advocate/advocate/analysis/hb/clock/hb.go:77 +0x47
advocate/analysis/analysis/scenarios.buildResidualGraph({0x2aab06692000, 0x186a2, 0x2aaaee286b68?}, {0x2aab0685e000, 0x186a2, 0x1?})
	/home/advocate/Advocate/Experiments/Advocate/advocate/analysis/analysis/scenarios/graph.go:60 +0x49f
advocate/analysis/analysis/scenarios.CheckForUnlockBeforeLock()
	/home/advocate/Advocate/Experiments/Advocate/advocate/analysis/analysis/scenarios/unlockBeforeLock.go:75 +0x2b5
advocate/analysis/analysis.RunHBAnalysis(0x1)
	/home/advocate/Advocate/Experiments/Advocate/advocate/analysis/analysis/analysis.go:262 +0xc9b
advocate/analysis/analysis.RunAnalysis(0x1)
	/home/advocate/Advocate/Experiments/Advocate/advocate/analysis/analysis/analysis.go:63 +0x105
advocate/toolchain.runAnalyzer({0x2aaaed6fe100, 0x74}, {0x2aaaed6fe200?, 0x66?}, {0x2aaaed6fe180, 0x7a}, {0x2aaaed6fe280, 0x75}, 0x0, {0x2aaaee144080, ...}, ...)
	/home/advocate/Advocate/Experiments/Advocate/advocate/toolchain/analyzer.go:78 +0x43b
advocate/toolchain.unitTestAnalyzer({0x2aaaed1921c0, 0x66}, {0x760f26?, 0x2aaaed182048?}, 0x0, {0x2aaaee144080, 0x7e}, {0x2aaaeda20502, 0x13})
	/home/advocate/Advocate/Experiments/Advocate/advocate/toolchain/fullWorkflowUnit.go:619 +0x25c
advocate/toolchain.unitTestFullWorkflow({0x2aaaed1f0000?, 0x2c}, {0x7ffcdd7ec10d, 0x4c}, 0x1, 0x1, 0x1, {0x2aaaeda20502, 0x13}, {0x2aaaed1d0140, ...}, ...)
	/home/advocate/Advocate/Experiments/Advocate/advocate/toolchain/fullWorkflowUnit.go:479 +0x625
advocate/toolchain.runWorkflowUnit({0x7ffcdd7ec10d, 0x4c}, 0x1, 0x1, 0x1, {0x2aaaed2a2480, 0x7e}, 0x0, {0x0, 0x0}, ...)
	/home/advocate/Advocate/Experiments/Advocate/advocate/toolchain/fullWorkflowUnit.go:171 +0x1190
advocate/toolchain.Run({0x75dd74, 0x4}, {0x2aaaed2a2480, 0x7e}, 0x1, 0x1, 0x1, 0x0, {0x0, 0x0}, ...)
	/home/advocate/Advocate/Experiments/Advocate/advocate/toolchain/toolchain.go:72 +0x389
advocate/fuzzing.runFuzzing({0x2aaaed2a2480, 0x7e}, 0x0, 0x31, 0x1)
	/home/advocate/Advocate/Experiments/Advocate/advocate/fuzzing/fuzzing.go:217 +0x57b
advocate/fuzzing.Fuzzing()
	/home/advocate/Advocate/Experiments/Advocate/advocate/fuzzing/fuzzing.go:135 +0xea5
advocate/run.modeFuzzing()
	/home/advocate/Advocate/Experiments/Advocate/advocate/run/modes.go:34 +0x5e
advocate/run.Run()
	/home/advocate/Advocate/Experiments/Advocate/advocate/run/run.go:100 +0x5b5
main.main()
	/home/advocate/Advocate/Experiments/Advocate/advocate/main.go:28 +0x1c
2026/06/05 16:26:48 [31mNot enough RAM[0m
2026/06/05 16:26:48 goroutine 20 [running]:
advocate/utils/control.printAllGoroutines()
	/home/advocate/Advocate/Experiments/Advocate/advocate/utils/control/utils.go:20 +0x3d
advocate/utils/control.cancelRAM(0x77cd50, 0x77cd48, 0x77cd58)
	/home/advocate/Advocate/Experiments/Advocate/advocate/utils/control/memory.go:109 +0x6e
advocate/utils/control.Supervisor(0x77cd50, 0x77cd48, 0x77cd58)
	/home/advocate/Advocate/Experiments/Advocate/advocate/utils/control/memory.go:79 +0x12f
created by advocate/run.Run in goroutine 1
	/home/advocate/Advocate/Experiments/Advocate/advocate/run/run.go:63 +0x26f

goroutine 1 [runnable]:
advocate/trace.(*ElementMutex).GetVC(0x2aaafe30ec70?)
	/home/advocate/Advocate/Experiments/Advocate/advocate/trace/mutex.go:261 +0x4
advocate/analysis/analysis/scenarios.buildResidualGraph({0x2aab06692000, 0x186a2, 0x2aaaee286b68?}, {0x2aab0685e000, 0x186a2, 0x1?})
	/home/advocate/Advocate/Experiments/Advocate/advocate/analysis/analysis/scenarios/graph.go:60 +0x471
advocate/analysis/analysis/scenarios.CheckForUnlockBeforeLock()
	/home/advocate/Advocate/Experiments/Advocate/advocate/analysis/analysis/scenarios/unlockBeforeLock.go:75 +0x2b5
advocate/analysis/analysis.RunHBAnalysis(0x1)
	/home/advocate/Advocate/Experiments/Advocate/advocate/analysis/analysis/analysis.go:262 +0xc9b
advocate/analysis/analysis.RunAnalysis(0x1)
	/home/advocate/Advocate/Experiments/Advocate/advocate/analysis/analysis/analysis.go:63 +0x105
advocate/toolchain.runAnalyzer({0x2aaaed6fe100, 0x74}, {0x2aaaed6fe200?, 0x66?}, {0x2aaaed6fe180, 0x7a}, {0x2aaaed6fe280, 0x75}, 0x0, {0x2aaaee144080, ...}, ...)
	/home/advocate/Advocate/Experiments/Advocate/advocate/toolchain/analyzer.go:78 +0x43b
advocate/toolchain.unitTestAnalyzer({0x2aaaed1921c0, 0x66}, {0x760f26?, 0x2aaaed182048?}, 0x0, {0x2aaaee144080, 0x7e}, {0x2aaaeda20502, 0x13})
	/home/advocate/Advocate/Experiments/Advocate/advocate/toolchain/fullWorkflowUnit.go:619 +0x25c
advocate/toolchain.unitTestFullWorkflow({0x2aaaed1f0000?, 0x2c}, {0x7ffcdd7ec10d, 0x4c}, 0x1, 0x1, 0x1, {0x2aaaeda20502, 0x13}, {0x2aaaed1d0140, ...}, ...)
	/home/advocate/Advocate/Experiments/Advocate/advocate/toolchain/fullWorkflowUnit.go:479 +0x625
advocate/toolchain.runWorkflowUnit({0x7ffcdd7ec10d, 0x4c}, 0x1, 0x1, 0x1, {0x2aaaed2a2480, 0x7e}, 0x0, {0x0, 0x0}, ...)
	/home/advocate/Advocate/Experiments/Advocate/advocate/toolchain/fullWorkflowUnit.go:171 +0x1190
advocate/toolchain.Run({0x75dd74, 0x4}, {0x2aaaed2a2480, 0x7e}, 0x1, 0x1, 0x1, 0x0, {0x0, 0x0}, ...)
	/home/advocate/Advocate/Experiments/Advocate/advocate/toolchain/toolchain.go:72 +0x389
advocate/fuzzing.runFuzzing({0x2aaaed2a2480, 0x7e}, 0x0, 0x31, 0x1)
	/home/advocate/Advocate/Experiments/Advocate/advocate/fuzzing/fuzzing.go:217 +0x57b
advocate/fuzzing.Fuzzing()
	/home/advocate/Advocate/Experiments/Advocate/advocate/fuzzing/fuzzing.go:135 +0xea5
advocate/run.modeFuzzing()
	/home/advocate/Advocate/Experiments/Advocate/advocate/run/modes.go:34 +0x5e
advocate/run.Run()
	/home/advocate/Advocate/Experiments/Advocate/advocate/run/run.go:100 +0x5b5
main.main()
	/home/advocate/Advocate/Experiments/Advocate/advocate/main.go:28 +0x1c
2026/06/05 16:26:57 [31mNot enough RAM[0m
2026/06/05 16:26:57 goroutine 20 [running]:
advocate/utils/control.printAllGoroutines()
	/home/advocate/Advocate/Experiments/Advocate/advocate/utils/control/utils.go:20 +0x3d
advocate/utils/control.cancelRAM(0x77cd50, 0x77cd48, 0x77cd58)
	/home/advocate/Advocate/Experiments/Advocate/advocate/utils/control/memory.go:109 +0x6e
advocate/utils/control.Supervisor(0x77cd50, 0x77cd48, 0x77cd58)
	/home/advocate/Advocate/Experiments/Advocate/advocate/utils/control/memory.go:79 +0x12f
created by advocate/run.Run in goroutine 1
	/home/advocate/Advocate/Experiments/Advocate/advocate/run/run.go:63 +0x26f

goroutine 1 [runnable]:
advocate/analysis/hb/clock.(*VectorClock).GetValue(...)
	/home/advocate/Advocate/Experiments/Advocate/advocate/analysis/hb/clock/vc.go:97
advocate/analysis/hb/clock.happensBefore(0x2aaafca81890, 0x2aab00460bc0)
	/home/advocate/Advocate/Experiments/Advocate/advocate/analysis/hb/clock/hb.go:29 +0xe6
advocate/analysis/hb/clock.GetHappensBefore(0x2aab00460bc0, 0x2aaafca81890)
	/home/advocate/Advocate/Experiments/Advocate/advocate/analysis/hb/clock/hb.go:77 +0x47
advocate/analysis/analysis/scenarios.buildResidualGraph({0x2aab06692000, 0x186a2, 0x2aaaee286b68?}, {0x2aab0685e000, 0x186a2, 0x1?})
	/home/advocate/Advocate/Experiments/Advocate/advocate/analysis/analysis/scenarios/graph.go:60 +0x49f
advocate/analysis/analysis/scenarios.CheckForUnlockBeforeLock()
	/home/advocate/Advocate/Experiments/Advocate/advocate/analysis/analysis/scenarios/unlockBeforeLock.go:75 +0x2b5
advocate/analysis/analysis.RunHBAnalysis(0x1)
	/home/advocate/Advocate/Experiments/Advocate/advocate/analysis/analysis/analysis.go:262 +0xc9b
advocate/analysis/analysis.RunAnalysis(0x1)
	/home/advocate/Advocate/Experiments/Advocate/advocate/analysis/analysis/analysis.go:63 +0x105
advocate/toolchain.runAnalyzer({0x2aaaed6fe100, 0x74}, {0x2aaaed6fe200?, 0x66?}, {0x2aaaed6fe180, 0x7a}, {0x2aaaed6fe280, 0x75}, 0x0, {0x2aaaee144080, ...}, ...)
	/home/advocate/Advocate/Experiments/Advocate/advocate/toolchain/analyzer.go:78 +0x43b
advocate/toolchain.unitTestAnalyzer({0x2aaaed1921c0, 0x66}, {0x760f26?, 0x2aaaed182048?}, 0x0, {0x2aaaee144080, 0x7e}, {0x2aaaeda20502, 0x13})
	/home/advocate/Advocate/Experiments/Advocate/advocate/toolchain/fullWorkflowUnit.go:619 +0x25c
advocate/toolchain.unitTestFullWorkflow({0x2aaaed1f0000?, 0x2c}, {0x7ffcdd7ec10d, 0x4c}, 0x1, 0x1, 0x1, {0x2aaaeda20502, 0x13}, {0x2aaaed1d0140, ...}, ...)
	/home/advocate/Advocate/Experiments/Advocate/advocate/toolchain/fullWorkflowUnit.go:479 +0x625
advocate/toolchain.runWorkflowUnit({0x7ffcdd7ec10d, 0x4c}, 0x1, 0x1, 0x1, {0x2aaaed2a2480, 0x7e}, 0x0, {0x0, 0x0}, ...)
	/home/advocate/Advocate/Experiments/Advocate/advocate/toolchain/fullWorkflowUnit.go:171 +0x1190
advocate/toolchain.Run({0x75dd74, 0x4}, {0x2aaaed2a2480, 0x7e}, 0x1, 0x1, 0x1, 0x0, {0x0, 0x0}, ...)
	/home/advocate/Advocate/Experiments/Advocate/advocate/toolchain/toolchain.go:72 +0x389
advocate/fuzzing.runFuzzing({0x2aaaed2a2480, 0x7e}, 0x0, 0x31, 0x1)
	/home/advocate/Advocate/Experiments/Advocate/advocate/fuzzing/fuzzing.go:217 +0x57b
advocate/fuzzing.Fuzzing()
	/home/advocate/Advocate/Experiments/Advocate/advocate/fuzzing/fuzzing.go:135 +0xea5
advocate/run.modeFuzzing()
	/home/advocate/Advocate/Experiments/Advocate/advocate/run/modes.go:34 +0x5e
advocate/run.Run()
	/home/advocate/Advocate/Experiments/Advocate/advocate/run/run.go:100 +0x5b5
main.main()
	/home/advocate/Advocate/Experiments/Advocate/advocate/main.go:28 +0x1c
2026/06/05 16:27:06 [31mNot enough RAM[0m
2026/06/05 16:27:06 goroutine 20 [running]:
advocate/utils/control.printAllGoroutines()
	/home/advocate/Advocate/Experiments/Advocate/advocate/utils/control/utils.go:20 +0x3d
advocate/utils/control.cancelRAM(0x77cd50, 0x77cd48, 0x77cd58)
	/home/advocate/Advocate/Experiments/Advocate/advocate/utils/control/memory.go:109 +0x6e
advocate/utils/control.Supervisor(0x77cd50, 0x77cd48, 0x77cd58)
	/home/advocate/Advocate/Experiments/Advocate/advocate/utils/control/memory.go:79 +0x12f
created by advocate/run.Run in goroutine 1
	/home/advocate/Advocate/Experiments/Advocate/advocate/run/run.go:63 +0x26f

goroutine 1 [runnable]:
advocate/analysis/hb/clock.(*VectorClock).GetValue(...)
	/home/advocate/Advocate/Experiments/Advocate/advocate/analysis/hb/clock/vc.go:97
advocate/analysis/hb/clock.happensBefore(0x2aab00889b40, 0x2aaafcc20a30)
	/home/advocate/Advocate/Experiments/Advocate/advocate/analysis/hb/clock/hb.go:27 +0x65
advocate/analysis/hb/clock.GetHappensBefore(0x2aab00889b40, 0x2aaafcc20a30)
	/home/advocate/Advocate/Experiments/Advocate/advocate/analysis/hb/clock/hb.go:74 +0x34
advocate/analysis/analysis/scenarios.buildResidualGraph({0x2aab06692000, 0x186a2, 0x2aaaee286b68?}, {0x2aab0685e000, 0x186a2, 0x1?})
	/home/advocate/Advocate/Experiments/Advocate/advocate/analysis/analysis/scenarios/graph.go:60 +0x49f
advocate/analysis/analysis/scenarios.CheckForUnlockBeforeLock()
	/home/advocate/Advocate/Experiments/Advocate/advocate/analysis/analysis/scenarios/unlockBeforeLock.go:75 +0x2b5
advocate/analysis/analysis.RunHBAnalysis(0x1)
	/home/advocate/Advocate/Experiments/Advocate/advocate/analysis/analysis/analysis.go:262 +0xc9b
advocate/analysis/analysis.RunAnalysis(0x1)
	/home/advocate/Advocate/Experiments/Advocate/advocate/analysis/analysis/analysis.go:63 +0x105
advocate/toolchain.runAnalyzer({0x2aaaed6fe100, 0x74}, {0x2aaaed6fe200?, 0x66?}, {0x2aaaed6fe180, 0x7a}, {0x2aaaed6fe280, 0x75}, 0x0, {0x2aaaee144080, ...}, ...)
	/home/advocate/Advocate/Experiments/Advocate/advocate/toolchain/analyzer.go:78 +0x43b
advocate/toolchain.unitTestAnalyzer({0x2aaaed1921c0, 0x66}, {0x760f26?, 0x2aaaed182048?}, 0x0, {0x2aaaee144080, 0x7e}, {0x2aaaeda20502, 0x13})
	/home/advocate/Advocate/Experiments/Advocate/advocate/toolchain/fullWorkflowUnit.go:619 +0x25c
advocate/toolchain.unitTestFullWorkflow({0x2aaaed1f0000?, 0x2c}, {0x7ffcdd7ec10d, 0x4c}, 0x1, 0x1, 0x1, {0x2aaaeda20502, 0x13}, {0x2aaaed1d0140, ...}, ...)
	/home/advocate/Advocate/Experiments/Advocate/advocate/toolchain/fullWorkflowUnit.go:479 +0x625
advocate/toolchain.runWorkflowUnit({0x7ffcdd7ec10d, 0x4c}, 0x1, 0x1, 0x1, {0x2aaaed2a2480, 0x7e}, 0x0, {0x0, 0x0}, ...)
	/home/advocate/Advocate/Experiments/Advocate/advocate/toolchain/fullWorkflowUnit.go:171 +0x1190
advocate/toolchain.Run({0x75dd74, 0x4}, {0x2aaaed2a2480, 0x7e}, 0x1, 0x1, 0x1, 0x0, {0x0, 0x0}, ...)
	/home/advocate/Advocate/Experiments/Advocate/advocate/toolchain/toolchain.go:72 +0x389
advocate/fuzzing.runFuzzing({0x2aaaed2a2480, 0x7e}, 0x0, 0x31, 0x1)
	/home/advocate/Advocate/Experiments/Advocate/advocate/fuzzing/fuzzing.go:217 +0x57b
advocate/fuzzing.Fuzzing()
	/home/advocate/Advocate/Experiments/Advocate/advocate/fuzzing/fuzzing.go:135 +0xea5
advocate/run.modeFuzzing()
	/home/advocate/Advocate/Experiments/Advocate/advocate/run/modes.go:34 +0x5e
advocate/run.Run()
	/home/advocate/Advocate/Experiments/Advocate/advocate/run/run.go:100 +0x5b5
main.main()
	/home/advocate/Advocate/Experiments/Advocate/advocate/main.go:28 +0x1c
2026/06/05 16:27:16 [31mNot enough RAM[0m
2026/06/05 16:27:16 goroutine 20 [running]:
advocate/utils/control.printAllGoroutines()
	/home/advocate/Advocate/Experiments/Advocate/advocate/utils/control/utils.go:20 +0x3d
advocate/utils/control.cancelRAM(0x77cd50, 0x77cd48, 0x77cd58)
	/home/advocate/Advocate/Experiments/Advocate/advocate/utils/control/memory.go:109 +0x6e
advocate/utils/control.Supervisor(0x77cd50, 0x77cd48, 0x77cd58)
	/home/advocate/Advocate/Experiments/Advocate/advocate/utils/control/memory.go:79 +0x12f
created by advocate/run.Run in goroutine 1
	/home/advocate/Advocate/Experiments/Advocate/advocate/run/run.go:63 +0x26f

goroutine 1 [runnable]:
advocate/analysis/hb/clock.(*VectorClock).GetValue(...)
	/home/advocate/Advocate/Experiments/Advocate/advocate/analysis/hb/clock/vc.go:97
advocate/analysis/hb/clock.happensBefore(0x2aaaff275d20, 0x2aaafcdbce50)
	/home/advocate/Advocate/Experiments/Advocate/advocate/analysis/hb/clock/hb.go:27 +0x96
advocate/analysis/hb/clock.GetHappensBefore(0x2aaaff275d20, 0x2aaafcdbce50)
	/home/advocate/Advocate/Experiments/Advocate/advocate/analysis/hb/clock/hb.go:74 +0x34
advocate/analysis/analysis/scenarios.buildResidualGraph({0x2aab06692000, 0x186a2, 0x2aaaee286b68?}, {0x2aab0685e000, 0x186a2, 0x1?})
	/home/advocate/Advocate/Experiments/Advocate/advocate/analysis/analysis/scenarios/graph.go:60 +0x49f
advocate/analysis/analysis/scenarios.CheckForUnlockBeforeLock()
	/home/advocate/Advocate/Experiments/Advocate/advocate/analysis/analysis/scenarios/unlockBeforeLock.go:75 +0x2b5
advocate/analysis/analysis.RunHBAnalysis(0x1)
	/home/advocate/Advocate/Experiments/Advocate/advocate/analysis/analysis/analysis.go:262 +0xc9b
advocate/analysis/analysis.RunAnalysis(0x1)
	/home/advocate/Advocate/Experiments/Advocate/advocate/analysis/analysis/analysis.go:63 +0x105
advocate/toolchain.runAnalyzer({0x2aaaed6fe100, 0x74}, {0x2aaaed6fe200?, 0x66?}, {0x2aaaed6fe180, 0x7a}, {0x2aaaed6fe280, 0x75}, 0x0, {0x2aaaee144080, ...}, ...)
	/home/advocate/Advocate/Experiments/Advocate/advocate/toolchain/analyzer.go:78 +0x43b
advocate/toolchain.unitTestAnalyzer({0x2aaaed1921c0, 0x66}, {0x760f26?, 0x2aaaed182048?}, 0x0, {0x2aaaee144080, 0x7e}, {0x2aaaeda20502, 0x13})
	/home/advocate/Advocate/Experiments/Advocate/advocate/toolchain/fullWorkflowUnit.go:619 +0x25c
advocate/toolchain.unitTestFullWorkflow({0x2aaaed1f0000?, 0x2c}, {0x7ffcdd7ec10d, 0x4c}, 0x1, 0x1, 0x1, {0x2aaaeda20502, 0x13}, {0x2aaaed1d0140, ...}, ...)
	/home/advocate/Advocate/Experiments/Advocate/advocate/toolchain/fullWorkflowUnit.go:479 +0x625
advocate/toolchain.runWorkflowUnit({0x7ffcdd7ec10d, 0x4c}, 0x1, 0x1, 0x1, {0x2aaaed2a2480, 0x7e}, 0x0, {0x0, 0x0}, ...)
	/home/advocate/Advocate/Experiments/Advocate/advocate/toolchain/fullWorkflowUnit.go:171 +0x1190
advocate/toolchain.Run({0x75dd74, 0x4}, {0x2aaaed2a2480, 0x7e}, 0x1, 0x1, 0x1, 0x0, {0x0, 0x0}, ...)
	/home/advocate/Advocate/Experiments/Advocate/advocate/toolchain/toolchain.go:72 +0x389
advocate/fuzzing.runFuzzing({0x2aaaed2a2480, 0x7e}, 0x0, 0x31, 0x1)
	/home/advocate/Advocate/Experiments/Advocate/advocate/fuzzing/fuzzing.go:217 +0x57b
advocate/fuzzing.Fuzzing()
	/home/advocate/Advocate/Experiments/Advocate/advocate/fuzzing/fuzzing.go:135 +0xea5
advocate/run.modeFuzzing()
	/home/advocate/Advocate/Experiments/Advocate/advocate/run/modes.go:34 +0x5e
advocate/run.Run()
	/home/advocate/Advocate/Experiments/Advocate/advocate/run/run.go:100 +0x5b5
main.main()
	/home/advocate/Advocate/Experiments/Advocate/advocate/main.go:28 +0x1c
2026/06/05 16:27:26 [31mNot enough RAM[0m
2026/06/05 16:27:26 goroutine 20 [running]:
advocate/utils/control.printAllGoroutines()
	/home/advocate/Advocate/Experiments/Advocate/advocate/utils/control/utils.go:20 +0x3d
advocate/utils/control.cancelRAM(0x77cd50, 0x77cd48, 0x77cd58)
	/home/advocate/Advocate/Experiments/Advocate/advocate/utils/control/memory.go:109 +0x6e
advocate/utils/control.Supervisor(0x77cd50, 0x77cd48, 0x77cd58)
	/home/advocate/Advocate/Experiments/Advocate/advocate/utils/control/memory.go:79 +0x12f
created by advocate/run.Run in goroutine 1
	/home/advocate/Advocate/Experiments/Advocate/advocate/run/run.go:63 +0x26f

goroutine 1 [runnable]:
advocate/analysis/hb/clock.(*VectorClock).GetValue(...)
	/home/advocate/Advocate/Experiments/Advocate/advocate/analysis/hb/clock/vc.go:97
advocate/analysis/hb/clock.happensBefore(0x2aab00d561c0, 0x2aaafcff3890)
	/home/advocate/Advocate/Experiments/Advocate/advocate/analysis/hb/clock/hb.go:29 +0x130
advocate/analysis/hb/clock.GetHappensBefore(0x2aab00d561c0, 0x2aaafcff3890)
	/home/advocate/Advocate/Experiments/Advocate/advocate/analysis/hb/clock/hb.go:74 +0x34
advocate/analysis/analysis/scenarios.buildResidualGraph({0x2aab06692000, 0x186a2, 0x2aaaee286b68?}, {0x2aab0685e000, 0x186a2, 0x1?})
	/home/advocate/Advocate/Experiments/Advocate/advocate/analysis/analysis/scenarios/graph.go:60 +0x49f
advocate/analysis/analysis/scenarios.CheckForUnlockBeforeLock()
	/home/advocate/Advocate/Experiments/Advocate/advocate/analysis/analysis/scenarios/unlockBeforeLock.go:75 +0x2b5
advocate/analysis/analysis.RunHBAnalysis(0x1)
	/home/advocate/Advocate/Experiments/Advocate/advocate/analysis/analysis/analysis.go:262 +0xc9b
advocate/analysis/analysis.RunAnalysis(0x1)
	/home/advocate/Advocate/Experiments/Advocate/advocate/analysis/analysis/analysis.go:63 +0x105
advocate/toolchain.runAnalyzer({0x2aaaed6fe100, 0x74}, {0x2aaaed6fe200?, 0x66?}, {0x2aaaed6fe180, 0x7a}, {0x2aaaed6fe280, 0x75}, 0x0, {0x2aaaee144080, ...}, ...)
	/home/advocate/Advocate/Experiments/Advocate/advocate/toolchain/analyzer.go:78 +0x43b
advocate/toolchain.unitTestAnalyzer({0x2aaaed1921c0, 0x66}, {0x760f26?, 0x2aaaed182048?}, 0x0, {0x2aaaee144080, 0x7e}, {0x2aaaeda20502, 0x13})
	/home/advocate/Advocate/Experiments/Advocate/advocate/toolchain/fullWorkflowUnit.go:619 +0x25c
advocate/toolchain.unitTestFullWorkflow({0x2aaaed1f0000?, 0x2c}, {0x7ffcdd7ec10d, 0x4c}, 0x1, 0x1, 0x1, {0x2aaaeda20502, 0x13}, {0x2aaaed1d0140, ...}, ...)
	/home/advocate/Advocate/Experiments/Advocate/advocate/toolchain/fullWorkflowUnit.go:479 +0x625
advocate/toolchain.runWorkflowUnit({0x7ffcdd7ec10d, 0x4c}, 0x1, 0x1, 0x1, {0x2aaaed2a2480, 0x7e}, 0x0, {0x0, 0x0}, ...)
	/home/advocate/Advocate/Experiments/Advocate/advocate/toolchain/fullWorkflowUnit.go:171 +0x1190
advocate/toolchain.Run({0x75dd74, 0x4}, {0x2aaaed2a2480, 0x7e}, 0x1, 0x1, 0x1, 0x0, {0x0, 0x0}, ...)
	/home/advocate/Advocate/Experiments/Advocate/advocate/toolchain/toolchain.go:72 +0x389
advocate/fuzzing.runFuzzing({0x2aaaed2a2480, 0x7e}, 0x0, 0x31, 0x1)
	/home/advocate/Advocate/Experiments/Advocate/advocate/fuzzing/fuzzing.go:217 +0x57b
advocate/fuzzing.Fuzzing()
	/home/advocate/Advocate/Experiments/Advocate/advocate/fuzzing/fuzzing.go:135 +0xea5
advocate/run.modeFuzzing()
	/home/advocate/Advocate/Experiments/Advocate/advocate/run/modes.go:34 +0x5e
advocate/run.Run()
	/home/advocate/Advocate/Experiments/Advocate/advocate/run/run.go:100 +0x5b5
main.main()
	/home/advocate/Advocate/Experiments/Advocate/advocate/main.go:28 +0x1c
2026/06/05 16:27:36 [31mNot enough RAM[0m
2026/06/05 16:27:36 goroutine 20 [running]:
advocate/utils/control.printAllGoroutines()
	/home/advocate/Advocate/Experiments/Advocate/advocate/utils/control/utils.go:20 +0x3d
advocate/utils/control.cancelRAM(0x77cd50, 0x77cd48, 0x77cd58)
	/home/advocate/Advocate/Experiments/Advocate/advocate/utils/control/memory.go:109 +0x6e
advocate/utils/control.Supervisor(0x77cd50, 0x77cd48, 0x77cd58)
	/home/advocate/Advocate/Experiments/Advocate/advocate/utils/control/memory.go:79 +0x12f
created by advocate/run.Run in goroutine 1
	/home/advocate/Advocate/Experiments/Advocate/advocate/run/run.go:63 +0x26f

goroutine 1 [runnable]:
advocate/analysis/hb/clock.(*VectorClock).GetValue(...)
	/home/advocate/Advocate/Experiments/Advocate/advocate/analysis/hb/clock/vc.go:97
advocate/analysis/hb/clock.happensBefore(0x2aaaf99cf6b0, 0x2aaafd201420)
	/home/advocate/Advocate/Experiments/Advocate/advocate/analysis/hb/clock/hb.go:29 +0xe6
advocate/analysis/hb/clock.GetHappensBefore(0x2aaaf99cf6b0, 0x2aaafd201420)
	/home/advocate/Advocate/Experiments/Advocate/advocate/analysis/hb/clock/hb.go:74 +0x34
advocate/analysis/analysis/scenarios.buildResidualGraph({0x2aab06692000, 0x186a2, 0x2aaaee286b68?}, {0x2aab0685e000, 0x186a2, 0x1?})
	/home/advocate/Advocate/Experiments/Advocate/advocate/analysis/analysis/scenarios/graph.go:60 +0x49f
advocate/analysis/analysis/scenarios.CheckForUnlockBeforeLock()
	/home/advocate/Advocate/Experiments/Advocate/advocate/analysis/analysis/scenarios/unlockBeforeLock.go:75 +0x2b5
advocate/analysis/analysis.RunHBAnalysis(0x1)
	/home/advocate/Advocate/Experiments/Advocate/advocate/analysis/analysis/analysis.go:262 +0xc9b
advocate/analysis/analysis.RunAnalysis(0x1)
	/home/advocate/Advocate/Experiments/Advocate/advocate/analysis/analysis/analysis.go:63 +0x105
advocate/toolchain.runAnalyzer({0x2aaaed6fe100, 0x74}, {0x2aaaed6fe200?, 0x66?}, {0x2aaaed6fe180, 0x7a}, {0x2aaaed6fe280, 0x75}, 0x0, {0x2aaaee144080, ...}, ...)
	/home/advocate/Advocate/Experiments/Advocate/advocate/toolchain/analyzer.go:78 +0x43b
advocate/toolchain.unitTestAnalyzer({0x2aaaed1921c0, 0x66}, {0x760f26?, 0x2aaaed182048?}, 0x0, {0x2aaaee144080, 0x7e}, {0x2aaaeda20502, 0x13})
	/home/advocate/Advocate/Experiments/Advocate/advocate/toolchain/fullWorkflowUnit.go:619 +0x25c
advocate/toolchain.unitTestFullWorkflow({0x2aaaed1f0000?, 0x2c}, {0x7ffcdd7ec10d, 0x4c}, 0x1, 0x1, 0x1, {0x2aaaeda20502, 0x13}, {0x2aaaed1d0140, ...}, ...)
	/home/advocate/Advocate/Experiments/Advocate/advocate/toolchain/fullWorkflowUnit.go:479 +0x625
advocate/toolchain.runWorkflowUnit({0x7ffcdd7ec10d, 0x4c}, 0x1, 0x1, 0x1, {0x2aaaed2a2480, 0x7e}, 0x0, {0x0, 0x0}, ...)
	/home/advocate/Advocate/Experiments/Advocate/advocate/toolchain/fullWorkflowUnit.go:171 +0x1190
advocate/toolchain.Run({0x75dd74, 0x4}, {0x2aaaed2a2480, 0x7e}, 0x1, 0x1, 0x1, 0x0, {0x0, 0x0}, ...)
	/home/advocate/Advocate/Experiments/Advocate/advocate/toolchain/toolchain.go:72 +0x389
advocate/fuzzing.runFuzzing({0x2aaaed2a2480, 0x7e}, 0x0, 0x31, 0x1)
	/home/advocate/Advocate/Experiments/Advocate/advocate/fuzzing/fuzzing.go:217 +0x57b
advocate/fuzzing.Fuzzing()
	/home/advocate/Advocate/Experiments/Advocate/advocate/fuzzing/fuzzing.go:135 +0xea5
advocate/run.modeFuzzing()
	/home/advocate/Advocate/Experiments/Advocate/advocate/run/modes.go:34 +0x5e
advocate/run.Run()
	/home/advocate/Advocate/Experiments/Advocate/advocate/run/run.go:100 +0x5b5
main.main()
	/home/advocate/Advocate/Experiments/Advocate/advocate/main.go:28 +0x1c
2026/06/05 16:27:46 [31mNot enough RAM[0m
2026/06/05 16:27:46 goroutine 20 [running]:
advocate/utils/control.printAllGoroutines()
	/home/advocate/Advocate/Experiments/Advocate/advocate/utils/control/utils.go:20 +0x3d
advocate/utils/control.cancelRAM(0x77cd50, 0x77cd48, 0x77cd58)
	/home/advocate/Advocate/Experiments/Advocate/advocate/utils/control/memory.go:109 +0x6e
advocate/utils/control.Supervisor(0x77cd50, 0x77cd48, 0x77cd58)
	/home/advocate/Advocate/Experiments/Advocate/advocate/utils/control/memory.go:79 +0x12f
created by advocate/run.Run in goroutine 1
	/home/advocate/Advocate/Experiments/Advocate/advocate/run/run.go:63 +0x26f

goroutine 1 [runnable]:
advocate/analysis/hb/clock.(*VectorClock).GetValue(...)
	/home/advocate/Advocate/Experiments/Advocate/advocate/analysis/hb/clock/vc.go:97
advocate/analysis/hb/clock.happensBefore(0x2aaafc854380, 0x2aaafd3c0f30)
	/home/advocate/Advocate/Experiments/Advocate/advocate/analysis/hb/clock/hb.go:29 +0x130
advocate/analysis/hb/clock.GetHappensBefore(0x2aaafc854380, 0x2aaafd3c0f30)
	/home/advocate/Advocate/Experiments/Advocate/advocate/analysis/hb/clock/hb.go:74 +0x34
advocate/analysis/analysis/scenarios.buildResidualGraph({0x2aab06692000, 0x186a2, 0x2aaaee286b68?}, {0x2aab0685e000, 0x186a2, 0x1?})
	/home/advocate/Advocate/Experiments/Advocate/advocate/analysis/analysis/scenarios/graph.go:60 +0x49f
advocate/analysis/analysis/scenarios.CheckForUnlockBeforeLock()
	/home/advocate/Advocate/Experiments/Advocate/advocate/analysis/analysis/scenarios/unlockBeforeLock.go:75 +0x2b5
advocate/analysis/analysis.RunHBAnalysis(0x1)
	/home/advocate/Advocate/Experiments/Advocate/advocate/analysis/analysis/analysis.go:262 +0xc9b
advocate/analysis/analysis.RunAnalysis(0x1)
	/home/advocate/Advocate/Experiments/Advocate/advocate/analysis/analysis/analysis.go:63 +0x105
advocate/toolchain.runAnalyzer({0x2aaaed6fe100, 0x74}, {0x2aaaed6fe200?, 0x66?}, {0x2aaaed6fe180, 0x7a}, {0x2aaaed6fe280, 0x75}, 0x0, {0x2aaaee144080, ...}, ...)
	/home/advocate/Advocate/Experiments/Advocate/advocate/toolchain/analyzer.go:78 +0x43b
advocate/toolchain.unitTestAnalyzer({0x2aaaed1921c0, 0x66}, {0x760f26?, 0x2aaaed182048?}, 0x0, {0x2aaaee144080, 0x7e}, {0x2aaaeda20502, 0x13})
	/home/advocate/Advocate/Experiments/Advocate/advocate/toolchain/fullWorkflowUnit.go:619 +0x25c
advocate/toolchain.unitTestFullWorkflow({0x2aaaed1f0000?, 0x2c}, {0x7ffcdd7ec10d, 0x4c}, 0x1, 0x1, 0x1, {0x2aaaeda20502, 0x13}, {0x2aaaed1d0140, ...}, ...)
	/home/advocate/Advocate/Experiments/Advocate/advocate/toolchain/fullWorkflowUnit.go:479 +0x625
advocate/toolchain.runWorkflowUnit({0x7ffcdd7ec10d, 0x4c}, 0x1, 0x1, 0x1, {0x2aaaed2a2480, 0x7e}, 0x0, {0x0, 0x0}, ...)
	/home/advocate/Advocate/Experiments/Advocate/advocate/toolchain/fullWorkflowUnit.go:171 +0x1190
advocate/toolchain.Run({0x75dd74, 0x4}, {0x2aaaed2a2480, 0x7e}, 0x1, 0x1, 0x1, 0x0, {0x0, 0x0}, ...)
	/home/advocate/Advocate/Experiments/Advocate/advocate/toolchain/toolchain.go:72 +0x389
advocate/fuzzing.runFuzzing({0x2aaaed2a2480, 0x7e}, 0x0, 0x31, 0x1)
	/home/advocate/Advocate/Experiments/Advocate/advocate/fuzzing/fuzzing.go:217 +0x57b
advocate/fuzzing.Fuzzing()
	/home/advocate/Advocate/Experiments/Advocate/advocate/fuzzing/fuzzing.go:135 +0xea5
advocate/run.modeFuzzing()
	/home/advocate/Advocate/Experiments/Advocate/advocate/run/modes.go:34 +0x5e
advocate/run.Run()
	/home/advocate/Advocate/Experiments/Advocate/advocate/run/run.go:100 +0x5b5
main.main()
	/home/advocate/Advocate/Experiments/Advocate/advocate/main.go:28 +0x1c
2026/06/05 16:27:57 [31mNot enough RAM[0m
2026/06/05 16:27:57 goroutine 20 [running]:
advocate/utils/control.printAllGoroutines()
	/home/advocate/Advocate/Experiments/Advocate/advocate/utils/control/utils.go:20 +0x3d
advocate/utils/control.cancelRAM(0x77cd50, 0x77cd48, 0x77cd58)
	/home/advocate/Advocate/Experiments/Advocate/advocate/utils/control/memory.go:109 +0x6e
advocate/utils/control.Supervisor(0x77cd50, 0x77cd48, 0x77cd58)
	/home/advocate/Advocate/Experiments/Advocate/advocate/utils/control/memory.go:79 +0x12f
created by advocate/run.Run in goroutine 1
	/home/advocate/Advocate/Experiments/Advocate/advocate/run/run.go:63 +0x26f

goroutine 1 [runnable]:
advocate/analysis/hb/clock.(*VectorClock).GetValue(...)
	/home/advocate/Advocate/Experiments/Advocate/advocate/analysis/hb/clock/vc.go:97
advocate/analysis/hb/clock.happensBefore(0x2aaafd205be0, 0x2aaafd5721d0)
	/home/advocate/Advocate/Experiments/Advocate/advocate/analysis/hb/clock/hb.go:27 +0x96
advocate/analysis/hb/clock.GetHappensBefore(0x2aaafd205be0, 0x2aaafd5721d0)
	/home/advocate/Advocate/Experiments/Advocate/advocate/analysis/hb/clock/hb.go:74 +0x34
advocate/analysis/analysis/scenarios.buildResidualGraph({0x2aab06692000, 0x186a2, 0x2aaaee286b68?}, {0x2aab0685e000, 0x186a2, 0x1?})
	/home/advocate/Advocate/Experiments/Advocate/advocate/analysis/analysis/scenarios/graph.go:60 +0x49f
advocate/analysis/analysis/scenarios.CheckForUnlockBeforeLock()
	/home/advocate/Advocate/Experiments/Advocate/advocate/analysis/analysis/scenarios/unlockBeforeLock.go:75 +0x2b5
advocate/analysis/analysis.RunHBAnalysis(0x1)
	/home/advocate/Advocate/Experiments/Advocate/advocate/analysis/analysis/analysis.go:262 +0xc9b
advocate/analysis/analysis.RunAnalysis(0x1)
	/home/advocate/Advocate/Experiments/Advocate/advocate/analysis/analysis/analysis.go:63 +0x105
advocate/toolchain.runAnalyzer({0x2aaaed6fe100, 0x74}, {0x2aaaed6fe200?, 0x66?}, {0x2aaaed6fe180, 0x7a}, {0x2aaaed6fe280, 0x75}, 0x0, {0x2aaaee144080, ...}, ...)
	/home/advocate/Advocate/Experiments/Advocate/advocate/toolchain/analyzer.go:78 +0x43b
advocate/toolchain.unitTestAnalyzer({0x2aaaed1921c0, 0x66}, {0x760f26?, 0x2aaaed182048?}, 0x0, {0x2aaaee144080, 0x7e}, {0x2aaaeda20502, 0x13})
	/home/advocate/Advocate/Experiments/Advocate/advocate/toolchain/fullWorkflowUnit.go:619 +0x25c
advocate/toolchain.unitTestFullWorkflow({0x2aaaed1f0000?, 0x2c}, {0x7ffcdd7ec10d, 0x4c}, 0x1, 0x1, 0x1, {0x2aaaeda20502, 0x13}, {0x2aaaed1d0140, ...}, ...)
	/home/advocate/Advocate/Experiments/Advocate/advocate/toolchain/fullWorkflowUnit.go:479 +0x625
advocate/toolchain.runWorkflowUnit({0x7ffcdd7ec10d, 0x4c}, 0x1, 0x1, 0x1, {0x2aaaed2a2480, 0x7e}, 0x0, {0x0, 0x0}, ...)
	/home/advocate/Advocate/Experiments/Advocate/advocate/toolchain/fullWorkflowUnit.go:171 +0x1190
advocate/toolchain.Run({0x75dd74, 0x4}, {0x2aaaed2a2480, 0x7e}, 0x1, 0x1, 0x1, 0x0, {0x0, 0x0}, ...)
	/home/advocate/Advocate/Experiments/Advocate/advocate/toolchain/toolchain.go:72 +0x389
advocate/fuzzing.runFuzzing({0x2aaaed2a2480, 0x7e}, 0x0, 0x31, 0x1)
	/home/advocate/Advocate/Experiments/Advocate/advocate/fuzzing/fuzzing.go:217 +0x57b
advocate/fuzzing.Fuzzing()
	/home/advocate/Advocate/Experiments/Advocate/advocate/fuzzing/fuzzing.go:135 +0xea5
advocate/run.modeFuzzing()
	/home/advocate/Advocate/Experiments/Advocate/advocate/run/modes.go:34 +0x5e
advocate/run.Run()
	/home/advocate/Advocate/Experiments/Advocate/advocate/run/run.go:100 +0x5b5
main.main()
	/home/advocate/Advocate/Experiments/Advocate/advocate/main.go:28 +0x1c
2026/06/05 16:28:07 [31mNot enough RAM[0m
2026/06/05 16:28:07 goroutine 20 [running]:
advocate/utils/control.printAllGoroutines()
	/home/advocate/Advocate/Experiments/Advocate/advocate/utils/control/utils.go:20 +0x3d
advocate/utils/control.cancelRAM(0x77cd50, 0x77cd48, 0x77cd58)
	/home/advocate/Advocate/Experiments/Advocate/advocate/utils/control/memory.go:109 +0x6e
advocate/utils/control.Supervisor(0x77cd50, 0x77cd48, 0x77cd58)
	/home/advocate/Advocate/Experiments/Advocate/advocate/utils/control/memory.go:79 +0x12f
created by advocate/run.Run in goroutine 1
	/home/advocate/Advocate/Experiments/Advocate/advocate/run/run.go:63 +0x26f

goroutine 1 [runnable]:
advocate/analysis/hb/clock.(*VectorClock).GetValue(...)
	/home/advocate/Advocate/Experiments/Advocate/advocate/analysis/hb/clock/vc.go:97
advocate/analysis/hb/clock.happensBefore(0x2aaaff309250, 0x2aaafd6c88b0)
	/home/advocate/Advocate/Experiments/Advocate/advocate/analysis/hb/clock/hb.go:29 +0xe6
advocate/analysis/hb/clock.GetHappensBefore(0x2aaaff309250, 0x2aaafd6c88b0)
	/home/advocate/Advocate/Experiments/Advocate/advocate/analysis/hb/clock/hb.go:74 +0x34
advocate/analysis/analysis/scenarios.buildResidualGraph({0x2aab06692000, 0x186a2, 0x2aaaee286b68?}, {0x2aab0685e000, 0x186a2, 0x1?})
	/home/advocate/Advocate/Experiments/Advocate/advocate/analysis/analysis/scenarios/graph.go:60 +0x49f
advocate/analysis/analysis/scenarios.CheckForUnlockBeforeLock()
	/home/advocate/Advocate/Experiments/Advocate/advocate/analysis/analysis/scenarios/unlockBeforeLock.go:75 +0x2b5
advocate/analysis/analysis.RunHBAnalysis(0x1)
	/home/advocate/Advocate/Experiments/Advocate/advocate/analysis/analysis/analysis.go:262 +0xc9b
advocate/analysis/analysis.RunAnalysis(0x1)
	/home/advocate/Advocate/Experiments/Advocate/advocate/analysis/analysis/analysis.go:63 +0x105
advocate/toolchain.runAnalyzer({0x2aaaed6fe100, 0x74}, {0x2aaaed6fe200?, 0x66?}, {0x2aaaed6fe180, 0x7a}, {0x2aaaed6fe280, 0x75}, 0x0, {0x2aaaee144080, ...}, ...)
	/home/advocate/Advocate/Experiments/Advocate/advocate/toolchain/analyzer.go:78 +0x43b
advocate/toolchain.unitTestAnalyzer({0x2aaaed1921c0, 0x66}, {0x760f26?, 0x2aaaed182048?}, 0x0, {0x2aaaee144080, 0x7e}, {0x2aaaeda20502, 0x13})
	/home/advocate/Advocate/Experiments/Advocate/advocate/toolchain/fullWorkflowUnit.go:619 +0x25c
advocate/toolchain.unitTestFullWorkflow({0x2aaaed1f0000?, 0x2c}, {0x7ffcdd7ec10d, 0x4c}, 0x1, 0x1, 0x1, {0x2aaaeda20502, 0x13}, {0x2aaaed1d0140, ...}, ...)
	/home/advocate/Advocate/Experiments/Advocate/advocate/toolchain/fullWorkflowUnit.go:479 +0x625
advocate/toolchain.runWorkflowUnit({0x7ffcdd7ec10d, 0x4c}, 0x1, 0x1, 0x1, {0x2aaaed2a2480, 0x7e}, 0x0, {0x0, 0x0}, ...)
	/home/advocate/Advocate/Experiments/Advocate/advocate/toolchain/fullWorkflowUnit.go:171 +0x1190
advocate/toolchain.Run({0x75dd74, 0x4}, {0x2aaaed2a2480, 0x7e}, 0x1, 0x1, 0x1, 0x0, {0x0, 0x0}, ...)
	/home/advocate/Advocate/Experiments/Advocate/advocate/toolchain/toolchain.go:72 +0x389
advocate/fuzzing.runFuzzing({0x2aaaed2a2480, 0x7e}, 0x0, 0x31, 0x1)
	/home/advocate/Advocate/Experiments/Advocate/advocate/fuzzing/fuzzing.go:217 +0x57b
advocate/fuzzing.Fuzzing()
	/home/advocate/Advocate/Experiments/Advocate/advocate/fuzzing/fuzzing.go:135 +0xea5
advocate/run.modeFuzzing()
	/home/advocate/Advocate/Experiments/Advocate/advocate/run/modes.go:34 +0x5e
advocate/run.Run()
	/home/advocate/Advocate/Experiments/Advocate/advocate/run/run.go:100 +0x5b5
main.main()
	/home/advocate/Advocate/Experiments/Advocate/advocate/main.go:28 +0x1c
2026/06/05 16:28:19 [31mNot enough RAM[0m
2026/06/05 16:28:19 goroutine 20 [running]:
advocate/utils/control.printAllGoroutines()
	/home/advocate/Advocate/Experiments/Advocate/advocate/utils/control/utils.go:20 +0x3d
advocate/utils/control.cancelRAM(0x77cd50, 0x77cd48, 0x77cd58)
	/home/advocate/Advocate/Experiments/Advocate/advocate/utils/control/memory.go:109 +0x6e
advocate/utils/control.Supervisor(0x77cd50, 0x77cd48, 0x77cd58)
	/home/advocate/Advocate/Experiments/Advocate/advocate/utils/control/memory.go:79 +0x12f
created by advocate/run.Run in goroutine 1
	/home/advocate/Advocate/Experiments/Advocate/advocate/run/run.go:63 +0x26f

goroutine 1 [runnable]:
advocate/analysis/hb/clock.(*VectorClock).GetValue(...)
	/home/advocate/Advocate/Experiments/Advocate/advocate/analysis/hb/clock/vc.go:97
advocate/analysis/hb/clock.happensBefore(0x2aab00b13850, 0x2aaafbdface0)
	/home/advocate/Advocate/Experiments/Advocate/advocate/analysis/hb/clock/hb.go:27 +0x96
advocate/analysis/hb/clock.GetHappensBefore(0x2aab00b13850, 0x2aaafbdface0)
	/home/advocate/Advocate/Experiments/Advocate/advocate/analysis/hb/clock/hb.go:74 +0x34
advocate/analysis/analysis/scenarios.buildResidualGraph({0x2aab06692000, 0x186a2, 0x2aaaee286b68?}, {0x2aab0685e000, 0x186a2, 0x1?})
	/home/advocate/Advocate/Experiments/Advocate/advocate/analysis/analysis/scenarios/graph.go:60 +0x49f
advocate/analysis/analysis/scenarios.CheckForUnlockBeforeLock()
	/home/advocate/Advocate/Experiments/Advocate/advocate/analysis/analysis/scenarios/unlockBeforeLock.go:75 +0x2b5
advocate/analysis/analysis.RunHBAnalysis(0x1)
	/home/advocate/Advocate/Experiments/Advocate/advocate/analysis/analysis/analysis.go:262 +0xc9b
advocate/analysis/analysis.RunAnalysis(0x1)
	/home/advocate/Advocate/Experiments/Advocate/advocate/analysis/analysis/analysis.go:63 +0x105
advocate/toolchain.runAnalyzer({0x2aaaed6fe100, 0x74}, {0x2aaaed6fe200?, 0x66?}, {0x2aaaed6fe180, 0x7a}, {0x2aaaed6fe280, 0x75}, 0x0, {0x2aaaee144080, ...}, ...)
	/home/advocate/Advocate/Experiments/Advocate/advocate/toolchain/analyzer.go:78 +0x43b
advocate/toolchain.unitTestAnalyzer({0x2aaaed1921c0, 0x66}, {0x760f26?, 0x2aaaed182048?}, 0x0, {0x2aaaee144080, 0x7e}, {0x2aaaeda20502, 0x13})
	/home/advocate/Advocate/Experiments/Advocate/advocate/toolchain/fullWorkflowUnit.go:619 +0x25c
advocate/toolchain.unitTestFullWorkflow({0x2aaaed1f0000?, 0x2c}, {0x7ffcdd7ec10d, 0x4c}, 0x1, 0x1, 0x1, {0x2aaaeda20502, 0x13}, {0x2aaaed1d0140, ...}, ...)
	/home/advocate/Advocate/Experiments/Advocate/advocate/toolchain/fullWorkflowUnit.go:479 +0x625
advocate/toolchain.runWorkflowUnit({0x7ffcdd7ec10d, 0x4c}, 0x1, 0x1, 0x1, {0x2aaaed2a2480, 0x7e}, 0x0, {0x0, 0x0}, ...)
	/home/advocate/Advocate/Experiments/Advocate/advocate/toolchain/fullWorkflowUnit.go:171 +0x1190
advocate/toolchain.Run({0x75dd74, 0x4}, {0x2aaaed2a2480, 0x7e}, 0x1, 0x1, 0x1, 0x0, {0x0, 0x0}, ...)
	/home/advocate/Advocate/Experiments/Advocate/advocate/toolchain/toolchain.go:72 +0x389
advocate/fuzzing.runFuzzing({0x2aaaed2a2480, 0x7e}, 0x0, 0x31, 0x1)
	/home/advocate/Advocate/Experiments/Advocate/advocate/fuzzing/fuzzing.go:217 +0x57b
advocate/fuzzing.Fuzzing()
	/home/advocate/Advocate/Experiments/Advocate/advocate/fuzzing/fuzzing.go:135 +0xea5
advocate/run.modeFuzzing()
	/home/advocate/Advocate/Experiments/Advocate/advocate/run/modes.go:34 +0x5e
advocate/run.Run()
	/home/advocate/Advocate/Experiments/Advocate/advocate/run/run.go:100 +0x5b5
main.main()
	/home/advocate/Advocate/Experiments/Advocate/advocate/main.go:28 +0x1c
2026/06/05 16:28:29 [31mNot enough RAM[0m
2026/06/05 16:28:29 goroutine 20 [running]:
advocate/utils/control.printAllGoroutines()
	/home/advocate/Advocate/Experiments/Advocate/advocate/utils/control/utils.go:20 +0x3d
advocate/utils/control.cancelRAM(0x77cd50, 0x77cd48, 0x77cd58)
	/home/advocate/Advocate/Experiments/Advocate/advocate/utils/control/memory.go:109 +0x6e
advocate/utils/control.Supervisor(0x77cd50, 0x77cd48, 0x77cd58)
	/home/advocate/Advocate/Experiments/Advocate/advocate/utils/control/memory.go:79 +0x12f
created by advocate/run.Run in goroutine 1
	/home/advocate/Advocate/Experiments/Advocate/advocate/run/run.go:63 +0x26f

goroutine 1 [runnable]:
advocate/analysis/hb/clock.(*VectorClock).GetValue(...)
	/home/advocate/Advocate/Experiments/Advocate/advocate/analysis/hb/clock/vc.go:97
advocate/analysis/hb/clock.happensBefore(0x2aaafb4fcb50, 0x2aaafc0d0b50)
	/home/advocate/Advocate/Experiments/Advocate/advocate/analysis/hb/clock/hb.go:29 +0x130
advocate/analysis/hb/clock.GetHappensBefore(0x2aaafb4fcb50, 0x2aaafc0d0b50)
	/home/advocate/Advocate/Experiments/Advocate/advocate/analysis/hb/clock/hb.go:74 +0x34
advocate/analysis/analysis/scenarios.buildResidualGraph({0x2aab06692000, 0x186a2, 0x2aaaee286b68?}, {0x2aab0685e000, 0x186a2, 0x1?})
	/home/advocate/Advocate/Experiments/Advocate/advocate/analysis/analysis/scenarios/graph.go:60 +0x49f
advocate/analysis/analysis/scenarios.CheckForUnlockBeforeLock()
	/home/advocate/Advocate/Experiments/Advocate/advocate/analysis/analysis/scenarios/unlockBeforeLock.go:75 +0x2b5
advocate/analysis/analysis.RunHBAnalysis(0x1)
	/home/advocate/Advocate/Experiments/Advocate/advocate/analysis/analysis/analysis.go:262 +0xc9b
advocate/analysis/analysis.RunAnalysis(0x1)
	/home/advocate/Advocate/Experiments/Advocate/advocate/analysis/analysis/analysis.go:63 +0x105
advocate/toolchain.runAnalyzer({0x2aaaed6fe100, 0x74}, {0x2aaaed6fe200?, 0x66?}, {0x2aaaed6fe180, 0x7a}, {0x2aaaed6fe280, 0x75}, 0x0, {0x2aaaee144080, ...}, ...)
	/home/advocate/Advocate/Experiments/Advocate/advocate/toolchain/analyzer.go:78 +0x43b
advocate/toolchain.unitTestAnalyzer({0x2aaaed1921c0, 0x66}, {0x760f26?, 0x2aaaed182048?}, 0x0, {0x2aaaee144080, 0x7e}, {0x2aaaeda20502, 0x13})
	/home/advocate/Advocate/Experiments/Advocate/advocate/toolchain/fullWorkflowUnit.go:619 +0x25c
advocate/toolchain.unitTestFullWorkflow({0x2aaaed1f0000?, 0x2c}, {0x7ffcdd7ec10d, 0x4c}, 0x1, 0x1, 0x1, {0x2aaaeda20502, 0x13}, {0x2aaaed1d0140, ...}, ...)
	/home/advocate/Advocate/Experiments/Advocate/advocate/toolchain/fullWorkflowUnit.go:479 +0x625
advocate/toolchain.runWorkflowUnit({0x7ffcdd7ec10d, 0x4c}, 0x1, 0x1, 0x1, {0x2aaaed2a2480, 0x7e}, 0x0, {0x0, 0x0}, ...)
	/home/advocate/Advocate/Experiments/Advocate/advocate/toolchain/fullWorkflowUnit.go:171 +0x1190
advocate/toolchain.Run({0x75dd74, 0x4}, {0x2aaaed2a2480, 0x7e}, 0x1, 0x1, 0x1, 0x0, {0x0, 0x0}, ...)
	/home/advocate/Advocate/Experiments/Advocate/advocate/toolchain/toolchain.go:72 +0x389
advocate/fuzzing.runFuzzing({0x2aaaed2a2480, 0x7e}, 0x0, 0x31, 0x1)
	/home/advocate/Advocate/Experiments/Advocate/advocate/fuzzing/fuzzing.go:217 +0x57b
advocate/fuzzing.Fuzzing()
	/home/advocate/Advocate/Experiments/Advocate/advocate/fuzzing/fuzzing.go:135 +0xea5
advocate/run.modeFuzzing()
	/home/advocate/Advocate/Experiments/Advocate/advocate/run/modes.go:34 +0x5e
advocate/run.Run()
	/home/advocate/Advocate/Experiments/Advocate/advocate/run/run.go:100 +0x5b5
main.main()
	/home/advocate/Advocate/Experiments/Advocate/advocate/main.go:28 +0x1c
2026/06/05 16:28:39 [31mNot enough RAM[0m
2026/06/05 16:28:39 goroutine 20 [running]:
advocate/utils/control.printAllGoroutines()
	/home/advocate/Advocate/Experiments/Advocate/advocate/utils/control/utils.go:20 +0x3d
advocate/utils/control.cancelRAM(0x77cd50, 0x77cd48, 0x77cd58)
	/home/advocate/Advocate/Experiments/Advocate/advocate/utils/control/memory.go:109 +0x6e
advocate/utils/control.Supervisor(0x77cd50, 0x77cd48, 0x77cd58)
	/home/advocate/Advocate/Experiments/Advocate/advocate/utils/control/memory.go:79 +0x12f
created by advocate/run.Run in goroutine 1
	/home/advocate/Advocate/Experiments/Advocate/advocate/run/run.go:63 +0x26f

goroutine 1 [runnable]:
advocate/analysis/hb/clock.(*VectorClock).GetValue(...)
	/home/advocate/Advocate/Experiments/Advocate/advocate/analysis/hb/clock/vc.go:97
advocate/analysis/hb/clock.happensBefore(0x2aaafd279480, 0x2aaafc404570)
	/home/advocate/Advocate/Experiments/Advocate/advocate/analysis/hb/clock/hb.go:27 +0x96
advocate/analysis/hb/clock.GetHappensBefore(0x2aaafd279480, 0x2aaafc404570)
	/home/advocate/Advocate/Experiments/Advocate/advocate/analysis/hb/clock/hb.go:74 +0x34
advocate/analysis/analysis/scenarios.buildResidualGraph({0x2aab06692000, 0x186a2, 0x2aaaee286b68?}, {0x2aab0685e000, 0x186a2, 0x1?})
	/home/advocate/Advocate/Experiments/Advocate/advocate/analysis/analysis/scenarios/graph.go:60 +0x49f
advocate/analysis/analysis/scenarios.CheckForUnlockBeforeLock()
	/home/advocate/Advocate/Experiments/Advocate/advocate/analysis/analysis/scenarios/unlockBeforeLock.go:75 +0x2b5
advocate/analysis/analysis.RunHBAnalysis(0x1)
	/home/advocate/Advocate/Experiments/Advocate/advocate/analysis/analysis/analysis.go:262 +0xc9b
advocate/analysis/analysis.RunAnalysis(0x1)
	/home/advocate/Advocate/Experiments/Advocate/advocate/analysis/analysis/analysis.go:63 +0x105
advocate/toolchain.runAnalyzer({0x2aaaed6fe100, 0x74}, {0x2aaaed6fe200?, 0x66?}, {0x2aaaed6fe180, 0x7a}, {0x2aaaed6fe280, 0x75}, 0x0, {0x2aaaee144080, ...}, ...)
	/home/advocate/Advocate/Experiments/Advocate/advocate/toolchain/analyzer.go:78 +0x43b
advocate/toolchain.unitTestAnalyzer({0x2aaaed1921c0, 0x66}, {0x760f26?, 0x2aaaed182048?}, 0x0, {0x2aaaee144080, 0x7e}, {0x2aaaeda20502, 0x13})
	/home/advocate/Advocate/Experiments/Advocate/advocate/toolchain/fullWorkflowUnit.go:619 +0x25c
advocate/toolchain.unitTestFullWorkflow({0x2aaaed1f0000?, 0x2c}, {0x7ffcdd7ec10d, 0x4c}, 0x1, 0x1, 0x1, {0x2aaaeda20502, 0x13}, {0x2aaaed1d0140, ...}, ...)
	/home/advocate/Advocate/Experiments/Advocate/advocate/toolchain/fullWorkflowUnit.go:479 +0x625
advocate/toolchain.runWorkflowUnit({0x7ffcdd7ec10d, 0x4c}, 0x1, 0x1, 0x1, {0x2aaaed2a2480, 0x7e}, 0x0, {0x0, 0x0}, ...)
	/home/advocate/Advocate/Experiments/Advocate/advocate/toolchain/fullWorkflowUnit.go:171 +0x1190
advocate/toolchain.Run({0x75dd74, 0x4}, {0x2aaaed2a2480, 0x7e}, 0x1, 0x1, 0x1, 0x0, {0x0, 0x0}, ...)
	/home/advocate/Advocate/Experiments/Advocate/advocate/toolchain/toolchain.go:72 +0x389
advocate/fuzzing.runFuzzing({0x2aaaed2a2480, 0x7e}, 0x0, 0x31, 0x1)
	/home/advocate/Advocate/Experiments/Advocate/advocate/fuzzing/fuzzing.go:217 +0x57b
advocate/fuzzing.Fuzzing()
	/home/advocate/Advocate/Experiments/Advocate/advocate/fuzzing/fuzzing.go:135 +0xea5
advocate/run.modeFuzzing()
	/home/advocate/Advocate/Experiments/Advocate/advocate/run/modes.go:34 +0x5e
advocate/run.Run()
	/home/advocate/Advocate/Experiments/Advocate/advocate/run/run.go:100 +0x5b5
main.main()
	/home/advocate/Advocate/Experiments/Advocate/advocate/main.go:28 +0x1c
2026/06/05 16:28:49 [31mNot enough RAM[0m
2026/06/05 16:28:49 goroutine 20 [running]:
advocate/utils/control.printAllGoroutines()
	/home/advocate/Advocate/Experiments/Advocate/advocate/utils/control/utils.go:20 +0x3d
advocate/utils/control.cancelRAM(0x77cd50, 0x77cd48, 0x77cd58)
	/home/advocate/Advocate/Experiments/Advocate/advocate/utils/control/memory.go:109 +0x6e
advocate/utils/control.Supervisor(0x77cd50, 0x77cd48, 0x77cd58)
	/home/advocate/Advocate/Experiments/Advocate/advocate/utils/control/memory.go:79 +0x12f
created by advocate/run.Run in goroutine 1
	/home/advocate/Advocate/Experiments/Advocate/advocate/run/run.go:63 +0x26f

goroutine 1 [runnable]:
advocate/analysis/hb/clock.(*VectorClock).GetValue(...)
	/home/advocate/Advocate/Experiments/Advocate/advocate/analysis/hb/clock/vc.go:97
advocate/analysis/hb/clock.happensBefore(0x2aaaf9f65bb0, 0x2aaafc6e6270)
	/home/advocate/Advocate/Experiments/Advocate/advocate/analysis/hb/clock/hb.go:27 +0x65
advocate/analysis/hb/clock.GetHappensBefore(0x2aaaf9f65bb0, 0x2aaafc6e6270)
	/home/advocate/Advocate/Experiments/Advocate/advocate/analysis/hb/clock/hb.go:74 +0x34
advocate/analysis/analysis/scenarios.buildResidualGraph({0x2aab06692000, 0x186a2, 0x2aaaee286b68?}, {0x2aab0685e000, 0x186a2, 0x1?})
	/home/advocate/Advocate/Experiments/Advocate/advocate/analysis/analysis/scenarios/graph.go:60 +0x49f
advocate/analysis/analysis/scenarios.CheckForUnlockBeforeLock()
	/home/advocate/Advocate/Experiments/Advocate/advocate/analysis/analysis/scenarios/unlockBeforeLock.go:75 +0x2b5
advocate/analysis/analysis.RunHBAnalysis(0x1)
	/home/advocate/Advocate/Experiments/Advocate/advocate/analysis/analysis/analysis.go:262 +0xc9b
advocate/analysis/analysis.RunAnalysis(0x1)
	/home/advocate/Advocate/Experiments/Advocate/advocate/analysis/analysis/analysis.go:63 +0x105
advocate/toolchain.runAnalyzer({0x2aaaed6fe100, 0x74}, {0x2aaaed6fe200?, 0x66?}, {0x2aaaed6fe180, 0x7a}, {0x2aaaed6fe280, 0x75}, 0x0, {0x2aaaee144080, ...}, ...)
	/home/advocate/Advocate/Experiments/Advocate/advocate/toolchain/analyzer.go:78 +0x43b
advocate/toolchain.unitTestAnalyzer({0x2aaaed1921c0, 0x66}, {0x760f26?, 0x2aaaed182048?}, 0x0, {0x2aaaee144080, 0x7e}, {0x2aaaeda20502, 0x13})
	/home/advocate/Advocate/Experiments/Advocate/advocate/toolchain/fullWorkflowUnit.go:619 +0x25c
advocate/toolchain.unitTestFullWorkflow({0x2aaaed1f0000?, 0x2c}, {0x7ffcdd7ec10d, 0x4c}, 0x1, 0x1, 0x1, {0x2aaaeda20502, 0x13}, {0x2aaaed1d0140, ...}, ...)
	/home/advocate/Advocate/Experiments/Advocate/advocate/toolchain/fullWorkflowUnit.go:479 +0x625
advocate/toolchain.runWorkflowUnit({0x7ffcdd7ec10d, 0x4c}, 0x1, 0x1, 0x1, {0x2aaaed2a2480, 0x7e}, 0x0, {0x0, 0x0}, ...)
	/home/advocate/Advocate/Experiments/Advocate/advocate/toolchain/fullWorkflowUnit.go:171 +0x1190
advocate/toolchain.Run({0x75dd74, 0x4}, {0x2aaaed2a2480, 0x7e}, 0x1, 0x1, 0x1, 0x0, {0x0, 0x0}, ...)
	/home/advocate/Advocate/Experiments/Advocate/advocate/toolchain/toolchain.go:72 +0x389
advocate/fuzzing.runFuzzing({0x2aaaed2a2480, 0x7e}, 0x0, 0x31, 0x1)
	/home/advocate/Advocate/Experiments/Advocate/advocate/fuzzing/fuzzing.go:217 +0x57b
advocate/fuzzing.Fuzzing()
	/home/advocate/Advocate/Experiments/Advocate/advocate/fuzzing/fuzzing.go:135 +0xea5
advocate/run.modeFuzzing()
	/home/advocate/Advocate/Experiments/Advocate/advocate/run/modes.go:34 +0x5e
advocate/run.Run()
	/home/advocate/Advocate/Experiments/Advocate/advocate/run/run.go:100 +0x5b5
main.main()
	/home/advocate/Advocate/Experiments/Advocate/advocate/main.go:28 +0x1c
2026/06/05 16:28:58 [31mNot enough RAM[0m
2026/06/05 16:28:58 goroutine 20 [running]:
advocate/utils/control.printAllGoroutines()
	/home/advocate/Advocate/Experiments/Advocate/advocate/utils/control/utils.go:20 +0x3d
advocate/utils/control.cancelRAM(0x77cd50, 0x77cd48, 0x77cd58)
	/home/advocate/Advocate/Experiments/Advocate/advocate/utils/control/memory.go:109 +0x6e
advocate/utils/control.Supervisor(0x77cd50, 0x77cd48, 0x77cd58)
	/home/advocate/Advocate/Experiments/Advocate/advocate/utils/control/memory.go:79 +0x12f
created by advocate/run.Run in goroutine 1
	/home/advocate/Advocate/Experiments/Advocate/advocate/run/run.go:63 +0x26f

goroutine 1 [runnable]:
advocate/analysis/hb/clock.(*VectorClock).GetValue(...)
	/home/advocate/Advocate/Experiments/Advocate/advocate/analysis/hb/clock/vc.go:97
advocate/analysis/hb/clock.happensBefore(0x2aab01954040, 0x2aaafc958f20)
	/home/advocate/Advocate/Experiments/Advocate/advocate/analysis/hb/clock/hb.go:27 +0x96
advocate/analysis/hb/clock.GetHappensBefore(0x2aab01954040, 0x2aaafc958f20)
	/home/advocate/Advocate/Experiments/Advocate/advocate/analysis/hb/clock/hb.go:74 +0x34
advocate/analysis/analysis/scenarios.buildResidualGraph({0x2aab06692000, 0x186a2, 0x2aaaee286b68?}, {0x2aab0685e000, 0x186a2, 0x1?})
	/home/advocate/Advocate/Experiments/Advocate/advocate/analysis/analysis/scenarios/graph.go:60 +0x49f
advocate/analysis/analysis/scenarios.CheckForUnlockBeforeLock()
	/home/advocate/Advocate/Experiments/Advocate/advocate/analysis/analysis/scenarios/unlockBeforeLock.go:75 +0x2b5
advocate/analysis/analysis.RunHBAnalysis(0x1)
	/home/advocate/Advocate/Experiments/Advocate/advocate/analysis/analysis/analysis.go:262 +0xc9b
advocate/analysis/analysis.RunAnalysis(0x1)
	/home/advocate/Advocate/Experiments/Advocate/advocate/analysis/analysis/analysis.go:63 +0x105
advocate/toolchain.runAnalyzer({0x2aaaed6fe100, 0x74}, {0x2aaaed6fe200?, 0x66?}, {0x2aaaed6fe180, 0x7a}, {0x2aaaed6fe280, 0x75}, 0x0, {0x2aaaee144080, ...}, ...)
	/home/advocate/Advocate/Experiments/Advocate/advocate/toolchain/analyzer.go:78 +0x43b
advocate/toolchain.unitTestAnalyzer({0x2aaaed1921c0, 0x66}, {0x760f26?, 0x2aaaed182048?}, 0x0, {0x2aaaee144080, 0x7e}, {0x2aaaeda20502, 0x13})
	/home/advocate/Advocate/Experiments/Advocate/advocate/toolchain/fullWorkflowUnit.go:619 +0x25c
advocate/toolchain.unitTestFullWorkflow({0x2aaaed1f0000?, 0x2c}, {0x7ffcdd7ec10d, 0x4c}, 0x1, 0x1, 0x1, {0x2aaaeda20502, 0x13}, {0x2aaaed1d0140, ...}, ...)
	/home/advocate/Advocate/Experiments/Advocate/advocate/toolchain/fullWorkflowUnit.go:479 +0x625
advocate/toolchain.runWorkflowUnit({0x7ffcdd7ec10d, 0x4c}, 0x1, 0x1, 0x1, {0x2aaaed2a2480, 0x7e}, 0x0, {0x0, 0x0}, ...)
	/home/advocate/Advocate/Experiments/Advocate/advocate/toolchain/fullWorkflowUnit.go:171 +0x1190
advocate/toolchain.Run({0x75dd74, 0x4}, {0x2aaaed2a2480, 0x7e}, 0x1, 0x1, 0x1, 0x0, {0x0, 0x0}, ...)
	/home/advocate/Advocate/Experiments/Advocate/advocate/toolchain/toolchain.go:72 +0x389
advocate/fuzzing.runFuzzing({0x2aaaed2a2480, 0x7e}, 0x0, 0x31, 0x1)
	/home/advocate/Advocate/Experiments/Advocate/advocate/fuzzing/fuzzing.go:217 +0x57b
advocate/fuzzing.Fuzzing()
	/home/advocate/Advocate/Experiments/Advocate/advocate/fuzzing/fuzzing.go:135 +0xea5
advocate/run.modeFuzzing()
	/home/advocate/Advocate/Experiments/Advocate/advocate/run/modes.go:34 +0x5e
advocate/run.Run()
	/home/advocate/Advocate/Experiments/Advocate/advocate/run/run.go:100 +0x5b5
main.main()
	/home/advocate/Advocate/Experiments/Advocate/advocate/main.go:28 +0x1c
2026/06/05 16:29:07 [31mNot enough RAM[0m
2026/06/05 16:29:07 goroutine 20 [running]:
advocate/utils/control.printAllGoroutines()
	/home/advocate/Advocate/Experiments/Advocate/advocate/utils/control/utils.go:20 +0x3d
advocate/utils/control.cancelRAM(0x77cd50, 0x77cd48, 0x77cd58)
	/home/advocate/Advocate/Experiments/Advocate/advocate/utils/control/memory.go:109 +0x6e
advocate/utils/control.Supervisor(0x77cd50, 0x77cd48, 0x77cd58)
	/home/advocate/Advocate/Experiments/Advocate/advocate/utils/control/memory.go:79 +0x12f
created by advocate/run.Run in goroutine 1
	/home/advocate/Advocate/Experiments/Advocate/advocate/run/run.go:63 +0x26f

goroutine 1 [runnable]:
advocate/analysis/hb/clock.GetHappensBefore(0x2aaafdf1a910?, 0x2aaafcbdb650?)
	/home/advocate/Advocate/Experiments/Advocate/advocate/analysis/hb/clock/hb.go:65 +0x8e
advocate/analysis/analysis/scenarios.buildResidualGraph({0x2aab06692000, 0x186a2, 0x2aaaee286b68?}, {0x2aab0685e000, 0x186a2, 0x1?})
	/home/advocate/Advocate/Experiments/Advocate/advocate/analysis/analysis/scenarios/graph.go:60 +0x49f
advocate/analysis/analysis/scenarios.CheckForUnlockBeforeLock()
	/home/advocate/Advocate/Experiments/Advocate/advocate/analysis/analysis/scenarios/unlockBeforeLock.go:75 +0x2b5
advocate/analysis/analysis.RunHBAnalysis(0x1)
	/home/advocate/Advocate/Experiments/Advocate/advocate/analysis/analysis/analysis.go:262 +0xc9b
advocate/analysis/analysis.RunAnalysis(0x1)
	/home/advocate/Advocate/Experiments/Advocate/advocate/analysis/analysis/analysis.go:63 +0x105
advocate/toolchain.runAnalyzer({0x2aaaed6fe100, 0x74}, {0x2aaaed6fe200?, 0x66?}, {0x2aaaed6fe180, 0x7a}, {0x2aaaed6fe280, 0x75}, 0x0, {0x2aaaee144080, ...}, ...)
	/home/advocate/Advocate/Experiments/Advocate/advocate/toolchain/analyzer.go:78 +0x43b
advocate/toolchain.unitTestAnalyzer({0x2aaaed1921c0, 0x66}, {0x760f26?, 0x2aaaed182048?}, 0x0, {0x2aaaee144080, 0x7e}, {0x2aaaeda20502, 0x13})
	/home/advocate/Advocate/Experiments/Advocate/advocate/toolchain/fullWorkflowUnit.go:619 +0x25c
advocate/toolchain.unitTestFullWorkflow({0x2aaaed1f0000?, 0x2c}, {0x7ffcdd7ec10d, 0x4c}, 0x1, 0x1, 0x1, {0x2aaaeda20502, 0x13}, {0x2aaaed1d0140, ...}, ...)
	/home/advocate/Advocate/Experiments/Advocate/advocate/toolchain/fullWorkflowUnit.go:479 +0x625
advocate/toolchain.runWorkflowUnit({0x7ffcdd7ec10d, 0x4c}, 0x1, 0x1, 0x1, {0x2aaaed2a2480, 0x7e}, 0x0, {0x0, 0x0}, ...)
	/home/advocate/Advocate/Experiments/Advocate/advocate/toolchain/fullWorkflowUnit.go:171 +0x1190
advocate/toolchain.Run({0x75dd74, 0x4}, {0x2aaaed2a2480, 0x7e}, 0x1, 0x1, 0x1, 0x0, {0x0, 0x0}, ...)
	/home/advocate/Advocate/Experiments/Advocate/advocate/toolchain/toolchain.go:72 +0x389
advocate/fuzzing.runFuzzing({0x2aaaed2a2480, 0x7e}, 0x0, 0x31, 0x1)
	/home/advocate/Advocate/Experiments/Advocate/advocate/fuzzing/fuzzing.go:217 +0x57b
advocate/fuzzing.Fuzzing()
	/home/advocate/Advocate/Experiments/Advocate/advocate/fuzzing/fuzzing.go:135 +0xea5
advocate/run.modeFuzzing()
	/home/advocate/Advocate/Experiments/Advocate/advocate/run/modes.go:34 +0x5e
advocate/run.Run()
	/home/advocate/Advocate/Experiments/Advocate/advocate/run/run.go:100 +0x5b5
main.main()
	/home/advocate/Advocate/Experiments/Advocate/advocate/main.go:28 +0x1c
2026/06/05 16:29:16 [31mNot enough RAM[0m
2026/06/05 16:29:16 goroutine 20 [running]:
advocate/utils/control.printAllGoroutines()
	/home/advocate/Advocate/Experiments/Advocate/advocate/utils/control/utils.go:20 +0x3d
advocate/utils/control.cancelRAM(0x77cd50, 0x77cd48, 0x77cd58)
	/home/advocate/Advocate/Experiments/Advocate/advocate/utils/control/memory.go:109 +0x6e
advocate/utils/control.Supervisor(0x77cd50, 0x77cd48, 0x77cd58)
	/home/advocate/Advocate/Experiments/Advocate/advocate/utils/control/memory.go:79 +0x12f
created by advocate/run.Run in goroutine 1
	/home/advocate/Advocate/Experiments/Advocate/advocate/run/run.go:63 +0x26f

goroutine 1 [runnable]:
advocate/analysis/hb/clock.(*VectorClock).GetValue(...)
	/home/advocate/Advocate/Experiments/Advocate/advocate/analysis/hb/clock/vc.go:97
advocate/analysis/hb/clock.happensBefore(0x2aaaf9702e20, 0x2aaafcf84400)
	/home/advocate/Advocate/Experiments/Advocate/advocate/analysis/hb/clock/hb.go:29 +0xe6
advocate/analysis/hb/clock.GetHappensBefore(0x2aaaf9702e20, 0x2aaafcf84400)
	/home/advocate/Advocate/Experiments/Advocate/advocate/analysis/hb/clock/hb.go:74 +0x34
advocate/analysis/analysis/scenarios.buildResidualGraph({0x2aab06692000, 0x186a2, 0x2aaaee286b68?}, {0x2aab0685e000, 0x186a2, 0x1?})
	/home/advocate/Advocate/Experiments/Advocate/advocate/analysis/analysis/scenarios/graph.go:60 +0x49f
advocate/analysis/analysis/scenarios.CheckForUnlockBeforeLock()
	/home/advocate/Advocate/Experiments/Advocate/advocate/analysis/analysis/scenarios/unlockBeforeLock.go:75 +0x2b5
advocate/analysis/analysis.RunHBAnalysis(0x1)
	/home/advocate/Advocate/Experiments/Advocate/advocate/analysis/analysis/analysis.go:262 +0xc9b
advocate/analysis/analysis.RunAnalysis(0x1)
	/home/advocate/Advocate/Experiments/Advocate/advocate/analysis/analysis/analysis.go:63 +0x105
advocate/toolchain.runAnalyzer({0x2aaaed6fe100, 0x74}, {0x2aaaed6fe200?, 0x66?}, {0x2aaaed6fe180, 0x7a}, {0x2aaaed6fe280, 0x75}, 0x0, {0x2aaaee144080, ...}, ...)
	/home/advocate/Advocate/Experiments/Advocate/advocate/toolchain/analyzer.go:78 +0x43b
advocate/toolchain.unitTestAnalyzer({0x2aaaed1921c0, 0x66}, {0x760f26?, 0x2aaaed182048?}, 0x0, {0x2aaaee144080, 0x7e}, {0x2aaaeda20502, 0x13})
	/home/advocate/Advocate/Experiments/Advocate/advocate/toolchain/fullWorkflowUnit.go:619 +0x25c
advocate/toolchain.unitTestFullWorkflow({0x2aaaed1f0000?, 0x2c}, {0x7ffcdd7ec10d, 0x4c}, 0x1, 0x1, 0x1, {0x2aaaeda20502, 0x13}, {0x2aaaed1d0140, ...}, ...)
	/home/advocate/Advocate/Experiments/Advocate/advocate/toolchain/fullWorkflowUnit.go:479 +0x625
advocate/toolchain.runWorkflowUnit({0x7ffcdd7ec10d, 0x4c}, 0x1, 0x1, 0x1, {0x2aaaed2a2480, 0x7e}, 0x0, {0x0, 0x0}, ...)
	/home/advocate/Advocate/Experiments/Advocate/advocate/toolchain/fullWorkflowUnit.go:171 +0x1190
advocate/toolchain.Run({0x75dd74, 0x4}, {0x2aaaed2a2480, 0x7e}, 0x1, 0x1, 0x1, 0x0, {0x0, 0x0}, ...)
	/home/advocate/Advocate/Experiments/Advocate/advocate/toolchain/toolchain.go:72 +0x389
advocate/fuzzing.runFuzzing({0x2aaaed2a2480, 0x7e}, 0x0, 0x31, 0x1)
	/home/advocate/Advocate/Experiments/Advocate/advocate/fuzzing/fuzzing.go:217 +0x57b
advocate/fuzzing.Fuzzing()
	/home/advocate/Advocate/Experiments/Advocate/advocate/fuzzing/fuzzing.go:135 +0xea5
advocate/run.modeFuzzing()
	/home/advocate/Advocate/Experiments/Advocate/advocate/run/modes.go:34 +0x5e
advocate/run.Run()
	/home/advocate/Advocate/Experiments/Advocate/advocate/run/run.go:100 +0x5b5
main.main()
	/home/advocate/Advocate/Experiments/Advocate/advocate/main.go:28 +0x1c
2026/06/05 16:29:25 [31mNot enough RAM[0m
2026/06/05 16:29:25 goroutine 20 [running]:
advocate/utils/control.printAllGoroutines()
	/home/advocate/Advocate/Experiments/Advocate/advocate/utils/control/utils.go:20 +0x3d
advocate/utils/control.cancelRAM(0x77cd50, 0x77cd48, 0x77cd58)
	/home/advocate/Advocate/Experiments/Advocate/advocate/utils/control/memory.go:109 +0x6e
advocate/utils/control.Supervisor(0x77cd50, 0x77cd48, 0x77cd58)
	/home/advocate/Advocate/Experiments/Advocate/advocate/utils/control/memory.go:79 +0x12f
created by advocate/run.Run in goroutine 1
	/home/advocate/Advocate/Experiments/Advocate/advocate/run/run.go:63 +0x26f

goroutine 1 [runnable]:
advocate/analysis/hb/clock.(*VectorClock).GetValue(...)
	/home/advocate/Advocate/Experiments/Advocate/advocate/analysis/hb/clock/vc.go:97
advocate/analysis/hb/clock.happensBefore(0x2aaafc56c680, 0x2aaafd267370)
	/home/advocate/Advocate/Experiments/Advocate/advocate/analysis/hb/clock/hb.go:27 +0x65
advocate/analysis/hb/clock.GetHappensBefore(0x2aaafc56c680, 0x2aaafd267370)
	/home/advocate/Advocate/Experiments/Advocate/advocate/analysis/hb/clock/hb.go:74 +0x34
advocate/analysis/analysis/scenarios.buildResidualGraph({0x2aab06692000, 0x186a2, 0x2aaaee286b68?}, {0x2aab0685e000, 0x186a2, 0x1?})
	/home/advocate/Advocate/Experiments/Advocate/advocate/analysis/analysis/scenarios/graph.go:60 +0x49f
advocate/analysis/analysis/scenarios.CheckForUnlockBeforeLock()
	/home/advocate/Advocate/Experiments/Advocate/advocate/analysis/analysis/scenarios/unlockBeforeLock.go:75 +0x2b5
advocate/analysis/analysis.RunHBAnalysis(0x1)
	/home/advocate/Advocate/Experiments/Advocate/advocate/analysis/analysis/analysis.go:262 +0xc9b
advocate/analysis/analysis.RunAnalysis(0x1)
	/home/advocate/Advocate/Experiments/Advocate/advocate/analysis/analysis/analysis.go:63 +0x105
advocate/toolchain.runAnalyzer({0x2aaaed6fe100, 0x74}, {0x2aaaed6fe200?, 0x66?}, {0x2aaaed6fe180, 0x7a}, {0x2aaaed6fe280, 0x75}, 0x0, {0x2aaaee144080, ...}, ...)
	/home/advocate/Advocate/Experiments/Advocate/advocate/toolchain/analyzer.go:78 +0x43b
advocate/toolchain.unitTestAnalyzer({0x2aaaed1921c0, 0x66}, {0x760f26?, 0x2aaaed182048?}, 0x0, {0x2aaaee144080, 0x7e}, {0x2aaaeda20502, 0x13})
	/home/advocate/Advocate/Experiments/Advocate/advocate/toolchain/fullWorkflowUnit.go:619 +0x25c
advocate/toolchain.unitTestFullWorkflow({0x2aaaed1f0000?, 0x2c}, {0x7ffcdd7ec10d, 0x4c}, 0x1, 0x1, 0x1, {0x2aaaeda20502, 0x13}, {0x2aaaed1d0140, ...}, ...)
	/home/advocate/Advocate/Experiments/Advocate/advocate/toolchain/fullWorkflowUnit.go:479 +0x625
advocate/toolchain.runWorkflowUnit({0x7ffcdd7ec10d, 0x4c}, 0x1, 0x1, 0x1, {0x2aaaed2a2480, 0x7e}, 0x0, {0x0, 0x0}, ...)
	/home/advocate/Advocate/Experiments/Advocate/advocate/toolchain/fullWorkflowUnit.go:171 +0x1190
advocate/toolchain.Run({0x75dd74, 0x4}, {0x2aaaed2a2480, 0x7e}, 0x1, 0x1, 0x1, 0x0, {0x0, 0x0}, ...)
	/home/advocate/Advocate/Experiments/Advocate/advocate/toolchain/toolchain.go:72 +0x389
advocate/fuzzing.runFuzzing({0x2aaaed2a2480, 0x7e}, 0x0, 0x31, 0x1)
	/home/advocate/Advocate/Experiments/Advocate/advocate/fuzzing/fuzzing.go:217 +0x57b
advocate/fuzzing.Fuzzing()
	/home/advocate/Advocate/Experiments/Advocate/advocate/fuzzing/fuzzing.go:135 +0xea5
advocate/run.modeFuzzing()
	/home/advocate/Advocate/Experiments/Advocate/advocate/run/modes.go:34 +0x5e
advocate/run.Run()
	/home/advocate/Advocate/Experiments/Advocate/advocate/run/run.go:100 +0x5b5
main.main()
	/home/advocate/Advocate/Experiments/Advocate/advocate/main.go:28 +0x1c
2026/06/05 16:29:34 [31mNot enough RAM[0m
2026/06/05 16:29:34 goroutine 20 [running]:
advocate/utils/control.printAllGoroutines()
	/home/advocate/Advocate/Experiments/Advocate/advocate/utils/control/utils.go:20 +0x3d
advocate/utils/control.cancelRAM(0x77cd50, 0x77cd48, 0x77cd58)
	/home/advocate/Advocate/Experiments/Advocate/advocate/utils/control/memory.go:109 +0x6e
advocate/utils/control.Supervisor(0x77cd50, 0x77cd48, 0x77cd58)
	/home/advocate/Advocate/Experiments/Advocate/advocate/utils/control/memory.go:79 +0x12f
created by advocate/run.Run in goroutine 1
	/home/advocate/Advocate/Experiments/Advocate/advocate/run/run.go:63 +0x26f

goroutine 1 [runnable]:
advocate/analysis/hb/clock.(*VectorClock).GetValue(...)
	/home/advocate/Advocate/Experiments/Advocate/advocate/analysis/hb/clock/vc.go:97
advocate/analysis/hb/clock.happensBefore(0x2aab06522520, 0x2aaafd57c120)
	/home/advocate/Advocate/Experiments/Advocate/advocate/analysis/hb/clock/hb.go:27 +0x96
advocate/analysis/hb/clock.GetHappensBefore(0x2aab06522520, 0x2aaafd57c120)
	/home/advocate/Advocate/Experiments/Advocate/advocate/analysis/hb/clock/hb.go:74 +0x34
advocate/analysis/analysis/scenarios.buildResidualGraph({0x2aab06692000, 0x186a2, 0x2aaaee286b68?}, {0x2aab0685e000, 0x186a2, 0x1?})
	/home/advocate/Advocate/Experiments/Advocate/advocate/analysis/analysis/scenarios/graph.go:60 +0x49f
advocate/analysis/analysis/scenarios.CheckForUnlockBeforeLock()
	/home/advocate/Advocate/Experiments/Advocate/advocate/analysis/analysis/scenarios/unlockBeforeLock.go:75 +0x2b5
advocate/analysis/analysis.RunHBAnalysis(0x1)
	/home/advocate/Advocate/Experiments/Advocate/advocate/analysis/analysis/analysis.go:262 +0xc9b
advocate/analysis/analysis.RunAnalysis(0x1)
	/home/advocate/Advocate/Experiments/Advocate/advocate/analysis/analysis/analysis.go:63 +0x105
advocate/toolchain.runAnalyzer({0x2aaaed6fe100, 0x74}, {0x2aaaed6fe200?, 0x66?}, {0x2aaaed6fe180, 0x7a}, {0x2aaaed6fe280, 0x75}, 0x0, {0x2aaaee144080, ...}, ...)
	/home/advocate/Advocate/Experiments/Advocate/advocate/toolchain/analyzer.go:78 +0x43b
advocate/toolchain.unitTestAnalyzer({0x2aaaed1921c0, 0x66}, {0x760f26?, 0x2aaaed182048?}, 0x0, {0x2aaaee144080, 0x7e}, {0x2aaaeda20502, 0x13})
	/home/advocate/Advocate/Experiments/Advocate/advocate/toolchain/fullWorkflowUnit.go:619 +0x25c
advocate/toolchain.unitTestFullWorkflow({0x2aaaed1f0000?, 0x2c}, {0x7ffcdd7ec10d, 0x4c}, 0x1, 0x1, 0x1, {0x2aaaeda20502, 0x13}, {0x2aaaed1d0140, ...}, ...)
	/home/advocate/Advocate/Experiments/Advocate/advocate/toolchain/fullWorkflowUnit.go:479 +0x625
advocate/toolchain.runWorkflowUnit({0x7ffcdd7ec10d, 0x4c}, 0x1, 0x1, 0x1, {0x2aaaed2a2480, 0x7e}, 0x0, {0x0, 0x0}, ...)
	/home/advocate/Advocate/Experiments/Advocate/advocate/toolchain/fullWorkflowUnit.go:171 +0x1190
advocate/toolchain.Run({0x75dd74, 0x4}, {0x2aaaed2a2480, 0x7e}, 0x1, 0x1, 0x1, 0x0, {0x0, 0x0}, ...)
	/home/advocate/Advocate/Experiments/Advocate/advocate/toolchain/toolchain.go:72 +0x389
advocate/fuzzing.runFuzzing({0x2aaaed2a2480, 0x7e}, 0x0, 0x31, 0x1)
	/home/advocate/Advocate/Experiments/Advocate/advocate/fuzzing/fuzzing.go:217 +0x57b
advocate/fuzzing.Fuzzing()
	/home/advocate/Advocate/Experiments/Advocate/advocate/fuzzing/fuzzing.go:135 +0xea5
advocate/run.modeFuzzing()
	/home/advocate/Advocate/Experiments/Advocate/advocate/run/modes.go:34 +0x5e
advocate/run.Run()
	/home/advocate/Advocate/Experiments/Advocate/advocate/run/run.go:100 +0x5b5
main.main()
	/home/advocate/Advocate/Experiments/Advocate/advocate/main.go:28 +0x1c
2026/06/05 16:29:43 [31mNot enough RAM[0m
2026/06/05 16:29:43 goroutine 20 [running]:
advocate/utils/control.printAllGoroutines()
	/home/advocate/Advocate/Experiments/Advocate/advocate/utils/control/utils.go:20 +0x3d
advocate/utils/control.cancelRAM(0x77cd50, 0x77cd48, 0x77cd58)
	/home/advocate/Advocate/Experiments/Advocate/advocate/utils/control/memory.go:109 +0x6e
advocate/utils/control.Supervisor(0x77cd50, 0x77cd48, 0x77cd58)
	/home/advocate/Advocate/Experiments/Advocate/advocate/utils/control/memory.go:79 +0x12f
created by advocate/run.Run in goroutine 1
	/home/advocate/Advocate/Experiments/Advocate/advocate/run/run.go:63 +0x26f

goroutine 1 [runnable]:
advocate/analysis/hb/clock.(*VectorClock).GetValue(...)
	/home/advocate/Advocate/Experiments/Advocate/advocate/analysis/hb/clock/vc.go:97
advocate/analysis/hb/clock.happensBefore(0x2aaafba53770, 0x2aaafd8b22b0)
	/home/advocate/Advocate/Experiments/Advocate/advocate/analysis/hb/clock/hb.go:27 +0x96
advocate/analysis/hb/clock.GetHappensBefore(0x2aaafba53770, 0x2aaafd8b22b0)
	/home/advocate/Advocate/Experiments/Advocate/advocate/analysis/hb/clock/hb.go:74 +0x34
advocate/analysis/analysis/scenarios.buildResidualGraph({0x2aab06692000, 0x186a2, 0x2aaaee286b68?}, {0x2aab0685e000, 0x186a2, 0x1?})
	/home/advocate/Advocate/Experiments/Advocate/advocate/analysis/analysis/scenarios/graph.go:60 +0x49f
advocate/analysis/analysis/scenarios.CheckForUnlockBeforeLock()
	/home/advocate/Advocate/Experiments/Advocate/advocate/analysis/analysis/scenarios/unlockBeforeLock.go:75 +0x2b5
advocate/analysis/analysis.RunHBAnalysis(0x1)
	/home/advocate/Advocate/Experiments/Advocate/advocate/analysis/analysis/analysis.go:262 +0xc9b
advocate/analysis/analysis.RunAnalysis(0x1)
	/home/advocate/Advocate/Experiments/Advocate/advocate/analysis/analysis/analysis.go:63 +0x105
advocate/toolchain.runAnalyzer({0x2aaaed6fe100, 0x74}, {0x2aaaed6fe200?, 0x66?}, {0x2aaaed6fe180, 0x7a}, {0x2aaaed6fe280, 0x75}, 0x0, {0x2aaaee144080, ...}, ...)
	/home/advocate/Advocate/Experiments/Advocate/advocate/toolchain/analyzer.go:78 +0x43b
advocate/toolchain.unitTestAnalyzer({0x2aaaed1921c0, 0x66}, {0x760f26?, 0x2aaaed182048?}, 0x0, {0x2aaaee144080, 0x7e}, {0x2aaaeda20502, 0x13})
	/home/advocate/Advocate/Experiments/Advocate/advocate/toolchain/fullWorkflowUnit.go:619 +0x25c
advocate/toolchain.unitTestFullWorkflow({0x2aaaed1f0000?, 0x2c}, {0x7ffcdd7ec10d, 0x4c}, 0x1, 0x1, 0x1, {0x2aaaeda20502, 0x13}, {0x2aaaed1d0140, ...}, ...)
	/home/advocate/Advocate/Experiments/Advocate/advocate/toolchain/fullWorkflowUnit.go:479 +0x625
advocate/toolchain.runWorkflowUnit({0x7ffcdd7ec10d, 0x4c}, 0x1, 0x1, 0x1, {0x2aaaed2a2480, 0x7e}, 0x0, {0x0, 0x0}, ...)
	/home/advocate/Advocate/Experiments/Advocate/advocate/toolchain/fullWorkflowUnit.go:171 +0x1190
advocate/toolchain.Run({0x75dd74, 0x4}, {0x2aaaed2a2480, 0x7e}, 0x1, 0x1, 0x1, 0x0, {0x0, 0x0}, ...)
	/home/advocate/Advocate/Experiments/Advocate/advocate/toolchain/toolchain.go:72 +0x389
advocate/fuzzing.runFuzzing({0x2aaaed2a2480, 0x7e}, 0x0, 0x31, 0x1)
	/home/advocate/Advocate/Experiments/Advocate/advocate/fuzzing/fuzzing.go:217 +0x57b
advocate/fuzzing.Fuzzing()
	/home/advocate/Advocate/Experiments/Advocate/advocate/fuzzing/fuzzing.go:135 +0xea5
advocate/run.modeFuzzing()
	/home/advocate/Advocate/Experiments/Advocate/advocate/run/modes.go:34 +0x5e
advocate/run.Run()
	/home/advocate/Advocate/Experiments/Advocate/advocate/run/run.go:100 +0x5b5
main.main()
	/home/advocate/Advocate/Experiments/Advocate/advocate/main.go:28 +0x1c
2026/06/05 16:29:52 [31mNot enough RAM[0m
2026/06/05 16:29:52 goroutine 20 [running]:
advocate/utils/control.printAllGoroutines()
	/home/advocate/Advocate/Experiments/Advocate/advocate/utils/control/utils.go:20 +0x3d
advocate/utils/control.cancelRAM(0x77cd50, 0x77cd48, 0x77cd58)
	/home/advocate/Advocate/Experiments/Advocate/advocate/utils/control/memory.go:109 +0x6e
advocate/utils/control.Supervisor(0x77cd50, 0x77cd48, 0x77cd58)
	/home/advocate/Advocate/Experiments/Advocate/advocate/utils/control/memory.go:79 +0x12f
created by advocate/run.Run in goroutine 1
	/home/advocate/Advocate/Experiments/Advocate/advocate/run/run.go:63 +0x26f

goroutine 1 [runnable]:
advocate/analysis/hb/clock.(*VectorClock).GetValue(...)
	/home/advocate/Advocate/Experiments/Advocate/advocate/analysis/hb/clock/vc.go:97
advocate/analysis/hb/clock.happensBefore(0x2aab02566000, 0x2aaafda3a9c0)
	/home/advocate/Advocate/Experiments/Advocate/advocate/analysis/hb/clock/hb.go:27 +0x96
advocate/analysis/hb/clock.GetHappensBefore(0x2aab02566000, 0x2aaafda3a9c0)
	/home/advocate/Advocate/Experiments/Advocate/advocate/analysis/hb/clock/hb.go:74 +0x34
advocate/analysis/analysis/scenarios.buildResidualGraph({0x2aab06692000, 0x186a2, 0x2aaaee286b68?}, {0x2aab0685e000, 0x186a2, 0x1?})
	/home/advocate/Advocate/Experiments/Advocate/advocate/analysis/analysis/scenarios/graph.go:60 +0x49f
advocate/analysis/analysis/scenarios.CheckForUnlockBeforeLock()
	/home/advocate/Advocate/Experiments/Advocate/advocate/analysis/analysis/scenarios/unlockBeforeLock.go:75 +0x2b5
advocate/analysis/analysis.RunHBAnalysis(0x1)
	/home/advocate/Advocate/Experiments/Advocate/advocate/analysis/analysis/analysis.go:262 +0xc9b
advocate/analysis/analysis.RunAnalysis(0x1)
	/home/advocate/Advocate/Experiments/Advocate/advocate/analysis/analysis/analysis.go:63 +0x105
advocate/toolchain.runAnalyzer({0x2aaaed6fe100, 0x74}, {0x2aaaed6fe200?, 0x66?}, {0x2aaaed6fe180, 0x7a}, {0x2aaaed6fe280, 0x75}, 0x0, {0x2aaaee144080, ...}, ...)
	/home/advocate/Advocate/Experiments/Advocate/advocate/toolchain/analyzer.go:78 +0x43b
advocate/toolchain.unitTestAnalyzer({0x2aaaed1921c0, 0x66}, {0x760f26?, 0x2aaaed182048?}, 0x0, {0x2aaaee144080, 0x7e}, {0x2aaaeda20502, 0x13})
	/home/advocate/Advocate/Experiments/Advocate/advocate/toolchain/fullWorkflowUnit.go:619 +0x25c
advocate/toolchain.unitTestFullWorkflow({0x2aaaed1f0000?, 0x2c}, {0x7ffcdd7ec10d, 0x4c}, 0x1, 0x1, 0x1, {0x2aaaeda20502, 0x13}, {0x2aaaed1d0140, ...}, ...)
	/home/advocate/Advocate/Experiments/Advocate/advocate/toolchain/fullWorkflowUnit.go:479 +0x625
advocate/toolchain.runWorkflowUnit({0x7ffcdd7ec10d, 0x4c}, 0x1, 0x1, 0x1, {0x2aaaed2a2480, 0x7e}, 0x0, {0x0, 0x0}, ...)
	/home/advocate/Advocate/Experiments/Advocate/advocate/toolchain/fullWorkflowUnit.go:171 +0x1190
advocate/toolchain.Run({0x75dd74, 0x4}, {0x2aaaed2a2480, 0x7e}, 0x1, 0x1, 0x1, 0x0, {0x0, 0x0}, ...)
	/home/advocate/Advocate/Experiments/Advocate/advocate/toolchain/toolchain.go:72 +0x389
advocate/fuzzing.runFuzzing({0x2aaaed2a2480, 0x7e}, 0x0, 0x31, 0x1)
	/home/advocate/Advocate/Experiments/Advocate/advocate/fuzzing/fuzzing.go:217 +0x57b
advocate/fuzzing.Fuzzing()
	/home/advocate/Advocate/Experiments/Advocate/advocate/fuzzing/fuzzing.go:135 +0xea5
advocate/run.modeFuzzing()
	/home/advocate/Advocate/Experiments/Advocate/advocate/run/modes.go:34 +0x5e
advocate/run.Run()
	/home/advocate/Advocate/Experiments/Advocate/advocate/run/run.go:100 +0x5b5
main.main()
	/home/advocate/Advocate/Experiments/Advocate/advocate/main.go:28 +0x1c
2026/06/05 16:30:01 [31mNot enough RAM[0m
2026/06/05 16:30:01 goroutine 20 [running]:
advocate/utils/control.printAllGoroutines()
	/home/advocate/Advocate/Experiments/Advocate/advocate/utils/control/utils.go:20 +0x3d
advocate/utils/control.cancelRAM(0x77cd50, 0x77cd48, 0x77cd58)
	/home/advocate/Advocate/Experiments/Advocate/advocate/utils/control/memory.go:109 +0x6e
advocate/utils/control.Supervisor(0x77cd50, 0x77cd48, 0x77cd58)
	/home/advocate/Advocate/Experiments/Advocate/advocate/utils/control/memory.go:79 +0x12f
created by advocate/run.Run in goroutine 1
	/home/advocate/Advocate/Experiments/Advocate/advocate/run/run.go:63 +0x26f

goroutine 1 [runnable]:
advocate/analysis/hb/clock.(*VectorClock).GetValue(...)
	/home/advocate/Advocate/Experiments/Advocate/advocate/analysis/hb/clock/vc.go:97
advocate/analysis/hb/clock.happensBefore(0x2aaafd65c6e0, 0x2aaafdade140)
	/home/advocate/Advocate/Experiments/Advocate/advocate/analysis/hb/clock/hb.go:27 +0x96
advocate/analysis/hb/clock.GetHappensBefore(0x2aaafd65c6e0, 0x2aaafdade140)
	/home/advocate/Advocate/Experiments/Advocate/advocate/analysis/hb/clock/hb.go:74 +0x34
advocate/analysis/analysis/scenarios.buildResidualGraph({0x2aab06692000, 0x186a2, 0x2aaaee286b68?}, {0x2aab0685e000, 0x186a2, 0x1?})
	/home/advocate/Advocate/Experiments/Advocate/advocate/analysis/analysis/scenarios/graph.go:60 +0x49f
advocate/analysis/analysis/scenarios.CheckForUnlockBeforeLock()
	/home/advocate/Advocate/Experiments/Advocate/advocate/analysis/analysis/scenarios/unlockBeforeLock.go:75 +0x2b5
advocate/analysis/analysis.RunHBAnalysis(0x1)
	/home/advocate/Advocate/Experiments/Advocate/advocate/analysis/analysis/analysis.go:262 +0xc9b
advocate/analysis/analysis.RunAnalysis(0x1)
	/home/advocate/Advocate/Experiments/Advocate/advocate/analysis/analysis/analysis.go:63 +0x105
advocate/toolchain.runAnalyzer({0x2aaaed6fe100, 0x74}, {0x2aaaed6fe200?, 0x66?}, {0x2aaaed6fe180, 0x7a}, {0x2aaaed6fe280, 0x75}, 0x0, {0x2aaaee144080, ...}, ...)
	/home/advocate/Advocate/Experiments/Advocate/advocate/toolchain/analyzer.go:78 +0x43b
advocate/toolchain.unitTestAnalyzer({0x2aaaed1921c0, 0x66}, {0x760f26?, 0x2aaaed182048?}, 0x0, {0x2aaaee144080, 0x7e}, {0x2aaaeda20502, 0x13})
	/home/advocate/Advocate/Experiments/Advocate/advocate/toolchain/fullWorkflowUnit.go:619 +0x25c
advocate/toolchain.unitTestFullWorkflow({0x2aaaed1f0000?, 0x2c}, {0x7ffcdd7ec10d, 0x4c}, 0x1, 0x1, 0x1, {0x2aaaeda20502, 0x13}, {0x2aaaed1d0140, ...}, ...)
	/home/advocate/Advocate/Experiments/Advocate/advocate/toolchain/fullWorkflowUnit.go:479 +0x625
advocate/toolchain.runWorkflowUnit({0x7ffcdd7ec10d, 0x4c}, 0x1, 0x1, 0x1, {0x2aaaed2a2480, 0x7e}, 0x0, {0x0, 0x0}, ...)
	/home/advocate/Advocate/Experiments/Advocate/advocate/toolchain/fullWorkflowUnit.go:171 +0x1190
advocate/toolchain.Run({0x75dd74, 0x4}, {0x2aaaed2a2480, 0x7e}, 0x1, 0x1, 0x1, 0x0, {0x0, 0x0}, ...)
	/home/advocate/Advocate/Experiments/Advocate/advocate/toolchain/toolchain.go:72 +0x389
advocate/fuzzing.runFuzzing({0x2aaaed2a2480, 0x7e}, 0x0, 0x31, 0x1)
	/home/advocate/Advocate/Experiments/Advocate/advocate/fuzzing/fuzzing.go:217 +0x57b
advocate/fuzzing.Fuzzing()
	/home/advocate/Advocate/Experiments/Advocate/advocate/fuzzing/fuzzing.go:135 +0xea5
advocate/run.modeFuzzing()
	/home/advocate/Advocate/Experiments/Advocate/advocate/run/modes.go:34 +0x5e
advocate/run.Run()
	/home/advocate/Advocate/Experiments/Advocate/advocate/run/run.go:100 +0x5b5
main.main()
	/home/advocate/Advocate/Experiments/Advocate/advocate/main.go:28 +0x1c
2026/06/05 16:30:10 [31mNot enough RAM[0m
2026/06/05 16:30:10 goroutine 20 [running]:
advocate/utils/control.printAllGoroutines()
	/home/advocate/Advocate/Experiments/Advocate/advocate/utils/control/utils.go:20 +0x3d
advocate/utils/control.cancelRAM(0x77cd50, 0x77cd48, 0x77cd58)
	/home/advocate/Advocate/Experiments/Advocate/advocate/utils/control/memory.go:109 +0x6e
advocate/utils/control.Supervisor(0x77cd50, 0x77cd48, 0x77cd58)
	/home/advocate/Advocate/Experiments/Advocate/advocate/utils/control/memory.go:79 +0x12f
created by advocate/run.Run in goroutine 1
	/home/advocate/Advocate/Experiments/Advocate/advocate/run/run.go:63 +0x26f

goroutine 1 [runnable]:
advocate/analysis/hb/clock.(*VectorClock).GetValue(...)
	/home/advocate/Advocate/Experiments/Advocate/advocate/analysis/hb/clock/vc.go:97
advocate/analysis/hb/clock.happensBefore(0x2aaaf3937820, 0x2aaafdb6f370)
	/home/advocate/Advocate/Experiments/Advocate/advocate/analysis/hb/clock/hb.go:29 +0x130
advocate/analysis/hb/clock.GetHappensBefore(0x2aaaf3937820, 0x2aaafdb6f370)
	/home/advocate/Advocate/Experiments/Advocate/advocate/analysis/hb/clock/hb.go:74 +0x34
advocate/analysis/analysis/scenarios.buildResidualGraph({0x2aab06692000, 0x186a2, 0x2aaaee286b68?}, {0x2aab0685e000, 0x186a2, 0x1?})
	/home/advocate/Advocate/Experiments/Advocate/advocate/analysis/analysis/scenarios/graph.go:60 +0x49f
advocate/analysis/analysis/scenarios.CheckForUnlockBeforeLock()
	/home/advocate/Advocate/Experiments/Advocate/advocate/analysis/analysis/scenarios/unlockBeforeLock.go:75 +0x2b5
advocate/analysis/analysis.RunHBAnalysis(0x1)
	/home/advocate/Advocate/Experiments/Advocate/advocate/analysis/analysis/analysis.go:262 +0xc9b
advocate/analysis/analysis.RunAnalysis(0x1)
	/home/advocate/Advocate/Experiments/Advocate/advocate/analysis/analysis/analysis.go:63 +0x105
advocate/toolchain.runAnalyzer({0x2aaaed6fe100, 0x74}, {0x2aaaed6fe200?, 0x66?}, {0x2aaaed6fe180, 0x7a}, {0x2aaaed6fe280, 0x75}, 0x0, {0x2aaaee144080, ...}, ...)
	/home/advocate/Advocate/Experiments/Advocate/advocate/toolchain/analyzer.go:78 +0x43b
advocate/toolchain.unitTestAnalyzer({0x2aaaed1921c0, 0x66}, {0x760f26?, 0x2aaaed182048?}, 0x0, {0x2aaaee144080, 0x7e}, {0x2aaaeda20502, 0x13})
	/home/advocate/Advocate/Experiments/Advocate/advocate/toolchain/fullWorkflowUnit.go:619 +0x25c
advocate/toolchain.unitTestFullWorkflow({0x2aaaed1f0000?, 0x2c}, {0x7ffcdd7ec10d, 0x4c}, 0x1, 0x1, 0x1, {0x2aaaeda20502, 0x13}, {0x2aaaed1d0140, ...}, ...)
	/home/advocate/Advocate/Experiments/Advocate/advocate/toolchain/fullWorkflowUnit.go:479 +0x625
advocate/toolchain.runWorkflowUnit({0x7ffcdd7ec10d, 0x4c}, 0x1, 0x1, 0x1, {0x2aaaed2a2480, 0x7e}, 0x0, {0x0, 0x0}, ...)
	/home/advocate/Advocate/Experiments/Advocate/advocate/toolchain/fullWorkflowUnit.go:171 +0x1190
advocate/toolchain.Run({0x75dd74, 0x4}, {0x2aaaed2a2480, 0x7e}, 0x1, 0x1, 0x1, 0x0, {0x0, 0x0}, ...)
	/home/advocate/Advocate/Experiments/Advocate/advocate/toolchain/toolchain.go:72 +0x389
advocate/fuzzing.runFuzzing({0x2aaaed2a2480, 0x7e}, 0x0, 0x31, 0x1)
	/home/advocate/Advocate/Experiments/Advocate/advocate/fuzzing/fuzzing.go:217 +0x57b
advocate/fuzzing.Fuzzing()
	/home/advocate/Advocate/Experiments/Advocate/advocate/fuzzing/fuzzing.go:135 +0xea5
advocate/run.modeFuzzing()
	/home/advocate/Advocate/Experiments/Advocate/advocate/run/modes.go:34 +0x5e
advocate/run.Run()
	/home/advocate/Advocate/Experiments/Advocate/advocate/run/run.go:100 +0x5b5
main.main()
	/home/advocate/Advocate/Experiments/Advocate/advocate/main.go:28 +0x1c
2026/06/05 16:30:19 [31mNot enough RAM[0m
2026/06/05 16:30:19 goroutine 20 [running]:
advocate/utils/control.printAllGoroutines()
	/home/advocate/Advocate/Experiments/Advocate/advocate/utils/control/utils.go:20 +0x3d
advocate/utils/control.cancelRAM(0x77cd50, 0x77cd48, 0x77cd58)
	/home/advocate/Advocate/Experiments/Advocate/advocate/utils/control/memory.go:109 +0x6e
advocate/utils/control.Supervisor(0x77cd50, 0x77cd48, 0x77cd58)
	/home/advocate/Advocate/Experiments/Advocate/advocate/utils/control/memory.go:79 +0x12f
created by advocate/run.Run in goroutine 1
	/home/advocate/Advocate/Experiments/Advocate/advocate/run/run.go:63 +0x26f

goroutine 1 [runnable]:
advocate/analysis/hb/clock.(*VectorClock).GetValue(...)
	/home/advocate/Advocate/Experiments/Advocate/advocate/analysis/hb/clock/vc.go:97
advocate/analysis/hb/clock.happensBefore(0x2aaaf9bb16f0, 0x2aaafdc16290)
	/home/advocate/Advocate/Experiments/Advocate/advocate/analysis/hb/clock/hb.go:29 +0xe6
advocate/analysis/hb/clock.GetHappensBefore(0x2aaaf9bb16f0, 0x2aaafdc16290)
	/home/advocate/Advocate/Experiments/Advocate/advocate/analysis/hb/clock/hb.go:74 +0x34
advocate/analysis/analysis/scenarios.buildResidualGraph({0x2aab06692000, 0x186a2, 0x2aaaee286b68?}, {0x2aab0685e000, 0x186a2, 0x1?})
	/home/advocate/Advocate/Experiments/Advocate/advocate/analysis/analysis/scenarios/graph.go:60 +0x49f
advocate/analysis/analysis/scenarios.CheckForUnlockBeforeLock()
	/home/advocate/Advocate/Experiments/Advocate/advocate/analysis/analysis/scenarios/unlockBeforeLock.go:75 +0x2b5
advocate/analysis/analysis.RunHBAnalysis(0x1)
	/home/advocate/Advocate/Experiments/Advocate/advocate/analysis/analysis/analysis.go:262 +0xc9b
advocate/analysis/analysis.RunAnalysis(0x1)
	/home/advocate/Advocate/Experiments/Advocate/advocate/analysis/analysis/analysis.go:63 +0x105
advocate/toolchain.runAnalyzer({0x2aaaed6fe100, 0x74}, {0x2aaaed6fe200?, 0x66?}, {0x2aaaed6fe180, 0x7a}, {0x2aaaed6fe280, 0x75}, 0x0, {0x2aaaee144080, ...}, ...)
	/home/advocate/Advocate/Experiments/Advocate/advocate/toolchain/analyzer.go:78 +0x43b
advocate/toolchain.unitTestAnalyzer({0x2aaaed1921c0, 0x66}, {0x760f26?, 0x2aaaed182048?}, 0x0, {0x2aaaee144080, 0x7e}, {0x2aaaeda20502, 0x13})
	/home/advocate/Advocate/Experiments/Advocate/advocate/toolchain/fullWorkflowUnit.go:619 +0x25c
advocate/toolchain.unitTestFullWorkflow({0x2aaaed1f0000?, 0x2c}, {0x7ffcdd7ec10d, 0x4c}, 0x1, 0x1, 0x1, {0x2aaaeda20502, 0x13}, {0x2aaaed1d0140, ...}, ...)
	/home/advocate/Advocate/Experiments/Advocate/advocate/toolchain/fullWorkflowUnit.go:479 +0x625
advocate/toolchain.runWorkflowUnit({0x7ffcdd7ec10d, 0x4c}, 0x1, 0x1, 0x1, {0x2aaaed2a2480, 0x7e}, 0x0, {0x0, 0x0}, ...)
	/home/advocate/Advocate/Experiments/Advocate/advocate/toolchain/fullWorkflowUnit.go:171 +0x1190
advocate/toolchain.Run({0x75dd74, 0x4}, {0x2aaaed2a2480, 0x7e}, 0x1, 0x1, 0x1, 0x0, {0x0, 0x0}, ...)
	/home/advocate/Advocate/Experiments/Advocate/advocate/toolchain/toolchain.go:72 +0x389
advocate/fuzzing.runFuzzing({0x2aaaed2a2480, 0x7e}, 0x0, 0x31, 0x1)
	/home/advocate/Advocate/Experiments/Advocate/advocate/fuzzing/fuzzing.go:217 +0x57b
advocate/fuzzing.Fuzzing()
	/home/advocate/Advocate/Experiments/Advocate/advocate/fuzzing/fuzzing.go:135 +0xea5
advocate/run.modeFuzzing()
	/home/advocate/Advocate/Experiments/Advocate/advocate/run/modes.go:34 +0x5e
advocate/run.Run()
	/home/advocate/Advocate/Experiments/Advocate/advocate/run/run.go:100 +0x5b5
main.main()
	/home/advocate/Advocate/Experiments/Advocate/advocate/main.go:28 +0x1c
2026/06/05 16:30:28 [31mNot enough RAM[0m
2026/06/05 16:30:28 goroutine 20 [running]:
advocate/utils/control.printAllGoroutines()
	/home/advocate/Advocate/Experiments/Advocate/advocate/utils/control/utils.go:20 +0x3d
advocate/utils/control.cancelRAM(0x77cd50, 0x77cd48, 0x77cd58)
	/home/advocate/Advocate/Experiments/Advocate/advocate/utils/control/memory.go:109 +0x6e
advocate/utils/control.Supervisor(0x77cd50, 0x77cd48, 0x77cd58)
	/home/advocate/Advocate/Experiments/Advocate/advocate/utils/control/memory.go:79 +0x12f
created by advocate/run.Run in goroutine 1
	/home/advocate/Advocate/Experiments/Advocate/advocate/run/run.go:63 +0x26f

goroutine 1 [runnable]:
advocate/analysis/hb/clock.GetHappensBefore(0x2aab04bd06a0?, 0x2aaafdca9630?)
	/home/advocate/Advocate/Experiments/Advocate/advocate/analysis/hb/clock/hb.go:65 +0x8e
advocate/analysis/analysis/scenarios.buildResidualGraph({0x2aab06692000, 0x186a2, 0x2aaaee286b68?}, {0x2aab0685e000, 0x186a2, 0x1?})
	/home/advocate/Advocate/Experiments/Advocate/advocate/analysis/analysis/scenarios/graph.go:60 +0x49f
advocate/analysis/analysis/scenarios.CheckForUnlockBeforeLock()
	/home/advocate/Advocate/Experiments/Advocate/advocate/analysis/analysis/scenarios/unlockBeforeLock.go:75 +0x2b5
advocate/analysis/analysis.RunHBAnalysis(0x1)
	/home/advocate/Advocate/Experiments/Advocate/advocate/analysis/analysis/analysis.go:262 +0xc9b
advocate/analysis/analysis.RunAnalysis(0x1)
	/home/advocate/Advocate/Experiments/Advocate/advocate/analysis/analysis/analysis.go:63 +0x105
advocate/toolchain.runAnalyzer({0x2aaaed6fe100, 0x74}, {0x2aaaed6fe200?, 0x66?}, {0x2aaaed6fe180, 0x7a}, {0x2aaaed6fe280, 0x75}, 0x0, {0x2aaaee144080, ...}, ...)
	/home/advocate/Advocate/Experiments/Advocate/advocate/toolchain/analyzer.go:78 +0x43b
advocate/toolchain.unitTestAnalyzer({0x2aaaed1921c0, 0x66}, {0x760f26?, 0x2aaaed182048?}, 0x0, {0x2aaaee144080, 0x7e}, {0x2aaaeda20502, 0x13})
	/home/advocate/Advocate/Experiments/Advocate/advocate/toolchain/fullWorkflowUnit.go:619 +0x25c
advocate/toolchain.unitTestFullWorkflow({0x2aaaed1f0000?, 0x2c}, {0x7ffcdd7ec10d, 0x4c}, 0x1, 0x1, 0x1, {0x2aaaeda20502, 0x13}, {0x2aaaed1d0140, ...}, ...)
	/home/advocate/Advocate/Experiments/Advocate/advocate/toolchain/fullWorkflowUnit.go:479 +0x625
advocate/toolchain.runWorkflowUnit({0x7ffcdd7ec10d, 0x4c}, 0x1, 0x1, 0x1, {0x2aaaed2a2480, 0x7e}, 0x0, {0x0, 0x0}, ...)
	/home/advocate/Advocate/Experiments/Advocate/advocate/toolchain/fullWorkflowUnit.go:171 +0x1190
advocate/toolchain.Run({0x75dd74, 0x4}, {0x2aaaed2a2480, 0x7e}, 0x1, 0x1, 0x1, 0x0, {0x0, 0x0}, ...)
	/home/advocate/Advocate/Experiments/Advocate/advocate/toolchain/toolchain.go:72 +0x389
advocate/fuzzing.runFuzzing({0x2aaaed2a2480, 0x7e}, 0x0, 0x31, 0x1)
	/home/advocate/Advocate/Experiments/Advocate/advocate/fuzzing/fuzzing.go:217 +0x57b
advocate/fuzzing.Fuzzing()
	/home/advocate/Advocate/Experiments/Advocate/advocate/fuzzing/fuzzing.go:135 +0xea5
advocate/run.modeFuzzing()
	/home/advocate/Advocate/Experiments/Advocate/advocate/run/modes.go:34 +0x5e
advocate/run.Run()
	/home/advocate/Advocate/Experiments/Advocate/advocate/run/run.go:100 +0x5b5
main.main()
	/home/advocate/Advocate/Experiments/Advocate/advocate/main.go:28 +0x1c
2026/06/05 16:30:37 [31mNot enough RAM[0m
2026/06/05 16:30:37 goroutine 20 [running]:
advocate/utils/control.printAllGoroutines()
	/home/advocate/Advocate/Experiments/Advocate/advocate/utils/control/utils.go:20 +0x3d
advocate/utils/control.cancelRAM(0x77cd50, 0x77cd48, 0x77cd58)
	/home/advocate/Advocate/Experiments/Advocate/advocate/utils/control/memory.go:109 +0x6e
advocate/utils/control.Supervisor(0x77cd50, 0x77cd48, 0x77cd58)
	/home/advocate/Advocate/Experiments/Advocate/advocate/utils/control/memory.go:79 +0x12f
created by advocate/run.Run in goroutine 1
	/home/advocate/Advocate/Experiments/Advocate/advocate/run/run.go:63 +0x26f

goroutine 1 [runnable]:
advocate/analysis/hb/clock.(*VectorClock).GetValue(...)
	/home/advocate/Advocate/Experiments/Advocate/advocate/analysis/hb/clock/vc.go:97
advocate/analysis/hb/clock.happensBefore(0x2aaafff1c8d0, 0x2aaafdd4ead0)
	/home/advocate/Advocate/Experiments/Advocate/advocate/analysis/hb/clock/hb.go:27 +0x96
advocate/analysis/hb/clock.GetHappensBefore(0x2aaafff1c8d0, 0x2aaafdd4ead0)
	/home/advocate/Advocate/Experiments/Advocate/advocate/analysis/hb/clock/hb.go:74 +0x34
advocate/analysis/analysis/scenarios.buildResidualGraph({0x2aab06692000, 0x186a2, 0x2aaaee286b68?}, {0x2aab0685e000, 0x186a2, 0x1?})
	/home/advocate/Advocate/Experiments/Advocate/advocate/analysis/analysis/scenarios/graph.go:60 +0x49f
advocate/analysis/analysis/scenarios.CheckForUnlockBeforeLock()
	/home/advocate/Advocate/Experiments/Advocate/advocate/analysis/analysis/scenarios/unlockBeforeLock.go:75 +0x2b5
advocate/analysis/analysis.RunHBAnalysis(0x1)
	/home/advocate/Advocate/Experiments/Advocate/advocate/analysis/analysis/analysis.go:262 +0xc9b
advocate/analysis/analysis.RunAnalysis(0x1)
	/home/advocate/Advocate/Experiments/Advocate/advocate/analysis/analysis/analysis.go:63 +0x105
advocate/toolchain.runAnalyzer({0x2aaaed6fe100, 0x74}, {0x2aaaed6fe200?, 0x66?}, {0x2aaaed6fe180, 0x7a}, {0x2aaaed6fe280, 0x75}, 0x0, {0x2aaaee144080, ...}, ...)
	/home/advocate/Advocate/Experiments/Advocate/advocate/toolchain/analyzer.go:78 +0x43b
advocate/toolchain.unitTestAnalyzer({0x2aaaed1921c0, 0x66}, {0x760f26?, 0x2aaaed182048?}, 0x0, {0x2aaaee144080, 0x7e}, {0x2aaaeda20502, 0x13})
	/home/advocate/Advocate/Experiments/Advocate/advocate/toolchain/fullWorkflowUnit.go:619 +0x25c
advocate/toolchain.unitTestFullWorkflow({0x2aaaed1f0000?, 0x2c}, {0x7ffcdd7ec10d, 0x4c}, 0x1, 0x1, 0x1, {0x2aaaeda20502, 0x13}, {0x2aaaed1d0140, ...}, ...)
	/home/advocate/Advocate/Experiments/Advocate/advocate/toolchain/fullWorkflowUnit.go:479 +0x625
advocate/toolchain.runWorkflowUnit({0x7ffcdd7ec10d, 0x4c}, 0x1, 0x1, 0x1, {0x2aaaed2a2480, 0x7e}, 0x0, {0x0, 0x0}, ...)
	/home/advocate/Advocate/Experiments/Advocate/advocate/toolchain/fullWorkflowUnit.go:171 +0x1190
advocate/toolchain.Run({0x75dd74, 0x4}, {0x2aaaed2a2480, 0x7e}, 0x1, 0x1, 0x1, 0x0, {0x0, 0x0}, ...)
	/home/advocate/Advocate/Experiments/Advocate/advocate/toolchain/toolchain.go:72 +0x389
advocate/fuzzing.runFuzzing({0x2aaaed2a2480, 0x7e}, 0x0, 0x31, 0x1)
	/home/advocate/Advocate/Experiments/Advocate/advocate/fuzzing/fuzzing.go:217 +0x57b
advocate/fuzzing.Fuzzing()
	/home/advocate/Advocate/Experiments/Advocate/advocate/fuzzing/fuzzing.go:135 +0xea5
advocate/run.modeFuzzing()
	/home/advocate/Advocate/Experiments/Advocate/advocate/run/modes.go:34 +0x5e
advocate/run.Run()
	/home/advocate/Advocate/Experiments/Advocate/advocate/run/run.go:100 +0x5b5
main.main()
	/home/advocate/Advocate/Experiments/Advocate/advocate/main.go:28 +0x1c
2026/06/05 16:30:46 [31mNot enough RAM[0m
2026/06/05 16:30:46 goroutine 20 [running]:
advocate/utils/control.printAllGoroutines()
	/home/advocate/Advocate/Experiments/Advocate/advocate/utils/control/utils.go:20 +0x3d
advocate/utils/control.cancelRAM(0x77cd50, 0x77cd48, 0x77cd58)
	/home/advocate/Advocate/Experiments/Advocate/advocate/utils/control/memory.go:109 +0x6e
advocate/utils/control.Supervisor(0x77cd50, 0x77cd48, 0x77cd58)
	/home/advocate/Advocate/Experiments/Advocate/advocate/utils/control/memory.go:79 +0x12f
created by advocate/run.Run in goroutine 1
	/home/advocate/Advocate/Experiments/Advocate/advocate/run/run.go:63 +0x26f

goroutine 1 [runnable]:
advocate/analysis/hb/clock.(*VectorClock).GetValue(...)
	/home/advocate/Advocate/Experiments/Advocate/advocate/analysis/hb/clock/vc.go:97
advocate/analysis/hb/clock.happensBefore(0x2aaafb998070, 0x2aaafdde1bb0)
	/home/advocate/Advocate/Experiments/Advocate/advocate/analysis/hb/clock/hb.go:29 +0x130
advocate/analysis/hb/clock.GetHappensBefore(0x2aaafb998070, 0x2aaafdde1bb0)
	/home/advocate/Advocate/Experiments/Advocate/advocate/analysis/hb/clock/hb.go:74 +0x34
advocate/analysis/analysis/scenarios.buildResidualGraph({0x2aab06692000, 0x186a2, 0x2aaaee286b68?}, {0x2aab0685e000, 0x186a2, 0x1?})
	/home/advocate/Advocate/Experiments/Advocate/advocate/analysis/analysis/scenarios/graph.go:60 +0x49f
advocate/analysis/analysis/scenarios.CheckForUnlockBeforeLock()
	/home/advocate/Advocate/Experiments/Advocate/advocate/analysis/analysis/scenarios/unlockBeforeLock.go:75 +0x2b5
advocate/analysis/analysis.RunHBAnalysis(0x1)
	/home/advocate/Advocate/Experiments/Advocate/advocate/analysis/analysis/analysis.go:262 +0xc9b
advocate/analysis/analysis.RunAnalysis(0x1)
	/home/advocate/Advocate/Experiments/Advocate/advocate/analysis/analysis/analysis.go:63 +0x105
advocate/toolchain.runAnalyzer({0x2aaaed6fe100, 0x74}, {0x2aaaed6fe200?, 0x66?}, {0x2aaaed6fe180, 0x7a}, {0x2aaaed6fe280, 0x75}, 0x0, {0x2aaaee144080, ...}, ...)
	/home/advocate/Advocate/Experiments/Advocate/advocate/toolchain/analyzer.go:78 +0x43b
advocate/toolchain.unitTestAnalyzer({0x2aaaed1921c0, 0x66}, {0x760f26?, 0x2aaaed182048?}, 0x0, {0x2aaaee144080, 0x7e}, {0x2aaaeda20502, 0x13})
	/home/advocate/Advocate/Experiments/Advocate/advocate/toolchain/fullWorkflowUnit.go:619 +0x25c
advocate/toolchain.unitTestFullWorkflow({0x2aaaed1f0000?, 0x2c}, {0x7ffcdd7ec10d, 0x4c}, 0x1, 0x1, 0x1, {0x2aaaeda20502, 0x13}, {0x2aaaed1d0140, ...}, ...)
	/home/advocate/Advocate/Experiments/Advocate/advocate/toolchain/fullWorkflowUnit.go:479 +0x625
advocate/toolchain.runWorkflowUnit({0x7ffcdd7ec10d, 0x4c}, 0x1, 0x1, 0x1, {0x2aaaed2a2480, 0x7e}, 0x0, {0x0, 0x0}, ...)
	/home/advocate/Advocate/Experiments/Advocate/advocate/toolchain/fullWorkflowUnit.go:171 +0x1190
advocate/toolchain.Run({0x75dd74, 0x4}, {0x2aaaed2a2480, 0x7e}, 0x1, 0x1, 0x1, 0x0, {0x0, 0x0}, ...)
	/home/advocate/Advocate/Experiments/Advocate/advocate/toolchain/toolchain.go:72 +0x389
advocate/fuzzing.runFuzzing({0x2aaaed2a2480, 0x7e}, 0x0, 0x31, 0x1)
	/home/advocate/Advocate/Experiments/Advocate/advocate/fuzzing/fuzzing.go:217 +0x57b
advocate/fuzzing.Fuzzing()
	/home/advocate/Advocate/Experiments/Advocate/advocate/fuzzing/fuzzing.go:135 +0xea5
advocate/run.modeFuzzing()
	/home/advocate/Advocate/Experiments/Advocate/advocate/run/modes.go:34 +0x5e
advocate/run.Run()
	/home/advocate/Advocate/Experiments/Advocate/advocate/run/run.go:100 +0x5b5
main.main()
	/home/advocate/Advocate/Experiments/Advocate/advocate/main.go:28 +0x1c
2026/06/05 16:30:55 [31mNot enough RAM[0m
2026/06/05 16:30:55 goroutine 20 [running]:
advocate/utils/control.printAllGoroutines()
	/home/advocate/Advocate/Experiments/Advocate/advocate/utils/control/utils.go:20 +0x3d
advocate/utils/control.cancelRAM(0x77cd50, 0x77cd48, 0x77cd58)
	/home/advocate/Advocate/Experiments/Advocate/advocate/utils/control/memory.go:109 +0x6e
advocate/utils/control.Supervisor(0x77cd50, 0x77cd48, 0x77cd58)
	/home/advocate/Advocate/Experiments/Advocate/advocate/utils/control/memory.go:79 +0x12f
created by advocate/run.Run in goroutine 1
	/home/advocate/Advocate/Experiments/Advocate/advocate/run/run.go:63 +0x26f

goroutine 1 [runnable]:
advocate/analysis/hb/clock.(*VectorClock).GetValue(...)
	/home/advocate/Advocate/Experiments/Advocate/advocate/analysis/hb/clock/vc.go:97
advocate/analysis/hb/clock.happensBefore(0x2aaafd15f730, 0x2aaafde89480)
	/home/advocate/Advocate/Experiments/Advocate/advocate/analysis/hb/clock/hb.go:29 +0xe6
advocate/analysis/hb/clock.GetHappensBefore(0x2aaafd15f730, 0x2aaafde89480)
	/home/advocate/Advocate/Experiments/Advocate/advocate/analysis/hb/clock/hb.go:74 +0x34
advocate/analysis/analysis/scenarios.buildResidualGraph({0x2aab06692000, 0x186a2, 0x2aaaee286b68?}, {0x2aab0685e000, 0x186a2, 0x1?})
	/home/advocate/Advocate/Experiments/Advocate/advocate/analysis/analysis/scenarios/graph.go:60 +0x49f
advocate/analysis/analysis/scenarios.CheckForUnlockBeforeLock()
	/home/advocate/Advocate/Experiments/Advocate/advocate/analysis/analysis/scenarios/unlockBeforeLock.go:75 +0x2b5
advocate/analysis/analysis.RunHBAnalysis(0x1)
	/home/advocate/Advocate/Experiments/Advocate/advocate/analysis/analysis/analysis.go:262 +0xc9b
advocate/analysis/analysis.RunAnalysis(0x1)
	/home/advocate/Advocate/Experiments/Advocate/advocate/analysis/analysis/analysis.go:63 +0x105
advocate/toolchain.runAnalyzer({0x2aaaed6fe100, 0x74}, {0x2aaaed6fe200?, 0x66?}, {0x2aaaed6fe180, 0x7a}, {0x2aaaed6fe280, 0x75}, 0x0, {0x2aaaee144080, ...}, ...)
	/home/advocate/Advocate/Experiments/Advocate/advocate/toolchain/analyzer.go:78 +0x43b
advocate/toolchain.unitTestAnalyzer({0x2aaaed1921c0, 0x66}, {0x760f26?, 0x2aaaed182048?}, 0x0, {0x2aaaee144080, 0x7e}, {0x2aaaeda20502, 0x13})
	/home/advocate/Advocate/Experiments/Advocate/advocate/toolchain/fullWorkflowUnit.go:619 +0x25c
advocate/toolchain.unitTestFullWorkflow({0x2aaaed1f0000?, 0x2c}, {0x7ffcdd7ec10d, 0x4c}, 0x1, 0x1, 0x1, {0x2aaaeda20502, 0x13}, {0x2aaaed1d0140, ...}, ...)
	/home/advocate/Advocate/Experiments/Advocate/advocate/toolchain/fullWorkflowUnit.go:479 +0x625
advocate/toolchain.runWorkflowUnit({0x7ffcdd7ec10d, 0x4c}, 0x1, 0x1, 0x1, {0x2aaaed2a2480, 0x7e}, 0x0, {0x0, 0x0}, ...)
	/home/advocate/Advocate/Experiments/Advocate/advocate/toolchain/fullWorkflowUnit.go:171 +0x1190
advocate/toolchain.Run({0x75dd74, 0x4}, {0x2aaaed2a2480, 0x7e}, 0x1, 0x1, 0x1, 0x0, {0x0, 0x0}, ...)
	/home/advocate/Advocate/Experiments/Advocate/advocate/toolchain/toolchain.go:72 +0x389
advocate/fuzzing.runFuzzing({0x2aaaed2a2480, 0x7e}, 0x0, 0x31, 0x1)
	/home/advocate/Advocate/Experiments/Advocate/advocate/fuzzing/fuzzing.go:217 +0x57b
advocate/fuzzing.Fuzzing()
	/home/advocate/Advocate/Experiments/Advocate/advocate/fuzzing/fuzzing.go:135 +0xea5
advocate/run.modeFuzzing()
	/home/advocate/Advocate/Experiments/Advocate/advocate/run/modes.go:34 +0x5e
advocate/run.Run()
	/home/advocate/Advocate/Experiments/Advocate/advocate/run/run.go:100 +0x5b5
main.main()
	/home/advocate/Advocate/Experiments/Advocate/advocate/main.go:28 +0x1c
2026/06/05 16:31:05 [31mNot enough RAM[0m
2026/06/05 16:31:05 goroutine 20 [running]:
advocate/utils/control.printAllGoroutines()
	/home/advocate/Advocate/Experiments/Advocate/advocate/utils/control/utils.go:20 +0x3d
advocate/utils/control.cancelRAM(0x77cd50, 0x77cd48, 0x77cd58)
	/home/advocate/Advocate/Experiments/Advocate/advocate/utils/control/memory.go:109 +0x6e
advocate/utils/control.Supervisor(0x77cd50, 0x77cd48, 0x77cd58)
	/home/advocate/Advocate/Experiments/Advocate/advocate/utils/control/memory.go:79 +0x12f
created by advocate/run.Run in goroutine 1
	/home/advocate/Advocate/Experiments/Advocate/advocate/run/run.go:63 +0x26f

goroutine 1 [runnable]:
advocate/analysis/hb/clock.(*VectorClock).GetValue(...)
	/home/advocate/Advocate/Experiments/Advocate/advocate/analysis/hb/clock/vc.go:97
advocate/analysis/hb/clock.happensBefore(0x2aaafec41420, 0x2aaafdf312d0)
	/home/advocate/Advocate/Experiments/Advocate/advocate/analysis/hb/clock/hb.go:27 +0x96
advocate/analysis/hb/clock.GetHappensBefore(0x2aaafec41420, 0x2aaafdf312d0)
	/home/advocate/Advocate/Experiments/Advocate/advocate/analysis/hb/clock/hb.go:74 +0x34
advocate/analysis/analysis/scenarios.buildResidualGraph({0x2aab06692000, 0x186a2, 0x2aaaee286b68?}, {0x2aab0685e000, 0x186a2, 0x1?})
	/home/advocate/Advocate/Experiments/Advocate/advocate/analysis/analysis/scenarios/graph.go:60 +0x49f
advocate/analysis/analysis/scenarios.CheckForUnlockBeforeLock()
	/home/advocate/Advocate/Experiments/Advocate/advocate/analysis/analysis/scenarios/unlockBeforeLock.go:75 +0x2b5
advocate/analysis/analysis.RunHBAnalysis(0x1)
	/home/advocate/Advocate/Experiments/Advocate/advocate/analysis/analysis/analysis.go:262 +0xc9b
advocate/analysis/analysis.RunAnalysis(0x1)
	/home/advocate/Advocate/Experiments/Advocate/advocate/analysis/analysis/analysis.go:63 +0x105
advocate/toolchain.runAnalyzer({0x2aaaed6fe100, 0x74}, {0x2aaaed6fe200?, 0x66?}, {0x2aaaed6fe180, 0x7a}, {0x2aaaed6fe280, 0x75}, 0x0, {0x2aaaee144080, ...}, ...)
	/home/advocate/Advocate/Experiments/Advocate/advocate/toolchain/analyzer.go:78 +0x43b
advocate/toolchain.unitTestAnalyzer({0x2aaaed1921c0, 0x66}, {0x760f26?, 0x2aaaed182048?}, 0x0, {0x2aaaee144080, 0x7e}, {0x2aaaeda20502, 0x13})
	/home/advocate/Advocate/Experiments/Advocate/advocate/toolchain/fullWorkflowUnit.go:619 +0x25c
advocate/toolchain.unitTestFullWorkflow({0x2aaaed1f0000?, 0x2c}, {0x7ffcdd7ec10d, 0x4c}, 0x1, 0x1, 0x1, {0x2aaaeda20502, 0x13}, {0x2aaaed1d0140, ...}, ...)
	/home/advocate/Advocate/Experiments/Advocate/advocate/toolchain/fullWorkflowUnit.go:479 +0x625
advocate/toolchain.runWorkflowUnit({0x7ffcdd7ec10d, 0x4c}, 0x1, 0x1, 0x1, {0x2aaaed2a2480, 0x7e}, 0x0, {0x0, 0x0}, ...)
	/home/advocate/Advocate/Experiments/Advocate/advocate/toolchain/fullWorkflowUnit.go:171 +0x1190
advocate/toolchain.Run({0x75dd74, 0x4}, {0x2aaaed2a2480, 0x7e}, 0x1, 0x1, 0x1, 0x0, {0x0, 0x0}, ...)
	/home/advocate/Advocate/Experiments/Advocate/advocate/toolchain/toolchain.go:72 +0x389
advocate/fuzzing.runFuzzing({0x2aaaed2a2480, 0x7e}, 0x0, 0x31, 0x1)
	/home/advocate/Advocate/Experiments/Advocate/advocate/fuzzing/fuzzing.go:217 +0x57b
advocate/fuzzing.Fuzzing()
	/home/advocate/Advocate/Experiments/Advocate/advocate/fuzzing/fuzzing.go:135 +0xea5
advocate/run.modeFuzzing()
	/home/advocate/Advocate/Experiments/Advocate/advocate/run/modes.go:34 +0x5e
advocate/run.Run()
	/home/advocate/Advocate/Experiments/Advocate/advocate/run/run.go:100 +0x5b5
main.main()
	/home/advocate/Advocate/Experiments/Advocate/advocate/main.go:28 +0x1c
2026/06/05 16:31:15 [31mNot enough RAM[0m
2026/06/05 16:31:15 goroutine 20 [running]:
advocate/utils/control.printAllGoroutines()
	/home/advocate/Advocate/Experiments/Advocate/advocate/utils/control/utils.go:20 +0x3d
advocate/utils/control.cancelRAM(0x77cd50, 0x77cd48, 0x77cd58)
	/home/advocate/Advocate/Experiments/Advocate/advocate/utils/control/memory.go:109 +0x6e
advocate/utils/control.Supervisor(0x77cd50, 0x77cd48, 0x77cd58)
	/home/advocate/Advocate/Experiments/Advocate/advocate/utils/control/memory.go:79 +0x12f
created by advocate/run.Run in goroutine 1
	/home/advocate/Advocate/Experiments/Advocate/advocate/run/run.go:63 +0x26f

goroutine 1 [runnable]:
advocate/analysis/hb/clock.(*VectorClock).GetValue(...)
	/home/advocate/Advocate/Experiments/Advocate/advocate/analysis/hb/clock/vc.go:97
advocate/analysis/hb/clock.happensBefore(0x2aab030c7b60, 0x2aaafe0fed10)
	/home/advocate/Advocate/Experiments/Advocate/advocate/analysis/hb/clock/hb.go:27 +0x96
advocate/analysis/hb/clock.GetHappensBefore(0x2aab030c7b60, 0x2aaafe0fed10)
	/home/advocate/Advocate/Experiments/Advocate/advocate/analysis/hb/clock/hb.go:74 +0x34
advocate/analysis/analysis/scenarios.buildResidualGraph({0x2aab06692000, 0x186a2, 0x2aaaee286b68?}, {0x2aab0685e000, 0x186a2, 0x1?})
	/home/advocate/Advocate/Experiments/Advocate/advocate/analysis/analysis/scenarios/graph.go:60 +0x49f
advocate/analysis/analysis/scenarios.CheckForUnlockBeforeLock()
	/home/advocate/Advocate/Experiments/Advocate/advocate/analysis/analysis/scenarios/unlockBeforeLock.go:75 +0x2b5
advocate/analysis/analysis.RunHBAnalysis(0x1)
	/home/advocate/Advocate/Experiments/Advocate/advocate/analysis/analysis/analysis.go:262 +0xc9b
advocate/analysis/analysis.RunAnalysis(0x1)
	/home/advocate/Advocate/Experiments/Advocate/advocate/analysis/analysis/analysis.go:63 +0x105
advocate/toolchain.runAnalyzer({0x2aaaed6fe100, 0x74}, {0x2aaaed6fe200?, 0x66?}, {0x2aaaed6fe180, 0x7a}, {0x2aaaed6fe280, 0x75}, 0x0, {0x2aaaee144080, ...}, ...)
	/home/advocate/Advocate/Experiments/Advocate/advocate/toolchain/analyzer.go:78 +0x43b
advocate/toolchain.unitTestAnalyzer({0x2aaaed1921c0, 0x66}, {0x760f26?, 0x2aaaed182048?}, 0x0, {0x2aaaee144080, 0x7e}, {0x2aaaeda20502, 0x13})
	/home/advocate/Advocate/Experiments/Advocate/advocate/toolchain/fullWorkflowUnit.go:619 +0x25c
advocate/toolchain.unitTestFullWorkflow({0x2aaaed1f0000?, 0x2c}, {0x7ffcdd7ec10d, 0x4c}, 0x1, 0x1, 0x1, {0x2aaaeda20502, 0x13}, {0x2aaaed1d0140, ...}, ...)
	/home/advocate/Advocate/Experiments/Advocate/advocate/toolchain/fullWorkflowUnit.go:479 +0x625
advocate/toolchain.runWorkflowUnit({0x7ffcdd7ec10d, 0x4c}, 0x1, 0x1, 0x1, {0x2aaaed2a2480, 0x7e}, 0x0, {0x0, 0x0}, ...)
	/home/advocate/Advocate/Experiments/Advocate/advocate/toolchain/fullWorkflowUnit.go:171 +0x1190
advocate/toolchain.Run({0x75dd74, 0x4}, {0x2aaaed2a2480, 0x7e}, 0x1, 0x1, 0x1, 0x0, {0x0, 0x0}, ...)
	/home/advocate/Advocate/Experiments/Advocate/advocate/toolchain/toolchain.go:72 +0x389
advocate/fuzzing.runFuzzing({0x2aaaed2a2480, 0x7e}, 0x0, 0x31, 0x1)
	/home/advocate/Advocate/Experiments/Advocate/advocate/fuzzing/fuzzing.go:217 +0x57b
advocate/fuzzing.Fuzzing()
	/home/advocate/Advocate/Experiments/Advocate/advocate/fuzzing/fuzzing.go:135 +0xea5
advocate/run.modeFuzzing()
	/home/advocate/Advocate/Experiments/Advocate/advocate/run/modes.go:34 +0x5e
advocate/run.Run()
	/home/advocate/Advocate/Experiments/Advocate/advocate/run/run.go:100 +0x5b5
main.main()
	/home/advocate/Advocate/Experiments/Advocate/advocate/main.go:28 +0x1c
2026/06/05 16:31:25 [31mNot enough RAM[0m
2026/06/05 16:31:25 goroutine 20 [running]:
advocate/utils/control.printAllGoroutines()
	/home/advocate/Advocate/Experiments/Advocate/advocate/utils/control/utils.go:20 +0x3d
advocate/utils/control.cancelRAM(0x77cd50, 0x77cd48, 0x77cd58)
	/home/advocate/Advocate/Experiments/Advocate/advocate/utils/control/memory.go:109 +0x6e
advocate/utils/control.Supervisor(0x77cd50, 0x77cd48, 0x77cd58)
	/home/advocate/Advocate/Experiments/Advocate/advocate/utils/control/memory.go:79 +0x12f
created by advocate/run.Run in goroutine 1
	/home/advocate/Advocate/Experiments/Advocate/advocate/run/run.go:63 +0x26f

goroutine 1 [runnable]:
advocate/analysis/hb/clock.(*VectorClock).GetValue(...)
	/home/advocate/Advocate/Experiments/Advocate/advocate/analysis/hb/clock/vc.go:97
advocate/analysis/hb/clock.happensBefore(0x2aaafcf764c0, 0x2aaafe1a65e0)
	/home/advocate/Advocate/Experiments/Advocate/advocate/analysis/hb/clock/hb.go:27 +0x96
advocate/analysis/hb/clock.GetHappensBefore(0x2aaafcf764c0, 0x2aaafe1a65e0)
	/home/advocate/Advocate/Experiments/Advocate/advocate/analysis/hb/clock/hb.go:74 +0x34
advocate/analysis/analysis/scenarios.buildResidualGraph({0x2aab06692000, 0x186a2, 0x2aaaee286b68?}, {0x2aab0685e000, 0x186a2, 0x1?})
	/home/advocate/Advocate/Experiments/Advocate/advocate/analysis/analysis/scenarios/graph.go:60 +0x49f
advocate/analysis/analysis/scenarios.CheckForUnlockBeforeLock()
	/home/advocate/Advocate/Experiments/Advocate/advocate/analysis/analysis/scenarios/unlockBeforeLock.go:75 +0x2b5
advocate/analysis/analysis.RunHBAnalysis(0x1)
	/home/advocate/Advocate/Experiments/Advocate/advocate/analysis/analysis/analysis.go:262 +0xc9b
advocate/analysis/analysis.RunAnalysis(0x1)
	/home/advocate/Advocate/Experiments/Advocate/advocate/analysis/analysis/analysis.go:63 +0x105
advocate/toolchain.runAnalyzer({0x2aaaed6fe100, 0x74}, {0x2aaaed6fe200?, 0x66?}, {0x2aaaed6fe180, 0x7a}, {0x2aaaed6fe280, 0x75}, 0x0, {0x2aaaee144080, ...}, ...)
	/home/advocate/Advocate/Experiments/Advocate/advocate/toolchain/analyzer.go:78 +0x43b
advocate/toolchain.unitTestAnalyzer({0x2aaaed1921c0, 0x66}, {0x760f26?, 0x2aaaed182048?}, 0x0, {0x2aaaee144080, 0x7e}, {0x2aaaeda20502, 0x13})
	/home/advocate/Advocate/Experiments/Advocate/advocate/toolchain/fullWorkflowUnit.go:619 +0x25c
advocate/toolchain.unitTestFullWorkflow({0x2aaaed1f0000?, 0x2c}, {0x7ffcdd7ec10d, 0x4c}, 0x1, 0x1, 0x1, {0x2aaaeda20502, 0x13}, {0x2aaaed1d0140, ...}, ...)
	/home/advocate/Advocate/Experiments/Advocate/advocate/toolchain/fullWorkflowUnit.go:479 +0x625
advocate/toolchain.runWorkflowUnit({0x7ffcdd7ec10d, 0x4c}, 0x1, 0x1, 0x1, {0x2aaaed2a2480, 0x7e}, 0x0, {0x0, 0x0}, ...)
	/home/advocate/Advocate/Experiments/Advocate/advocate/toolchain/fullWorkflowUnit.go:171 +0x1190
advocate/toolchain.Run({0x75dd74, 0x4}, {0x2aaaed2a2480, 0x7e}, 0x1, 0x1, 0x1, 0x0, {0x0, 0x0}, ...)
	/home/advocate/Advocate/Experiments/Advocate/advocate/toolchain/toolchain.go:72 +0x389
advocate/fuzzing.runFuzzing({0x2aaaed2a2480, 0x7e}, 0x0, 0x31, 0x1)
	/home/advocate/Advocate/Experiments/Advocate/advocate/fuzzing/fuzzing.go:217 +0x57b
advocate/fuzzing.Fuzzing()
	/home/advocate/Advocate/Experiments/Advocate/advocate/fuzzing/fuzzing.go:135 +0xea5
advocate/run.modeFuzzing()
	/home/advocate/Advocate/Experiments/Advocate/advocate/run/modes.go:34 +0x5e
advocate/run.Run()
	/home/advocate/Advocate/Experiments/Advocate/advocate/run/run.go:100 +0x5b5
main.main()
	/home/advocate/Advocate/Experiments/Advocate/advocate/main.go:28 +0x1c
2026/06/05 16:31:36 [31mNot enough RAM[0m
2026/06/05 16:31:36 goroutine 20 [running]:
advocate/utils/control.printAllGoroutines()
	/home/advocate/Advocate/Experiments/Advocate/advocate/utils/control/utils.go:20 +0x3d
advocate/utils/control.cancelRAM(0x77cd50, 0x77cd48, 0x77cd58)
	/home/advocate/Advocate/Experiments/Advocate/advocate/utils/control/memory.go:109 +0x6e
advocate/utils/control.Supervisor(0x77cd50, 0x77cd48, 0x77cd58)
	/home/advocate/Advocate/Experiments/Advocate/advocate/utils/control/memory.go:79 +0x12f
created by advocate/run.Run in goroutine 1
	/home/advocate/Advocate/Experiments/Advocate/advocate/run/run.go:63 +0x26f

goroutine 1 [runnable]:
advocate/analysis/hb/clock.(*VectorClock).GetValue(...)
	/home/advocate/Advocate/Experiments/Advocate/advocate/analysis/hb/clock/vc.go:97
advocate/analysis/hb/clock.happensBefore(0x2aaafe24e2c0, 0x2aab028fb2c0)
	/home/advocate/Advocate/Experiments/Advocate/advocate/analysis/hb/clock/hb.go:27 +0x65
advocate/analysis/hb/clock.GetHappensBefore(0x2aab028fb2c0, 0x2aaafe24e2c0)
	/home/advocate/Advocate/Experiments/Advocate/advocate/analysis/hb/clock/hb.go:77 +0x47
advocate/analysis/analysis/scenarios.buildResidualGraph({0x2aab06692000, 0x186a2, 0x2aaaee286b68?}, {0x2aab0685e000, 0x186a2, 0x1?})
	/home/advocate/Advocate/Experiments/Advocate/advocate/analysis/analysis/scenarios/graph.go:60 +0x49f
advocate/analysis/analysis/scenarios.CheckForUnlockBeforeLock()
	/home/advocate/Advocate/Experiments/Advocate/advocate/analysis/analysis/scenarios/unlockBeforeLock.go:75 +0x2b5
advocate/analysis/analysis.RunHBAnalysis(0x1)
	/home/advocate/Advocate/Experiments/Advocate/advocate/analysis/analysis/analysis.go:262 +0xc9b
advocate/analysis/analysis.RunAnalysis(0x1)
	/home/advocate/Advocate/Experiments/Advocate/advocate/analysis/analysis/analysis.go:63 +0x105
advocate/toolchain.runAnalyzer({0x2aaaed6fe100, 0x74}, {0x2aaaed6fe200?, 0x66?}, {0x2aaaed6fe180, 0x7a}, {0x2aaaed6fe280, 0x75}, 0x0, {0x2aaaee144080, ...}, ...)
	/home/advocate/Advocate/Experiments/Advocate/advocate/toolchain/analyzer.go:78 +0x43b
advocate/toolchain.unitTestAnalyzer({0x2aaaed1921c0, 0x66}, {0x760f26?, 0x2aaaed182048?}, 0x0, {0x2aaaee144080, 0x7e}, {0x2aaaeda20502, 0x13})
	/home/advocate/Advocate/Experiments/Advocate/advocate/toolchain/fullWorkflowUnit.go:619 +0x25c
advocate/toolchain.unitTestFullWorkflow({0x2aaaed1f0000?, 0x2c}, {0x7ffcdd7ec10d, 0x4c}, 0x1, 0x1, 0x1, {0x2aaaeda20502, 0x13}, {0x2aaaed1d0140, ...}, ...)
	/home/advocate/Advocate/Experiments/Advocate/advocate/toolchain/fullWorkflowUnit.go:479 +0x625
advocate/toolchain.runWorkflowUnit({0x7ffcdd7ec10d, 0x4c}, 0x1, 0x1, 0x1, {0x2aaaed2a2480, 0x7e}, 0x0, {0x0, 0x0}, ...)
	/home/advocate/Advocate/Experiments/Advocate/advocate/toolchain/fullWorkflowUnit.go:171 +0x1190
advocate/toolchain.Run({0x75dd74, 0x4}, {0x2aaaed2a2480, 0x7e}, 0x1, 0x1, 0x1, 0x0, {0x0, 0x0}, ...)
	/home/advocate/Advocate/Experiments/Advocate/advocate/toolchain/toolchain.go:72 +0x389
advocate/fuzzing.runFuzzing({0x2aaaed2a2480, 0x7e}, 0x0, 0x31, 0x1)
	/home/advocate/Advocate/Experiments/Advocate/advocate/fuzzing/fuzzing.go:217 +0x57b
advocate/fuzzing.Fuzzing()
	/home/advocate/Advocate/Experiments/Advocate/advocate/fuzzing/fuzzing.go:135 +0xea5
advocate/run.modeFuzzing()
	/home/advocate/Advocate/Experiments/Advocate/advocate/run/modes.go:34 +0x5e
advocate/run.Run()
	/home/advocate/Advocate/Experiments/Advocate/advocate/run/run.go:100 +0x5b5
main.main()
	/home/advocate/Advocate/Experiments/Advocate/advocate/main.go:28 +0x1c
2026/06/05 16:31:46 [31mNot enough RAM[0m
2026/06/05 16:31:46 goroutine 20 [running]:
advocate/utils/control.printAllGoroutines()
	/home/advocate/Advocate/Experiments/Advocate/advocate/utils/control/utils.go:20 +0x3d
advocate/utils/control.cancelRAM(0x77cd50, 0x77cd48, 0x77cd58)
	/home/advocate/Advocate/Experiments/Advocate/advocate/utils/control/memory.go:109 +0x6e
advocate/utils/control.Supervisor(0x77cd50, 0x77cd48, 0x77cd58)
	/home/advocate/Advocate/Experiments/Advocate/advocate/utils/control/memory.go:79 +0x12f
created by advocate/run.Run in goroutine 1
	/home/advocate/Advocate/Experiments/Advocate/advocate/run/run.go:63 +0x26f

goroutine 1 [runnable]:
advocate/analysis/hb/clock.(*VectorClock).GetValue(...)
	/home/advocate/Advocate/Experiments/Advocate/advocate/analysis/hb/clock/vc.go:97
advocate/analysis/hb/clock.happensBefore(0x2aaaf9d5f660, 0x2aaafe2f6560)
	/home/advocate/Advocate/Experiments/Advocate/advocate/analysis/hb/clock/hb.go:27 +0x96
advocate/analysis/hb/clock.GetHappensBefore(0x2aaaf9d5f660, 0x2aaafe2f6560)
	/home/advocate/Advocate/Experiments/Advocate/advocate/analysis/hb/clock/hb.go:74 +0x34
advocate/analysis/analysis/scenarios.buildResidualGraph({0x2aab06692000, 0x186a2, 0x2aaaee286b68?}, {0x2aab0685e000, 0x186a2, 0x1?})
	/home/advocate/Advocate/Experiments/Advocate/advocate/analysis/analysis/scenarios/graph.go:60 +0x49f
advocate/analysis/analysis/scenarios.CheckForUnlockBeforeLock()
	/home/advocate/Advocate/Experiments/Advocate/advocate/analysis/analysis/scenarios/unlockBeforeLock.go:75 +0x2b5
advocate/analysis/analysis.RunHBAnalysis(0x1)
	/home/advocate/Advocate/Experiments/Advocate/advocate/analysis/analysis/analysis.go:262 +0xc9b
advocate/analysis/analysis.RunAnalysis(0x1)
	/home/advocate/Advocate/Experiments/Advocate/advocate/analysis/analysis/analysis.go:63 +0x105
advocate/toolchain.runAnalyzer({0x2aaaed6fe100, 0x74}, {0x2aaaed6fe200?, 0x66?}, {0x2aaaed6fe180, 0x7a}, {0x2aaaed6fe280, 0x75}, 0x0, {0x2aaaee144080, ...}, ...)
	/home/advocate/Advocate/Experiments/Advocate/advocate/toolchain/analyzer.go:78 +0x43b
advocate/toolchain.unitTestAnalyzer({0x2aaaed1921c0, 0x66}, {0x760f26?, 0x2aaaed182048?}, 0x0, {0x2aaaee144080, 0x7e}, {0x2aaaeda20502, 0x13})
	/home/advocate/Advocate/Experiments/Advocate/advocate/toolchain/fullWorkflowUnit.go:619 +0x25c
advocate/toolchain.unitTestFullWorkflow({0x2aaaed1f0000?, 0x2c}, {0x7ffcdd7ec10d, 0x4c}, 0x1, 0x1, 0x1, {0x2aaaeda20502, 0x13}, {0x2aaaed1d0140, ...}, ...)
	/home/advocate/Advocate/Experiments/Advocate/advocate/toolchain/fullWorkflowUnit.go:479 +0x625
advocate/toolchain.runWorkflowUnit({0x7ffcdd7ec10d, 0x4c}, 0x1, 0x1, 0x1, {0x2aaaed2a2480, 0x7e}, 0x0, {0x0, 0x0}, ...)
	/home/advocate/Advocate/Experiments/Advocate/advocate/toolchain/fullWorkflowUnit.go:171 +0x1190
advocate/toolchain.Run({0x75dd74, 0x4}, {0x2aaaed2a2480, 0x7e}, 0x1, 0x1, 0x1, 0x0, {0x0, 0x0}, ...)
	/home/advocate/Advocate/Experiments/Advocate/advocate/toolchain/toolchain.go:72 +0x389
advocate/fuzzing.runFuzzing({0x2aaaed2a2480, 0x7e}, 0x0, 0x31, 0x1)
	/home/advocate/Advocate/Experiments/Advocate/advocate/fuzzing/fuzzing.go:217 +0x57b
advocate/fuzzing.Fuzzing()
	/home/advocate/Advocate/Experiments/Advocate/advocate/fuzzing/fuzzing.go:135 +0xea5
advocate/run.modeFuzzing()
	/home/advocate/Advocate/Experiments/Advocate/advocate/run/modes.go:34 +0x5e
advocate/run.Run()
	/home/advocate/Advocate/Experiments/Advocate/advocate/run/run.go:100 +0x5b5
main.main()
	/home/advocate/Advocate/Experiments/Advocate/advocate/main.go:28 +0x1c
2026/06/05 16:31:57 [31mNot enough RAM[0m
2026/06/05 16:31:57 goroutine 20 [running]:
advocate/utils/control.printAllGoroutines()
	/home/advocate/Advocate/Experiments/Advocate/advocate/utils/control/utils.go:20 +0x3d
advocate/utils/control.cancelRAM(0x77cd50, 0x77cd48, 0x77cd58)
	/home/advocate/Advocate/Experiments/Advocate/advocate/utils/control/memory.go:109 +0x6e
advocate/utils/control.Supervisor(0x77cd50, 0x77cd48, 0x77cd58)
	/home/advocate/Advocate/Experiments/Advocate/advocate/utils/control/memory.go:79 +0x12f
created by advocate/run.Run in goroutine 1
	/home/advocate/Advocate/Experiments/Advocate/advocate/run/run.go:63 +0x26f

goroutine 1 [runnable]:
advocate/analysis/hb/clock.(*VectorClock).GetValue(...)
	/home/advocate/Advocate/Experiments/Advocate/advocate/analysis/hb/clock/vc.go:97
advocate/analysis/hb/clock.happensBefore(0x2aaaf745c160, 0x2aaafe39e7e0)
	/home/advocate/Advocate/Experiments/Advocate/advocate/analysis/hb/clock/hb.go:27 +0x96
advocate/analysis/hb/clock.GetHappensBefore(0x2aaaf745c160, 0x2aaafe39e7e0)
	/home/advocate/Advocate/Experiments/Advocate/advocate/analysis/hb/clock/hb.go:74 +0x34
advocate/analysis/analysis/scenarios.buildResidualGraph({0x2aab06692000, 0x186a2, 0x2aaaee286b68?}, {0x2aab0685e000, 0x186a2, 0x1?})
	/home/advocate/Advocate/Experiments/Advocate/advocate/analysis/analysis/scenarios/graph.go:60 +0x49f
advocate/analysis/analysis/scenarios.CheckForUnlockBeforeLock()
	/home/advocate/Advocate/Experiments/Advocate/advocate/analysis/analysis/scenarios/unlockBeforeLock.go:75 +0x2b5
advocate/analysis/analysis.RunHBAnalysis(0x1)
	/home/advocate/Advocate/Experiments/Advocate/advocate/analysis/analysis/analysis.go:262 +0xc9b
advocate/analysis/analysis.RunAnalysis(0x1)
	/home/advocate/Advocate/Experiments/Advocate/advocate/analysis/analysis/analysis.go:63 +0x105
advocate/toolchain.runAnalyzer({0x2aaaed6fe100, 0x74}, {0x2aaaed6fe200?, 0x66?}, {0x2aaaed6fe180, 0x7a}, {0x2aaaed6fe280, 0x75}, 0x0, {0x2aaaee144080, ...}, ...)
	/home/advocate/Advocate/Experiments/Advocate/advocate/toolchain/analyzer.go:78 +0x43b
advocate/toolchain.unitTestAnalyzer({0x2aaaed1921c0, 0x66}, {0x760f26?, 0x2aaaed182048?}, 0x0, {0x2aaaee144080, 0x7e}, {0x2aaaeda20502, 0x13})
	/home/advocate/Advocate/Experiments/Advocate/advocate/toolchain/fullWorkflowUnit.go:619 +0x25c
advocate/toolchain.unitTestFullWorkflow({0x2aaaed1f0000?, 0x2c}, {0x7ffcdd7ec10d, 0x4c}, 0x1, 0x1, 0x1, {0x2aaaeda20502, 0x13}, {0x2aaaed1d0140, ...}, ...)
	/home/advocate/Advocate/Experiments/Advocate/advocate/toolchain/fullWorkflowUnit.go:479 +0x625
advocate/toolchain.runWorkflowUnit({0x7ffcdd7ec10d, 0x4c}, 0x1, 0x1, 0x1, {0x2aaaed2a2480, 0x7e}, 0x0, {0x0, 0x0}, ...)
	/home/advocate/Advocate/Experiments/Advocate/advocate/toolchain/fullWorkflowUnit.go:171 +0x1190
advocate/toolchain.Run({0x75dd74, 0x4}, {0x2aaaed2a2480, 0x7e}, 0x1, 0x1, 0x1, 0x0, {0x0, 0x0}, ...)
	/home/advocate/Advocate/Experiments/Advocate/advocate/toolchain/toolchain.go:72 +0x389
advocate/fuzzing.runFuzzing({0x2aaaed2a2480, 0x7e}, 0x0, 0x31, 0x1)
	/home/advocate/Advocate/Experiments/Advocate/advocate/fuzzing/fuzzing.go:217 +0x57b
advocate/fuzzing.Fuzzing()
	/home/advocate/Advocate/Experiments/Advocate/advocate/fuzzing/fuzzing.go:135 +0xea5
advocate/run.modeFuzzing()
	/home/advocate/Advocate/Experiments/Advocate/advocate/run/modes.go:34 +0x5e
advocate/run.Run()
	/home/advocate/Advocate/Experiments/Advocate/advocate/run/run.go:100 +0x5b5
main.main()
	/home/advocate/Advocate/Experiments/Advocate/advocate/main.go:28 +0x1c
2026/06/05 16:32:09 [31mNot enough RAM[0m
2026/06/05 16:32:09 goroutine 20 [running]:
advocate/utils/control.printAllGoroutines()
	/home/advocate/Advocate/Experiments/Advocate/advocate/utils/control/utils.go:20 +0x3d
advocate/utils/control.cancelRAM(0x77cd50, 0x77cd48, 0x77cd58)
	/home/advocate/Advocate/Experiments/Advocate/advocate/utils/control/memory.go:109 +0x6e
advocate/utils/control.Supervisor(0x77cd50, 0x77cd48, 0x77cd58)
	/home/advocate/Advocate/Experiments/Advocate/advocate/utils/control/memory.go:79 +0x12f
created by advocate/run.Run in goroutine 1
	/home/advocate/Advocate/Experiments/Advocate/advocate/run/run.go:63 +0x26f

goroutine 1 [runnable]:
advocate/analysis/hb/clock.(*VectorClock).GetValue(...)
	/home/advocate/Advocate/Experiments/Advocate/advocate/analysis/hb/clock/vc.go:97
advocate/analysis/hb/clock.happensBefore(0x2aaaff533df0, 0x2aaafe448bd0)
	/home/advocate/Advocate/Experiments/Advocate/advocate/analysis/hb/clock/hb.go:27 +0x96
advocate/analysis/hb/clock.GetHappensBefore(0x2aaaff533df0, 0x2aaafe448bd0)
	/home/advocate/Advocate/Experiments/Advocate/advocate/analysis/hb/clock/hb.go:74 +0x34
advocate/analysis/analysis/scenarios.buildResidualGraph({0x2aab06692000, 0x186a2, 0x2aaaee286b68?}, {0x2aab0685e000, 0x186a2, 0x1?})
	/home/advocate/Advocate/Experiments/Advocate/advocate/analysis/analysis/scenarios/graph.go:60 +0x49f
advocate/analysis/analysis/scenarios.CheckForUnlockBeforeLock()
	/home/advocate/Advocate/Experiments/Advocate/advocate/analysis/analysis/scenarios/unlockBeforeLock.go:75 +0x2b5
advocate/analysis/analysis.RunHBAnalysis(0x1)
	/home/advocate/Advocate/Experiments/Advocate/advocate/analysis/analysis/analysis.go:262 +0xc9b
advocate/analysis/analysis.RunAnalysis(0x1)
	/home/advocate/Advocate/Experiments/Advocate/advocate/analysis/analysis/analysis.go:63 +0x105
advocate/toolchain.runAnalyzer({0x2aaaed6fe100, 0x74}, {0x2aaaed6fe200?, 0x66?}, {0x2aaaed6fe180, 0x7a}, {0x2aaaed6fe280, 0x75}, 0x0, {0x2aaaee144080, ...}, ...)
	/home/advocate/Advocate/Experiments/Advocate/advocate/toolchain/analyzer.go:78 +0x43b
advocate/toolchain.unitTestAnalyzer({0x2aaaed1921c0, 0x66}, {0x760f26?, 0x2aaaed182048?}, 0x0, {0x2aaaee144080, 0x7e}, {0x2aaaeda20502, 0x13})
	/home/advocate/Advocate/Experiments/Advocate/advocate/toolchain/fullWorkflowUnit.go:619 +0x25c
advocate/toolchain.unitTestFullWorkflow({0x2aaaed1f0000?, 0x2c}, {0x7ffcdd7ec10d, 0x4c}, 0x1, 0x1, 0x1, {0x2aaaeda20502, 0x13}, {0x2aaaed1d0140, ...}, ...)
	/home/advocate/Advocate/Experiments/Advocate/advocate/toolchain/fullWorkflowUnit.go:479 +0x625
advocate/toolchain.runWorkflowUnit({0x7ffcdd7ec10d, 0x4c}, 0x1, 0x1, 0x1, {0x2aaaed2a2480, 0x7e}, 0x0, {0x0, 0x0}, ...)
	/home/advocate/Advocate/Experiments/Advocate/advocate/toolchain/fullWorkflowUnit.go:171 +0x1190
advocate/toolchain.Run({0x75dd74, 0x4}, {0x2aaaed2a2480, 0x7e}, 0x1, 0x1, 0x1, 0x0, {0x0, 0x0}, ...)
	/home/advocate/Advocate/Experiments/Advocate/advocate/toolchain/toolchain.go:72 +0x389
advocate/fuzzing.runFuzzing({0x2aaaed2a2480, 0x7e}, 0x0, 0x31, 0x1)
	/home/advocate/Advocate/Experiments/Advocate/advocate/fuzzing/fuzzing.go:217 +0x57b
advocate/fuzzing.Fuzzing()
	/home/advocate/Advocate/Experiments/Advocate/advocate/fuzzing/fuzzing.go:135 +0xea5
advocate/run.modeFuzzing()
	/home/advocate/Advocate/Experiments/Advocate/advocate/run/modes.go:34 +0x5e
advocate/run.Run()
	/home/advocate/Advocate/Experiments/Advocate/advocate/run/run.go:100 +0x5b5
main.main()
	/home/advocate/Advocate/Experiments/Advocate/advocate/main.go:28 +0x1c
2026/06/05 16:32:20 [31mNot enough RAM[0m
2026/06/05 16:32:20 goroutine 20 [running]:
advocate/utils/control.printAllGoroutines()
	/home/advocate/Advocate/Experiments/Advocate/advocate/utils/control/utils.go:20 +0x3d
advocate/utils/control.cancelRAM(0x77cd50, 0x77cd48, 0x77cd58)
	/home/advocate/Advocate/Experiments/Advocate/advocate/utils/control/memory.go:109 +0x6e
advocate/utils/control.Supervisor(0x77cd50, 0x77cd48, 0x77cd58)
	/home/advocate/Advocate/Experiments/Advocate/advocate/utils/control/memory.go:79 +0x12f
created by advocate/run.Run in goroutine 1
	/home/advocate/Advocate/Experiments/Advocate/advocate/run/run.go:63 +0x26f

goroutine 1 [runnable]:
advocate/analysis/hb/clock.(*VectorClock).GetValue(...)
	/home/advocate/Advocate/Experiments/Advocate/advocate/analysis/hb/clock/vc.go:97
advocate/analysis/hb/clock.happensBefore(0x2aab02d32170, 0x2aaafe4f0b90)
	/home/advocate/Advocate/Experiments/Advocate/advocate/analysis/hb/clock/hb.go:27 +0x65
advocate/analysis/hb/clock.GetHappensBefore(0x2aab02d32170, 0x2aaafe4f0b90)
	/home/advocate/Advocate/Experiments/Advocate/advocate/analysis/hb/clock/hb.go:74 +0x34
advocate/analysis/analysis/scenarios.buildResidualGraph({0x2aab06692000, 0x186a2, 0x2aaaee286b68?}, {0x2aab0685e000, 0x186a2, 0x1?})
	/home/advocate/Advocate/Experiments/Advocate/advocate/analysis/analysis/scenarios/graph.go:60 +0x49f
advocate/analysis/analysis/scenarios.CheckForUnlockBeforeLock()
	/home/advocate/Advocate/Experiments/Advocate/advocate/analysis/analysis/scenarios/unlockBeforeLock.go:75 +0x2b5
advocate/analysis/analysis.RunHBAnalysis(0x1)
	/home/advocate/Advocate/Experiments/Advocate/advocate/analysis/analysis/analysis.go:262 +0xc9b
advocate/analysis/analysis.RunAnalysis(0x1)
	/home/advocate/Advocate/Experiments/Advocate/advocate/analysis/analysis/analysis.go:63 +0x105
advocate/toolchain.runAnalyzer({0x2aaaed6fe100, 0x74}, {0x2aaaed6fe200?, 0x66?}, {0x2aaaed6fe180, 0x7a}, {0x2aaaed6fe280, 0x75}, 0x0, {0x2aaaee144080, ...}, ...)
	/home/advocate/Advocate/Experiments/Advocate/advocate/toolchain/analyzer.go:78 +0x43b
advocate/toolchain.unitTestAnalyzer({0x2aaaed1921c0, 0x66}, {0x760f26?, 0x2aaaed182048?}, 0x0, {0x2aaaee144080, 0x7e}, {0x2aaaeda20502, 0x13})
	/home/advocate/Advocate/Experiments/Advocate/advocate/toolchain/fullWorkflowUnit.go:619 +0x25c
advocate/toolchain.unitTestFullWorkflow({0x2aaaed1f0000?, 0x2c}, {0x7ffcdd7ec10d, 0x4c}, 0x1, 0x1, 0x1, {0x2aaaeda20502, 0x13}, {0x2aaaed1d0140, ...}, ...)
	/home/advocate/Advocate/Experiments/Advocate/advocate/toolchain/fullWorkflowUnit.go:479 +0x625
advocate/toolchain.runWorkflowUnit({0x7ffcdd7ec10d, 0x4c}, 0x1, 0x1, 0x1, {0x2aaaed2a2480, 0x7e}, 0x0, {0x0, 0x0}, ...)
	/home/advocate/Advocate/Experiments/Advocate/advocate/toolchain/fullWorkflowUnit.go:171 +0x1190
advocate/toolchain.Run({0x75dd74, 0x4}, {0x2aaaed2a2480, 0x7e}, 0x1, 0x1, 0x1, 0x0, {0x0, 0x0}, ...)
	/home/advocate/Advocate/Experiments/Advocate/advocate/toolchain/toolchain.go:72 +0x389
advocate/fuzzing.runFuzzing({0x2aaaed2a2480, 0x7e}, 0x0, 0x31, 0x1)
	/home/advocate/Advocate/Experiments/Advocate/advocate/fuzzing/fuzzing.go:217 +0x57b
advocate/fuzzing.Fuzzing()
	/home/advocate/Advocate/Experiments/Advocate/advocate/fuzzing/fuzzing.go:135 +0xea5
advocate/run.modeFuzzing()
	/home/advocate/Advocate/Experiments/Advocate/advocate/run/modes.go:34 +0x5e
advocate/run.Run()
	/home/advocate/Advocate/Experiments/Advocate/advocate/run/run.go:100 +0x5b5
main.main()
	/home/advocate/Advocate/Experiments/Advocate/advocate/main.go:28 +0x1c
2026/06/05 16:32:30 [31mNot enough RAM[0m
2026/06/05 16:32:30 goroutine 20 [running]:
advocate/utils/control.printAllGoroutines()
	/home/advocate/Advocate/Experiments/Advocate/advocate/utils/control/utils.go:20 +0x3d
advocate/utils/control.cancelRAM(0x77cd50, 0x77cd48, 0x77cd58)
	/home/advocate/Advocate/Experiments/Advocate/advocate/utils/control/memory.go:109 +0x6e
advocate/utils/control.Supervisor(0x77cd50, 0x77cd48, 0x77cd58)
	/home/advocate/Advocate/Experiments/Advocate/advocate/utils/control/memory.go:79 +0x12f
created by advocate/run.Run in goroutine 1
	/home/advocate/Advocate/Experiments/Advocate/advocate/run/run.go:63 +0x26f

goroutine 1 [runnable]:
advocate/analysis/hb/clock.happensBefore(0x2aaaf9cbd300, 0x2aaafe597390)
	/home/advocate/Advocate/Experiments/Advocate/advocate/analysis/hb/clock/hb.go:24 +0x189
advocate/analysis/hb/clock.GetHappensBefore(0x2aaaf9cbd300, 0x2aaafe597390)
	/home/advocate/Advocate/Experiments/Advocate/advocate/analysis/hb/clock/hb.go:74 +0x34
advocate/analysis/analysis/scenarios.buildResidualGraph({0x2aab06692000, 0x186a2, 0x2aaaee286b68?}, {0x2aab0685e000, 0x186a2, 0x1?})
	/home/advocate/Advocate/Experiments/Advocate/advocate/analysis/analysis/scenarios/graph.go:60 +0x49f
advocate/analysis/analysis/scenarios.CheckForUnlockBeforeLock()
	/home/advocate/Advocate/Experiments/Advocate/advocate/analysis/analysis/scenarios/unlockBeforeLock.go:75 +0x2b5
advocate/analysis/analysis.RunHBAnalysis(0x1)
	/home/advocate/Advocate/Experiments/Advocate/advocate/analysis/analysis/analysis.go:262 +0xc9b
advocate/analysis/analysis.RunAnalysis(0x1)
	/home/advocate/Advocate/Experiments/Advocate/advocate/analysis/analysis/analysis.go:63 +0x105
advocate/toolchain.runAnalyzer({0x2aaaed6fe100, 0x74}, {0x2aaaed6fe200?, 0x66?}, {0x2aaaed6fe180, 0x7a}, {0x2aaaed6fe280, 0x75}, 0x0, {0x2aaaee144080, ...}, ...)
	/home/advocate/Advocate/Experiments/Advocate/advocate/toolchain/analyzer.go:78 +0x43b
advocate/toolchain.unitTestAnalyzer({0x2aaaed1921c0, 0x66}, {0x760f26?, 0x2aaaed182048?}, 0x0, {0x2aaaee144080, 0x7e}, {0x2aaaeda20502, 0x13})
	/home/advocate/Advocate/Experiments/Advocate/advocate/toolchain/fullWorkflowUnit.go:619 +0x25c
advocate/toolchain.unitTestFullWorkflow({0x2aaaed1f0000?, 0x2c}, {0x7ffcdd7ec10d, 0x4c}, 0x1, 0x1, 0x1, {0x2aaaeda20502, 0x13}, {0x2aaaed1d0140, ...}, ...)
	/home/advocate/Advocate/Experiments/Advocate/advocate/toolchain/fullWorkflowUnit.go:479 +0x625
advocate/toolchain.runWorkflowUnit({0x7ffcdd7ec10d, 0x4c}, 0x1, 0x1, 0x1, {0x2aaaed2a2480, 0x7e}, 0x0, {0x0, 0x0}, ...)
	/home/advocate/Advocate/Experiments/Advocate/advocate/toolchain/fullWorkflowUnit.go:171 +0x1190
advocate/toolchain.Run({0x75dd74, 0x4}, {0x2aaaed2a2480, 0x7e}, 0x1, 0x1, 0x1, 0x0, {0x0, 0x0}, ...)
	/home/advocate/Advocate/Experiments/Advocate/advocate/toolchain/toolchain.go:72 +0x389
advocate/fuzzing.runFuzzing({0x2aaaed2a2480, 0x7e}, 0x0, 0x31, 0x1)
	/home/advocate/Advocate/Experiments/Advocate/advocate/fuzzing/fuzzing.go:217 +0x57b
advocate/fuzzing.Fuzzing()
	/home/advocate/Advocate/Experiments/Advocate/advocate/fuzzing/fuzzing.go:135 +0xea5
advocate/run.modeFuzzing()
	/home/advocate/Advocate/Experiments/Advocate/advocate/run/modes.go:34 +0x5e
advocate/run.Run()
	/home/advocate/Advocate/Experiments/Advocate/advocate/run/run.go:100 +0x5b5
main.main()
	/home/advocate/Advocate/Experiments/Advocate/advocate/main.go:28 +0x1c
2026/06/05 16:32:41 [31mNot enough RAM[0m
2026/06/05 16:32:41 goroutine 20 [running]:
advocate/utils/control.printAllGoroutines()
	/home/advocate/Advocate/Experiments/Advocate/advocate/utils/control/utils.go:20 +0x3d
advocate/utils/control.cancelRAM(0x77cd50, 0x77cd48, 0x77cd58)
	/home/advocate/Advocate/Experiments/Advocate/advocate/utils/control/memory.go:109 +0x6e
advocate/utils/control.Supervisor(0x77cd50, 0x77cd48, 0x77cd58)
	/home/advocate/Advocate/Experiments/Advocate/advocate/utils/control/memory.go:79 +0x12f
created by advocate/run.Run in goroutine 1
	/home/advocate/Advocate/Experiments/Advocate/advocate/run/run.go:63 +0x26f

goroutine 1 [runnable]:
advocate/analysis/hb/clock.(*VectorClock).GetValue(...)
	/home/advocate/Advocate/Experiments/Advocate/advocate/analysis/hb/clock/vc.go:97
advocate/analysis/hb/clock.happensBefore(0x2aaaf67d4ce0, 0x2aaafe63edd0)
	/home/advocate/Advocate/Experiments/Advocate/advocate/analysis/hb/clock/hb.go:27 +0x96
advocate/analysis/hb/clock.GetHappensBefore(0x2aaaf67d4ce0, 0x2aaafe63edd0)
	/home/advocate/Advocate/Experiments/Advocate/advocate/analysis/hb/clock/hb.go:74 +0x34
advocate/analysis/analysis/scenarios.buildResidualGraph({0x2aab06692000, 0x186a2, 0x2aaaee286b68?}, {0x2aab0685e000, 0x186a2, 0x1?})
	/home/advocate/Advocate/Experiments/Advocate/advocate/analysis/analysis/scenarios/graph.go:60 +0x49f
advocate/analysis/analysis/scenarios.CheckForUnlockBeforeLock()
	/home/advocate/Advocate/Experiments/Advocate/advocate/analysis/analysis/scenarios/unlockBeforeLock.go:75 +0x2b5
advocate/analysis/analysis.RunHBAnalysis(0x1)
	/home/advocate/Advocate/Experiments/Advocate/advocate/analysis/analysis/analysis.go:262 +0xc9b
advocate/analysis/analysis.RunAnalysis(0x1)
	/home/advocate/Advocate/Experiments/Advocate/advocate/analysis/analysis/analysis.go:63 +0x105
advocate/toolchain.runAnalyzer({0x2aaaed6fe100, 0x74}, {0x2aaaed6fe200?, 0x66?}, {0x2aaaed6fe180, 0x7a}, {0x2aaaed6fe280, 0x75}, 0x0, {0x2aaaee144080, ...}, ...)
	/home/advocate/Advocate/Experiments/Advocate/advocate/toolchain/analyzer.go:78 +0x43b
advocate/toolchain.unitTestAnalyzer({0x2aaaed1921c0, 0x66}, {0x760f26?, 0x2aaaed182048?}, 0x0, {0x2aaaee144080, 0x7e}, {0x2aaaeda20502, 0x13})
	/home/advocate/Advocate/Experiments/Advocate/advocate/toolchain/fullWorkflowUnit.go:619 +0x25c
advocate/toolchain.unitTestFullWorkflow({0x2aaaed1f0000?, 0x2c}, {0x7ffcdd7ec10d, 0x4c}, 0x1, 0x1, 0x1, {0x2aaaeda20502, 0x13}, {0x2aaaed1d0140, ...}, ...)
	/home/advocate/Advocate/Experiments/Advocate/advocate/toolchain/fullWorkflowUnit.go:479 +0x625
advocate/toolchain.runWorkflowUnit({0x7ffcdd7ec10d, 0x4c}, 0x1, 0x1, 0x1, {0x2aaaed2a2480, 0x7e}, 0x0, {0x0, 0x0}, ...)
	/home/advocate/Advocate/Experiments/Advocate/advocate/toolchain/fullWorkflowUnit.go:171 +0x1190
advocate/toolchain.Run({0x75dd74, 0x4}, {0x2aaaed2a2480, 0x7e}, 0x1, 0x1, 0x1, 0x0, {0x0, 0x0}, ...)
	/home/advocate/Advocate/Experiments/Advocate/advocate/toolchain/toolchain.go:72 +0x389
advocate/fuzzing.runFuzzing({0x2aaaed2a2480, 0x7e}, 0x0, 0x31, 0x1)
	/home/advocate/Advocate/Experiments/Advocate/advocate/fuzzing/fuzzing.go:217 +0x57b
advocate/fuzzing.Fuzzing()
	/home/advocate/Advocate/Experiments/Advocate/advocate/fuzzing/fuzzing.go:135 +0xea5
advocate/run.modeFuzzing()
	/home/advocate/Advocate/Experiments/Advocate/advocate/run/modes.go:34 +0x5e
advocate/run.Run()
	/home/advocate/Advocate/Experiments/Advocate/advocate/run/run.go:100 +0x5b5
main.main()
	/home/advocate/Advocate/Experiments/Advocate/advocate/main.go:28 +0x1c
2026/06/05 16:32:53 [31mNot enough RAM[0m
2026/06/05 16:32:53 goroutine 20 [running]:
advocate/utils/control.printAllGoroutines()
	/home/advocate/Advocate/Experiments/Advocate/advocate/utils/control/utils.go:20 +0x3d
advocate/utils/control.cancelRAM(0x77cd50, 0x77cd48, 0x77cd58)
	/home/advocate/Advocate/Experiments/Advocate/advocate/utils/control/memory.go:109 +0x6e
advocate/utils/control.Supervisor(0x77cd50, 0x77cd48, 0x77cd58)
	/home/advocate/Advocate/Experiments/Advocate/advocate/utils/control/memory.go:79 +0x12f
created by advocate/run.Run in goroutine 1
	/home/advocate/Advocate/Experiments/Advocate/advocate/run/run.go:63 +0x26f

goroutine 1 [runnable]:
advocate/analysis/analysis/scenarios.buildResidualGraph({0x2aab06692000, 0x186a2, 0x2aaaee286b68?}, {0x2aab0685e000, 0x186a2, 0x1?})
	/home/advocate/Advocate/Experiments/Advocate/advocate/analysis/analysis/scenarios/graph.go:61 +0x4df
advocate/analysis/analysis/scenarios.CheckForUnlockBeforeLock()
	/home/advocate/Advocate/Experiments/Advocate/advocate/analysis/analysis/scenarios/unlockBeforeLock.go:75 +0x2b5
advocate/analysis/analysis.RunHBAnalysis(0x1)
	/home/advocate/Advocate/Experiments/Advocate/advocate/analysis/analysis/analysis.go:262 +0xc9b
advocate/analysis/analysis.RunAnalysis(0x1)
	/home/advocate/Advocate/Experiments/Advocate/advocate/analysis/analysis/analysis.go:63 +0x105
advocate/toolchain.runAnalyzer({0x2aaaed6fe100, 0x74}, {0x2aaaed6fe200?, 0x66?}, {0x2aaaed6fe180, 0x7a}, {0x2aaaed6fe280, 0x75}, 0x0, {0x2aaaee144080, ...}, ...)
	/home/advocate/Advocate/Experiments/Advocate/advocate/toolchain/analyzer.go:78 +0x43b
advocate/toolchain.unitTestAnalyzer({0x2aaaed1921c0, 0x66}, {0x760f26?, 0x2aaaed182048?}, 0x0, {0x2aaaee144080, 0x7e}, {0x2aaaeda20502, 0x13})
	/home/advocate/Advocate/Experiments/Advocate/advocate/toolchain/fullWorkflowUnit.go:619 +0x25c
advocate/toolchain.unitTestFullWorkflow({0x2aaaed1f0000?, 0x2c}, {0x7ffcdd7ec10d, 0x4c}, 0x1, 0x1, 0x1, {0x2aaaeda20502, 0x13}, {0x2aaaed1d0140, ...}, ...)
	/home/advocate/Advocate/Experiments/Advocate/advocate/toolchain/fullWorkflowUnit.go:479 +0x625
advocate/toolchain.runWorkflowUnit({0x7ffcdd7ec10d, 0x4c}, 0x1, 0x1, 0x1, {0x2aaaed2a2480, 0x7e}, 0x0, {0x0, 0x0}, ...)
	/home/advocate/Advocate/Experiments/Advocate/advocate/toolchain/fullWorkflowUnit.go:171 +0x1190
advocate/toolchain.Run({0x75dd74, 0x4}, {0x2aaaed2a2480, 0x7e}, 0x1, 0x1, 0x1, 0x0, {0x0, 0x0}, ...)
	/home/advocate/Advocate/Experiments/Advocate/advocate/toolchain/toolchain.go:72 +0x389
advocate/fuzzing.runFuzzing({0x2aaaed2a2480, 0x7e}, 0x0, 0x31, 0x1)
	/home/advocate/Advocate/Experiments/Advocate/advocate/fuzzing/fuzzing.go:217 +0x57b
advocate/fuzzing.Fuzzing()
	/home/advocate/Advocate/Experiments/Advocate/advocate/fuzzing/fuzzing.go:135 +0xea5
advocate/run.modeFuzzing()
	/home/advocate/Advocate/Experiments/Advocate/advocate/run/modes.go:34 +0x5e
advocate/run.Run()
	/home/advocate/Advocate/Experiments/Advocate/advocate/run/run.go:100 +0x5b5
main.main()
	/home/advocate/Advocate/Experiments/Advocate/advocate/main.go:28 +0x1c
2026/06/05 16:33:03 [31mNot enough RAM[0m
2026/06/05 16:33:03 goroutine 20 [running]:
advocate/utils/control.printAllGoroutines()
	/home/advocate/Advocate/Experiments/Advocate/advocate/utils/control/utils.go:20 +0x3d
advocate/utils/control.cancelRAM(0x77cd50, 0x77cd48, 0x77cd58)
	/home/advocate/Advocate/Experiments/Advocate/advocate/utils/control/memory.go:109 +0x6e
advocate/utils/control.Supervisor(0x77cd50, 0x77cd48, 0x77cd58)
	/home/advocate/Advocate/Experiments/Advocate/advocate/utils/control/memory.go:79 +0x12f
created by advocate/run.Run in goroutine 1
	/home/advocate/Advocate/Experiments/Advocate/advocate/run/run.go:63 +0x26f

goroutine 1 [runnable]:
advocate/analysis/hb/clock.(*VectorClock).GetValue(...)
	/home/advocate/Advocate/Experiments/Advocate/advocate/analysis/hb/clock/vc.go:97
advocate/analysis/hb/clock.happensBefore(0x2aaafa3d72b0, 0x2aaafe790230)
	/home/advocate/Advocate/Experiments/Advocate/advocate/analysis/hb/clock/hb.go:29 +0x130
advocate/analysis/hb/clock.GetHappensBefore(0x2aaafa3d72b0, 0x2aaafe790230)
	/home/advocate/Advocate/Experiments/Advocate/advocate/analysis/hb/clock/hb.go:74 +0x34
advocate/analysis/analysis/scenarios.buildResidualGraph({0x2aab06692000, 0x186a2, 0x2aaaee286b68?}, {0x2aab0685e000, 0x186a2, 0x1?})
	/home/advocate/Advocate/Experiments/Advocate/advocate/analysis/analysis/scenarios/graph.go:60 +0x49f
advocate/analysis/analysis/scenarios.CheckForUnlockBeforeLock()
	/home/advocate/Advocate/Experiments/Advocate/advocate/analysis/analysis/scenarios/unlockBeforeLock.go:75 +0x2b5
advocate/analysis/analysis.RunHBAnalysis(0x1)
	/home/advocate/Advocate/Experiments/Advocate/advocate/analysis/analysis/analysis.go:262 +0xc9b
advocate/analysis/analysis.RunAnalysis(0x1)
	/home/advocate/Advocate/Experiments/Advocate/advocate/analysis/analysis/analysis.go:63 +0x105
advocate/toolchain.runAnalyzer({0x2aaaed6fe100, 0x74}, {0x2aaaed6fe200?, 0x66?}, {0x2aaaed6fe180, 0x7a}, {0x2aaaed6fe280, 0x75}, 0x0, {0x2aaaee144080, ...}, ...)
	/home/advocate/Advocate/Experiments/Advocate/advocate/toolchain/analyzer.go:78 +0x43b
advocate/toolchain.unitTestAnalyzer({0x2aaaed1921c0, 0x66}, {0x760f26?, 0x2aaaed182048?}, 0x0, {0x2aaaee144080, 0x7e}, {0x2aaaeda20502, 0x13})
	/home/advocate/Advocate/Experiments/Advocate/advocate/toolchain/fullWorkflowUnit.go:619 +0x25c
advocate/toolchain.unitTestFullWorkflow({0x2aaaed1f0000?, 0x2c}, {0x7ffcdd7ec10d, 0x4c}, 0x1, 0x1, 0x1, {0x2aaaeda20502, 0x13}, {0x2aaaed1d0140, ...}, ...)
	/home/advocate/Advocate/Experiments/Advocate/advocate/toolchain/fullWorkflowUnit.go:479 +0x625
advocate/toolchain.runWorkflowUnit({0x7ffcdd7ec10d, 0x4c}, 0x1, 0x1, 0x1, {0x2aaaed2a2480, 0x7e}, 0x0, {0x0, 0x0}, ...)
	/home/advocate/Advocate/Experiments/Advocate/advocate/toolchain/fullWorkflowUnit.go:171 +0x1190
advocate/toolchain.Run({0x75dd74, 0x4}, {0x2aaaed2a2480, 0x7e}, 0x1, 0x1, 0x1, 0x0, {0x0, 0x0}, ...)
	/home/advocate/Advocate/Experiments/Advocate/advocate/toolchain/toolchain.go:72 +0x389
advocate/fuzzing.runFuzzing({0x2aaaed2a2480, 0x7e}, 0x0, 0x31, 0x1)
	/home/advocate/Advocate/Experiments/Advocate/advocate/fuzzing/fuzzing.go:217 +0x57b
advocate/fuzzing.Fuzzing()
	/home/advocate/Advocate/Experiments/Advocate/advocate/fuzzing/fuzzing.go:135 +0xea5
advocate/run.modeFuzzing()
	/home/advocate/Advocate/Experiments/Advocate/advocate/run/modes.go:34 +0x5e
advocate/run.Run()
	/home/advocate/Advocate/Experiments/Advocate/advocate/run/run.go:100 +0x5b5
main.main()
	/home/advocate/Advocate/Experiments/Advocate/advocate/main.go:28 +0x1c
2026/06/05 16:33:14 [31mNot enough RAM[0m
2026/06/05 16:33:14 goroutine 20 [running]:
advocate/utils/control.printAllGoroutines()
	/home/advocate/Advocate/Experiments/Advocate/advocate/utils/control/utils.go:20 +0x3d
advocate/utils/control.cancelRAM(0x77cd50, 0x77cd48, 0x77cd58)
	/home/advocate/Advocate/Experiments/Advocate/advocate/utils/control/memory.go:109 +0x6e
advocate/utils/control.Supervisor(0x77cd50, 0x77cd48, 0x77cd58)
	/home/advocate/Advocate/Experiments/Advocate/advocate/utils/control/memory.go:79 +0x12f
created by advocate/run.Run in goroutine 1
	/home/advocate/Advocate/Experiments/Advocate/advocate/run/run.go:63 +0x26f

goroutine 1 [runnable]:
advocate/analysis/hb/clock.(*VectorClock).GetValue(...)
	/home/advocate/Advocate/Experiments/Advocate/advocate/analysis/hb/clock/vc.go:97
advocate/analysis/hb/clock.happensBefore(0x2aaafbc46400, 0x2aaafe821890)
	/home/advocate/Advocate/Experiments/Advocate/advocate/analysis/hb/clock/hb.go:27 +0x65
advocate/analysis/hb/clock.GetHappensBefore(0x2aaafbc46400, 0x2aaafe821890)
	/home/advocate/Advocate/Experiments/Advocate/advocate/analysis/hb/clock/hb.go:74 +0x34
advocate/analysis/analysis/scenarios.buildResidualGraph({0x2aab06692000, 0x186a2, 0x2aaaee286b68?}, {0x2aab0685e000, 0x186a2, 0x1?})
	/home/advocate/Advocate/Experiments/Advocate/advocate/analysis/analysis/scenarios/graph.go:60 +0x49f
advocate/analysis/analysis/scenarios.CheckForUnlockBeforeLock()
	/home/advocate/Advocate/Experiments/Advocate/advocate/analysis/analysis/scenarios/unlockBeforeLock.go:75 +0x2b5
advocate/analysis/analysis.RunHBAnalysis(0x1)
	/home/advocate/Advocate/Experiments/Advocate/advocate/analysis/analysis/analysis.go:262 +0xc9b
advocate/analysis/analysis.RunAnalysis(0x1)
	/home/advocate/Advocate/Experiments/Advocate/advocate/analysis/analysis/analysis.go:63 +0x105
advocate/toolchain.runAnalyzer({0x2aaaed6fe100, 0x74}, {0x2aaaed6fe200?, 0x66?}, {0x2aaaed6fe180, 0x7a}, {0x2aaaed6fe280, 0x75}, 0x0, {0x2aaaee144080, ...}, ...)
	/home/advocate/Advocate/Experiments/Advocate/advocate/toolchain/analyzer.go:78 +0x43b
advocate/toolchain.unitTestAnalyzer({0x2aaaed1921c0, 0x66}, {0x760f26?, 0x2aaaed182048?}, 0x0, {0x2aaaee144080, 0x7e}, {0x2aaaeda20502, 0x13})
	/home/advocate/Advocate/Experiments/Advocate/advocate/toolchain/fullWorkflowUnit.go:619 +0x25c
advocate/toolchain.unitTestFullWorkflow({0x2aaaed1f0000?, 0x2c}, {0x7ffcdd7ec10d, 0x4c}, 0x1, 0x1, 0x1, {0x2aaaeda20502, 0x13}, {0x2aaaed1d0140, ...}, ...)
	/home/advocate/Advocate/Experiments/Advocate/advocate/toolchain/fullWorkflowUnit.go:479 +0x625
advocate/toolchain.runWorkflowUnit({0x7ffcdd7ec10d, 0x4c}, 0x1, 0x1, 0x1, {0x2aaaed2a2480, 0x7e}, 0x0, {0x0, 0x0}, ...)
	/home/advocate/Advocate/Experiments/Advocate/advocate/toolchain/fullWorkflowUnit.go:171 +0x1190
advocate/toolchain.Run({0x75dd74, 0x4}, {0x2aaaed2a2480, 0x7e}, 0x1, 0x1, 0x1, 0x0, {0x0, 0x0}, ...)
	/home/advocate/Advocate/Experiments/Advocate/advocate/toolchain/toolchain.go:72 +0x389
advocate/fuzzing.runFuzzing({0x2aaaed2a2480, 0x7e}, 0x0, 0x31, 0x1)
	/home/advocate/Advocate/Experiments/Advocate/advocate/fuzzing/fuzzing.go:217 +0x57b
advocate/fuzzing.Fuzzing()
	/home/advocate/Advocate/Experiments/Advocate/advocate/fuzzing/fuzzing.go:135 +0xea5
advocate/run.modeFuzzing()
	/home/advocate/Advocate/Experiments/Advocate/advocate/run/modes.go:34 +0x5e
advocate/run.Run()
	/home/advocate/Advocate/Experiments/Advocate/advocate/run/run.go:100 +0x5b5
main.main()
	/home/advocate/Advocate/Experiments/Advocate/advocate/main.go:28 +0x1c
2026/06/05 16:33:25 [31mNot enough RAM[0m
2026/06/05 16:33:25 goroutine 20 [running]:
advocate/utils/control.printAllGoroutines()
	/home/advocate/Advocate/Experiments/Advocate/advocate/utils/control/utils.go:20 +0x3d
advocate/utils/control.cancelRAM(0x77cd50, 0x77cd48, 0x77cd58)
	/home/advocate/Advocate/Experiments/Advocate/advocate/utils/control/memory.go:109 +0x6e
advocate/utils/control.Supervisor(0x77cd50, 0x77cd48, 0x77cd58)
	/home/advocate/Advocate/Experiments/Advocate/advocate/utils/control/memory.go:79 +0x12f
created by advocate/run.Run in goroutine 1
	/home/advocate/Advocate/Experiments/Advocate/advocate/run/run.go:63 +0x26f

goroutine 1 [runnable]:
advocate/analysis/hb/clock.(*VectorClock).GetValue(...)
	/home/advocate/Advocate/Experiments/Advocate/advocate/analysis/hb/clock/vc.go:97
advocate/analysis/hb/clock.happensBefore(0x2aaafe671b70, 0x2aaafe8c6640)
	/home/advocate/Advocate/Experiments/Advocate/advocate/analysis/hb/clock/hb.go:27 +0x96
advocate/analysis/hb/clock.GetHappensBefore(0x2aaafe671b70, 0x2aaafe8c6640)
	/home/advocate/Advocate/Experiments/Advocate/advocate/analysis/hb/clock/hb.go:74 +0x34
advocate/analysis/analysis/scenarios.buildResidualGraph({0x2aab06692000, 0x186a2, 0x2aaaee286b68?}, {0x2aab0685e000, 0x186a2, 0x1?})
	/home/advocate/Advocate/Experiments/Advocate/advocate/analysis/analysis/scenarios/graph.go:60 +0x49f
advocate/analysis/analysis/scenarios.CheckForUnlockBeforeLock()
	/home/advocate/Advocate/Experiments/Advocate/advocate/analysis/analysis/scenarios/unlockBeforeLock.go:75 +0x2b5
advocate/analysis/analysis.RunHBAnalysis(0x1)
	/home/advocate/Advocate/Experiments/Advocate/advocate/analysis/analysis/analysis.go:262 +0xc9b
advocate/analysis/analysis.RunAnalysis(0x1)
	/home/advocate/Advocate/Experiments/Advocate/advocate/analysis/analysis/analysis.go:63 +0x105
advocate/toolchain.runAnalyzer({0x2aaaed6fe100, 0x74}, {0x2aaaed6fe200?, 0x66?}, {0x2aaaed6fe180, 0x7a}, {0x2aaaed6fe280, 0x75}, 0x0, {0x2aaaee144080, ...}, ...)
	/home/advocate/Advocate/Experiments/Advocate/advocate/toolchain/analyzer.go:78 +0x43b
advocate/toolchain.unitTestAnalyzer({0x2aaaed1921c0, 0x66}, {0x760f26?, 0x2aaaed182048?}, 0x0, {0x2aaaee144080, 0x7e}, {0x2aaaeda20502, 0x13})
	/home/advocate/Advocate/Experiments/Advocate/advocate/toolchain/fullWorkflowUnit.go:619 +0x25c
advocate/toolchain.unitTestFullWorkflow({0x2aaaed1f0000?, 0x2c}, {0x7ffcdd7ec10d, 0x4c}, 0x1, 0x1, 0x1, {0x2aaaeda20502, 0x13}, {0x2aaaed1d0140, ...}, ...)
	/home/advocate/Advocate/Experiments/Advocate/advocate/toolchain/fullWorkflowUnit.go:479 +0x625
advocate/toolchain.runWorkflowUnit({0x7ffcdd7ec10d, 0x4c}, 0x1, 0x1, 0x1, {0x2aaaed2a2480, 0x7e}, 0x0, {0x0, 0x0}, ...)
	/home/advocate/Advocate/Experiments/Advocate/advocate/toolchain/fullWorkflowUnit.go:171 +0x1190
advocate/toolchain.Run({0x75dd74, 0x4}, {0x2aaaed2a2480, 0x7e}, 0x1, 0x1, 0x1, 0x0, {0x0, 0x0}, ...)
	/home/advocate/Advocate/Experiments/Advocate/advocate/toolchain/toolchain.go:72 +0x389
advocate/fuzzing.runFuzzing({0x2aaaed2a2480, 0x7e}, 0x0, 0x31, 0x1)
	/home/advocate/Advocate/Experiments/Advocate/advocate/fuzzing/fuzzing.go:217 +0x57b
advocate/fuzzing.Fuzzing()
	/home/advocate/Advocate/Experiments/Advocate/advocate/fuzzing/fuzzing.go:135 +0xea5
advocate/run.modeFuzzing()
	/home/advocate/Advocate/Experiments/Advocate/advocate/run/modes.go:34 +0x5e
advocate/run.Run()
	/home/advocate/Advocate/Experiments/Advocate/advocate/run/run.go:100 +0x5b5
main.main()
	/home/advocate/Advocate/Experiments/Advocate/advocate/main.go:28 +0x1c
2026/06/05 16:33:36 [31mNot enough RAM[0m
2026/06/05 16:33:36 goroutine 20 [running]:
advocate/utils/control.printAllGoroutines()
	/home/advocate/Advocate/Experiments/Advocate/advocate/utils/control/utils.go:20 +0x3d
advocate/utils/control.cancelRAM(0x77cd50, 0x77cd48, 0x77cd58)
	/home/advocate/Advocate/Experiments/Advocate/advocate/utils/control/memory.go:109 +0x6e
advocate/utils/control.Supervisor(0x77cd50, 0x77cd48, 0x77cd58)
	/home/advocate/Advocate/Experiments/Advocate/advocate/utils/control/memory.go:79 +0x12f
created by advocate/run.Run in goroutine 1
	/home/advocate/Advocate/Experiments/Advocate/advocate/run/run.go:63 +0x26f

goroutine 1 [runnable]:
advocate/analysis/hb/clock.(*VectorClock).GetValue(...)
	/home/advocate/Advocate/Experiments/Advocate/advocate/analysis/hb/clock/vc.go:97
advocate/analysis/hb/clock.happensBefore(0x2aaafd8b3c70, 0x2aaafe95ad70)
	/home/advocate/Advocate/Experiments/Advocate/advocate/analysis/hb/clock/hb.go:27 +0x96
advocate/analysis/hb/clock.GetHappensBefore(0x2aaafd8b3c70, 0x2aaafe95ad70)
	/home/advocate/Advocate/Experiments/Advocate/advocate/analysis/hb/clock/hb.go:74 +0x34
advocate/analysis/analysis/scenarios.buildResidualGraph({0x2aab06692000, 0x186a2, 0x2aaaee286b68?}, {0x2aab0685e000, 0x186a2, 0x1?})
	/home/advocate/Advocate/Experiments/Advocate/advocate/analysis/analysis/scenarios/graph.go:60 +0x49f
advocate/analysis/analysis/scenarios.CheckForUnlockBeforeLock()
	/home/advocate/Advocate/Experiments/Advocate/advocate/analysis/analysis/scenarios/unlockBeforeLock.go:75 +0x2b5
advocate/analysis/analysis.RunHBAnalysis(0x1)
	/home/advocate/Advocate/Experiments/Advocate/advocate/analysis/analysis/analysis.go:262 +0xc9b
advocate/analysis/analysis.RunAnalysis(0x1)
	/home/advocate/Advocate/Experiments/Advocate/advocate/analysis/analysis/analysis.go:63 +0x105
advocate/toolchain.runAnalyzer({0x2aaaed6fe100, 0x74}, {0x2aaaed6fe200?, 0x66?}, {0x2aaaed6fe180, 0x7a}, {0x2aaaed6fe280, 0x75}, 0x0, {0x2aaaee144080, ...}, ...)
	/home/advocate/Advocate/Experiments/Advocate/advocate/toolchain/analyzer.go:78 +0x43b
advocate/toolchain.unitTestAnalyzer({0x2aaaed1921c0, 0x66}, {0x760f26?, 0x2aaaed182048?}, 0x0, {0x2aaaee144080, 0x7e}, {0x2aaaeda20502, 0x13})
	/home/advocate/Advocate/Experiments/Advocate/advocate/toolchain/fullWorkflowUnit.go:619 +0x25c
advocate/toolchain.unitTestFullWorkflow({0x2aaaed1f0000?, 0x2c}, {0x7ffcdd7ec10d, 0x4c}, 0x1, 0x1, 0x1, {0x2aaaeda20502, 0x13}, {0x2aaaed1d0140, ...}, ...)
	/home/advocate/Advocate/Experiments/Advocate/advocate/toolchain/fullWorkflowUnit.go:479 +0x625
advocate/toolchain.runWorkflowUnit({0x7ffcdd7ec10d, 0x4c}, 0x1, 0x1, 0x1, {0x2aaaed2a2480, 0x7e}, 0x0, {0x0, 0x0}, ...)
	/home/advocate/Advocate/Experiments/Advocate/advocate/toolchain/fullWorkflowUnit.go:171 +0x1190
advocate/toolchain.Run({0x75dd74, 0x4}, {0x2aaaed2a2480, 0x7e}, 0x1, 0x1, 0x1, 0x0, {0x0, 0x0}, ...)
	/home/advocate/Advocate/Experiments/Advocate/advocate/toolchain/toolchain.go:72 +0x389
advocate/fuzzing.runFuzzing({0x2aaaed2a2480, 0x7e}, 0x0, 0x31, 0x1)
	/home/advocate/Advocate/Experiments/Advocate/advocate/fuzzing/fuzzing.go:217 +0x57b
advocate/fuzzing.Fuzzing()
	/home/advocate/Advocate/Experiments/Advocate/advocate/fuzzing/fuzzing.go:135 +0xea5
advocate/run.modeFuzzing()
	/home/advocate/Advocate/Experiments/Advocate/advocate/run/modes.go:34 +0x5e
advocate/run.Run()
	/home/advocate/Advocate/Experiments/Advocate/advocate/run/run.go:100 +0x5b5
main.main()
	/home/advocate/Advocate/Experiments/Advocate/advocate/main.go:28 +0x1c
2026/06/05 16:33:47 [31mNot enough RAM[0m
2026/06/05 16:33:47 goroutine 20 [running]:
advocate/utils/control.printAllGoroutines()
	/home/advocate/Advocate/Experiments/Advocate/advocate/utils/control/utils.go:20 +0x3d
advocate/utils/control.cancelRAM(0x77cd50, 0x77cd48, 0x77cd58)
	/home/advocate/Advocate/Experiments/Advocate/advocate/utils/control/memory.go:109 +0x6e
advocate/utils/control.Supervisor(0x77cd50, 0x77cd48, 0x77cd58)
	/home/advocate/Advocate/Experiments/Advocate/advocate/utils/control/memory.go:79 +0x12f
created by advocate/run.Run in goroutine 1
	/home/advocate/Advocate/Experiments/Advocate/advocate/run/run.go:63 +0x26f

goroutine 1 [runnable]:
advocate/analysis/hb/clock.(*VectorClock).GetValue(...)
	/home/advocate/Advocate/Experiments/Advocate/advocate/analysis/hb/clock/vc.go:97
advocate/analysis/hb/clock.happensBefore(0x2aaafed1de20, 0x2aaafe9eb070)
	/home/advocate/Advocate/Experiments/Advocate/advocate/analysis/hb/clock/hb.go:29 +0xe6
advocate/analysis/hb/clock.GetHappensBefore(0x2aaafed1de20, 0x2aaafe9eb070)
	/home/advocate/Advocate/Experiments/Advocate/advocate/analysis/hb/clock/hb.go:74 +0x34
advocate/analysis/analysis/scenarios.buildResidualGraph({0x2aab06692000, 0x186a2, 0x2aaaee286b68?}, {0x2aab0685e000, 0x186a2, 0x1?})
	/home/advocate/Advocate/Experiments/Advocate/advocate/analysis/analysis/scenarios/graph.go:60 +0x49f
advocate/analysis/analysis/scenarios.CheckForUnlockBeforeLock()
	/home/advocate/Advocate/Experiments/Advocate/advocate/analysis/analysis/scenarios/unlockBeforeLock.go:75 +0x2b5
advocate/analysis/analysis.RunHBAnalysis(0x1)
	/home/advocate/Advocate/Experiments/Advocate/advocate/analysis/analysis/analysis.go:262 +0xc9b
advocate/analysis/analysis.RunAnalysis(0x1)
	/home/advocate/Advocate/Experiments/Advocate/advocate/analysis/analysis/analysis.go:63 +0x105
advocate/toolchain.runAnalyzer({0x2aaaed6fe100, 0x74}, {0x2aaaed6fe200?, 0x66?}, {0x2aaaed6fe180, 0x7a}, {0x2aaaed6fe280, 0x75}, 0x0, {0x2aaaee144080, ...}, ...)
	/home/advocate/Advocate/Experiments/Advocate/advocate/toolchain/analyzer.go:78 +0x43b
advocate/toolchain.unitTestAnalyzer({0x2aaaed1921c0, 0x66}, {0x760f26?, 0x2aaaed182048?}, 0x0, {0x2aaaee144080, 0x7e}, {0x2aaaeda20502, 0x13})
	/home/advocate/Advocate/Experiments/Advocate/advocate/toolchain/fullWorkflowUnit.go:619 +0x25c
advocate/toolchain.unitTestFullWorkflow({0x2aaaed1f0000?, 0x2c}, {0x7ffcdd7ec10d, 0x4c}, 0x1, 0x1, 0x1, {0x2aaaeda20502, 0x13}, {0x2aaaed1d0140, ...}, ...)
	/home/advocate/Advocate/Experiments/Advocate/advocate/toolchain/fullWorkflowUnit.go:479 +0x625
advocate/toolchain.runWorkflowUnit({0x7ffcdd7ec10d, 0x4c}, 0x1, 0x1, 0x1, {0x2aaaed2a2480, 0x7e}, 0x0, {0x0, 0x0}, ...)
	/home/advocate/Advocate/Experiments/Advocate/advocate/toolchain/fullWorkflowUnit.go:171 +0x1190
advocate/toolchain.Run({0x75dd74, 0x4}, {0x2aaaed2a2480, 0x7e}, 0x1, 0x1, 0x1, 0x0, {0x0, 0x0}, ...)
	/home/advocate/Advocate/Experiments/Advocate/advocate/toolchain/toolchain.go:72 +0x389
advocate/fuzzing.runFuzzing({0x2aaaed2a2480, 0x7e}, 0x0, 0x31, 0x1)
	/home/advocate/Advocate/Experiments/Advocate/advocate/fuzzing/fuzzing.go:217 +0x57b
advocate/fuzzing.Fuzzing()
	/home/advocate/Advocate/Experiments/Advocate/advocate/fuzzing/fuzzing.go:135 +0xea5
advocate/run.modeFuzzing()
	/home/advocate/Advocate/Experiments/Advocate/advocate/run/modes.go:34 +0x5e
advocate/run.Run()
	/home/advocate/Advocate/Experiments/Advocate/advocate/run/run.go:100 +0x5b5
main.main()
	/home/advocate/Advocate/Experiments/Advocate/advocate/main.go:28 +0x1c
2026/06/05 16:33:58 [31mNot enough RAM[0m
2026/06/05 16:33:58 goroutine 20 [running]:
advocate/utils/control.printAllGoroutines()
	/home/advocate/Advocate/Experiments/Advocate/advocate/utils/control/utils.go:20 +0x3d
advocate/utils/control.cancelRAM(0x77cd50, 0x77cd48, 0x77cd58)
	/home/advocate/Advocate/Experiments/Advocate/advocate/utils/control/memory.go:109 +0x6e
advocate/utils/control.Supervisor(0x77cd50, 0x77cd48, 0x77cd58)
	/home/advocate/Advocate/Experiments/Advocate/advocate/utils/control/memory.go:79 +0x12f
created by advocate/run.Run in goroutine 1
	/home/advocate/Advocate/Experiments/Advocate/advocate/run/run.go:63 +0x26f

goroutine 1 [runnable]:
advocate/analysis/hb/clock.happensBefore(0x2aaafc559710, 0x2aaafea79350)
	/home/advocate/Advocate/Experiments/Advocate/advocate/analysis/hb/clock/hb.go:24 +0x189
advocate/analysis/hb/clock.GetHappensBefore(0x2aaafc559710, 0x2aaafea79350)
	/home/advocate/Advocate/Experiments/Advocate/advocate/analysis/hb/clock/hb.go:74 +0x34
advocate/analysis/analysis/scenarios.buildResidualGraph({0x2aab06692000, 0x186a2, 0x2aaaee286b68?}, {0x2aab0685e000, 0x186a2, 0x1?})
	/home/advocate/Advocate/Experiments/Advocate/advocate/analysis/analysis/scenarios/graph.go:60 +0x49f
advocate/analysis/analysis/scenarios.CheckForUnlockBeforeLock()
	/home/advocate/Advocate/Experiments/Advocate/advocate/analysis/analysis/scenarios/unlockBeforeLock.go:75 +0x2b5
advocate/analysis/analysis.RunHBAnalysis(0x1)
	/home/advocate/Advocate/Experiments/Advocate/advocate/analysis/analysis/analysis.go:262 +0xc9b
advocate/analysis/analysis.RunAnalysis(0x1)
	/home/advocate/Advocate/Experiments/Advocate/advocate/analysis/analysis/analysis.go:63 +0x105
advocate/toolchain.runAnalyzer({0x2aaaed6fe100, 0x74}, {0x2aaaed6fe200?, 0x66?}, {0x2aaaed6fe180, 0x7a}, {0x2aaaed6fe280, 0x75}, 0x0, {0x2aaaee144080, ...}, ...)
	/home/advocate/Advocate/Experiments/Advocate/advocate/toolchain/analyzer.go:78 +0x43b
advocate/toolchain.unitTestAnalyzer({0x2aaaed1921c0, 0x66}, {0x760f26?, 0x2aaaed182048?}, 0x0, {0x2aaaee144080, 0x7e}, {0x2aaaeda20502, 0x13})
	/home/advocate/Advocate/Experiments/Advocate/advocate/toolchain/fullWorkflowUnit.go:619 +0x25c
advocate/toolchain.unitTestFullWorkflow({0x2aaaed1f0000?, 0x2c}, {0x7ffcdd7ec10d, 0x4c}, 0x1, 0x1, 0x1, {0x2aaaeda20502, 0x13}, {0x2aaaed1d0140, ...}, ...)
	/home/advocate/Advocate/Experiments/Advocate/advocate/toolchain/fullWorkflowUnit.go:479 +0x625
advocate/toolchain.runWorkflowUnit({0x7ffcdd7ec10d, 0x4c}, 0x1, 0x1, 0x1, {0x2aaaed2a2480, 0x7e}, 0x0, {0x0, 0x0}, ...)
	/home/advocate/Advocate/Experiments/Advocate/advocate/toolchain/fullWorkflowUnit.go:171 +0x1190
advocate/toolchain.Run({0x75dd74, 0x4}, {0x2aaaed2a2480, 0x7e}, 0x1, 0x1, 0x1, 0x0, {0x0, 0x0}, ...)
	/home/advocate/Advocate/Experiments/Advocate/advocate/toolchain/toolchain.go:72 +0x389
advocate/fuzzing.runFuzzing({0x2aaaed2a2480, 0x7e}, 0x0, 0x31, 0x1)
	/home/advocate/Advocate/Experiments/Advocate/advocate/fuzzing/fuzzing.go:217 +0x57b
advocate/fuzzing.Fuzzing()
	/home/advocate/Advocate/Experiments/Advocate/advocate/fuzzing/fuzzing.go:135 +0xea5
advocate/run.modeFuzzing()
	/home/advocate/Advocate/Experiments/Advocate/advocate/run/modes.go:34 +0x5e
advocate/run.Run()
	/home/advocate/Advocate/Experiments/Advocate/advocate/run/run.go:100 +0x5b5
main.main()
	/home/advocate/Advocate/Experiments/Advocate/advocate/main.go:28 +0x1c
2026/06/05 16:34:10 [31mNot enough RAM[0m
2026/06/05 16:34:10 goroutine 20 [running]:
advocate/utils/control.printAllGoroutines()
	/home/advocate/Advocate/Experiments/Advocate/advocate/utils/control/utils.go:20 +0x3d
advocate/utils/control.cancelRAM(0x77cd50, 0x77cd48, 0x77cd58)
	/home/advocate/Advocate/Experiments/Advocate/advocate/utils/control/memory.go:109 +0x6e
advocate/utils/control.Supervisor(0x77cd50, 0x77cd48, 0x77cd58)
	/home/advocate/Advocate/Experiments/Advocate/advocate/utils/control/memory.go:79 +0x12f
created by advocate/run.Run in goroutine 1
	/home/advocate/Advocate/Experiments/Advocate/advocate/run/run.go:63 +0x26f

goroutine 1 [runnable]:
advocate/analysis/hb/clock.(*VectorClock).GetValue(...)
	/home/advocate/Advocate/Experiments/Advocate/advocate/analysis/hb/clock/vc.go:97
advocate/analysis/hb/clock.happensBefore(0x2aaafe92b5e0, 0x2aaafeb09bd0)
	/home/advocate/Advocate/Experiments/Advocate/advocate/analysis/hb/clock/hb.go:29 +0xe6
advocate/analysis/hb/clock.GetHappensBefore(0x2aaafe92b5e0, 0x2aaafeb09bd0)
	/home/advocate/Advocate/Experiments/Advocate/advocate/analysis/hb/clock/hb.go:74 +0x34
advocate/analysis/analysis/scenarios.buildResidualGraph({0x2aab06692000, 0x186a2, 0x2aaaee286b68?}, {0x2aab0685e000, 0x186a2, 0x1?})
	/home/advocate/Advocate/Experiments/Advocate/advocate/analysis/analysis/scenarios/graph.go:60 +0x49f
advocate/analysis/analysis/scenarios.CheckForUnlockBeforeLock()
	/home/advocate/Advocate/Experiments/Advocate/advocate/analysis/analysis/scenarios/unlockBeforeLock.go:75 +0x2b5
advocate/analysis/analysis.RunHBAnalysis(0x1)
	/home/advocate/Advocate/Experiments/Advocate/advocate/analysis/analysis/analysis.go:262 +0xc9b
advocate/analysis/analysis.RunAnalysis(0x1)
	/home/advocate/Advocate/Experiments/Advocate/advocate/analysis/analysis/analysis.go:63 +0x105
advocate/toolchain.runAnalyzer({0x2aaaed6fe100, 0x74}, {0x2aaaed6fe200?, 0x66?}, {0x2aaaed6fe180, 0x7a}, {0x2aaaed6fe280, 0x75}, 0x0, {0x2aaaee144080, ...}, ...)
	/home/advocate/Advocate/Experiments/Advocate/advocate/toolchain/analyzer.go:78 +0x43b
advocate/toolchain.unitTestAnalyzer({0x2aaaed1921c0, 0x66}, {0x760f26?, 0x2aaaed182048?}, 0x0, {0x2aaaee144080, 0x7e}, {0x2aaaeda20502, 0x13})
	/home/advocate/Advocate/Experiments/Advocate/advocate/toolchain/fullWorkflowUnit.go:619 +0x25c
advocate/toolchain.unitTestFullWorkflow({0x2aaaed1f0000?, 0x2c}, {0x7ffcdd7ec10d, 0x4c}, 0x1, 0x1, 0x1, {0x2aaaeda20502, 0x13}, {0x2aaaed1d0140, ...}, ...)
	/home/advocate/Advocate/Experiments/Advocate/advocate/toolchain/fullWorkflowUnit.go:479 +0x625
advocate/toolchain.runWorkflowUnit({0x7ffcdd7ec10d, 0x4c}, 0x1, 0x1, 0x1, {0x2aaaed2a2480, 0x7e}, 0x0, {0x0, 0x0}, ...)
	/home/advocate/Advocate/Experiments/Advocate/advocate/toolchain/fullWorkflowUnit.go:171 +0x1190
advocate/toolchain.Run({0x75dd74, 0x4}, {0x2aaaed2a2480, 0x7e}, 0x1, 0x1, 0x1, 0x0, {0x0, 0x0}, ...)
	/home/advocate/Advocate/Experiments/Advocate/advocate/toolchain/toolchain.go:72 +0x389
advocate/fuzzing.runFuzzing({0x2aaaed2a2480, 0x7e}, 0x0, 0x31, 0x1)
	/home/advocate/Advocate/Experiments/Advocate/advocate/fuzzing/fuzzing.go:217 +0x57b
advocate/fuzzing.Fuzzing()
	/home/advocate/Advocate/Experiments/Advocate/advocate/fuzzing/fuzzing.go:135 +0xea5
advocate/run.modeFuzzing()
	/home/advocate/Advocate/Experiments/Advocate/advocate/run/modes.go:34 +0x5e
advocate/run.Run()
	/home/advocate/Advocate/Experiments/Advocate/advocate/run/run.go:100 +0x5b5
main.main()
	/home/advocate/Advocate/Experiments/Advocate/advocate/main.go:28 +0x1c
2026/06/05 16:34:24 [31mNot enough RAM[0m
2026/06/05 16:34:24 goroutine 20 [running]:
advocate/utils/control.printAllGoroutines()
	/home/advocate/Advocate/Experiments/Advocate/advocate/utils/control/utils.go:20 +0x3d
advocate/utils/control.cancelRAM(0x77cd50, 0x77cd48, 0x77cd58)
	/home/advocate/Advocate/Experiments/Advocate/advocate/utils/control/memory.go:109 +0x6e
advocate/utils/control.Supervisor(0x77cd50, 0x77cd48, 0x77cd58)
	/home/advocate/Advocate/Experiments/Advocate/advocate/utils/control/memory.go:79 +0x12f
created by advocate/run.Run in goroutine 1
	/home/advocate/Advocate/Experiments/Advocate/advocate/run/run.go:63 +0x26f

goroutine 1 [runnable]:
advocate/analysis/hb/clock.happensBefore(0x2aaaf8a98570, 0x2aaafebb1780)
	/home/advocate/Advocate/Experiments/Advocate/advocate/analysis/hb/clock/hb.go:24 +0x189
advocate/analysis/hb/clock.GetHappensBefore(0x2aaaf8a98570, 0x2aaafebb1780)
	/home/advocate/Advocate/Experiments/Advocate/advocate/analysis/hb/clock/hb.go:74 +0x34
advocate/analysis/analysis/scenarios.buildResidualGraph({0x2aab06692000, 0x186a2, 0x2aaaee286b68?}, {0x2aab0685e000, 0x186a2, 0x1?})
	/home/advocate/Advocate/Experiments/Advocate/advocate/analysis/analysis/scenarios/graph.go:60 +0x49f
advocate/analysis/analysis/scenarios.CheckForUnlockBeforeLock()
	/home/advocate/Advocate/Experiments/Advocate/advocate/analysis/analysis/scenarios/unlockBeforeLock.go:75 +0x2b5
advocate/analysis/analysis.RunHBAnalysis(0x1)
	/home/advocate/Advocate/Experiments/Advocate/advocate/analysis/analysis/analysis.go:262 +0xc9b
advocate/analysis/analysis.RunAnalysis(0x1)
	/home/advocate/Advocate/Experiments/Advocate/advocate/analysis/analysis/analysis.go:63 +0x105
advocate/toolchain.runAnalyzer({0x2aaaed6fe100, 0x74}, {0x2aaaed6fe200?, 0x66?}, {0x2aaaed6fe180, 0x7a}, {0x2aaaed6fe280, 0x75}, 0x0, {0x2aaaee144080, ...}, ...)
	/home/advocate/Advocate/Experiments/Advocate/advocate/toolchain/analyzer.go:78 +0x43b
advocate/toolchain.unitTestAnalyzer({0x2aaaed1921c0, 0x66}, {0x760f26?, 0x2aaaed182048?}, 0x0, {0x2aaaee144080, 0x7e}, {0x2aaaeda20502, 0x13})
	/home/advocate/Advocate/Experiments/Advocate/advocate/toolchain/fullWorkflowUnit.go:619 +0x25c
advocate/toolchain.unitTestFullWorkflow({0x2aaaed1f0000?, 0x2c}, {0x7ffcdd7ec10d, 0x4c}, 0x1, 0x1, 0x1, {0x2aaaeda20502, 0x13}, {0x2aaaed1d0140, ...}, ...)
	/home/advocate/Advocate/Experiments/Advocate/advocate/toolchain/fullWorkflowUnit.go:479 +0x625
advocate/toolchain.runWorkflowUnit({0x7ffcdd7ec10d, 0x4c}, 0x1, 0x1, 0x1, {0x2aaaed2a2480, 0x7e}, 0x0, {0x0, 0x0}, ...)
	/home/advocate/Advocate/Experiments/Advocate/advocate/toolchain/fullWorkflowUnit.go:171 +0x1190
advocate/toolchain.Run({0x75dd74, 0x4}, {0x2aaaed2a2480, 0x7e}, 0x1, 0x1, 0x1, 0x0, {0x0, 0x0}, ...)
	/home/advocate/Advocate/Experiments/Advocate/advocate/toolchain/toolchain.go:72 +0x389
advocate/fuzzing.runFuzzing({0x2aaaed2a2480, 0x7e}, 0x0, 0x31, 0x1)
	/home/advocate/Advocate/Experiments/Advocate/advocate/fuzzing/fuzzing.go:217 +0x57b
advocate/fuzzing.Fuzzing()
	/home/advocate/Advocate/Experiments/Advocate/advocate/fuzzing/fuzzing.go:135 +0xea5
advocate/run.modeFuzzing()
	/home/advocate/Advocate/Experiments/Advocate/advocate/run/modes.go:34 +0x5e
advocate/run.Run()
	/home/advocate/Advocate/Experiments/Advocate/advocate/run/run.go:100 +0x5b5
main.main()
	/home/advocate/Advocate/Experiments/Advocate/advocate/main.go:28 +0x1c
2026/06/05 16:34:39 [31mNot enough RAM[0m
2026/06/05 16:34:39 goroutine 20 [running]:
advocate/utils/control.printAllGoroutines()
	/home/advocate/Advocate/Experiments/Advocate/advocate/utils/control/utils.go:20 +0x3d
advocate/utils/control.cancelRAM(0x77cd50, 0x77cd48, 0x77cd58)
	/home/advocate/Advocate/Experiments/Advocate/advocate/utils/control/memory.go:109 +0x6e
advocate/utils/control.Supervisor(0x77cd50, 0x77cd48, 0x77cd58)
	/home/advocate/Advocate/Experiments/Advocate/advocate/utils/control/memory.go:79 +0x12f
created by advocate/run.Run in goroutine 1
	/home/advocate/Advocate/Experiments/Advocate/advocate/run/run.go:63 +0x26f

goroutine 1 [runnable]:
advocate/analysis/hb/clock.(*VectorClock).GetValue(...)
	/home/advocate/Advocate/Experiments/Advocate/advocate/analysis/hb/clock/vc.go:97
advocate/analysis/hb/clock.happensBefore(0x2aab0562f060, 0x2aaafec721f0)
	/home/advocate/Advocate/Experiments/Advocate/advocate/analysis/hb/clock/hb.go:27 +0x96
advocate/analysis/hb/clock.GetHappensBefore(0x2aab0562f060, 0x2aaafec721f0)
	/home/advocate/Advocate/Experiments/Advocate/advocate/analysis/hb/clock/hb.go:74 +0x34
advocate/analysis/analysis/scenarios.buildResidualGraph({0x2aab06692000, 0x186a2, 0x2aaaee286b68?}, {0x2aab0685e000, 0x186a2, 0x1?})
	/home/advocate/Advocate/Experiments/Advocate/advocate/analysis/analysis/scenarios/graph.go:60 +0x49f
advocate/analysis/analysis/scenarios.CheckForUnlockBeforeLock()
	/home/advocate/Advocate/Experiments/Advocate/advocate/analysis/analysis/scenarios/unlockBeforeLock.go:75 +0x2b5
advocate/analysis/analysis.RunHBAnalysis(0x1)
	/home/advocate/Advocate/Experiments/Advocate/advocate/analysis/analysis/analysis.go:262 +0xc9b
advocate/analysis/analysis.RunAnalysis(0x1)
	/home/advocate/Advocate/Experiments/Advocate/advocate/analysis/analysis/analysis.go:63 +0x105
advocate/toolchain.runAnalyzer({0x2aaaed6fe100, 0x74}, {0x2aaaed6fe200?, 0x66?}, {0x2aaaed6fe180, 0x7a}, {0x2aaaed6fe280, 0x75}, 0x0, {0x2aaaee144080, ...}, ...)
	/home/advocate/Advocate/Experiments/Advocate/advocate/toolchain/analyzer.go:78 +0x43b
advocate/toolchain.unitTestAnalyzer({0x2aaaed1921c0, 0x66}, {0x760f26?, 0x2aaaed182048?}, 0x0, {0x2aaaee144080, 0x7e}, {0x2aaaeda20502, 0x13})
	/home/advocate/Advocate/Experiments/Advocate/advocate/toolchain/fullWorkflowUnit.go:619 +0x25c
advocate/toolchain.unitTestFullWorkflow({0x2aaaed1f0000?, 0x2c}, {0x7ffcdd7ec10d, 0x4c}, 0x1, 0x1, 0x1, {0x2aaaeda20502, 0x13}, {0x2aaaed1d0140, ...}, ...)
	/home/advocate/Advocate/Experiments/Advocate/advocate/toolchain/fullWorkflowUnit.go:479 +0x625
advocate/toolchain.runWorkflowUnit({0x7ffcdd7ec10d, 0x4c}, 0x1, 0x1, 0x1, {0x2aaaed2a2480, 0x7e}, 0x0, {0x0, 0x0}, ...)
	/home/advocate/Advocate/Experiments/Advocate/advocate/toolchain/fullWorkflowUnit.go:171 +0x1190
advocate/toolchain.Run({0x75dd74, 0x4}, {0x2aaaed2a2480, 0x7e}, 0x1, 0x1, 0x1, 0x0, {0x0, 0x0}, ...)
	/home/advocate/Advocate/Experiments/Advocate/advocate/toolchain/toolchain.go:72 +0x389
advocate/fuzzing.runFuzzing({0x2aaaed2a2480, 0x7e}, 0x0, 0x31, 0x1)
	/home/advocate/Advocate/Experiments/Advocate/advocate/fuzzing/fuzzing.go:217 +0x57b
advocate/fuzzing.Fuzzing()
	/home/advocate/Advocate/Experiments/Advocate/advocate/fuzzing/fuzzing.go:135 +0xea5
advocate/run.modeFuzzing()
	/home/advocate/Advocate/Experiments/Advocate/advocate/run/modes.go:34 +0x5e
advocate/run.Run()
	/home/advocate/Advocate/Experiments/Advocate/advocate/run/run.go:100 +0x5b5
main.main()
	/home/advocate/Advocate/Experiments/Advocate/advocate/main.go:28 +0x1c
2026/06/05 16:34:55 [31mNot enough RAM[0m
2026/06/05 16:34:55 goroutine 20 [running]:
advocate/utils/control.printAllGoroutines()
	/home/advocate/Advocate/Experiments/Advocate/advocate/utils/control/utils.go:20 +0x3d
advocate/utils/control.cancelRAM(0x77cd50, 0x77cd48, 0x77cd58)
	/home/advocate/Advocate/Experiments/Advocate/advocate/utils/control/memory.go:109 +0x6e
advocate/utils/control.Supervisor(0x77cd50, 0x77cd48, 0x77cd58)
	/home/advocate/Advocate/Experiments/Advocate/advocate/utils/control/memory.go:79 +0x12f
created by advocate/run.Run in goroutine 1
	/home/advocate/Advocate/Experiments/Advocate/advocate/run/run.go:63 +0x26f

goroutine 1 [runnable]:
advocate/analysis/hb/clock.(*VectorClock).GetValue(...)
	/home/advocate/Advocate/Experiments/Advocate/advocate/analysis/hb/clock/vc.go:97
advocate/analysis/hb/clock.happensBefore(0x2aaafe98d590, 0x2aaafed1d250)
	/home/advocate/Advocate/Experiments/Advocate/advocate/analysis/hb/clock/hb.go:29 +0x130
advocate/analysis/hb/clock.GetHappensBefore(0x2aaafe98d590, 0x2aaafed1d250)
	/home/advocate/Advocate/Experiments/Advocate/advocate/analysis/hb/clock/hb.go:74 +0x34
advocate/analysis/analysis/scenarios.buildResidualGraph({0x2aab06692000, 0x186a2, 0x2aaaee286b68?}, {0x2aab0685e000, 0x186a2, 0x1?})
	/home/advocate/Advocate/Experiments/Advocate/advocate/analysis/analysis/scenarios/graph.go:60 +0x49f
advocate/analysis/analysis/scenarios.CheckForUnlockBeforeLock()
	/home/advocate/Advocate/Experiments/Advocate/advocate/analysis/analysis/scenarios/unlockBeforeLock.go:75 +0x2b5
advocate/analysis/analysis.RunHBAnalysis(0x1)
	/home/advocate/Advocate/Experiments/Advocate/advocate/analysis/analysis/analysis.go:262 +0xc9b
advocate/analysis/analysis.RunAnalysis(0x1)
	/home/advocate/Advocate/Experiments/Advocate/advocate/analysis/analysis/analysis.go:63 +0x105
advocate/toolchain.runAnalyzer({0x2aaaed6fe100, 0x74}, {0x2aaaed6fe200?, 0x66?}, {0x2aaaed6fe180, 0x7a}, {0x2aaaed6fe280, 0x75}, 0x0, {0x2aaaee144080, ...}, ...)
	/home/advocate/Advocate/Experiments/Advocate/advocate/toolchain/analyzer.go:78 +0x43b
advocate/toolchain.unitTestAnalyzer({0x2aaaed1921c0, 0x66}, {0x760f26?, 0x2aaaed182048?}, 0x0, {0x2aaaee144080, 0x7e}, {0x2aaaeda20502, 0x13})
	/home/advocate/Advocate/Experiments/Advocate/advocate/toolchain/fullWorkflowUnit.go:619 +0x25c
advocate/toolchain.unitTestFullWorkflow({0x2aaaed1f0000?, 0x2c}, {0x7ffcdd7ec10d, 0x4c}, 0x1, 0x1, 0x1, {0x2aaaeda20502, 0x13}, {0x2aaaed1d0140, ...}, ...)
	/home/advocate/Advocate/Experiments/Advocate/advocate/toolchain/fullWorkflowUnit.go:479 +0x625
advocate/toolchain.runWorkflowUnit({0x7ffcdd7ec10d, 0x4c}, 0x1, 0x1, 0x1, {0x2aaaed2a2480, 0x7e}, 0x0, {0x0, 0x0}, ...)
	/home/advocate/Advocate/Experiments/Advocate/advocate/toolchain/fullWorkflowUnit.go:171 +0x1190
advocate/toolchain.Run({0x75dd74, 0x4}, {0x2aaaed2a2480, 0x7e}, 0x1, 0x1, 0x1, 0x0, {0x0, 0x0}, ...)
	/home/advocate/Advocate/Experiments/Advocate/advocate/toolchain/toolchain.go:72 +0x389
advocate/fuzzing.runFuzzing({0x2aaaed2a2480, 0x7e}, 0x0, 0x31, 0x1)
	/home/advocate/Advocate/Experiments/Advocate/advocate/fuzzing/fuzzing.go:217 +0x57b
advocate/fuzzing.Fuzzing()
	/home/advocate/Advocate/Experiments/Advocate/advocate/fuzzing/fuzzing.go:135 +0xea5
advocate/run.modeFuzzing()
	/home/advocate/Advocate/Experiments/Advocate/advocate/run/modes.go:34 +0x5e
advocate/run.Run()
	/home/advocate/Advocate/Experiments/Advocate/advocate/run/run.go:100 +0x5b5
main.main()
	/home/advocate/Advocate/Experiments/Advocate/advocate/main.go:28 +0x1c
2026/06/05 16:35:10 [31mNot enough RAM[0m
2026/06/05 16:35:10 goroutine 20 [running]:
advocate/utils/control.printAllGoroutines()
	/home/advocate/Advocate/Experiments/Advocate/advocate/utils/control/utils.go:20 +0x3d
advocate/utils/control.cancelRAM(0x77cd50, 0x77cd48, 0x77cd58)
	/home/advocate/Advocate/Experiments/Advocate/advocate/utils/control/memory.go:109 +0x6e
advocate/utils/control.Supervisor(0x77cd50, 0x77cd48, 0x77cd58)
	/home/advocate/Advocate/Experiments/Advocate/advocate/utils/control/memory.go:79 +0x12f
created by advocate/run.Run in goroutine 1
	/home/advocate/Advocate/Experiments/Advocate/advocate/run/run.go:63 +0x26f

goroutine 1 [runnable]:
advocate/analysis/hb/clock.(*VectorClock).GetValue(...)
	/home/advocate/Advocate/Experiments/Advocate/advocate/analysis/hb/clock/vc.go:97
advocate/analysis/hb/clock.happensBefore(0x2aab03230df0, 0x2aaafeddaef0)
	/home/advocate/Advocate/Experiments/Advocate/advocate/analysis/hb/clock/hb.go:27 +0x96
advocate/analysis/hb/clock.GetHappensBefore(0x2aab03230df0, 0x2aaafeddaef0)
	/home/advocate/Advocate/Experiments/Advocate/advocate/analysis/hb/clock/hb.go:74 +0x34
advocate/analysis/analysis/scenarios.buildResidualGraph({0x2aab06692000, 0x186a2, 0x2aaaee286b68?}, {0x2aab0685e000, 0x186a2, 0x1?})
	/home/advocate/Advocate/Experiments/Advocate/advocate/analysis/analysis/scenarios/graph.go:60 +0x49f
advocate/analysis/analysis/scenarios.CheckForUnlockBeforeLock()
	/home/advocate/Advocate/Experiments/Advocate/advocate/analysis/analysis/scenarios/unlockBeforeLock.go:75 +0x2b5
advocate/analysis/analysis.RunHBAnalysis(0x1)
	/home/advocate/Advocate/Experiments/Advocate/advocate/analysis/analysis/analysis.go:262 +0xc9b
advocate/analysis/analysis.RunAnalysis(0x1)
	/home/advocate/Advocate/Experiments/Advocate/advocate/analysis/analysis/analysis.go:63 +0x105
advocate/toolchain.runAnalyzer({0x2aaaed6fe100, 0x74}, {0x2aaaed6fe200?, 0x66?}, {0x2aaaed6fe180, 0x7a}, {0x2aaaed6fe280, 0x75}, 0x0, {0x2aaaee144080, ...}, ...)
	/home/advocate/Advocate/Experiments/Advocate/advocate/toolchain/analyzer.go:78 +0x43b
advocate/toolchain.unitTestAnalyzer({0x2aaaed1921c0, 0x66}, {0x760f26?, 0x2aaaed182048?}, 0x0, {0x2aaaee144080, 0x7e}, {0x2aaaeda20502, 0x13})
	/home/advocate/Advocate/Experiments/Advocate/advocate/toolchain/fullWorkflowUnit.go:619 +0x25c
advocate/toolchain.unitTestFullWorkflow({0x2aaaed1f0000?, 0x2c}, {0x7ffcdd7ec10d, 0x4c}, 0x1, 0x1, 0x1, {0x2aaaeda20502, 0x13}, {0x2aaaed1d0140, ...}, ...)
	/home/advocate/Advocate/Experiments/Advocate/advocate/toolchain/fullWorkflowUnit.go:479 +0x625
advocate/toolchain.runWorkflowUnit({0x7ffcdd7ec10d, 0x4c}, 0x1, 0x1, 0x1, {0x2aaaed2a2480, 0x7e}, 0x0, {0x0, 0x0}, ...)
	/home/advocate/Advocate/Experiments/Advocate/advocate/toolchain/fullWorkflowUnit.go:171 +0x1190
advocate/toolchain.Run({0x75dd74, 0x4}, {0x2aaaed2a2480, 0x7e}, 0x1, 0x1, 0x1, 0x0, {0x0, 0x0}, ...)
	/home/advocate/Advocate/Experiments/Advocate/advocate/toolchain/toolchain.go:72 +0x389
advocate/fuzzing.runFuzzing({0x2aaaed2a2480, 0x7e}, 0x0, 0x31, 0x1)
	/home/advocate/Advocate/Experiments/Advocate/advocate/fuzzing/fuzzing.go:217 +0x57b
advocate/fuzzing.Fuzzing()
	/home/advocate/Advocate/Experiments/Advocate/advocate/fuzzing/fuzzing.go:135 +0xea5
advocate/run.modeFuzzing()
	/home/advocate/Advocate/Experiments/Advocate/advocate/run/modes.go:34 +0x5e
advocate/run.Run()
	/home/advocate/Advocate/Experiments/Advocate/advocate/run/run.go:100 +0x5b5
main.main()
	/home/advocate/Advocate/Experiments/Advocate/advocate/main.go:28 +0x1c
2026/06/05 16:35:30 [31mNot enough RAM[0m
2026/06/05 16:35:30 goroutine 20 [running]:
advocate/utils/control.printAllGoroutines()
	/home/advocate/Advocate/Experiments/Advocate/advocate/utils/control/utils.go:20 +0x3d
advocate/utils/control.cancelRAM(0x77cd50, 0x77cd48, 0x77cd58)
	/home/advocate/Advocate/Experiments/Advocate/advocate/utils/control/memory.go:109 +0x6e
advocate/utils/control.Supervisor(0x77cd50, 0x77cd48, 0x77cd58)
	/home/advocate/Advocate/Experiments/Advocate/advocate/utils/control/memory.go:79 +0x12f
created by advocate/run.Run in goroutine 1
	/home/advocate/Advocate/Experiments/Advocate/advocate/run/run.go:63 +0x26f

goroutine 1 [runnable]:
advocate/analysis/analysis/scenarios.buildResidualGraph({0x2aab06692000, 0x186a2, 0x2aaaee286b68?}, {0x2aab0685e000, 0x186a2, 0x1?})
	/home/advocate/Advocate/Experiments/Advocate/advocate/analysis/analysis/scenarios/graph.go:61 +0x4df
advocate/analysis/analysis/scenarios.CheckForUnlockBeforeLock()
	/home/advocate/Advocate/Experiments/Advocate/advocate/analysis/analysis/scenarios/unlockBeforeLock.go:75 +0x2b5
advocate/analysis/analysis.RunHBAnalysis(0x1)
	/home/advocate/Advocate/Experiments/Advocate/advocate/analysis/analysis/analysis.go:262 +0xc9b
advocate/analysis/analysis.RunAnalysis(0x1)
	/home/advocate/Advocate/Experiments/Advocate/advocate/analysis/analysis/analysis.go:63 +0x105
advocate/toolchain.runAnalyzer({0x2aaaed6fe100, 0x74}, {0x2aaaed6fe200?, 0x66?}, {0x2aaaed6fe180, 0x7a}, {0x2aaaed6fe280, 0x75}, 0x0, {0x2aaaee144080, ...}, ...)
	/home/advocate/Advocate/Experiments/Advocate/advocate/toolchain/analyzer.go:78 +0x43b
advocate/toolchain.unitTestAnalyzer({0x2aaaed1921c0, 0x66}, {0x760f26?, 0x2aaaed182048?}, 0x0, {0x2aaaee144080, 0x7e}, {0x2aaaeda20502, 0x13})
	/home/advocate/Advocate/Experiments/Advocate/advocate/toolchain/fullWorkflowUnit.go:619 +0x25c
advocate/toolchain.unitTestFullWorkflow({0x2aaaed1f0000?, 0x2c}, {0x7ffcdd7ec10d, 0x4c}, 0x1, 0x1, 0x1, {0x2aaaeda20502, 0x13}, {0x2aaaed1d0140, ...}, ...)
	/home/advocate/Advocate/Experiments/Advocate/advocate/toolchain/fullWorkflowUnit.go:479 +0x625
advocate/toolchain.runWorkflowUnit({0x7ffcdd7ec10d, 0x4c}, 0x1, 0x1, 0x1, {0x2aaaed2a2480, 0x7e}, 0x0, {0x0, 0x0}, ...)
	/home/advocate/Advocate/Experiments/Advocate/advocate/toolchain/fullWorkflowUnit.go:171 +0x1190
advocate/toolchain.Run({0x75dd74, 0x4}, {0x2aaaed2a2480, 0x7e}, 0x1, 0x1, 0x1, 0x0, {0x0, 0x0}, ...)
	/home/advocate/Advocate/Experiments/Advocate/advocate/toolchain/toolchain.go:72 +0x389
advocate/fuzzing.runFuzzing({0x2aaaed2a2480, 0x7e}, 0x0, 0x31, 0x1)
	/home/advocate/Advocate/Experiments/Advocate/advocate/fuzzing/fuzzing.go:217 +0x57b
advocate/fuzzing.Fuzzing()
	/home/advocate/Advocate/Experiments/Advocate/advocate/fuzzing/fuzzing.go:135 +0xea5
advocate/run.modeFuzzing()
	/home/advocate/Advocate/Experiments/Advocate/advocate/run/modes.go:34 +0x5e
advocate/run.Run()
	/home/advocate/Advocate/Experiments/Advocate/advocate/run/run.go:100 +0x5b5
main.main()
	/home/advocate/Advocate/Experiments/Advocate/advocate/main.go:28 +0x1c
