2026/06/05 15:42:01 [33mUpdated Go version in go.mod to 1.25[0m
2026/06/05 15:42:01 Run go mod tidy
2026/06/05 15:42:01 Start fuzzing in mode GoCRHB
2026/06/05 15:42:01 Run fuzzing on all tests
2026/06/05 15:42:01 Found 104 test files
2026/06/05 15:42:01 Processing file: /home/advocate/Advocate/Experiments/Advocate/helper/aplas/output/sameElementType/0/blocking/cockroach/10214/cockroach10214_test.go
2026/06/05 15:42:01 Fuzzing Run:  1
2026/06/05 15:42:01 Create  /home/advocate/Advocate/Experiments/Advocate/helper/aplas/output/sameElementType/0/advocateResult/file(1)-test(1)-cockroach10214_test-TestCockroach10214
2026/06/05 15:42:01 Execute Test
2026/06/05 15:42:02 Text executed
2026/06/05 15:42:02 Run the analyzer for /home/advocate/Advocate/Experiments/Advocate/helper/aplas/output/sameElementType/0/blocking/cockroach/10214/advocateTrace
2026/06/05 15:42:02 Read trace with 23 elements in 3 routines
2026/06/05 15:42:02 Start Analysis
2026/06/05 15:42:02 Finished HB analysis
2026/06/05 15:42:02 Analysis finished
2026/06/05 15:42:02 Start rewrite
2026/06/05 15:42:02 Finished Rewrite
2026/06/05 15:42:02 Number Results:  1
2026/06/05 15:42:02 Successfully rewrites:  0
2026/06/05 15:42:02 No need/not possible to rewrite:  1
2026/06/05 15:42:02 Failed rewrites:  0
2026/06/05 15:42:02 Start guided execution
2026/06/05 15:42:02 Found 0 rewritten traces
2026/06/05 15:42:02 Create bug reports
2026/06/05 15:42:02 [32mFound Possible Cyclic Deadlock.[0m
2026/06/05 15:42:02 Create statistics
2026/06/05 15:42:02 Finished run for TestCockroach10214
2026/06/05 15:42:02 Parse recorded trace for fuzzing information
2026/06/05 15:42:02 Create mutations
2026/06/05 15:42:02 Create GoPie mutations
2026/06/05 15:42:02 Mutate 24 scheduling chains
2026/06/05 15:42:02 Write 0 mutations to file
2026/06/05 15:42:02 Create statistics
2026/06/05 15:42:02 Current fuzzing queue size: 0
2026/06/05 15:42:02 Remaining fuzzing time: 9:58 min
2026/06/05 15:42:02 Finish fuzzing after 1 runs
2026/06/05 15:42:02 Processing file: /home/advocate/Advocate/Experiments/Advocate/helper/aplas/output/sameElementType/0/blocking/cockroach/1055/cockroach1055_test.go
2026/06/05 15:42:02 Fuzzing Run:  1
2026/06/05 15:42:02 Create  /home/advocate/Advocate/Experiments/Advocate/helper/aplas/output/sameElementType/0/advocateResult/file(2)-test(1)-cockroach1055_test-TestCockroach1055
2026/06/05 15:42:02 Execute Test
2026/06/05 15:46:03 Text executed
2026/06/05 15:46:03 Run the analyzer for /home/advocate/Advocate/Experiments/Advocate/helper/aplas/output/sameElementType/0/blocking/cockroach/1055/advocateTrace
2026/06/05 15:46:03 Read trace with 44 elements in 5 routines
2026/06/05 15:46:03 Start Analysis
2026/06/05 15:46:03 Finished HB analysis
2026/06/05 15:46:03 Analysis finished
2026/06/05 15:46:03 Start rewrite
2026/06/05 15:46:03 Finished Rewrite
2026/06/05 15:46:03 Number Results:  2
2026/06/05 15:46:03 Successfully rewrites:  0
2026/06/05 15:46:03 No need/not possible to rewrite:  2
2026/06/05 15:46:03 Failed rewrites:  0
2026/06/05 15:46:03 Start guided execution
2026/06/05 15:46:03 Found 0 rewritten traces
2026/06/05 15:46:03 Create bug reports
2026/06/05 15:46:03 [32mFound Timeout.[0m
2026/06/05 15:46:03 [32mFound Actual Non-Cyclic Blocking Bug.[0m
2026/06/05 15:46:03 Create statistics
2026/06/05 15:46:03 Finished run for TestCockroach1055
2026/06/05 15:46:03 Parse recorded trace for fuzzing information
2026/06/05 15:46:03 Create mutations
2026/06/05 15:46:03 Create GoPie mutations
2026/06/05 15:46:03 Mutate 24 scheduling chains
2026/06/05 15:46:03 Write 20 mutations to file
2026/06/05 15:46:03 Create statistics
2026/06/05 15:46:03 Current fuzzing queue size: 20
2026/06/05 15:46:03 Remaining fuzzing time: 5:58 min
2026/06/05 15:46:03 Fuzzing Run:  2
2026/06/05 15:46:03 Execute Test
2026/06/05 15:56:11 Text executed
2026/06/05 15:56:11 Run the analyzer for /home/advocate/Advocate/Experiments/Advocate/helper/aplas/output/sameElementType/0/blocking/cockroach/1055/advocateTrace
2026/06/05 15:56:11 Trace at /home/advocate/Advocate/Experiments/Advocate/helper/aplas/output/sameElementType/0/blocking/cockroach/1055/advocateTrace does not contain any elements
2026/06/05 15:56:11 Read trace with 0 elements in 0 routines
2026/06/05 15:56:11 Start Analysis
2026/06/05 15:56:11 Finished HB analysis
2026/06/05 15:56:11 Analysis finished
2026/06/05 15:56:11 Start rewrite
2026/06/05 15:56:11 Finished Rewrite
2026/06/05 15:56:11 Number Results:  1
2026/06/05 15:56:11 Successfully rewrites:  0
2026/06/05 15:56:11 No need/not possible to rewrite:  1
2026/06/05 15:56:11 Failed rewrites:  0
2026/06/05 15:56:11 Start guided execution
2026/06/05 15:56:11 Found 0 rewritten traces
2026/06/05 15:56:11 Create bug reports
2026/06/05 15:56:11 Create statistics
2026/06/05 15:56:11 Finished run for TestCockroach1055
2026/06/05 15:56:11 Parse recorded trace for fuzzing information
2026/06/05 15:56:11 Create mutations
2026/06/05 15:56:11 Create GoPie mutations
2026/06/05 15:56:11 Mutate 0 scheduling chains
2026/06/05 15:56:11 Write 0 mutations to file
2026/06/05 15:56:11 Create statistics
2026/06/05 15:56:11 Current fuzzing queue size: 0
2026/06/05 15:56:11 Finish fuzzing because maximum runtime for fuzzing (10 min) has been reached
2026/06/05 15:56:11 Processing file: /home/advocate/Advocate/Experiments/Advocate/helper/aplas/output/sameElementType/0/blocking/cockroach/10790/cockroach10790_test.go
2026/06/05 15:56:11 Fuzzing Run:  1
2026/06/05 15:56:11 Create  /home/advocate/Advocate/Experiments/Advocate/helper/aplas/output/sameElementType/0/advocateResult/file(3)-test(1)-cockroach10790_test-TestCockroach10790
2026/06/05 15:56:11 Execute Test
2026/06/05 15:56:12 Text executed
2026/06/05 15:56:12 Run the analyzer for /home/advocate/Advocate/Experiments/Advocate/helper/aplas/output/sameElementType/0/blocking/cockroach/10790/advocateTrace
2026/06/05 15:56:12 Read trace with 22 elements in 6 routines
2026/06/05 15:56:12 Start Analysis
2026/06/05 15:56:12 Finished HB analysis
2026/06/05 15:56:12 Analysis finished
2026/06/05 15:56:12 Start rewrite
2026/06/05 15:56:12 Finished Rewrite
2026/06/05 15:56:12 Number Results:  1
2026/06/05 15:56:12 Successfully rewrites:  0
2026/06/05 15:56:12 No need/not possible to rewrite:  1
2026/06/05 15:56:12 Failed rewrites:  0
2026/06/05 15:56:12 Start guided execution
2026/06/05 15:56:12 Found 0 rewritten traces
2026/06/05 15:56:12 Create bug reports
2026/06/05 15:56:12 [31mline number out of range[0m
2026/06/05 15:56:12 [32mFound Actual Non-Cyclic Blocking Bug.[0m
2026/06/05 15:56:12 Create statistics
2026/06/05 15:56:12 Finished run for TestCockroach10790
2026/06/05 15:56:12 Parse recorded trace for fuzzing information
2026/06/05 15:56:12 Create mutations
2026/06/05 15:56:12 Create GoPie mutations
2026/06/05 15:56:12 Mutate 0 scheduling chains
2026/06/05 15:56:12 Write 1 special mutation to file
2026/06/05 15:56:12 Write 0 mutations to file
2026/06/05 15:56:12 Create statistics
2026/06/05 15:56:12 Current fuzzing queue size: 0
2026/06/05 15:56:12 Remaining fuzzing time: 9:58 min
2026/06/05 15:56:12 Finish fuzzing after 1 runs
2026/06/05 15:56:12 Processing file: /home/advocate/Advocate/Experiments/Advocate/helper/aplas/output/sameElementType/0/blocking/cockroach/13197/cockroach13197_test.go
2026/06/05 15:56:12 Fuzzing Run:  1
2026/06/05 15:56:12 Create  /home/advocate/Advocate/Experiments/Advocate/helper/aplas/output/sameElementType/0/advocateResult/file(4)-test(1)-cockroach13197_test-TestCockroach13197
2026/06/05 15:56:12 Execute Test
2026/06/05 15:56:14 Text executed
2026/06/05 15:56:14 Run the analyzer for /home/advocate/Advocate/Experiments/Advocate/helper/aplas/output/sameElementType/0/blocking/cockroach/13197/advocateTrace
2026/06/05 15:56:14 Read trace with 6 elements in 2 routines
2026/06/05 15:56:14 Start Analysis
2026/06/05 15:56:14 Finished HB analysis
2026/06/05 15:56:14 Analysis finished
2026/06/05 15:56:14 Start rewrite
2026/06/05 15:56:14 Finished Rewrite
2026/06/05 15:56:14 Number Results:  1
2026/06/05 15:56:14 Successfully rewrites:  0
2026/06/05 15:56:14 No need/not possible to rewrite:  1
2026/06/05 15:56:14 Failed rewrites:  0
2026/06/05 15:56:14 Start guided execution
2026/06/05 15:56:14 Found 0 rewritten traces
2026/06/05 15:56:14 Create bug reports
2026/06/05 15:56:14 [31mline number out of range[0m
2026/06/05 15:56:14 [32mFound Actual Non-Cyclic Blocking Bug.[0m
2026/06/05 15:56:14 Create statistics
2026/06/05 15:56:14 Finished run for TestCockroach13197
2026/06/05 15:56:14 Parse recorded trace for fuzzing information
2026/06/05 15:56:14 Create mutations
2026/06/05 15:56:14 Create GoPie mutations
2026/06/05 15:56:14 Mutate 0 scheduling chains
2026/06/05 15:56:14 Write 0 mutations to file
2026/06/05 15:56:14 Create statistics
2026/06/05 15:56:14 Current fuzzing queue size: 0
2026/06/05 15:56:14 Remaining fuzzing time: 9:58 min
2026/06/05 15:56:14 Finish fuzzing after 1 runs
2026/06/05 15:56:14 Processing file: /home/advocate/Advocate/Experiments/Advocate/helper/aplas/output/sameElementType/0/blocking/cockroach/13755/cockroach13755_test.go
2026/06/05 15:56:14 Fuzzing Run:  1
2026/06/05 15:56:14 Create  /home/advocate/Advocate/Experiments/Advocate/helper/aplas/output/sameElementType/0/advocateResult/file(5)-test(1)-cockroach13755_test-TestCockroach13755
2026/06/05 15:56:14 Execute Test
2026/06/05 15:56:15 Text executed
2026/06/05 15:56:15 Run the analyzer for /home/advocate/Advocate/Experiments/Advocate/helper/aplas/output/sameElementType/0/blocking/cockroach/13755/advocateTrace
2026/06/05 15:56:15 Read trace with 6 elements in 2 routines
2026/06/05 15:56:15 Start Analysis
2026/06/05 15:56:15 Finished HB analysis
2026/06/05 15:56:15 Analysis finished
2026/06/05 15:56:15 Start rewrite
2026/06/05 15:56:15 Finished Rewrite
2026/06/05 15:56:15 Number Results:  1
2026/06/05 15:56:15 Successfully rewrites:  0
2026/06/05 15:56:15 No need/not possible to rewrite:  1
2026/06/05 15:56:15 Failed rewrites:  0
2026/06/05 15:56:15 Start guided execution
2026/06/05 15:56:15 Found 0 rewritten traces
2026/06/05 15:56:15 Create bug reports
2026/06/05 15:56:15 [31mline number out of range[0m
2026/06/05 15:56:15 [32mFound Actual Non-Cyclic Blocking Bug.[0m
2026/06/05 15:56:15 Create statistics
2026/06/05 15:56:15 Finished run for TestCockroach13755
2026/06/05 15:56:15 Parse recorded trace for fuzzing information
2026/06/05 15:56:15 Create mutations
2026/06/05 15:56:15 Create GoPie mutations
2026/06/05 15:56:15 Mutate 0 scheduling chains
2026/06/05 15:56:15 Write 0 mutations to file
2026/06/05 15:56:15 Create statistics
2026/06/05 15:56:15 Current fuzzing queue size: 0
2026/06/05 15:56:15 Remaining fuzzing time: 9:58 min
2026/06/05 15:56:15 Finish fuzzing after 1 runs
2026/06/05 15:56:15 Processing file: /home/advocate/Advocate/Experiments/Advocate/helper/aplas/output/sameElementType/0/blocking/cockroach/1462/cockroach1462_test.go
2026/06/05 15:56:15 Fuzzing Run:  1
2026/06/05 15:56:15 Create  /home/advocate/Advocate/Experiments/Advocate/helper/aplas/output/sameElementType/0/advocateResult/file(6)-test(1)-cockroach1462_test-TestCockroach1462
2026/06/05 15:56:15 Execute Test
2026/06/05 15:56:16 Text executed
2026/06/05 15:56:16 Run the analyzer for /home/advocate/Advocate/Experiments/Advocate/helper/aplas/output/sameElementType/0/blocking/cockroach/1462/advocateTrace
2026/06/05 15:56:16 Read trace with 21 elements in 3 routines
2026/06/05 15:56:16 Start Analysis
2026/06/05 15:56:16 Finished HB analysis
2026/06/05 15:56:16 Analysis finished
2026/06/05 15:56:16 Start rewrite
2026/06/05 15:56:16 Finished Rewrite
2026/06/05 15:56:16 Number Results:  1
2026/06/05 15:56:16 Successfully rewrites:  0
2026/06/05 15:56:16 No need/not possible to rewrite:  1
2026/06/05 15:56:16 Failed rewrites:  0
2026/06/05 15:56:16 Start guided execution
2026/06/05 15:56:16 Found 0 rewritten traces
2026/06/05 15:56:16 Create bug reports
2026/06/05 15:56:16 [31mline number out of range[0m
2026/06/05 15:56:16 [32mFound Actual Non-Cyclic Blocking Bug.[0m
2026/06/05 15:56:16 Create statistics
2026/06/05 15:56:16 Finished run for TestCockroach1462
2026/06/05 15:56:16 Parse recorded trace for fuzzing information
2026/06/05 15:56:16 Create mutations
2026/06/05 15:56:16 Create GoPie mutations
2026/06/05 15:56:16 Mutate 24 scheduling chains
2026/06/05 15:56:16 Write 0 mutations to file
2026/06/05 15:56:16 Create statistics
2026/06/05 15:56:16 Current fuzzing queue size: 0
2026/06/05 15:56:16 Remaining fuzzing time: 9:58 min
2026/06/05 15:56:16 Finish fuzzing after 1 runs
2026/06/05 15:56:16 Processing file: /home/advocate/Advocate/Experiments/Advocate/helper/aplas/output/sameElementType/0/blocking/cockroach/16167/cockroach16167_test.go
2026/06/05 15:56:16 Fuzzing Run:  1
2026/06/05 15:56:16 Create  /home/advocate/Advocate/Experiments/Advocate/helper/aplas/output/sameElementType/0/advocateResult/file(7)-test(1)-cockroach16167_test-TestCockroach16167
2026/06/05 15:56:16 Execute Test
2026/06/05 15:56:17 Text executed
2026/06/05 15:56:17 Run the analyzer for /home/advocate/Advocate/Experiments/Advocate/helper/aplas/output/sameElementType/0/blocking/cockroach/16167/advocateTrace
2026/06/05 15:56:17 Read trace with 7 elements in 2 routines
2026/06/05 15:56:17 Start Analysis
2026/06/05 15:56:17 Finished HB analysis
2026/06/05 15:56:17 Analysis finished
2026/06/05 15:56:17 Start rewrite
2026/06/05 15:56:17 Finished Rewrite
2026/06/05 15:56:17 Number Results:  1
2026/06/05 15:56:17 Successfully rewrites:  0
2026/06/05 15:56:17 No need/not possible to rewrite:  1
2026/06/05 15:56:17 Failed rewrites:  0
2026/06/05 15:56:17 Start guided execution
2026/06/05 15:56:17 Found 0 rewritten traces
2026/06/05 15:56:17 Create bug reports
2026/06/05 15:56:17 [31mline number out of range[0m
2026/06/05 15:56:17 Create statistics
2026/06/05 15:56:17 Finished run for TestCockroach16167
2026/06/05 15:56:17 Parse recorded trace for fuzzing information
2026/06/05 15:56:17 Create mutations
2026/06/05 15:56:17 Create GoPie mutations
2026/06/05 15:56:17 Mutate 24 scheduling chains
2026/06/05 15:56:17 Write 0 mutations to file
2026/06/05 15:56:17 Create statistics
2026/06/05 15:56:17 Current fuzzing queue size: 0
2026/06/05 15:56:17 Remaining fuzzing time: 9:58 min
2026/06/05 15:56:17 Finish fuzzing after 1 runs
2026/06/05 15:56:17 Processing file: /home/advocate/Advocate/Experiments/Advocate/helper/aplas/output/sameElementType/0/blocking/cockroach/18101/cockroach18101_test.go
2026/06/05 15:56:17 Fuzzing Run:  1
2026/06/05 15:56:17 Create  /home/advocate/Advocate/Experiments/Advocate/helper/aplas/output/sameElementType/0/advocateResult/file(8)-test(1)-cockroach18101_test-TestCockroach18101
2026/06/05 15:56:17 Execute Test
2026/06/05 15:56:18 Text executed
2026/06/05 15:56:18 Run the analyzer for /home/advocate/Advocate/Experiments/Advocate/helper/aplas/output/sameElementType/0/blocking/cockroach/18101/advocateTrace
2026/06/05 15:56:18 Read trace with 19 elements in 4 routines
2026/06/05 15:56:18 Start Analysis
2026/06/05 15:56:18 Finished HB analysis
2026/06/05 15:56:18 Analysis finished
2026/06/05 15:56:18 Start rewrite
2026/06/05 15:56:18 Finished Rewrite
2026/06/05 15:56:18 Number Results:  1
2026/06/05 15:56:18 Successfully rewrites:  0
2026/06/05 15:56:18 No need/not possible to rewrite:  1
2026/06/05 15:56:18 Failed rewrites:  0
2026/06/05 15:56:18 Start guided execution
2026/06/05 15:56:18 Found 0 rewritten traces
2026/06/05 15:56:18 Create bug reports
2026/06/05 15:56:18 [31mline number out of range[0m
2026/06/05 15:56:18 [32mFound Actual Non-Cyclic Blocking Bug.[0m
2026/06/05 15:56:18 Create statistics
2026/06/05 15:56:18 Finished run for TestCockroach18101
2026/06/05 15:56:18 Parse recorded trace for fuzzing information
2026/06/05 15:56:18 Create mutations
2026/06/05 15:56:18 Create GoPie mutations
2026/06/05 15:56:18 Mutate 24 scheduling chains
2026/06/05 15:56:18 Write 0 mutations to file
2026/06/05 15:56:18 Create statistics
2026/06/05 15:56:18 Current fuzzing queue size: 0
2026/06/05 15:56:18 Remaining fuzzing time: 9:58 min
2026/06/05 15:56:18 Finish fuzzing after 1 runs
2026/06/05 15:56:18 Processing file: /home/advocate/Advocate/Experiments/Advocate/helper/aplas/output/sameElementType/0/blocking/cockroach/2448/cockroach2448_test.go
2026/06/05 15:56:18 Fuzzing Run:  1
2026/06/05 15:56:18 Create  /home/advocate/Advocate/Experiments/Advocate/helper/aplas/output/sameElementType/0/advocateResult/file(9)-test(1)-cockroach2448_test-TestCockroach2448
2026/06/05 15:56:18 Execute Test
2026/06/05 15:56:19 Text executed
2026/06/05 15:56:19 Run the analyzer for /home/advocate/Advocate/Experiments/Advocate/helper/aplas/output/sameElementType/0/blocking/cockroach/2448/advocateTrace
2026/06/05 15:56:19 Read trace with 147 elements in 3 routines
2026/06/05 15:56:19 Start Analysis
2026/06/05 15:56:19 Finished HB analysis
2026/06/05 15:56:19 Analysis finished
2026/06/05 15:56:19 Start rewrite
2026/06/05 15:56:19 Finished Rewrite
2026/06/05 15:56:19 Number Results:  2
2026/06/05 15:56:19 Successfully rewrites:  0
2026/06/05 15:56:19 No need/not possible to rewrite:  2
2026/06/05 15:56:19 Failed rewrites:  0
2026/06/05 15:56:19 Start guided execution
2026/06/05 15:56:19 Found 0 rewritten traces
2026/06/05 15:56:19 Create bug reports
2026/06/05 15:56:19 [31mline number out of range[0m
2026/06/05 15:56:19 [32mFound Actual Non-Cyclic Blocking Bug.[0m
2026/06/05 15:56:19 [32mFound Actual Cyclic Deadlock.[0m
2026/06/05 15:56:19 Create statistics
2026/06/05 15:56:19 Finished run for TestCockroach2448
2026/06/05 15:56:19 Parse recorded trace for fuzzing information
2026/06/05 15:56:19 Create mutations
2026/06/05 15:56:19 Create GoPie mutations
2026/06/05 15:56:19 Mutate 0 scheduling chains
2026/06/05 15:56:19 Write 0 mutations to file
2026/06/05 15:56:19 Create statistics
2026/06/05 15:56:19 Current fuzzing queue size: 0
2026/06/05 15:56:19 Remaining fuzzing time: 9:58 min
2026/06/05 15:56:19 Finish fuzzing after 1 runs
2026/06/05 15:56:19 Processing file: /home/advocate/Advocate/Experiments/Advocate/helper/aplas/output/sameElementType/0/blocking/cockroach/24808/cockroach24808_test.go
2026/06/05 15:56:19 Fuzzing Run:  1
2026/06/05 15:56:19 Create  /home/advocate/Advocate/Experiments/Advocate/helper/aplas/output/sameElementType/0/advocateResult/file(10)-test(1)-cockroach24808_test-TestCockroach24808
2026/06/05 15:56:19 Execute Test
2026/06/05 16:00:20 Text executed
2026/06/05 16:00:20 Run the analyzer for /home/advocate/Advocate/Experiments/Advocate/helper/aplas/output/sameElementType/0/blocking/cockroach/24808/advocateTrace
2026/06/05 16:00:20 Read trace with 4 elements in 1 routines
2026/06/05 16:00:20 Start Analysis
2026/06/05 16:00:20 Finished HB analysis
2026/06/05 16:00:20 Analysis finished
2026/06/05 16:00:20 Start rewrite
2026/06/05 16:00:20 Finished Rewrite
2026/06/05 16:00:20 Number Results:  3
2026/06/05 16:00:20 Successfully rewrites:  0
2026/06/05 16:00:20 No need/not possible to rewrite:  3
2026/06/05 16:00:20 Failed rewrites:  0
2026/06/05 16:00:20 Start guided execution
2026/06/05 16:00:20 Found 0 rewritten traces
2026/06/05 16:00:20 Create bug reports
2026/06/05 16:00:20 [31mline number out of range[0m
2026/06/05 16:00:20 [32mFound Actual Non-Cyclic Blocking Bug.[0m
2026/06/05 16:00:20 [32mFound Actual Cyclic Deadlock.[0m
2026/06/05 16:00:20 Create statistics
2026/06/05 16:00:20 Finished run for TestCockroach24808
2026/06/05 16:00:20 Parse recorded trace for fuzzing information
2026/06/05 16:00:20 Create mutations
2026/06/05 16:00:20 Create GoPie mutations
2026/06/05 16:00:20 Mutate 0 scheduling chains
2026/06/05 16:00:20 Write 0 mutations to file
2026/06/05 16:00:20 Create statistics
2026/06/05 16:00:20 Current fuzzing queue size: 0
2026/06/05 16:00:20 Remaining fuzzing time: 5:58 min
2026/06/05 16:00:20 Finish fuzzing after 1 runs
2026/06/05 16:00:20 Processing file: /home/advocate/Advocate/Experiments/Advocate/helper/aplas/output/sameElementType/0/blocking/cockroach/25456/cockroach25456_test.go
2026/06/05 16:00:20 Fuzzing Run:  1
2026/06/05 16:00:20 Create  /home/advocate/Advocate/Experiments/Advocate/helper/aplas/output/sameElementType/0/advocateResult/file(11)-test(1)-cockroach25456_test-TestCockroach25456
2026/06/05 16:00:20 Execute Test
2026/06/05 16:04:22 Text executed
2026/06/05 16:04:22 Run the analyzer for /home/advocate/Advocate/Experiments/Advocate/helper/aplas/output/sameElementType/0/blocking/cockroach/25456/advocateTrace
2026/06/05 16:04:22 Read trace with 2 elements in 1 routines
2026/06/05 16:04:22 Start Analysis
2026/06/05 16:04:22 Finished HB analysis
2026/06/05 16:04:22 Analysis finished
2026/06/05 16:04:22 Start rewrite
2026/06/05 16:04:22 Finished Rewrite
2026/06/05 16:04:22 Number Results:  3
2026/06/05 16:04:22 Successfully rewrites:  0
2026/06/05 16:04:22 No need/not possible to rewrite:  3
2026/06/05 16:04:22 Failed rewrites:  0
2026/06/05 16:04:22 Start guided execution
2026/06/05 16:04:22 Found 0 rewritten traces
2026/06/05 16:04:22 Create bug reports
2026/06/05 16:04:22 [31mline number out of range[0m
2026/06/05 16:04:22 [32mFound Actual Non-Cyclic Blocking Bug.[0m
2026/06/05 16:04:22 Create statistics
2026/06/05 16:04:22 Finished run for TestCockroach25456
2026/06/05 16:04:22 Parse recorded trace for fuzzing information
2026/06/05 16:04:22 Create mutations
2026/06/05 16:04:22 Create GoPie mutations
2026/06/05 16:04:22 Mutate 0 scheduling chains
2026/06/05 16:04:22 Write 0 mutations to file
2026/06/05 16:04:22 Create statistics
2026/06/05 16:04:22 Current fuzzing queue size: 0
2026/06/05 16:04:22 Remaining fuzzing time: 5:58 min
2026/06/05 16:04:22 Finish fuzzing after 1 runs
2026/06/05 16:04:22 Processing file: /home/advocate/Advocate/Experiments/Advocate/helper/aplas/output/sameElementType/0/blocking/cockroach/35073/cockroach35073_test.go
2026/06/05 16:04:22 Fuzzing Run:  1
2026/06/05 16:04:22 Create  /home/advocate/Advocate/Experiments/Advocate/helper/aplas/output/sameElementType/0/advocateResult/file(12)-test(1)-cockroach35073_test-TestCockroach35073
2026/06/05 16:04:22 Execute Test
2026/06/05 16:08:23 Text executed
2026/06/05 16:08:23 Run the analyzer for /home/advocate/Advocate/Experiments/Advocate/helper/aplas/output/sameElementType/0/blocking/cockroach/35073/advocateTrace
2026/06/05 16:08:23 Read trace with 44 elements in 3 routines
2026/06/05 16:08:23 Start Analysis
2026/06/05 16:08:23 Finished HB analysis
2026/06/05 16:08:23 Analysis finished
2026/06/05 16:08:23 Start rewrite
2026/06/05 16:08:23 Finished Rewrite
2026/06/05 16:08:23 Number Results:  3
2026/06/05 16:08:23 Successfully rewrites:  0
2026/06/05 16:08:23 No need/not possible to rewrite:  3
2026/06/05 16:08:23 Failed rewrites:  0
2026/06/05 16:08:23 Start guided execution
2026/06/05 16:08:23 Found 0 rewritten traces
2026/06/05 16:08:23 Create bug reports
2026/06/05 16:08:23 [31mline number out of range[0m
2026/06/05 16:08:23 [32mFound Actual Non-Cyclic Blocking Bug.[0m
2026/06/05 16:08:23 [32mFound Actual Cyclic Deadlock.[0m
2026/06/05 16:08:23 Create statistics
2026/06/05 16:08:23 Finished run for TestCockroach35073
2026/06/05 16:08:23 Parse recorded trace for fuzzing information
2026/06/05 16:08:23 Create mutations
2026/06/05 16:08:23 Create GoPie mutations
2026/06/05 16:08:23 Mutate 24 scheduling chains
2026/06/05 16:08:23 Write 0 mutations to file
2026/06/05 16:08:23 Create statistics
2026/06/05 16:08:23 Current fuzzing queue size: 0
2026/06/05 16:08:23 Remaining fuzzing time: 5:58 min
2026/06/05 16:08:23 Finish fuzzing after 1 runs
2026/06/05 16:08:23 Processing file: /home/advocate/Advocate/Experiments/Advocate/helper/aplas/output/sameElementType/0/blocking/cockroach/35931/cockroach35931_test.go
2026/06/05 16:08:23 Fuzzing Run:  1
2026/06/05 16:08:23 Create  /home/advocate/Advocate/Experiments/Advocate/helper/aplas/output/sameElementType/0/advocateResult/file(13)-test(1)-cockroach35931_test-TestCockroach35931
2026/06/05 16:08:23 Execute Test
2026/06/05 16:12:24 Text executed
2026/06/05 16:12:24 Run the analyzer for /home/advocate/Advocate/Experiments/Advocate/helper/aplas/output/sameElementType/0/blocking/cockroach/35931/advocateTrace
2026/06/05 16:12:24 Read trace with 6 elements in 1 routines
2026/06/05 16:12:24 Start Analysis
2026/06/05 16:12:24 Finished HB analysis
2026/06/05 16:12:24 Analysis finished
2026/06/05 16:12:24 Start rewrite
2026/06/05 16:12:24 Finished Rewrite
2026/06/05 16:12:24 Number Results:  3
2026/06/05 16:12:24 Successfully rewrites:  0
2026/06/05 16:12:24 No need/not possible to rewrite:  3
2026/06/05 16:12:24 Failed rewrites:  0
2026/06/05 16:12:24 Start guided execution
2026/06/05 16:12:24 Found 0 rewritten traces
2026/06/05 16:12:24 Create bug reports
2026/06/05 16:12:24 [31mline number out of range[0m
2026/06/05 16:12:24 [32mFound Actual Non-Cyclic Blocking Bug.[0m
2026/06/05 16:12:24 [32mFound Actual Cyclic Deadlock.[0m
2026/06/05 16:12:24 Create statistics
2026/06/05 16:12:24 Finished run for TestCockroach35931
2026/06/05 16:12:24 Parse recorded trace for fuzzing information
2026/06/05 16:12:24 Create mutations
2026/06/05 16:12:24 Create GoPie mutations
2026/06/05 16:12:24 Mutate 0 scheduling chains
2026/06/05 16:12:24 Write 0 mutations to file
2026/06/05 16:12:24 Create statistics
2026/06/05 16:12:24 Current fuzzing queue size: 0
2026/06/05 16:12:24 Remaining fuzzing time: 5:58 min
2026/06/05 16:12:24 Finish fuzzing after 1 runs
2026/06/05 16:12:24 Processing file: /home/advocate/Advocate/Experiments/Advocate/helper/aplas/output/sameElementType/0/blocking/cockroach/3710/cockroach3710_test.go
2026/06/05 16:12:24 Fuzzing Run:  1
2026/06/05 16:12:24 Create  /home/advocate/Advocate/Experiments/Advocate/helper/aplas/output/sameElementType/0/advocateResult/file(14)-test(1)-cockroach3710_test-TestCockroach3710
2026/06/05 16:12:24 Execute Test
2026/06/05 16:12:25 Text executed
2026/06/05 16:12:25 Run the analyzer for /home/advocate/Advocate/Experiments/Advocate/helper/aplas/output/sameElementType/0/blocking/cockroach/3710/advocateTrace
2026/06/05 16:12:25 Read trace with 19 elements in 4 routines
2026/06/05 16:12:25 Start Analysis
2026/06/05 16:12:25 Finished HB analysis
2026/06/05 16:12:25 Analysis finished
2026/06/05 16:12:25 Start rewrite
2026/06/05 16:12:25 Finished Rewrite
2026/06/05 16:12:25 Number Results:  2
2026/06/05 16:12:25 Successfully rewrites:  0
2026/06/05 16:12:25 No need/not possible to rewrite:  2
2026/06/05 16:12:25 Failed rewrites:  0
2026/06/05 16:12:25 Start guided execution
2026/06/05 16:12:25 Found 0 rewritten traces
2026/06/05 16:12:25 Create bug reports
2026/06/05 16:12:25 [31mline number out of range[0m
2026/06/05 16:12:25 [32mFound Actual Non-Cyclic Blocking Bug.[0m
2026/06/05 16:12:25 Create statistics
2026/06/05 16:12:25 Finished run for TestCockroach3710
2026/06/05 16:12:25 Parse recorded trace for fuzzing information
2026/06/05 16:12:25 Create mutations
2026/06/05 16:12:25 Create GoPie mutations
2026/06/05 16:12:25 Mutate 24 scheduling chains
2026/06/05 16:12:25 Write 0 mutations to file
2026/06/05 16:12:25 Create statistics
2026/06/05 16:12:25 Current fuzzing queue size: 0
2026/06/05 16:12:25 Remaining fuzzing time: 9:58 min
2026/06/05 16:12:25 Finish fuzzing after 1 runs
2026/06/05 16:12:25 Processing file: /home/advocate/Advocate/Experiments/Advocate/helper/aplas/output/sameElementType/0/blocking/cockroach/584/cockroach584_test.go
2026/06/05 16:12:25 Fuzzing Run:  1
2026/06/05 16:12:25 Create  /home/advocate/Advocate/Experiments/Advocate/helper/aplas/output/sameElementType/0/advocateResult/file(15)-test(1)-cockroach584_test-TestCockroach584
2026/06/05 16:12:25 Execute Test
2026/06/05 16:12:26 Text executed
2026/06/05 16:12:26 Run the analyzer for /home/advocate/Advocate/Experiments/Advocate/helper/aplas/output/sameElementType/0/blocking/cockroach/584/advocateTrace
2026/06/05 16:12:26 Read trace with 4 elements in 2 routines
2026/06/05 16:12:26 Start Analysis
2026/06/05 16:12:26 Finished HB analysis
2026/06/05 16:12:26 Analysis finished
2026/06/05 16:12:26 Start rewrite
2026/06/05 16:12:26 Finished Rewrite
2026/06/05 16:12:26 Number Results:  2
2026/06/05 16:12:26 Successfully rewrites:  0
2026/06/05 16:12:26 No need/not possible to rewrite:  2
2026/06/05 16:12:26 Failed rewrites:  0
2026/06/05 16:12:26 Start guided execution
2026/06/05 16:12:26 Found 0 rewritten traces
2026/06/05 16:12:26 Create bug reports
2026/06/05 16:12:26 [31mline number out of range[0m
2026/06/05 16:12:26 [32mFound Actual Non-Cyclic Blocking Bug.[0m
2026/06/05 16:12:26 Create statistics
2026/06/05 16:12:26 Finished run for TestCockroach584
2026/06/05 16:12:26 Parse recorded trace for fuzzing information
2026/06/05 16:12:26 Create mutations
2026/06/05 16:12:26 Create GoPie mutations
2026/06/05 16:12:26 Mutate 0 scheduling chains
2026/06/05 16:12:26 Write 0 mutations to file
2026/06/05 16:12:26 Create statistics
2026/06/05 16:12:26 Current fuzzing queue size: 0
2026/06/05 16:12:26 Remaining fuzzing time: 9:58 min
2026/06/05 16:12:26 Finish fuzzing after 1 runs
2026/06/05 16:12:26 Processing file: /home/advocate/Advocate/Experiments/Advocate/helper/aplas/output/sameElementType/0/blocking/cockroach/6181/cockroach6181_test.go
2026/06/05 16:12:26 Fuzzing Run:  1
2026/06/05 16:12:26 Create  /home/advocate/Advocate/Experiments/Advocate/helper/aplas/output/sameElementType/0/advocateResult/file(16)-test(1)-cockroach6181_test-TestCockroach6181
2026/06/05 16:12:26 Execute Test
2026/06/05 16:12:27 Text executed
2026/06/05 16:12:27 Run the analyzer for /home/advocate/Advocate/Experiments/Advocate/helper/aplas/output/sameElementType/0/blocking/cockroach/6181/advocateTrace
2026/06/05 16:12:27 Read trace with 34 elements in 5 routines
2026/06/05 16:12:27 Start Analysis
2026/06/05 16:12:27 Finished HB analysis
2026/06/05 16:12:27 Analysis finished
2026/06/05 16:12:27 Start rewrite
2026/06/05 16:12:27 Finished Rewrite
2026/06/05 16:12:27 Number Results:  2
2026/06/05 16:12:27 Successfully rewrites:  0
2026/06/05 16:12:27 No need/not possible to rewrite:  2
2026/06/05 16:12:27 Failed rewrites:  0
2026/06/05 16:12:27 Start guided execution
2026/06/05 16:12:27 Found 0 rewritten traces
2026/06/05 16:12:27 Create bug reports
2026/06/05 16:12:27 [31mline number out of range[0m
2026/06/05 16:12:27 [32mFound Actual Non-Cyclic Blocking Bug.[0m
2026/06/05 16:12:27 Create statistics
2026/06/05 16:12:27 Finished run for TestCockroach6181
2026/06/05 16:12:27 Parse recorded trace for fuzzing information
2026/06/05 16:12:27 Create mutations
2026/06/05 16:12:27 Create GoPie mutations
2026/06/05 16:12:27 Mutate 24 scheduling chains
2026/06/05 16:12:27 Write 0 mutations to file
2026/06/05 16:12:27 Create statistics
2026/06/05 16:12:27 Current fuzzing queue size: 0
2026/06/05 16:12:27 Remaining fuzzing time: 9:58 min
2026/06/05 16:12:27 Finish fuzzing after 1 runs
2026/06/05 16:12:27 Processing file: /home/advocate/Advocate/Experiments/Advocate/helper/aplas/output/sameElementType/0/blocking/cockroach/7504/cockroach7504_test.go
2026/06/05 16:12:27 Fuzzing Run:  1
2026/06/05 16:12:27 Create  /home/advocate/Advocate/Experiments/Advocate/helper/aplas/output/sameElementType/0/advocateResult/file(17)-test(1)-cockroach7504_test-TestCockroach7504
2026/06/05 16:12:27 Execute Test
2026/06/05 16:12:29 Text executed
2026/06/05 16:12:29 Run the analyzer for /home/advocate/Advocate/Experiments/Advocate/helper/aplas/output/sameElementType/0/blocking/cockroach/7504/advocateTrace
2026/06/05 16:12:29 Read trace with 17 elements in 3 routines
2026/06/05 16:12:29 Start Analysis
2026/06/05 16:12:29 Finished HB analysis
2026/06/05 16:12:29 Analysis finished
2026/06/05 16:12:29 Start rewrite
2026/06/05 16:12:29 Finished Rewrite
2026/06/05 16:12:29 Number Results:  2
2026/06/05 16:12:29 Successfully rewrites:  0
2026/06/05 16:12:29 No need/not possible to rewrite:  2
2026/06/05 16:12:29 Failed rewrites:  0
2026/06/05 16:12:29 Start guided execution
2026/06/05 16:12:29 Found 0 rewritten traces
2026/06/05 16:12:29 Create bug reports
2026/06/05 16:12:29 [31mline number out of range[0m
2026/06/05 16:12:29 Create statistics
2026/06/05 16:12:29 Finished run for TestCockroach7504
2026/06/05 16:12:29 Parse recorded trace for fuzzing information
2026/06/05 16:12:29 Create mutations
2026/06/05 16:12:29 Create GoPie mutations
2026/06/05 16:12:29 Mutate 24 scheduling chains
2026/06/05 16:12:29 Write 0 mutations to file
2026/06/05 16:12:29 Create statistics
2026/06/05 16:12:29 Current fuzzing queue size: 0
2026/06/05 16:12:29 Remaining fuzzing time: 9:58 min
2026/06/05 16:12:29 Finish fuzzing after 1 runs
2026/06/05 16:12:29 Processing file: /home/advocate/Advocate/Experiments/Advocate/helper/aplas/output/sameElementType/0/blocking/cockroach/9935/cockroach9935_test.go
2026/06/05 16:12:29 Fuzzing Run:  1
2026/06/05 16:12:29 Create  /home/advocate/Advocate/Experiments/Advocate/helper/aplas/output/sameElementType/0/advocateResult/file(18)-test(1)-cockroach9935_test-TestCockroach9935
2026/06/05 16:12:29 Execute Test
2026/06/05 16:12:30 Text executed
2026/06/05 16:12:30 Run the analyzer for /home/advocate/Advocate/Experiments/Advocate/helper/aplas/output/sameElementType/0/blocking/cockroach/9935/advocateTrace
2026/06/05 16:12:30 Read trace with 5 elements in 2 routines
2026/06/05 16:12:30 Start Analysis
2026/06/05 16:12:30 Finished HB analysis
2026/06/05 16:12:30 Analysis finished
2026/06/05 16:12:30 Start rewrite
2026/06/05 16:12:30 Finished Rewrite
2026/06/05 16:12:30 Number Results:  2
2026/06/05 16:12:30 Successfully rewrites:  0
2026/06/05 16:12:30 No need/not possible to rewrite:  2
2026/06/05 16:12:30 Failed rewrites:  0
2026/06/05 16:12:30 Start guided execution
2026/06/05 16:12:30 Found 0 rewritten traces
2026/06/05 16:12:30 Create bug reports
2026/06/05 16:12:30 [31mline number out of range[0m
2026/06/05 16:12:30 Create statistics
2026/06/05 16:12:30 Finished run for TestCockroach9935
2026/06/05 16:12:30 Parse recorded trace for fuzzing information
2026/06/05 16:12:30 Create mutations
2026/06/05 16:12:30 Create GoPie mutations
2026/06/05 16:12:30 Mutate 0 scheduling chains
2026/06/05 16:12:30 Write 0 mutations to file
2026/06/05 16:12:30 Create statistics
2026/06/05 16:12:30 Current fuzzing queue size: 0
2026/06/05 16:12:30 Remaining fuzzing time: 9:58 min
2026/06/05 16:12:30 Finish fuzzing after 1 runs
2026/06/05 16:12:30 Processing file: /home/advocate/Advocate/Experiments/Advocate/helper/aplas/output/sameElementType/0/blocking/etcd/10492/etcd10492_test.go
2026/06/05 16:12:30 Fuzzing Run:  1
2026/06/05 16:12:30 Create  /home/advocate/Advocate/Experiments/Advocate/helper/aplas/output/sameElementType/0/advocateResult/file(19)-test(1)-etcd10492_test-TestEtcd10492
2026/06/05 16:12:30 Execute Test
2026/06/05 16:16:31 Text executed
2026/06/05 16:16:31 Run the analyzer for /home/advocate/Advocate/Experiments/Advocate/helper/aplas/output/sameElementType/0/blocking/etcd/10492/advocateTrace
2026/06/05 16:16:31 Read trace with 6 elements in 1 routines
2026/06/05 16:16:31 Start Analysis
2026/06/05 16:16:31 Finished HB analysis
2026/06/05 16:16:31 Analysis finished
2026/06/05 16:16:31 Start rewrite
2026/06/05 16:16:31 Finished Rewrite
2026/06/05 16:16:31 Number Results:  4
2026/06/05 16:16:31 Successfully rewrites:  0
2026/06/05 16:16:31 No need/not possible to rewrite:  4
2026/06/05 16:16:31 Failed rewrites:  0
2026/06/05 16:16:31 Start guided execution
2026/06/05 16:16:31 Found 0 rewritten traces
2026/06/05 16:16:31 Create bug reports
2026/06/05 16:16:31 [31mline number out of range[0m
2026/06/05 16:16:31 [32mFound Leak on Sync.Mutex.[0m
2026/06/05 16:16:31 Create statistics
2026/06/05 16:16:31 Finished run for TestEtcd10492
2026/06/05 16:16:31 Parse recorded trace for fuzzing information
2026/06/05 16:16:31 Create mutations
2026/06/05 16:16:31 Create GoPie mutations
2026/06/05 16:16:31 Mutate 0 scheduling chains
2026/06/05 16:16:31 Write 0 mutations to file
2026/06/05 16:16:31 Create statistics
2026/06/05 16:16:31 Current fuzzing queue size: 0
2026/06/05 16:16:31 Remaining fuzzing time: 5:58 min
2026/06/05 16:16:31 Finish fuzzing after 1 runs
2026/06/05 16:16:31 Processing file: /home/advocate/Advocate/Experiments/Advocate/helper/aplas/output/sameElementType/0/blocking/etcd/5509/etcd5509_test.go
2026/06/05 16:16:31 Fuzzing Run:  1
2026/06/05 16:16:31 Create  /home/advocate/Advocate/Experiments/Advocate/helper/aplas/output/sameElementType/0/advocateResult/file(20)-test(1)-etcd5509_test-TestEtcd5509
2026/06/05 16:16:31 Execute Test
2026/06/05 16:16:32 Text executed
2026/06/05 16:16:32 Run the analyzer for /home/advocate/Advocate/Experiments/Advocate/helper/aplas/output/sameElementType/0/blocking/etcd/5509/advocateTrace
2026/06/05 16:16:32 Read trace with 15 elements in 2 routines
2026/06/05 16:16:32 Start Analysis
2026/06/05 16:16:32 Finished HB analysis
2026/06/05 16:16:32 Analysis finished
2026/06/05 16:16:32 Start rewrite
2026/06/05 16:16:32 Finished Rewrite
2026/06/05 16:16:32 Number Results:  4
2026/06/05 16:16:32 Successfully rewrites:  0
2026/06/05 16:16:32 No need/not possible to rewrite:  4
2026/06/05 16:16:32 Failed rewrites:  0
2026/06/05 16:16:32 Start guided execution
2026/06/05 16:16:32 Found 0 rewritten traces
2026/06/05 16:16:32 Create bug reports
2026/06/05 16:16:32 [32mFound Possible Mixed Deadlock.[0m
2026/06/05 16:16:32 [31mline number out of range[0m
2026/06/05 16:16:32 [32mFound Leak on Sync.Mutex.[0m
2026/06/05 16:16:32 Create statistics
2026/06/05 16:16:32 Finished run for TestEtcd5509
2026/06/05 16:16:32 Parse recorded trace for fuzzing information
2026/06/05 16:16:32 Create mutations
2026/06/05 16:16:32 Create GoPie mutations
2026/06/05 16:16:32 Mutate 24 scheduling chains
2026/06/05 16:16:32 Write 0 mutations to file
2026/06/05 16:16:32 Create statistics
2026/06/05 16:16:32 Current fuzzing queue size: 0
2026/06/05 16:16:32 Remaining fuzzing time: 9:58 min
2026/06/05 16:16:32 Finish fuzzing after 1 runs
2026/06/05 16:16:32 Processing file: /home/advocate/Advocate/Experiments/Advocate/helper/aplas/output/sameElementType/0/blocking/etcd/6708/etcd6708_test.go
2026/06/05 16:16:32 Fuzzing Run:  1
2026/06/05 16:16:32 Create  /home/advocate/Advocate/Experiments/Advocate/helper/aplas/output/sameElementType/0/advocateResult/file(21)-test(1)-etcd6708_test-TestEtcd6708
2026/06/05 16:16:32 Execute Test
2026/06/05 16:16:49 [31mNot enough RAM[0m
2026/06/05 16:16:49 goroutine 8 [running]:
advocate/utils/control.printAllGoroutines()
	/home/advocate/Advocate/Experiments/Advocate/advocate/utils/control/utils.go:20 +0x3d
advocate/utils/control.cancelRAM(0x77cd50, 0x77cd48, 0x77cd58)
	/home/advocate/Advocate/Experiments/Advocate/advocate/utils/control/memory.go:109 +0x6e
advocate/utils/control.Supervisor(0x77cd50, 0x77cd48, 0x77cd58)
	/home/advocate/Advocate/Experiments/Advocate/advocate/utils/control/memory.go:79 +0x12f
created by advocate/run.Run in goroutine 1
	/home/advocate/Advocate/Experiments/Advocate/advocate/run/run.go:63 +0x26f

goroutine 1 [syscall]:
syscall.Syscall6(0xf7, 0x3, 0x9, 0x11d526b571c8, 0x4, 0x11d526668ea0, 0x0)
	/usr/lib/go-1.26/src/syscall/syscall_linux.go:96 +0x39
internal/syscall/unix.Waitid(0x4f436d?, 0x11d52665c1c0?, 0x0?, 0x11d5266fc850?, 0x7?)
	/usr/lib/go-1.26/src/internal/syscall/unix/waitid_linux.go:18 +0x39
os.(*Process).pidfdWait.func1(...)
	/usr/lib/go-1.26/src/os/pidfd_linux.go:108
os.ignoringEINTR(...)
	/usr/lib/go-1.26/src/os/file_posix.go:256
os.(*Process).pidfdWait(0x11d526708b80)
	/usr/lib/go-1.26/src/os/pidfd_linux.go:107 +0x1c7
os.(*Process).wait(0x11d52786f860?)
	/usr/lib/go-1.26/src/os/exec_unix.go:25 +0x1a
os.(*Process).Wait(...)
	/usr/lib/go-1.26/src/os/exec.go:346
os/exec.(*Cmd).Wait(0x11d52786f860)
	/usr/lib/go-1.26/src/os/exec/exec.go:930 +0x45
os/exec.(*Cmd).Run(0x11d52786f860)
	/usr/lib/go-1.26/src/os/exec/exec.go:632 +0x2d
advocate/utils/command.RunCommand(0x11d526640060, 0x11d526640068, 0x11d52665c180?, {0x11d52665c1c0, 0x3b}, {0x11d526b57550, 0x6, 0x6})
	/home/advocate/Advocate/Experiments/Advocate/advocate/utils/command/runCommands.go:66 +0x20f
advocate/toolchain.unitTestRecord({0x11d527385e60, 0x14}, {0x11d5274be780, 0x76}, {0x11d527736599, 0xc}, 0x0, {0x0, 0x0}, {0x75faa9, ...}, ...)
	/home/advocate/Advocate/Experiments/Advocate/advocate/toolchain/fullWorkflowUnit.go:572 +0x550
advocate/toolchain.unitTestFullWorkflow({0x11d52665c140?, 0x2c}, {0x7fff872990ff, 0x52}, 0x1, 0x1, 0x1, {0x11d527736599, 0xc}, {0x11d527385e60, ...}, ...)
	/home/advocate/Advocate/Experiments/Advocate/advocate/toolchain/fullWorkflowUnit.go:470 +0x51a
advocate/toolchain.runWorkflowUnit({0x7fff872990ff, 0x52}, 0x1, 0x1, 0x1, {0x11d52676e600, 0x76}, 0x0, {0x0, 0x0}, ...)
	/home/advocate/Advocate/Experiments/Advocate/advocate/toolchain/fullWorkflowUnit.go:171 +0x1190
advocate/toolchain.Run({0x75dd74, 0x4}, {0x11d52676e600, 0x76}, 0x1, 0x1, 0x1, 0x0, {0x0, 0x0}, ...)
	/home/advocate/Advocate/Experiments/Advocate/advocate/toolchain/toolchain.go:72 +0x389
advocate/fuzzing.runFuzzing({0x11d52676e600, 0x76}, 0x0, 0x15, 0x1)
	/home/advocate/Advocate/Experiments/Advocate/advocate/fuzzing/fuzzing.go:217 +0x57b
advocate/fuzzing.Fuzzing()
	/home/advocate/Advocate/Experiments/Advocate/advocate/fuzzing/fuzzing.go:135 +0xea5
advocate/run.modeFuzzing()
	/home/advocate/Advocate/Experiments/Advocate/advocate/run/modes.go:34 +0x5e
advocate/run.Run()
	/home/advocate/Advocate/Experiments/Advocate/advocate/run/run.go:100 +0x5b5
main.main()
	/home/advocate/Advocate/Experiments/Advocate/advocate/main.go:28 +0x1c

goroutine 203 [select]:
os/exec.(*Cmd).watchCtx(0x11d52786f860, 0x11d5274f69a0)
	/usr/lib/go-1.26/src/os/exec/exec.go:797 +0xb1
created by os/exec.(*Cmd).Start in goroutine 1
	/usr/lib/go-1.26/src/os/exec/exec.go:783 +0x8f5
2026/06/05 16:16:49 Text executed
2026/06/05 16:16:49 Run the analyzer for /home/advocate/Advocate/Experiments/Advocate/helper/aplas/output/sameElementType/0/blocking/etcd/6708/advocateTrace
2026/06/05 16:16:49 Trace at /home/advocate/Advocate/Experiments/Advocate/helper/aplas/output/sameElementType/0/blocking/etcd/6708/advocateTrace does not contain any elements
2026/06/05 16:16:49 Read trace with 0 elements in 0 routines
2026/06/05 16:16:49 Start Analysis
2026/06/05 16:16:49 Finished HB analysis
2026/06/05 16:16:49 [31mAnalysis was canceled due to insufficient RAM[0m
2026/06/05 16:16:49 Create statistics
2026/06/05 16:16:49 Finished run for TestEtcd6708
2026/06/05 16:16:49 Parse recorded trace for fuzzing information
2026/06/05 16:16:49 [31mFuzzing run was canceled due to memory[0m
2026/06/05 16:16:49 Finish fuzzing after 1 runs
2026/06/05 16:16:49 Processing file: /home/advocate/Advocate/Experiments/Advocate/helper/aplas/output/sameElementType/0/blocking/etcd/6857/etcd6857_test.go
2026/06/05 16:16:49 [31mWait RAM[0m
2026/06/05 16:16:55 [31mWait RAM[0m
2026/06/05 16:16:56 [33mRAM Reset[0m
2026/06/05 16:17:01 Fuzzing Run:  1
2026/06/05 16:17:01 Create  /home/advocate/Advocate/Experiments/Advocate/helper/aplas/output/sameElementType/0/advocateResult/file(22)-test(1)-etcd6857_test-TestEtcd6857
2026/06/05 16:17:01 Execute Test
2026/06/05 16:17:02 Text executed
2026/06/05 16:17:02 Run the analyzer for /home/advocate/Advocate/Experiments/Advocate/helper/aplas/output/sameElementType/0/blocking/etcd/6857/advocateTrace
2026/06/05 16:17:02 Read trace with 15 elements in 4 routines
2026/06/05 16:17:02 Start Analysis
2026/06/05 16:17:02 Finished HB analysis
2026/06/05 16:17:02 Analysis finished
2026/06/05 16:17:02 Start rewrite
2026/06/05 16:17:02 Finished Rewrite
2026/06/05 16:17:02 Number Results:  3
2026/06/05 16:17:02 Successfully rewrites:  0
2026/06/05 16:17:02 No need/not possible to rewrite:  3
2026/06/05 16:17:02 Failed rewrites:  0
2026/06/05 16:17:02 Start guided execution
2026/06/05 16:17:02 Found 0 rewritten traces
2026/06/05 16:17:02 Create bug reports
2026/06/05 16:17:02 [31mline number out of range[0m
2026/06/05 16:17:02 [32mFound Actual Non-Cyclic Blocking Bug.[0m
2026/06/05 16:17:02 Create statistics
2026/06/05 16:17:02 Finished run for TestEtcd6857
2026/06/05 16:17:02 Parse recorded trace for fuzzing information
2026/06/05 16:17:02 Create mutations
2026/06/05 16:17:02 Create GoPie mutations
2026/06/05 16:17:02 Mutate 24 scheduling chains
2026/06/05 16:17:02 Write 1 special mutation to file
2026/06/05 16:17:02 Write 0 mutations to file
2026/06/05 16:17:02 Create statistics
2026/06/05 16:17:02 Current fuzzing queue size: 0
2026/06/05 16:17:02 Remaining fuzzing time: 9:58 min
2026/06/05 16:17:02 Finish fuzzing after 1 runs
2026/06/05 16:17:02 Processing file: /home/advocate/Advocate/Experiments/Advocate/helper/aplas/output/sameElementType/0/blocking/etcd/6873/etcd6873_test.go
2026/06/05 16:17:02 Fuzzing Run:  1
2026/06/05 16:17:02 Create  /home/advocate/Advocate/Experiments/Advocate/helper/aplas/output/sameElementType/0/advocateResult/file(23)-test(1)-etcd6873_test-TestEtcd
2026/06/05 16:17:02 Execute Test
2026/06/05 16:17:03 Text executed
2026/06/05 16:17:03 Run the analyzer for /home/advocate/Advocate/Experiments/Advocate/helper/aplas/output/sameElementType/0/blocking/etcd/6873/advocateTrace
2026/06/05 16:17:03 Read trace with 11 elements in 3 routines
2026/06/05 16:17:03 Start Analysis
2026/06/05 16:17:03 Finished HB analysis
2026/06/05 16:17:03 Analysis finished
2026/06/05 16:17:03 Start rewrite
2026/06/05 16:17:03 Finished Rewrite
2026/06/05 16:17:03 Number Results:  3
2026/06/05 16:17:03 Successfully rewrites:  0
2026/06/05 16:17:03 No need/not possible to rewrite:  3
2026/06/05 16:17:03 Failed rewrites:  0
2026/06/05 16:17:03 Start guided execution
2026/06/05 16:17:03 Found 0 rewritten traces
2026/06/05 16:17:03 Create bug reports
2026/06/05 16:17:03 [31mline number out of range[0m
2026/06/05 16:17:03 [32mFound Actual Non-Cyclic Blocking Bug.[0m
2026/06/05 16:17:03 [32mFound Actual Cyclic Deadlock.[0m
2026/06/05 16:17:03 Create statistics
2026/06/05 16:17:03 Finished run for TestEtcd
2026/06/05 16:17:03 Parse recorded trace for fuzzing information
2026/06/05 16:17:03 Create mutations
2026/06/05 16:17:03 Create GoPie mutations
2026/06/05 16:17:03 Mutate 24 scheduling chains
2026/06/05 16:17:03 Write 0 mutations to file
2026/06/05 16:17:03 Create statistics
2026/06/05 16:17:03 Current fuzzing queue size: 0
2026/06/05 16:17:03 Remaining fuzzing time: 9:58 min
2026/06/05 16:17:03 Finish fuzzing after 1 runs
2026/06/05 16:17:03 Processing file: /home/advocate/Advocate/Experiments/Advocate/helper/aplas/output/sameElementType/0/blocking/etcd/7443/etcd7443_test.go
2026/06/05 16:17:03 Fuzzing Run:  1
2026/06/05 16:17:03 Create  /home/advocate/Advocate/Experiments/Advocate/helper/aplas/output/sameElementType/0/advocateResult/file(24)-test(1)-etcd7443_test-TestEtcd7443
2026/06/05 16:17:03 Execute Test
2026/06/05 16:17:04 Text executed
2026/06/05 16:17:04 Run the analyzer for /home/advocate/Advocate/Experiments/Advocate/helper/aplas/output/sameElementType/0/blocking/etcd/7443/advocateTrace
2026/06/05 16:17:04 Read trace with 29 elements in 4 routines
2026/06/05 16:17:04 Start Analysis
2026/06/05 16:17:04 Finished HB analysis
2026/06/05 16:17:04 Analysis finished
2026/06/05 16:17:04 Start rewrite
2026/06/05 16:17:04 Finished Rewrite
2026/06/05 16:17:04 Number Results:  3
2026/06/05 16:17:04 Successfully rewrites:  0
2026/06/05 16:17:04 No need/not possible to rewrite:  3
2026/06/05 16:17:04 Failed rewrites:  0
2026/06/05 16:17:04 Start guided execution
2026/06/05 16:17:04 Found 0 rewritten traces
2026/06/05 16:17:04 Create bug reports
2026/06/05 16:17:04 [31mline number out of range[0m
2026/06/05 16:17:04 [32mFound Actual Cyclic Deadlock.[0m
2026/06/05 16:17:04 Create statistics
2026/06/05 16:17:04 Finished run for TestEtcd7443
2026/06/05 16:17:04 Parse recorded trace for fuzzing information
2026/06/05 16:17:04 Create mutations
2026/06/05 16:17:04 Create GoPie mutations
2026/06/05 16:17:04 Mutate 24 scheduling chains
2026/06/05 16:17:04 Write 0 mutations to file
2026/06/05 16:17:04 Create statistics
2026/06/05 16:17:04 Current fuzzing queue size: 0
2026/06/05 16:17:04 Remaining fuzzing time: 9:58 min
2026/06/05 16:17:04 Finish fuzzing after 1 runs
2026/06/05 16:17:04 Processing file: /home/advocate/Advocate/Experiments/Advocate/helper/aplas/output/sameElementType/0/blocking/etcd/7492/etcd7492_test.go
2026/06/05 16:17:04 Fuzzing Run:  1
2026/06/05 16:17:04 Create  /home/advocate/Advocate/Experiments/Advocate/helper/aplas/output/sameElementType/0/advocateResult/file(25)-test(1)-etcd7492_test-TestEtcd7492
2026/06/05 16:17:04 Execute Test
2026/06/05 16:17:05 Text executed
2026/06/05 16:17:05 Run the analyzer for /home/advocate/Advocate/Experiments/Advocate/helper/aplas/output/sameElementType/0/blocking/etcd/7492/advocateTrace
2026/06/05 16:17:05 Read trace with 83 elements in 5 routines
2026/06/05 16:17:05 Start Analysis
2026/06/05 16:17:05 Finished HB analysis
2026/06/05 16:17:05 Analysis finished
2026/06/05 16:17:05 Start rewrite
2026/06/05 16:17:05 Finished Rewrite
2026/06/05 16:17:05 Number Results:  3
2026/06/05 16:17:05 Successfully rewrites:  0
2026/06/05 16:17:05 No need/not possible to rewrite:  3
2026/06/05 16:17:05 Failed rewrites:  0
2026/06/05 16:17:05 Start guided execution
2026/06/05 16:17:05 Found 0 rewritten traces
2026/06/05 16:17:05 Create bug reports
2026/06/05 16:17:05 [31mline number out of range[0m
2026/06/05 16:17:05 Create statistics
2026/06/05 16:17:05 Finished run for TestEtcd7492
2026/06/05 16:17:05 Parse recorded trace for fuzzing information
2026/06/05 16:17:05 Create mutations
2026/06/05 16:17:05 Create GoPie mutations
2026/06/05 16:17:05 Mutate 24 scheduling chains
2026/06/05 16:17:05 Write 0 mutations to file
2026/06/05 16:17:05 Create statistics
2026/06/05 16:17:05 Current fuzzing queue size: 0
2026/06/05 16:17:05 Remaining fuzzing time: 9:58 min
2026/06/05 16:17:05 Finish fuzzing after 1 runs
2026/06/05 16:17:05 Processing file: /home/advocate/Advocate/Experiments/Advocate/helper/aplas/output/sameElementType/0/blocking/etcd/7902/etcd7902_test.go
2026/06/05 16:17:05 Fuzzing Run:  1
2026/06/05 16:17:05 Create  /home/advocate/Advocate/Experiments/Advocate/helper/aplas/output/sameElementType/0/advocateResult/file(26)-test(1)-etcd7902_test-TestEtcd7902
2026/06/05 16:17:05 Execute Test
2026/06/05 16:17:07 Text executed
2026/06/05 16:17:07 Run the analyzer for /home/advocate/Advocate/Experiments/Advocate/helper/aplas/output/sameElementType/0/blocking/etcd/7902/advocateTrace
2026/06/05 16:17:07 Read trace with 14 elements in 5 routines
2026/06/05 16:17:07 Start Analysis
2026/06/05 16:17:07 Finished HB analysis
2026/06/05 16:17:07 Analysis finished
2026/06/05 16:17:07 Start rewrite
2026/06/05 16:17:07 Finished Rewrite
2026/06/05 16:17:07 Number Results:  3
2026/06/05 16:17:07 Successfully rewrites:  0
2026/06/05 16:17:07 No need/not possible to rewrite:  3
2026/06/05 16:17:07 Failed rewrites:  0
2026/06/05 16:17:07 Start guided execution
2026/06/05 16:17:07 Found 0 rewritten traces
2026/06/05 16:17:07 Create bug reports
2026/06/05 16:17:07 [31mline number out of range[0m
2026/06/05 16:17:07 [32mFound Actual Non-Cyclic Blocking Bug.[0m
2026/06/05 16:17:07 Create statistics
2026/06/05 16:17:07 Finished run for TestEtcd7902
2026/06/05 16:17:07 Parse recorded trace for fuzzing information
2026/06/05 16:17:07 Create mutations
2026/06/05 16:17:07 Create GoPie mutations
2026/06/05 16:17:07 Mutate 24 scheduling chains
2026/06/05 16:17:07 Write 0 mutations to file
2026/06/05 16:17:07 Create statistics
2026/06/05 16:17:07 Current fuzzing queue size: 0
2026/06/05 16:17:07 Remaining fuzzing time: 9:58 min
2026/06/05 16:17:07 Finish fuzzing after 1 runs
2026/06/05 16:17:07 Processing file: /home/advocate/Advocate/Experiments/Advocate/helper/aplas/output/sameElementType/0/blocking/grpc/1275/grpc1275_test.go
2026/06/05 16:17:07 Fuzzing Run:  1
2026/06/05 16:17:07 Create  /home/advocate/Advocate/Experiments/Advocate/helper/aplas/output/sameElementType/0/advocateResult/file(27)-test(1)-grpc1275_test-TestGrpc1293
2026/06/05 16:17:07 Execute Test
2026/06/05 16:17:08 Text executed
2026/06/05 16:17:08 Run the analyzer for /home/advocate/Advocate/Experiments/Advocate/helper/aplas/output/sameElementType/0/blocking/grpc/1275/advocateTrace
2026/06/05 16:17:08 Read trace with 6 elements in 2 routines
2026/06/05 16:17:08 Start Analysis
2026/06/05 16:17:08 Finished HB analysis
2026/06/05 16:17:08 Analysis finished
2026/06/05 16:17:08 Start rewrite
2026/06/05 16:17:08 Finished Rewrite
2026/06/05 16:17:08 Number Results:  3
2026/06/05 16:17:08 Successfully rewrites:  0
2026/06/05 16:17:08 No need/not possible to rewrite:  3
2026/06/05 16:17:08 Failed rewrites:  0
2026/06/05 16:17:08 Start guided execution
2026/06/05 16:17:08 Found 0 rewritten traces
2026/06/05 16:17:08 Create bug reports
2026/06/05 16:17:08 [31mline number out of range[0m
2026/06/05 16:17:08 [32mFound Actual Non-Cyclic Blocking Bug.[0m
2026/06/05 16:17:08 Create statistics
2026/06/05 16:17:08 Finished run for TestGrpc1293
2026/06/05 16:17:08 Parse recorded trace for fuzzing information
2026/06/05 16:17:08 Create mutations
2026/06/05 16:17:08 Create GoPie mutations
2026/06/05 16:17:08 Mutate 0 scheduling chains
2026/06/05 16:17:08 Write 0 mutations to file
2026/06/05 16:17:08 Create statistics
2026/06/05 16:17:08 Current fuzzing queue size: 0
2026/06/05 16:17:08 Remaining fuzzing time: 9:58 min
2026/06/05 16:17:08 Finish fuzzing after 1 runs
2026/06/05 16:17:08 Processing file: /home/advocate/Advocate/Experiments/Advocate/helper/aplas/output/sameElementType/0/blocking/grpc/1353/grpc1353_test.go
2026/06/05 16:17:08 Fuzzing Run:  1
2026/06/05 16:17:08 Create  /home/advocate/Advocate/Experiments/Advocate/helper/aplas/output/sameElementType/0/advocateResult/file(28)-test(1)-grpc1353_test-TestGrpc1353
2026/06/05 16:17:08 Execute Test
2026/06/05 16:17:09 Text executed
2026/06/05 16:17:09 Run the analyzer for /home/advocate/Advocate/Experiments/Advocate/helper/aplas/output/sameElementType/0/blocking/grpc/1353/advocateTrace
2026/06/05 16:17:09 Read trace with 15 elements in 4 routines
2026/06/05 16:17:09 Start Analysis
2026/06/05 16:17:09 Finished HB analysis
2026/06/05 16:17:09 Analysis finished
2026/06/05 16:17:09 Start rewrite
2026/06/05 16:17:09 Finished Rewrite
2026/06/05 16:17:09 Number Results:  3
2026/06/05 16:17:09 Successfully rewrites:  0
2026/06/05 16:17:09 No need/not possible to rewrite:  3
2026/06/05 16:17:09 Failed rewrites:  0
2026/06/05 16:17:09 Start guided execution
2026/06/05 16:17:09 Found 0 rewritten traces
2026/06/05 16:17:09 Create bug reports
2026/06/05 16:17:09 [31mline number out of range[0m
2026/06/05 16:17:09 [32mFound Actual Non-Cyclic Blocking Bug.[0m
2026/06/05 16:17:09 [32mFound Actual Cyclic Deadlock.[0m
2026/06/05 16:17:09 Create statistics
2026/06/05 16:17:09 Finished run for TestGrpc1353
2026/06/05 16:17:09 Parse recorded trace for fuzzing information
2026/06/05 16:17:09 Create mutations
2026/06/05 16:17:09 Create GoPie mutations
2026/06/05 16:17:09 Mutate 24 scheduling chains
2026/06/05 16:17:09 Write 0 mutations to file
2026/06/05 16:17:09 Create statistics
2026/06/05 16:17:09 Current fuzzing queue size: 0
2026/06/05 16:17:09 Remaining fuzzing time: 9:58 min
2026/06/05 16:17:09 Finish fuzzing after 1 runs
2026/06/05 16:17:09 Processing file: /home/advocate/Advocate/Experiments/Advocate/helper/aplas/output/sameElementType/0/blocking/grpc/1424/grpc1424_test.go
2026/06/05 16:17:09 Fuzzing Run:  1
2026/06/05 16:17:09 Create  /home/advocate/Advocate/Experiments/Advocate/helper/aplas/output/sameElementType/0/advocateResult/file(29)-test(1)-grpc1424_test-TestGrpc1424
2026/06/05 16:17:09 Execute Test
2026/06/05 16:17:10 Text executed
2026/06/05 16:17:10 Run the analyzer for /home/advocate/Advocate/Experiments/Advocate/helper/aplas/output/sameElementType/0/blocking/grpc/1424/advocateTrace
2026/06/05 16:17:10 Read trace with 13 elements in 5 routines
2026/06/05 16:17:10 Start Analysis
2026/06/05 16:17:10 Finished HB analysis
2026/06/05 16:17:10 Analysis finished
2026/06/05 16:17:10 Start rewrite
2026/06/05 16:17:10 Finished Rewrite
2026/06/05 16:17:10 Number Results:  3
2026/06/05 16:17:10 Successfully rewrites:  0
2026/06/05 16:17:10 No need/not possible to rewrite:  3
2026/06/05 16:17:10 Failed rewrites:  0
2026/06/05 16:17:10 Start guided execution
2026/06/05 16:17:10 Found 0 rewritten traces
2026/06/05 16:17:10 Create bug reports
2026/06/05 16:17:10 [31mline number out of range[0m
2026/06/05 16:17:10 [31mline number out of range[0m
2026/06/05 16:17:10 [32mFound Actual Non-Cyclic Blocking Bug.[0m
2026/06/05 16:17:10 [32mFound Actual Cyclic Deadlock.[0m
2026/06/05 16:17:10 Create statistics
2026/06/05 16:17:10 Finished run for TestGrpc1424
2026/06/05 16:17:10 Parse recorded trace for fuzzing information
2026/06/05 16:17:10 Create mutations
2026/06/05 16:17:10 Create GoPie mutations
2026/06/05 16:17:10 Mutate 24 scheduling chains
2026/06/05 16:17:10 Write 0 mutations to file
2026/06/05 16:17:10 Create statistics
2026/06/05 16:17:10 Current fuzzing queue size: 0
2026/06/05 16:17:10 Remaining fuzzing time: 9:58 min
2026/06/05 16:17:10 Finish fuzzing after 1 runs
2026/06/05 16:17:10 Processing file: /home/advocate/Advocate/Experiments/Advocate/helper/aplas/output/sameElementType/0/blocking/grpc/1460/grpc1460_test.go
2026/06/05 16:17:10 Fuzzing Run:  1
2026/06/05 16:17:10 Create  /home/advocate/Advocate/Experiments/Advocate/helper/aplas/output/sameElementType/0/advocateResult/file(30)-test(1)-grpc1460_test-TestGrpc1460
2026/06/05 16:17:10 Execute Test
2026/06/05 16:17:11 Text executed
2026/06/05 16:17:11 Run the analyzer for /home/advocate/Advocate/Experiments/Advocate/helper/aplas/output/sameElementType/0/blocking/grpc/1460/advocateTrace
2026/06/05 16:17:11 Read trace with 11 elements in 3 routines
2026/06/05 16:17:11 Start Analysis
2026/06/05 16:17:11 Finished HB analysis
2026/06/05 16:17:11 Analysis finished
2026/06/05 16:17:11 Start rewrite
2026/06/05 16:17:11 Finished Rewrite
2026/06/05 16:17:11 Number Results:  3
2026/06/05 16:17:11 Successfully rewrites:  0
2026/06/05 16:17:11 No need/not possible to rewrite:  3
2026/06/05 16:17:11 Failed rewrites:  0
2026/06/05 16:17:11 Start guided execution
2026/06/05 16:17:11 Found 0 rewritten traces
2026/06/05 16:17:11 Create bug reports
2026/06/05 16:17:11 [31mline number out of range[0m
2026/06/05 16:17:11 [31mline number out of range[0m
2026/06/05 16:17:11 [32mFound Actual Non-Cyclic Blocking Bug.[0m
2026/06/05 16:17:11 Create statistics
2026/06/05 16:17:11 Finished run for TestGrpc1460
2026/06/05 16:17:11 Parse recorded trace for fuzzing information
2026/06/05 16:17:11 Create mutations
2026/06/05 16:17:11 Create GoPie mutations
2026/06/05 16:17:11 Mutate 24 scheduling chains
2026/06/05 16:17:11 Write 0 mutations to file
2026/06/05 16:17:11 Create statistics
2026/06/05 16:17:11 Current fuzzing queue size: 0
2026/06/05 16:17:11 Remaining fuzzing time: 9:58 min
2026/06/05 16:17:11 Finish fuzzing after 1 runs
2026/06/05 16:17:11 Processing file: /home/advocate/Advocate/Experiments/Advocate/helper/aplas/output/sameElementType/0/blocking/grpc/3017/grpc3017_test.go
2026/06/05 16:17:11 Fuzzing Run:  1
2026/06/05 16:17:11 Create  /home/advocate/Advocate/Experiments/Advocate/helper/aplas/output/sameElementType/0/advocateResult/file(31)-test(1)-grpc3017_test-TestGrpc3017
2026/06/05 16:17:11 Execute Test
2026/06/05 16:18:30 [31mNot enough RAM[0m
2026/06/05 16:18:30 goroutine 8 [running]:
advocate/utils/control.printAllGoroutines()
	/home/advocate/Advocate/Experiments/Advocate/advocate/utils/control/utils.go:20 +0x3d
advocate/utils/control.cancelRAM(0x77cd50, 0x77cd48, 0x77cd58)
	/home/advocate/Advocate/Experiments/Advocate/advocate/utils/control/memory.go:109 +0x6e
advocate/utils/control.Supervisor(0x77cd50, 0x77cd48, 0x77cd58)
	/home/advocate/Advocate/Experiments/Advocate/advocate/utils/control/memory.go:79 +0x12f
created by advocate/run.Run in goroutine 1
	/home/advocate/Advocate/Experiments/Advocate/advocate/run/run.go:63 +0x26f

goroutine 1 [syscall]:
syscall.Syscall6(0xf7, 0x3, 0x9, 0x11d52804f1c8, 0x4, 0x11d5270f2ab0, 0x0)
	/usr/lib/go-1.26/src/syscall/syscall_linux.go:96 +0x39
internal/syscall/unix.Waitid(0x4f436d?, 0x11d52665c1c0?, 0x0?, 0x11d526896a10?, 0x7?)
	/usr/lib/go-1.26/src/internal/syscall/unix/waitid_linux.go:18 +0x39
os.(*Process).pidfdWait.func1(...)
	/usr/lib/go-1.26/src/os/pidfd_linux.go:108
os.ignoringEINTR(...)
	/usr/lib/go-1.26/src/os/file_posix.go:256
os.(*Process).pidfdWait(0x11d526fc3600)
	/usr/lib/go-1.26/src/os/pidfd_linux.go:107 +0x1c7
os.(*Process).wait(0x11d526717520?)
	/usr/lib/go-1.26/src/os/exec_unix.go:25 +0x1a
os.(*Process).Wait(...)
	/usr/lib/go-1.26/src/os/exec.go:346
os/exec.(*Cmd).Wait(0x11d526717520)
	/usr/lib/go-1.26/src/os/exec/exec.go:930 +0x45
os/exec.(*Cmd).Run(0x11d526717520)
	/usr/lib/go-1.26/src/os/exec/exec.go:632 +0x2d
advocate/utils/command.RunCommand(0x11d526640060, 0x11d526640068, 0x11d52665c180?, {0x11d52665c1c0, 0x3b}, {0x11d52804f550, 0x6, 0x6})
	/home/advocate/Advocate/Experiments/Advocate/advocate/utils/command/runCommands.go:66 +0x20f
advocate/toolchain.unitTestRecord({0x11d527c03680, 0x14}, {0x11d527cd1300, 0x76}, {0x11d52815dd7c, 0xc}, 0x0, {0x0, 0x0}, {0x75faa9, ...}, ...)
	/home/advocate/Advocate/Experiments/Advocate/advocate/toolchain/fullWorkflowUnit.go:572 +0x550
advocate/toolchain.unitTestFullWorkflow({0x11d52665c140?, 0x2c}, {0x7fff872990ff, 0x52}, 0x1, 0x1, 0x1, {0x11d52815dd7c, 0xc}, {0x11d527c03680, ...}, ...)
	/home/advocate/Advocate/Experiments/Advocate/advocate/toolchain/fullWorkflowUnit.go:470 +0x51a
advocate/toolchain.runWorkflowUnit({0x7fff872990ff, 0x52}, 0x1, 0x1, 0x1, {0x11d52676f000, 0x76}, 0x0, {0x0, 0x0}, ...)
	/home/advocate/Advocate/Experiments/Advocate/advocate/toolchain/fullWorkflowUnit.go:171 +0x1190
advocate/toolchain.Run({0x75dd74, 0x4}, {0x11d52676f000, 0x76}, 0x1, 0x1, 0x1, 0x0, {0x0, 0x0}, ...)
	/home/advocate/Advocate/Experiments/Advocate/advocate/toolchain/toolchain.go:72 +0x389
advocate/fuzzing.runFuzzing({0x11d52676f000, 0x76}, 0x0, 0x1f, 0x1)
	/home/advocate/Advocate/Experiments/Advocate/advocate/fuzzing/fuzzing.go:217 +0x57b
advocate/fuzzing.Fuzzing()
	/home/advocate/Advocate/Experiments/Advocate/advocate/fuzzing/fuzzing.go:135 +0xea5
advocate/run.modeFuzzing()
	/home/advocate/Advocate/Experiments/Advocate/advocate/run/modes.go:34 +0x5e
advocate/run.Run()
	/home/advocate/Advocate/Experiments/Advocate/advocate/run/run.go:100 +0x5b5
main.main()
	/home/advocate/Advocate/Experiments/Advocate/advocate/main.go:28 +0x1c

goroutine 266 [select]:
os/exec.(*Cmd).watchCtx(0x11d526717520, 0x11d527d06f50)
	/usr/lib/go-1.26/src/os/exec/exec.go:797 +0xb1
created by os/exec.(*Cmd).Start in goroutine 1
	/usr/lib/go-1.26/src/os/exec/exec.go:783 +0x8f5
2026/06/05 16:18:30 Text executed
2026/06/05 16:18:30 Run the analyzer for /home/advocate/Advocate/Experiments/Advocate/helper/aplas/output/sameElementType/0/blocking/grpc/3017/advocateTrace
2026/06/05 16:18:30 Trace at /home/advocate/Advocate/Experiments/Advocate/helper/aplas/output/sameElementType/0/blocking/grpc/3017/advocateTrace does not contain any elements
2026/06/05 16:18:30 Read trace with 0 elements in 0 routines
2026/06/05 16:18:30 Start Analysis
2026/06/05 16:18:30 Finished HB analysis
2026/06/05 16:18:30 [31mAnalysis was canceled due to insufficient RAM[0m
2026/06/05 16:18:30 Create statistics
2026/06/05 16:18:30 Finished run for TestGrpc3017
2026/06/05 16:18:30 Parse recorded trace for fuzzing information
2026/06/05 16:18:30 [31mFuzzing run was canceled due to memory[0m
2026/06/05 16:18:30 Finish fuzzing after 1 runs
2026/06/05 16:18:30 Processing file: /home/advocate/Advocate/Experiments/Advocate/helper/aplas/output/sameElementType/0/blocking/grpc/660/grpc660_test.go
2026/06/05 16:18:30 [31mWait RAM[0m
2026/06/05 16:18:36 [31mWait RAM[0m
2026/06/05 16:18:37 [33mRAM Reset[0m
2026/06/05 16:18:42 Fuzzing Run:  1
2026/06/05 16:18:42 Create  /home/advocate/Advocate/Experiments/Advocate/helper/aplas/output/sameElementType/0/advocateResult/file(32)-test(1)-grpc660_test-TestGrpc660
2026/06/05 16:18:42 Execute Test
2026/06/05 16:18:43 Text executed
2026/06/05 16:18:43 Run the analyzer for /home/advocate/Advocate/Experiments/Advocate/helper/aplas/output/sameElementType/0/blocking/grpc/660/advocateTrace
2026/06/05 16:18:43 Read trace with 11 elements in 4 routines
2026/06/05 16:18:43 Start Analysis
2026/06/05 16:18:43 Finished HB analysis
2026/06/05 16:18:43 Analysis finished
2026/06/05 16:18:43 Start rewrite
2026/06/05 16:18:43 Finished Rewrite
2026/06/05 16:18:43 Number Results:  3
2026/06/05 16:18:43 Successfully rewrites:  0
2026/06/05 16:18:43 No need/not possible to rewrite:  3
2026/06/05 16:18:43 Failed rewrites:  0
2026/06/05 16:18:43 Start guided execution
2026/06/05 16:18:43 Found 0 rewritten traces
2026/06/05 16:18:43 Create bug reports
2026/06/05 16:18:43 [31mline number out of range[0m
2026/06/05 16:18:43 [31mline number out of range[0m
2026/06/05 16:18:43 [32mFound Actual Non-Cyclic Blocking Bug.[0m
2026/06/05 16:18:43 Create statistics
2026/06/05 16:18:43 Finished run for TestGrpc660
2026/06/05 16:18:43 Parse recorded trace for fuzzing information
2026/06/05 16:18:43 Create mutations
2026/06/05 16:18:43 Create GoPie mutations
2026/06/05 16:18:43 Mutate 0 scheduling chains
2026/06/05 16:18:43 Write 0 mutations to file
2026/06/05 16:18:43 Create statistics
2026/06/05 16:18:43 Current fuzzing queue size: 0
2026/06/05 16:18:43 Remaining fuzzing time: 9:58 min
2026/06/05 16:18:43 Finish fuzzing after 1 runs
2026/06/05 16:18:43 Processing file: /home/advocate/Advocate/Experiments/Advocate/helper/aplas/output/sameElementType/0/blocking/grpc/795/grpc795_test.go
2026/06/05 16:18:43 Fuzzing Run:  1
2026/06/05 16:18:43 Create  /home/advocate/Advocate/Experiments/Advocate/helper/aplas/output/sameElementType/0/advocateResult/file(33)-test(1)-grpc795_test-TestGrpc795
2026/06/05 16:18:43 Execute Test
2026/06/05 16:19:53 [31mNot enough RAM[0m
2026/06/05 16:19:53 goroutine 8 [running]:
advocate/utils/control.printAllGoroutines()
	/home/advocate/Advocate/Experiments/Advocate/advocate/utils/control/utils.go:20 +0x3d
advocate/utils/control.cancelRAM(0x77cd50, 0x77cd48, 0x77cd58)
	/home/advocate/Advocate/Experiments/Advocate/advocate/utils/control/memory.go:109 +0x6e
advocate/utils/control.Supervisor(0x77cd50, 0x77cd48, 0x77cd58)
	/home/advocate/Advocate/Experiments/Advocate/advocate/utils/control/memory.go:79 +0x12f
created by advocate/run.Run in goroutine 1
	/home/advocate/Advocate/Experiments/Advocate/advocate/run/run.go:63 +0x26f

goroutine 1 [syscall]:
syscall.Syscall6(0xf7, 0x3, 0x9, 0x11d527ffd1c8, 0x4, 0x11d5267a9050, 0x0)
	/usr/lib/go-1.26/src/syscall/syscall_linux.go:96 +0x39
internal/syscall/unix.Waitid(0x4f436d?, 0x11d52665c1c0?, 0x0?, 0x11d526c03810?, 0x7?)
	/usr/lib/go-1.26/src/internal/syscall/unix/waitid_linux.go:18 +0x39
os.(*Process).pidfdWait.func1(...)
	/usr/lib/go-1.26/src/os/pidfd_linux.go:108
os.ignoringEINTR(...)
	/usr/lib/go-1.26/src/os/file_posix.go:256
os.(*Process).pidfdWait(0x11d527547500)
	/usr/lib/go-1.26/src/os/pidfd_linux.go:107 +0x1c7
os.(*Process).wait(0x11d52769c000?)
	/usr/lib/go-1.26/src/os/exec_unix.go:25 +0x1a
os.(*Process).Wait(...)
	/usr/lib/go-1.26/src/os/exec.go:346
os/exec.(*Cmd).Wait(0x11d52769c000)
	/usr/lib/go-1.26/src/os/exec/exec.go:930 +0x45
os/exec.(*Cmd).Run(0x11d52769c000)
	/usr/lib/go-1.26/src/os/exec/exec.go:632 +0x2d
advocate/utils/command.RunCommand(0x11d526640060, 0x11d526640068, 0x11d52665c180?, {0x11d52665c1c0, 0x3b}, {0x11d527ffd550, 0x6, 0x6})
	/home/advocate/Advocate/Experiments/Advocate/advocate/utils/command/runCommands.go:66 +0x20f
advocate/toolchain.unitTestRecord({0x11d5274f2a98, 0x13}, {0x11d527633100, 0x74}, {0x11d52791303c, 0xb}, 0x0, {0x0, 0x0}, {0x75faa9, ...}, ...)
	/home/advocate/Advocate/Experiments/Advocate/advocate/toolchain/fullWorkflowUnit.go:572 +0x550
advocate/toolchain.unitTestFullWorkflow({0x11d52665c140?, 0x2c}, {0x7fff872990ff, 0x52}, 0x1, 0x1, 0x1, {0x11d52791303c, 0xb}, {0x11d5274f2a98, ...}, ...)
	/home/advocate/Advocate/Experiments/Advocate/advocate/toolchain/fullWorkflowUnit.go:470 +0x51a
advocate/toolchain.runWorkflowUnit({0x7fff872990ff, 0x52}, 0x1, 0x1, 0x1, {0x11d52676f200, 0x74}, 0x0, {0x0, 0x0}, ...)
	/home/advocate/Advocate/Experiments/Advocate/advocate/toolchain/fullWorkflowUnit.go:171 +0x1190
advocate/toolchain.Run({0x75dd74, 0x4}, {0x11d52676f200, 0x74}, 0x1, 0x1, 0x1, 0x0, {0x0, 0x0}, ...)
	/home/advocate/Advocate/Experiments/Advocate/advocate/toolchain/toolchain.go:72 +0x389
advocate/fuzzing.runFuzzing({0x11d52676f200, 0x74}, 0x0, 0x21, 0x1)
	/home/advocate/Advocate/Experiments/Advocate/advocate/fuzzing/fuzzing.go:217 +0x57b
advocate/fuzzing.Fuzzing()
	/home/advocate/Advocate/Experiments/Advocate/advocate/fuzzing/fuzzing.go:135 +0xea5
advocate/run.modeFuzzing()
	/home/advocate/Advocate/Experiments/Advocate/advocate/run/modes.go:34 +0x5e
advocate/run.Run()
	/home/advocate/Advocate/Experiments/Advocate/advocate/run/run.go:100 +0x5b5
main.main()
	/home/advocate/Advocate/Experiments/Advocate/advocate/main.go:28 +0x1c

goroutine 268 [select]:
os/exec.(*Cmd).watchCtx(0x11d52769c000, 0x11d527671f10)
	/usr/lib/go-1.26/src/os/exec/exec.go:797 +0xb1
created by os/exec.(*Cmd).Start in goroutine 1
	/usr/lib/go-1.26/src/os/exec/exec.go:783 +0x8f5
2026/06/05 16:19:53 Text executed
2026/06/05 16:19:53 Run the analyzer for /home/advocate/Advocate/Experiments/Advocate/helper/aplas/output/sameElementType/0/blocking/grpc/795/advocateTrace
2026/06/05 16:19:53 Trace at /home/advocate/Advocate/Experiments/Advocate/helper/aplas/output/sameElementType/0/blocking/grpc/795/advocateTrace does not contain any elements
2026/06/05 16:19:53 Read trace with 0 elements in 0 routines
2026/06/05 16:19:53 Start Analysis
2026/06/05 16:19:53 Finished HB analysis
2026/06/05 16:19:53 [31mAnalysis was canceled due to insufficient RAM[0m
2026/06/05 16:19:53 Create statistics
2026/06/05 16:19:53 Finished run for TestGrpc795
2026/06/05 16:19:53 Parse recorded trace for fuzzing information
2026/06/05 16:19:53 [31mFuzzing run was canceled due to memory[0m
2026/06/05 16:19:53 Finish fuzzing after 1 runs
2026/06/05 16:19:53 Processing file: /home/advocate/Advocate/Experiments/Advocate/helper/aplas/output/sameElementType/0/blocking/grpc/862/grpc862_test.go
2026/06/05 16:19:53 [31mWait RAM[0m
2026/06/05 16:19:59 [31mWait RAM[0m
2026/06/05 16:20:00 [33mRAM Reset[0m
2026/06/05 16:20:05 Fuzzing Run:  1
2026/06/05 16:20:05 Create  /home/advocate/Advocate/Experiments/Advocate/helper/aplas/output/sameElementType/0/advocateResult/file(34)-test(1)-grpc862_test-TestGrpc862
2026/06/05 16:20:05 Execute Test
2026/06/05 16:20:10 Text executed
2026/06/05 16:20:10 Run the analyzer for /home/advocate/Advocate/Experiments/Advocate/helper/aplas/output/sameElementType/0/blocking/grpc/862/advocateTrace
2026/06/05 16:20:10 Read trace with 152830 elements in 28 routines
2026/06/05 16:20:10 Start Analysis
2026/06/05 16:20:11 Finished HB analysis
2026/06/05 16:20:59 [31mNot enough RAM[0m
2026/06/05 16:20:59 goroutine 8 [running]:
advocate/utils/control.printAllGoroutines()
	/home/advocate/Advocate/Experiments/Advocate/advocate/utils/control/utils.go:20 +0x3d
advocate/utils/control.cancelRAM(0x77cd50, 0x77cd48, 0x77cd58)
	/home/advocate/Advocate/Experiments/Advocate/advocate/utils/control/memory.go:109 +0x6e
advocate/utils/control.Supervisor(0x77cd50, 0x77cd48, 0x77cd58)
	/home/advocate/Advocate/Experiments/Advocate/advocate/utils/control/memory.go:79 +0x12f
created by advocate/run.Run in goroutine 1
	/home/advocate/Advocate/Experiments/Advocate/advocate/run/run.go:63 +0x26f

goroutine 1 [runnable]:
fmt.(*pp).free(0x11d527c7e000?)
	/usr/lib/go-1.26/src/fmt/print.go:161 +0xef
fmt.Sprintf({0x75e3f6, 0x6}, {0x11d526b56ae0, 0x3, 0x3})
	/usr/lib/go-1.26/src/fmt/print.go:241 +0x7a
advocate/trace.(*ElementSelect).GetPos(...)
	/home/advocate/Advocate/Experiments/Advocate/advocate/trace/select.go:268
advocate/trace.(*ElementSelect).GetTID(0x11d529ed5c80)
	/home/advocate/Advocate/Experiments/Advocate/advocate/trace/select.go:301 +0xb7
advocate/analysis/analysis/scenarios.CheckForSelectCaseWithPartner()
	/home/advocate/Advocate/Experiments/Advocate/advocate/analysis/analysis/scenarios/selectPartner.go:35 +0x1ca
advocate/analysis/analysis.RunHBAnalysis(0x1)
	/home/advocate/Advocate/Experiments/Advocate/advocate/analysis/analysis/analysis.go:221 +0xb74
advocate/analysis/analysis.RunAnalysis(0x1)
	/home/advocate/Advocate/Experiments/Advocate/advocate/analysis/analysis/analysis.go:63 +0x105
advocate/toolchain.runAnalyzer({0x11d5267a6180, 0x72}, {0x11d5267a6280?, 0x64?}, {0x11d5267a6200, 0x78}, {0x11d5267a6300, 0x73}, 0x0, {0x11d5278c0980, ...}, ...)
	/home/advocate/Advocate/Experiments/Advocate/advocate/toolchain/analyzer.go:78 +0x43b
advocate/toolchain.unitTestAnalyzer({0x11d526b7e0e0, 0x64}, {0x760f26?, 0x11d526640068?}, 0x0, {0x11d5278c0980, 0x74}, {0x11d527c4798f, 0xb})
	/home/advocate/Advocate/Experiments/Advocate/advocate/toolchain/fullWorkflowUnit.go:619 +0x25c
advocate/toolchain.unitTestFullWorkflow({0x11d52665c140?, 0x2c}, {0x7fff872990ff, 0x52}, 0x1, 0x1, 0x1, {0x11d527c4798f, 0xb}, {0x11d526656e28, ...}, ...)
	/home/advocate/Advocate/Experiments/Advocate/advocate/toolchain/fullWorkflowUnit.go:479 +0x625
advocate/toolchain.runWorkflowUnit({0x7fff872990ff, 0x52}, 0x1, 0x1, 0x1, {0x11d52676f300, 0x74}, 0x0, {0x0, 0x0}, ...)
	/home/advocate/Advocate/Experiments/Advocate/advocate/toolchain/fullWorkflowUnit.go:171 +0x1190
advocate/toolchain.Run({0x75dd74, 0x4}, {0x11d52676f300, 0x74}, 0x1, 0x1, 0x1, 0x0, {0x0, 0x0}, ...)
	/home/advocate/Advocate/Experiments/Advocate/advocate/toolchain/toolchain.go:72 +0x389
advocate/fuzzing.runFuzzing({0x11d52676f300, 0x74}, 0x0, 0x22, 0x1)
	/home/advocate/Advocate/Experiments/Advocate/advocate/fuzzing/fuzzing.go:217 +0x57b
advocate/fuzzing.Fuzzing()
	/home/advocate/Advocate/Experiments/Advocate/advocate/fuzzing/fuzzing.go:135 +0xea5
advocate/run.modeFuzzing()
	/home/advocate/Advocate/Experiments/Advocate/advocate/run/modes.go:34 +0x5e
advocate/run.Run()
	/home/advocate/Advocate/Experiments/Advocate/advocate/run/run.go:100 +0x5b5
main.main()
	/home/advocate/Advocate/Experiments/Advocate/advocate/main.go:28 +0x1c
2026/06/05 16:20:59 [31mAnalysis was canceled due to insufficient RAM[0m
2026/06/05 16:20:59 Create statistics
2026/06/05 16:21:00 Finished run for TestGrpc862
2026/06/05 16:21:00 Parse recorded trace for fuzzing information
2026/06/05 16:21:00 [31mFuzzing run was canceled due to memory[0m
2026/06/05 16:21:00 Finish fuzzing after 1 runs
2026/06/05 16:21:00 Processing file: /home/advocate/Advocate/Experiments/Advocate/helper/aplas/output/sameElementType/0/blocking/hugo/3251/hugo3251_test.go
2026/06/05 16:21:00 [31mWait RAM[0m
2026/06/05 16:21:06 [31mWait RAM[0m
2026/06/05 16:21:06 [33mRAM Reset[0m
2026/06/05 16:21:12 Fuzzing Run:  1
2026/06/05 16:21:12 Create  /home/advocate/Advocate/Experiments/Advocate/helper/aplas/output/sameElementType/0/advocateResult/file(35)-test(1)-hugo3251_test-TestHugo3251
2026/06/05 16:21:12 Execute Test
2026/06/05 16:21:50 [31mNot enough RAM[0m
2026/06/05 16:21:50 goroutine 8 [running]:
advocate/utils/control.printAllGoroutines()
	/home/advocate/Advocate/Experiments/Advocate/advocate/utils/control/utils.go:20 +0x3d
advocate/utils/control.cancelRAM(0x77cd50, 0x77cd48, 0x77cd58)
	/home/advocate/Advocate/Experiments/Advocate/advocate/utils/control/memory.go:109 +0x6e
advocate/utils/control.Supervisor(0x77cd50, 0x77cd48, 0x77cd58)
	/home/advocate/Advocate/Experiments/Advocate/advocate/utils/control/memory.go:79 +0x12f
created by advocate/run.Run in goroutine 1
	/home/advocate/Advocate/Experiments/Advocate/advocate/run/run.go:63 +0x26f

goroutine 1 [syscall]:
syscall.Syscall6(0xf7, 0x3, 0x9, 0x11d5280811c8, 0x4, 0x11d5267e1dd0, 0x0)
	/usr/lib/go-1.26/src/syscall/syscall_linux.go:96 +0x39
internal/syscall/unix.Waitid(0x4f436d?, 0x11d52665c1c0?, 0x0?, 0x11d526c02f50?, 0x7?)
	/usr/lib/go-1.26/src/internal/syscall/unix/waitid_linux.go:18 +0x39
os.(*Process).pidfdWait.func1(...)
	/usr/lib/go-1.26/src/os/pidfd_linux.go:108
os.ignoringEINTR(...)
	/usr/lib/go-1.26/src/os/file_posix.go:256
os.(*Process).pidfdWait(0x11d53290cc00)
	/usr/lib/go-1.26/src/os/pidfd_linux.go:107 +0x1c7
os.(*Process).wait(0x11d526716680?)
	/usr/lib/go-1.26/src/os/exec_unix.go:25 +0x1a
os.(*Process).Wait(...)
	/usr/lib/go-1.26/src/os/exec.go:346
os/exec.(*Cmd).Wait(0x11d526716680)
	/usr/lib/go-1.26/src/os/exec/exec.go:930 +0x45
os/exec.(*Cmd).Run(0x11d526716680)
	/usr/lib/go-1.26/src/os/exec/exec.go:632 +0x2d
advocate/utils/command.RunCommand(0x11d526640060, 0x11d526640068, 0x11d52665c180?, {0x11d52665c1c0, 0x3b}, {0x11d528081550, 0x6, 0x6})
	/home/advocate/Advocate/Experiments/Advocate/advocate/utils/command/runCommands.go:66 +0x20f
advocate/toolchain.unitTestRecord({0x11d526656e28, 0x14}, {0x11d52c9b0b80, 0x76}, {0x11d5281a745f, 0xc}, 0x0, {0x0, 0x0}, {0x75faa9, ...}, ...)
	/home/advocate/Advocate/Experiments/Advocate/advocate/toolchain/fullWorkflowUnit.go:572 +0x550
advocate/toolchain.unitTestFullWorkflow({0x11d52665c140?, 0x2c}, {0x7fff872990ff, 0x52}, 0x1, 0x1, 0x1, {0x11d5281a745f, 0xc}, {0x11d526656e28, ...}, ...)
	/home/advocate/Advocate/Experiments/Advocate/advocate/toolchain/fullWorkflowUnit.go:470 +0x51a
advocate/toolchain.runWorkflowUnit({0x7fff872990ff, 0x52}, 0x1, 0x1, 0x1, {0x11d52676f400, 0x76}, 0x0, {0x0, 0x0}, ...)
	/home/advocate/Advocate/Experiments/Advocate/advocate/toolchain/fullWorkflowUnit.go:171 +0x1190
advocate/toolchain.Run({0x75dd74, 0x4}, {0x11d52676f400, 0x76}, 0x1, 0x1, 0x1, 0x0, {0x0, 0x0}, ...)
	/home/advocate/Advocate/Experiments/Advocate/advocate/toolchain/toolchain.go:72 +0x389
advocate/fuzzing.runFuzzing({0x11d52676f400, 0x76}, 0x0, 0x23, 0x1)
	/home/advocate/Advocate/Experiments/Advocate/advocate/fuzzing/fuzzing.go:217 +0x57b
advocate/fuzzing.Fuzzing()
	/home/advocate/Advocate/Experiments/Advocate/advocate/fuzzing/fuzzing.go:135 +0xea5
advocate/run.modeFuzzing()
	/home/advocate/Advocate/Experiments/Advocate/advocate/run/modes.go:34 +0x5e
advocate/run.Run()
	/home/advocate/Advocate/Experiments/Advocate/advocate/run/run.go:100 +0x5b5
main.main()
	/home/advocate/Advocate/Experiments/Advocate/advocate/main.go:28 +0x1c

goroutine 292 [select]:
os/exec.(*Cmd).watchCtx(0x11d526716680, 0x11d5267cc380)
	/usr/lib/go-1.26/src/os/exec/exec.go:797 +0xb1
created by os/exec.(*Cmd).Start in goroutine 1
	/usr/lib/go-1.26/src/os/exec/exec.go:783 +0x8f5
2026/06/05 16:21:50 Text executed
2026/06/05 16:21:50 Run the analyzer for /home/advocate/Advocate/Experiments/Advocate/helper/aplas/output/sameElementType/0/blocking/hugo/3251/advocateTrace
2026/06/05 16:21:50 Trace at /home/advocate/Advocate/Experiments/Advocate/helper/aplas/output/sameElementType/0/blocking/hugo/3251/advocateTrace does not contain any elements
2026/06/05 16:21:50 Read trace with 0 elements in 0 routines
2026/06/05 16:21:50 Start Analysis
2026/06/05 16:21:50 Finished HB analysis
2026/06/05 16:21:50 [31mAnalysis was canceled due to insufficient RAM[0m
2026/06/05 16:21:50 Create statistics
2026/06/05 16:21:50 Finished run for TestHugo3251
2026/06/05 16:21:50 Parse recorded trace for fuzzing information
2026/06/05 16:21:50 [31mFuzzing run was canceled due to memory[0m
2026/06/05 16:21:50 Finish fuzzing after 1 runs
2026/06/05 16:21:50 Processing file: /home/advocate/Advocate/Experiments/Advocate/helper/aplas/output/sameElementType/0/blocking/hugo/5379/hugo5379_test.go
2026/06/05 16:21:50 [31mWait RAM[0m
2026/06/05 16:21:56 [31mWait RAM[0m
2026/06/05 16:21:57 [33mRAM Reset[0m
2026/06/05 16:22:02 Fuzzing Run:  1
2026/06/05 16:22:02 Create  /home/advocate/Advocate/Experiments/Advocate/helper/aplas/output/sameElementType/0/advocateResult/file(36)-test(1)-hugo5379_test-TestHugo5379
2026/06/05 16:22:02 Execute Test
2026/06/05 16:22:32 [31mNot enough RAM[0m
2026/06/05 16:22:32 goroutine 8 [running]:
advocate/utils/control.printAllGoroutines()
	/home/advocate/Advocate/Experiments/Advocate/advocate/utils/control/utils.go:20 +0x3d
advocate/utils/control.cancelRAM(0x77cd50, 0x77cd48, 0x77cd58)
	/home/advocate/Advocate/Experiments/Advocate/advocate/utils/control/memory.go:109 +0x6e
advocate/utils/control.Supervisor(0x77cd50, 0x77cd48, 0x77cd58)
	/home/advocate/Advocate/Experiments/Advocate/advocate/utils/control/memory.go:79 +0x12f
created by advocate/run.Run in goroutine 1
	/home/advocate/Advocate/Experiments/Advocate/advocate/run/run.go:63 +0x26f

goroutine 1 [syscall]:
syscall.Syscall6(0xf7, 0x3, 0x9, 0x11d526ec51c8, 0x4, 0x11d5267e1680, 0x0)
	/usr/lib/go-1.26/src/syscall/syscall_linux.go:96 +0x39
internal/syscall/unix.Waitid(0x4f436d?, 0x11d52665c1c0?, 0x0?, 0x11d526c02f50?, 0x7?)
	/usr/lib/go-1.26/src/internal/syscall/unix/waitid_linux.go:18 +0x39
os.(*Process).pidfdWait.func1(...)
	/usr/lib/go-1.26/src/os/pidfd_linux.go:108
os.ignoringEINTR(...)
	/usr/lib/go-1.26/src/os/file_posix.go:256
os.(*Process).pidfdWait(0x11d526ba2bc0)
	/usr/lib/go-1.26/src/os/pidfd_linux.go:107 +0x1c7
os.(*Process).wait(0x11d526716680?)
	/usr/lib/go-1.26/src/os/exec_unix.go:25 +0x1a
os.(*Process).Wait(...)
	/usr/lib/go-1.26/src/os/exec.go:346
os/exec.(*Cmd).Wait(0x11d526716680)
	/usr/lib/go-1.26/src/os/exec/exec.go:930 +0x45
os/exec.(*Cmd).Run(0x11d526716680)
	/usr/lib/go-1.26/src/os/exec/exec.go:632 +0x2d
advocate/utils/command.RunCommand(0x11d526640060, 0x11d526640068, 0x11d52665c180?, {0x11d52665c1c0, 0x3b}, {0x11d526ec5550, 0x6, 0x6})
	/home/advocate/Advocate/Experiments/Advocate/advocate/utils/command/runCommands.go:66 +0x20f
advocate/toolchain.unitTestRecord({0x11d526656e28, 0x14}, {0x11d52674aa00, 0x76}, {0x11d527fc6b8a, 0xc}, 0x0, {0x0, 0x0}, {0x75faa9, ...}, ...)
	/home/advocate/Advocate/Experiments/Advocate/advocate/toolchain/fullWorkflowUnit.go:572 +0x550
advocate/toolchain.unitTestFullWorkflow({0x11d52665c140?, 0x2c}, {0x7fff872990ff, 0x52}, 0x1, 0x1, 0x1, {0x11d527fc6b8a, 0xc}, {0x11d526656e28, ...}, ...)
	/home/advocate/Advocate/Experiments/Advocate/advocate/toolchain/fullWorkflowUnit.go:470 +0x51a
advocate/toolchain.runWorkflowUnit({0x7fff872990ff, 0x52}, 0x1, 0x1, 0x1, {0x11d52676f500, 0x76}, 0x0, {0x0, 0x0}, ...)
	/home/advocate/Advocate/Experiments/Advocate/advocate/toolchain/fullWorkflowUnit.go:171 +0x1190
advocate/toolchain.Run({0x75dd74, 0x4}, {0x11d52676f500, 0x76}, 0x1, 0x1, 0x1, 0x0, {0x0, 0x0}, ...)
	/home/advocate/Advocate/Experiments/Advocate/advocate/toolchain/toolchain.go:72 +0x389
advocate/fuzzing.runFuzzing({0x11d52676f500, 0x76}, 0x0, 0x24, 0x1)
	/home/advocate/Advocate/Experiments/Advocate/advocate/fuzzing/fuzzing.go:217 +0x57b
advocate/fuzzing.Fuzzing()
	/home/advocate/Advocate/Experiments/Advocate/advocate/fuzzing/fuzzing.go:135 +0xea5
advocate/run.modeFuzzing()
	/home/advocate/Advocate/Experiments/Advocate/advocate/run/modes.go:34 +0x5e
advocate/run.Run()
	/home/advocate/Advocate/Experiments/Advocate/advocate/run/run.go:100 +0x5b5
main.main()
	/home/advocate/Advocate/Experiments/Advocate/advocate/main.go:28 +0x1c

goroutine 294 [select]:
os/exec.(*Cmd).watchCtx(0x11d526716680, 0x11d5269a7180)
	/usr/lib/go-1.26/src/os/exec/exec.go:797 +0xb1
created by os/exec.(*Cmd).Start in goroutine 1
	/usr/lib/go-1.26/src/os/exec/exec.go:783 +0x8f5
2026/06/05 16:22:32 Text executed
2026/06/05 16:22:32 Run the analyzer for /home/advocate/Advocate/Experiments/Advocate/helper/aplas/output/sameElementType/0/blocking/hugo/5379/advocateTrace
2026/06/05 16:22:32 Trace at /home/advocate/Advocate/Experiments/Advocate/helper/aplas/output/sameElementType/0/blocking/hugo/5379/advocateTrace does not contain any elements
2026/06/05 16:22:32 Read trace with 0 elements in 0 routines
2026/06/05 16:22:32 Start Analysis
2026/06/05 16:22:32 Finished HB analysis
2026/06/05 16:22:32 [31mAnalysis was canceled due to insufficient RAM[0m
2026/06/05 16:22:32 Create statistics
2026/06/05 16:22:32 Finished run for TestHugo5379
2026/06/05 16:22:32 Parse recorded trace for fuzzing information
2026/06/05 16:22:32 [31mFuzzing run was canceled due to memory[0m
2026/06/05 16:22:32 Finish fuzzing after 1 runs
2026/06/05 16:22:32 Processing file: /home/advocate/Advocate/Experiments/Advocate/helper/aplas/output/sameElementType/0/blocking/istio/16224/istio16224_test.go
2026/06/05 16:22:32 [31mWait RAM[0m
2026/06/05 16:22:38 [31mWait RAM[0m
2026/06/05 16:22:39 [33mRAM Reset[0m
2026/06/05 16:22:44 Fuzzing Run:  1
2026/06/05 16:22:44 Create  /home/advocate/Advocate/Experiments/Advocate/helper/aplas/output/sameElementType/0/advocateResult/file(37)-test(1)-istio16224_test-TestIstio16224
2026/06/05 16:22:44 Execute Test
2026/06/05 16:23:06 [31mNot enough RAM[0m
2026/06/05 16:23:06 goroutine 8 [running]:
advocate/utils/control.printAllGoroutines()
	/home/advocate/Advocate/Experiments/Advocate/advocate/utils/control/utils.go:20 +0x3d
advocate/utils/control.cancelRAM(0x77cd50, 0x77cd48, 0x77cd58)
	/home/advocate/Advocate/Experiments/Advocate/advocate/utils/control/memory.go:109 +0x6e
advocate/utils/control.Supervisor(0x77cd50, 0x77cd48, 0x77cd58)
	/home/advocate/Advocate/Experiments/Advocate/advocate/utils/control/memory.go:79 +0x12f
created by advocate/run.Run in goroutine 1
	/home/advocate/Advocate/Experiments/Advocate/advocate/run/run.go:63 +0x26f

goroutine 1 [syscall]:
syscall.Syscall6(0xf7, 0x3, 0x9, 0x11d526ec51c8, 0x4, 0x11d526bd6090, 0x0)
	/usr/lib/go-1.26/src/syscall/syscall_linux.go:96 +0x39
internal/syscall/unix.Waitid(0x4f436d?, 0x11d52665c1c0?, 0x0?, 0x11d527280310?, 0x7?)
	/usr/lib/go-1.26/src/internal/syscall/unix/waitid_linux.go:18 +0x39
os.(*Process).pidfdWait.func1(...)
	/usr/lib/go-1.26/src/os/pidfd_linux.go:108
os.ignoringEINTR(...)
	/usr/lib/go-1.26/src/os/file_posix.go:256
os.(*Process).pidfdWait(0x11d526fc2040)
	/usr/lib/go-1.26/src/os/pidfd_linux.go:107 +0x1c7
os.(*Process).wait(0x11d526a2a000?)
	/usr/lib/go-1.26/src/os/exec_unix.go:25 +0x1a
os.(*Process).Wait(...)
	/usr/lib/go-1.26/src/os/exec.go:346
os/exec.(*Cmd).Wait(0x11d526a2a000)
	/usr/lib/go-1.26/src/os/exec/exec.go:930 +0x45
os/exec.(*Cmd).Run(0x11d526a2a000)
	/usr/lib/go-1.26/src/os/exec/exec.go:632 +0x2d
advocate/utils/command.RunCommand(0x11d526640060, 0x11d526640068, 0x11d52665c180?, {0x11d52665c1c0, 0x3b}, {0x11d526ec5550, 0x6, 0x6})
	/home/advocate/Advocate/Experiments/Advocate/advocate/utils/command/runCommands.go:66 +0x20f
advocate/toolchain.unitTestRecord({0x11d526656e28, 0x16}, {0x11d526662f80, 0x7a}, {0x11d526de1da0, 0xe}, 0x0, {0x0, 0x0}, {0x75faa9, ...}, ...)
	/home/advocate/Advocate/Experiments/Advocate/advocate/toolchain/fullWorkflowUnit.go:572 +0x550
advocate/toolchain.unitTestFullWorkflow({0x11d52665c140?, 0x2c}, {0x7fff872990ff, 0x52}, 0x1, 0x1, 0x1, {0x11d526de1da0, 0xe}, {0x11d526656e28, ...}, ...)
	/home/advocate/Advocate/Experiments/Advocate/advocate/toolchain/fullWorkflowUnit.go:470 +0x51a
advocate/toolchain.runWorkflowUnit({0x7fff872990ff, 0x52}, 0x1, 0x1, 0x1, {0x11d52676f700, 0x7a}, 0x0, {0x0, 0x0}, ...)
	/home/advocate/Advocate/Experiments/Advocate/advocate/toolchain/fullWorkflowUnit.go:171 +0x1190
advocate/toolchain.Run({0x75dd74, 0x4}, {0x11d52676f700, 0x7a}, 0x1, 0x1, 0x1, 0x0, {0x0, 0x0}, ...)
	/home/advocate/Advocate/Experiments/Advocate/advocate/toolchain/toolchain.go:72 +0x389
advocate/fuzzing.runFuzzing({0x11d52676f700, 0x7a}, 0x0, 0x25, 0x1)
	/home/advocate/Advocate/Experiments/Advocate/advocate/fuzzing/fuzzing.go:217 +0x57b
advocate/fuzzing.Fuzzing()
	/home/advocate/Advocate/Experiments/Advocate/advocate/fuzzing/fuzzing.go:135 +0xea5
advocate/run.modeFuzzing()
	/home/advocate/Advocate/Experiments/Advocate/advocate/run/modes.go:34 +0x5e
advocate/run.Run()
	/home/advocate/Advocate/Experiments/Advocate/advocate/run/run.go:100 +0x5b5
main.main()
	/home/advocate/Advocate/Experiments/Advocate/advocate/main.go:28 +0x1c

goroutine 269 [select]:
os/exec.(*Cmd).watchCtx(0x11d526a2a000, 0x11d526a44070)
	/usr/lib/go-1.26/src/os/exec/exec.go:797 +0xb1
created by os/exec.(*Cmd).Start in goroutine 1
	/usr/lib/go-1.26/src/os/exec/exec.go:783 +0x8f5
2026/06/05 16:23:06 Text executed
2026/06/05 16:23:06 Run the analyzer for /home/advocate/Advocate/Experiments/Advocate/helper/aplas/output/sameElementType/0/blocking/istio/16224/advocateTrace
2026/06/05 16:23:06 Trace at /home/advocate/Advocate/Experiments/Advocate/helper/aplas/output/sameElementType/0/blocking/istio/16224/advocateTrace does not contain any elements
2026/06/05 16:23:06 Read trace with 0 elements in 0 routines
2026/06/05 16:23:06 Start Analysis
2026/06/05 16:23:06 Finished HB analysis
2026/06/05 16:23:06 [31mAnalysis was canceled due to insufficient RAM[0m
2026/06/05 16:23:06 Create statistics
2026/06/05 16:23:06 Finished run for TestIstio16224
2026/06/05 16:23:06 Parse recorded trace for fuzzing information
2026/06/05 16:23:06 [31mFuzzing run was canceled due to memory[0m
2026/06/05 16:23:06 Finish fuzzing after 1 runs
2026/06/05 16:23:06 Processing file: /home/advocate/Advocate/Experiments/Advocate/helper/aplas/output/sameElementType/0/blocking/istio/17860/istio17860_test.go
2026/06/05 16:23:06 [31mWait RAM[0m
2026/06/05 16:23:12 [31mWait RAM[0m
2026/06/05 16:23:13 [33mRAM Reset[0m
2026/06/05 16:23:18 Fuzzing Run:  1
2026/06/05 16:23:18 Create  /home/advocate/Advocate/Experiments/Advocate/helper/aplas/output/sameElementType/0/advocateResult/file(38)-test(1)-istio17860_test-TestIstio17860
2026/06/05 16:23:18 Execute Test
2026/06/05 16:23:19 Text executed
2026/06/05 16:23:19 Run the analyzer for /home/advocate/Advocate/Experiments/Advocate/helper/aplas/output/sameElementType/0/blocking/istio/17860/advocateTrace
2026/06/05 16:23:19 Read trace with 19 elements in 5 routines
2026/06/05 16:23:19 Start Analysis
2026/06/05 16:23:19 Finished HB analysis
2026/06/05 16:23:19 Analysis finished
2026/06/05 16:23:19 Start rewrite
2026/06/05 16:23:19 Finished Rewrite
2026/06/05 16:23:19 Number Results:  3
2026/06/05 16:23:19 Successfully rewrites:  0
2026/06/05 16:23:19 No need/not possible to rewrite:  3
2026/06/05 16:23:19 Failed rewrites:  0
2026/06/05 16:23:19 Start guided execution
2026/06/05 16:23:19 Found 0 rewritten traces
2026/06/05 16:23:19 Create bug reports
2026/06/05 16:23:19 [31mline number out of range[0m
2026/06/05 16:23:19 [31mline number out of range[0m
2026/06/05 16:23:19 [32mFound Actual Non-Cyclic Blocking Bug.[0m
2026/06/05 16:23:19 [32mFound Actual Cyclic Deadlock.[0m
2026/06/05 16:23:19 Create statistics
2026/06/05 16:23:19 Finished run for TestIstio17860
2026/06/05 16:23:19 Parse recorded trace for fuzzing information
2026/06/05 16:23:19 Create mutations
2026/06/05 16:23:19 Create GoPie mutations
2026/06/05 16:23:19 Mutate 0 scheduling chains
2026/06/05 16:23:19 Write 0 mutations to file
2026/06/05 16:23:19 Create statistics
2026/06/05 16:23:19 Current fuzzing queue size: 0
2026/06/05 16:23:19 Remaining fuzzing time: 9:58 min
2026/06/05 16:23:19 Finish fuzzing after 1 runs
2026/06/05 16:23:19 Processing file: /home/advocate/Advocate/Experiments/Advocate/helper/aplas/output/sameElementType/0/blocking/istio/18454/istio18454_test.go
2026/06/05 16:23:19 Fuzzing Run:  1
2026/06/05 16:23:19 Create  /home/advocate/Advocate/Experiments/Advocate/helper/aplas/output/sameElementType/0/advocateResult/file(39)-test(1)-istio18454_test-TestIstio18454
2026/06/05 16:23:19 Execute Test
2026/06/05 16:23:20 Text executed
2026/06/05 16:23:20 Run the analyzer for /home/advocate/Advocate/Experiments/Advocate/helper/aplas/output/sameElementType/0/blocking/istio/18454/advocateTrace
2026/06/05 16:23:20 Read trace with 1040 elements in 3 routines
2026/06/05 16:23:20 Start Analysis
2026/06/05 16:23:20 Finished HB analysis
2026/06/05 16:23:20 Analysis finished
2026/06/05 16:23:20 Start rewrite
2026/06/05 16:23:20 Finished Rewrite
2026/06/05 16:23:20 Number Results:  3
2026/06/05 16:23:20 Successfully rewrites:  0
2026/06/05 16:23:20 No need/not possible to rewrite:  3
2026/06/05 16:23:20 Failed rewrites:  0
2026/06/05 16:23:20 Start guided execution
2026/06/05 16:23:20 Found 0 rewritten traces
2026/06/05 16:23:20 Create bug reports
2026/06/05 16:23:20 [31mline number out of range[0m
2026/06/05 16:23:20 [31mline number out of range[0m
2026/06/05 16:23:20 [32mFound Actual Cyclic Deadlock.[0m
2026/06/05 16:23:20 Create statistics
2026/06/05 16:23:20 Finished run for TestIstio18454
2026/06/05 16:23:20 Parse recorded trace for fuzzing information
2026/06/05 16:23:20 Create mutations
2026/06/05 16:23:20 Create GoPie mutations
2026/06/05 16:23:20 Mutate 0 scheduling chains
2026/06/05 16:23:20 Write 0 mutations to file
2026/06/05 16:23:20 Create statistics
2026/06/05 16:23:20 Current fuzzing queue size: 0
2026/06/05 16:23:20 Remaining fuzzing time: 9:58 min
2026/06/05 16:23:20 Finish fuzzing after 1 runs
2026/06/05 16:23:20 Processing file: /home/advocate/Advocate/Experiments/Advocate/helper/aplas/output/sameElementType/0/blocking/kubernetes/10182/kubernetes10182_test.go
2026/06/05 16:23:20 Fuzzing Run:  1
2026/06/05 16:23:20 Create  /home/advocate/Advocate/Experiments/Advocate/helper/aplas/output/sameElementType/0/advocateResult/file(40)-test(1)-kubernetes10182_test-TestKubernetes10182
2026/06/05 16:23:20 Execute Test
2026/06/05 16:23:22 Text executed
2026/06/05 16:23:22 Run the analyzer for /home/advocate/Advocate/Experiments/Advocate/helper/aplas/output/sameElementType/0/blocking/kubernetes/10182/advocateTrace
2026/06/05 16:23:22 Read trace with 15 elements in 5 routines
2026/06/05 16:23:22 Start Analysis
2026/06/05 16:23:22 Finished HB analysis
2026/06/05 16:23:22 Analysis finished
2026/06/05 16:23:22 Start rewrite
2026/06/05 16:23:22 Finished Rewrite
2026/06/05 16:23:22 Number Results:  4
2026/06/05 16:23:22 Successfully rewrites:  0
2026/06/05 16:23:22 No need/not possible to rewrite:  4
2026/06/05 16:23:22 Failed rewrites:  0
2026/06/05 16:23:22 Start guided execution
2026/06/05 16:23:22 Found 0 rewritten traces
2026/06/05 16:23:22 Create bug reports
2026/06/05 16:23:22 [31mline number out of range[0m
2026/06/05 16:23:22 [31mline number out of range[0m
2026/06/05 16:23:22 [32mFound Actual Non-Cyclic Blocking Bug.[0m
2026/06/05 16:23:22 [32mFound Leak on Sync.Mutex.[0m
2026/06/05 16:23:22 Create statistics
2026/06/05 16:23:22 Finished run for TestKubernetes10182
2026/06/05 16:23:22 Parse recorded trace for fuzzing information
2026/06/05 16:23:22 Create mutations
2026/06/05 16:23:22 Create GoPie mutations
2026/06/05 16:23:22 Mutate 24 scheduling chains
2026/06/05 16:23:22 Write 0 mutations to file
2026/06/05 16:23:22 Create statistics
2026/06/05 16:23:22 Current fuzzing queue size: 0
2026/06/05 16:23:22 Remaining fuzzing time: 9:58 min
2026/06/05 16:23:22 Finish fuzzing after 1 runs
2026/06/05 16:23:22 Processing file: /home/advocate/Advocate/Experiments/Advocate/helper/aplas/output/sameElementType/0/blocking/kubernetes/11298/kubernetes11298_test.go
2026/06/05 16:23:22 Fuzzing Run:  1
2026/06/05 16:23:22 Create  /home/advocate/Advocate/Experiments/Advocate/helper/aplas/output/sameElementType/0/advocateResult/file(41)-test(1)-kubernetes11298_test-TestKubernetes11298
2026/06/05 16:23:22 Execute Test
2026/06/05 16:23:23 Text executed
2026/06/05 16:23:23 Run the analyzer for /home/advocate/Advocate/Experiments/Advocate/helper/aplas/output/sameElementType/0/blocking/kubernetes/11298/advocateTrace
2026/06/05 16:23:23 Read trace with 17 elements in 5 routines
2026/06/05 16:23:23 Start Analysis
2026/06/05 16:23:23 Finished HB analysis
2026/06/05 16:23:23 Analysis finished
2026/06/05 16:23:23 Start rewrite
2026/06/05 16:23:23 Finished Rewrite
2026/06/05 16:23:23 Number Results:  4
2026/06/05 16:23:23 Successfully rewrites:  0
2026/06/05 16:23:23 No need/not possible to rewrite:  4
2026/06/05 16:23:23 Failed rewrites:  0
2026/06/05 16:23:23 Start guided execution
2026/06/05 16:23:23 Found 0 rewritten traces
2026/06/05 16:23:23 Create bug reports
2026/06/05 16:23:23 [31mline number out of range[0m
2026/06/05 16:23:23 [31mline number out of range[0m
2026/06/05 16:23:23 [32mFound Actual Non-Cyclic Blocking Bug.[0m
2026/06/05 16:23:23 [32mFound Leak on Sync.Mutex.[0m
2026/06/05 16:23:23 Create statistics
2026/06/05 16:23:23 Finished run for TestKubernetes11298
2026/06/05 16:23:23 Parse recorded trace for fuzzing information
2026/06/05 16:23:23 Create mutations
2026/06/05 16:23:23 Create GoPie mutations
2026/06/05 16:23:23 Mutate 24 scheduling chains
2026/06/05 16:23:23 Write 0 mutations to file
2026/06/05 16:23:23 Create statistics
2026/06/05 16:23:23 Current fuzzing queue size: 0
2026/06/05 16:23:23 Remaining fuzzing time: 9:58 min
2026/06/05 16:23:23 Finish fuzzing after 1 runs
2026/06/05 16:23:23 Processing file: /home/advocate/Advocate/Experiments/Advocate/helper/aplas/output/sameElementType/0/blocking/kubernetes/13135/kubernetes13135_test.go
2026/06/05 16:23:23 Fuzzing Run:  1
2026/06/05 16:23:23 Create  /home/advocate/Advocate/Experiments/Advocate/helper/aplas/output/sameElementType/0/advocateResult/file(42)-test(1)-kubernetes13135_test-TestKubernetes13135
2026/06/05 16:23:23 Execute Test
2026/06/05 16:23:24 Text executed
2026/06/05 16:23:24 Run the analyzer for /home/advocate/Advocate/Experiments/Advocate/helper/aplas/output/sameElementType/0/blocking/kubernetes/13135/advocateTrace
2026/06/05 16:23:24 Read trace with 203 elements in 28 routines
2026/06/05 16:23:24 Start Analysis
2026/06/05 16:23:24 Finished HB analysis
2026/06/05 16:23:24 Analysis finished
2026/06/05 16:23:24 Start rewrite
2026/06/05 16:23:24 Finished Rewrite
2026/06/05 16:23:24 Number Results:  5
2026/06/05 16:23:24 Successfully rewrites:  0
2026/06/05 16:23:24 No need/not possible to rewrite:  5
2026/06/05 16:23:24 Failed rewrites:  0
2026/06/05 16:23:24 Start guided execution
2026/06/05 16:23:24 Found 0 rewritten traces
2026/06/05 16:23:24 Create bug reports
2026/06/05 16:23:24 [32mFound Possible Cyclic Deadlock.[0m
2026/06/05 16:23:24 [31mline number out of range[0m
2026/06/05 16:23:24 [31mline number out of range[0m
2026/06/05 16:23:24 Create statistics
2026/06/05 16:23:24 Finished run for TestKubernetes13135
2026/06/05 16:23:24 Parse recorded trace for fuzzing information
2026/06/05 16:23:24 Create mutations
2026/06/05 16:23:24 Create GoPie mutations
2026/06/05 16:23:24 Mutate 24 scheduling chains
2026/06/05 16:23:24 Write 0 mutations to file
2026/06/05 16:23:24 Create statistics
2026/06/05 16:23:24 Current fuzzing queue size: 0
2026/06/05 16:23:24 Remaining fuzzing time: 9:58 min
2026/06/05 16:23:24 Finish fuzzing after 1 runs
2026/06/05 16:23:24 Processing file: /home/advocate/Advocate/Experiments/Advocate/helper/aplas/output/sameElementType/0/blocking/kubernetes/1321/kubernetes1321_test.go
2026/06/05 16:23:24 Fuzzing Run:  1
2026/06/05 16:23:24 Create  /home/advocate/Advocate/Experiments/Advocate/helper/aplas/output/sameElementType/0/advocateResult/file(43)-test(1)-kubernetes1321_test-TestKubernetes1321
2026/06/05 16:23:24 Execute Test
2026/06/05 16:23:25 Text executed
2026/06/05 16:23:25 Run the analyzer for /home/advocate/Advocate/Experiments/Advocate/helper/aplas/output/sameElementType/0/blocking/kubernetes/1321/advocateTrace
2026/06/05 16:23:25 Read trace with 413 elements in 27 routines
2026/06/05 16:23:25 Start Analysis
2026/06/05 16:23:25 Finished HB analysis
2026/06/05 16:23:25 Analysis finished
2026/06/05 16:23:25 Start rewrite
2026/06/05 16:23:25 Finished Rewrite
2026/06/05 16:23:25 Number Results:  4
2026/06/05 16:23:25 Successfully rewrites:  0
2026/06/05 16:23:25 No need/not possible to rewrite:  4
2026/06/05 16:23:25 Failed rewrites:  0
2026/06/05 16:23:25 Start guided execution
2026/06/05 16:23:25 Found 0 rewritten traces
2026/06/05 16:23:25 Create bug reports
2026/06/05 16:23:25 [31mline number out of range[0m
2026/06/05 16:23:25 [31mline number out of range[0m
2026/06/05 16:23:25 Create statistics
2026/06/05 16:23:25 Finished run for TestKubernetes1321
2026/06/05 16:23:25 Parse recorded trace for fuzzing information
2026/06/05 16:23:25 Create mutations
2026/06/05 16:23:25 Create GoPie mutations
2026/06/05 16:23:25 Mutate 16 scheduling chains
2026/06/05 16:23:25 Write 0 mutations to file
2026/06/05 16:23:25 Create statistics
2026/06/05 16:23:25 Current fuzzing queue size: 0
2026/06/05 16:23:25 Remaining fuzzing time: 9:58 min
2026/06/05 16:23:25 Finish fuzzing after 1 runs
2026/06/05 16:23:25 Processing file: /home/advocate/Advocate/Experiments/Advocate/helper/aplas/output/sameElementType/0/blocking/kubernetes/25331/kubernetes25331_test.go
2026/06/05 16:23:25 Fuzzing Run:  1
2026/06/05 16:23:25 Create  /home/advocate/Advocate/Experiments/Advocate/helper/aplas/output/sameElementType/0/advocateResult/file(44)-test(1)-kubernetes25331_test-TestKubernetes25331
2026/06/05 16:23:25 Execute Test
2026/06/05 16:23:26 Text executed
2026/06/05 16:23:26 Run the analyzer for /home/advocate/Advocate/Experiments/Advocate/helper/aplas/output/sameElementType/0/blocking/kubernetes/25331/advocateTrace
2026/06/05 16:23:26 Read trace with 17 elements in 3 routines
2026/06/05 16:23:26 Start Analysis
2026/06/05 16:23:26 Finished HB analysis
2026/06/05 16:23:26 Analysis finished
2026/06/05 16:23:26 Start rewrite
2026/06/05 16:23:26 Finished Rewrite
2026/06/05 16:23:26 Number Results:  4
2026/06/05 16:23:26 Successfully rewrites:  0
2026/06/05 16:23:26 No need/not possible to rewrite:  4
2026/06/05 16:23:26 Failed rewrites:  0
2026/06/05 16:23:26 Start guided execution
2026/06/05 16:23:26 Found 0 rewritten traces
2026/06/05 16:23:26 Create bug reports
2026/06/05 16:23:26 [31mline number out of range[0m
2026/06/05 16:23:26 [31mline number out of range[0m
2026/06/05 16:23:26 [32mFound Actual Non-Cyclic Blocking Bug.[0m
2026/06/05 16:23:26 Create statistics
2026/06/05 16:23:26 Finished run for TestKubernetes25331
2026/06/05 16:23:26 Parse recorded trace for fuzzing information
2026/06/05 16:23:26 Create mutations
2026/06/05 16:23:26 Create GoPie mutations
2026/06/05 16:23:26 Mutate 24 scheduling chains
2026/06/05 16:23:26 Write 1 special mutation to file
2026/06/05 16:23:26 Write 0 mutations to file
2026/06/05 16:23:26 Create statistics
2026/06/05 16:23:26 Current fuzzing queue size: 0
2026/06/05 16:23:26 Remaining fuzzing time: 9:58 min
2026/06/05 16:23:26 Finish fuzzing after 1 runs
2026/06/05 16:23:26 Processing file: /home/advocate/Advocate/Experiments/Advocate/helper/aplas/output/sameElementType/0/blocking/kubernetes/26980/kubernetes26980_test.go
2026/06/05 16:23:26 Fuzzing Run:  1
2026/06/05 16:23:26 Create  /home/advocate/Advocate/Experiments/Advocate/helper/aplas/output/sameElementType/0/advocateResult/file(45)-test(1)-kubernetes26980_test-TestKubernetes26980
2026/06/05 16:23:26 Execute Test
2026/06/05 16:23:27 Text executed
2026/06/05 16:23:27 Run the analyzer for /home/advocate/Advocate/Experiments/Advocate/helper/aplas/output/sameElementType/0/blocking/kubernetes/26980/advocateTrace
2026/06/05 16:23:27 Read trace with 18 elements in 3 routines
2026/06/05 16:23:27 Start Analysis
2026/06/05 16:23:27 Finished HB analysis
2026/06/05 16:23:27 Analysis finished
2026/06/05 16:23:27 Start rewrite
2026/06/05 16:23:27 Finished Rewrite
2026/06/05 16:23:27 Number Results:  4
2026/06/05 16:23:27 Successfully rewrites:  0
2026/06/05 16:23:27 No need/not possible to rewrite:  4
2026/06/05 16:23:27 Failed rewrites:  0
2026/06/05 16:23:27 Start guided execution
2026/06/05 16:23:27 Found 0 rewritten traces
2026/06/05 16:23:27 Create bug reports
2026/06/05 16:23:27 [31mline number out of range[0m
2026/06/05 16:23:27 [31mline number out of range[0m
2026/06/05 16:23:27 [32mFound Actual Non-Cyclic Blocking Bug.[0m
2026/06/05 16:23:27 Create statistics
2026/06/05 16:23:27 Finished run for TestKubernetes26980
2026/06/05 16:23:27 Parse recorded trace for fuzzing information
2026/06/05 16:23:27 Create mutations
2026/06/05 16:23:27 Create GoPie mutations
2026/06/05 16:23:27 Mutate 24 scheduling chains
2026/06/05 16:23:27 Write 0 mutations to file
2026/06/05 16:23:27 Create statistics
2026/06/05 16:23:27 Current fuzzing queue size: 0
2026/06/05 16:23:27 Remaining fuzzing time: 9:58 min
2026/06/05 16:23:27 Finish fuzzing after 1 runs
2026/06/05 16:23:27 Processing file: /home/advocate/Advocate/Experiments/Advocate/helper/aplas/output/sameElementType/0/blocking/kubernetes/30872/kubernetes30872_test.go
2026/06/05 16:23:27 Fuzzing Run:  1
2026/06/05 16:23:27 Create  /home/advocate/Advocate/Experiments/Advocate/helper/aplas/output/sameElementType/0/advocateResult/file(46)-test(1)-kubernetes30872_test-TestKubernetes30872_bad_test
2026/06/05 16:23:27 Execute Test
2026/06/05 16:23:28 Text executed
2026/06/05 16:23:28 Run the analyzer for /home/advocate/Advocate/Experiments/Advocate/helper/aplas/output/sameElementType/0/blocking/kubernetes/30872/advocateTrace
2026/06/05 16:23:28 Read trace with 31 elements in 4 routines
2026/06/05 16:23:28 Start Analysis
2026/06/05 16:23:28 Finished HB analysis
2026/06/05 16:23:28 Analysis finished
2026/06/05 16:23:28 Start rewrite
2026/06/05 16:23:28 Finished Rewrite
2026/06/05 16:23:28 Number Results:  5
2026/06/05 16:23:28 Successfully rewrites:  0
2026/06/05 16:23:28 No need/not possible to rewrite:  5
2026/06/05 16:23:28 Failed rewrites:  0
2026/06/05 16:23:28 Start guided execution
2026/06/05 16:23:28 Found 0 rewritten traces
2026/06/05 16:23:28 Create bug reports
2026/06/05 16:23:28 [32mFound Possible Cyclic Deadlock.[0m
2026/06/05 16:23:28 [31mline number out of range[0m
2026/06/05 16:23:28 [31mline number out of range[0m
2026/06/05 16:23:28 Create statistics
2026/06/05 16:23:28 Finished run for TestKubernetes30872_bad_test
2026/06/05 16:23:28 Parse recorded trace for fuzzing information
2026/06/05 16:23:28 Create mutations
2026/06/05 16:23:28 Create GoPie mutations
2026/06/05 16:23:28 Mutate 24 scheduling chains
2026/06/05 16:23:28 Write 0 mutations to file
2026/06/05 16:23:28 Create statistics
2026/06/05 16:23:28 Current fuzzing queue size: 0
2026/06/05 16:23:28 Remaining fuzzing time: 9:58 min
2026/06/05 16:23:28 Finish fuzzing after 1 runs
2026/06/05 16:23:28 Processing file: /home/advocate/Advocate/Experiments/Advocate/helper/aplas/output/sameElementType/0/blocking/kubernetes/38669/kubernetes38669_test.go
2026/06/05 16:23:28 Fuzzing Run:  1
2026/06/05 16:23:28 Create  /home/advocate/Advocate/Experiments/Advocate/helper/aplas/output/sameElementType/0/advocateResult/file(47)-test(1)-kubernetes38669_test-TestKubernetes38669
2026/06/05 16:23:28 Execute Test
2026/06/05 16:23:30 Text executed
2026/06/05 16:23:30 Run the analyzer for /home/advocate/Advocate/Experiments/Advocate/helper/aplas/output/sameElementType/0/blocking/kubernetes/38669/advocateTrace
2026/06/05 16:23:30 Read trace with 8 elements in 2 routines
2026/06/05 16:23:30 Start Analysis
2026/06/05 16:23:30 Finished HB analysis
2026/06/05 16:23:30 Analysis finished
2026/06/05 16:23:30 Start rewrite
2026/06/05 16:23:30 Finished Rewrite
2026/06/05 16:23:30 Number Results:  4
2026/06/05 16:23:30 Successfully rewrites:  0
2026/06/05 16:23:30 No need/not possible to rewrite:  4
2026/06/05 16:23:30 Failed rewrites:  0
2026/06/05 16:23:30 Start guided execution
2026/06/05 16:23:30 Found 0 rewritten traces
2026/06/05 16:23:30 Create bug reports
2026/06/05 16:23:30 [31mline number out of range[0m
2026/06/05 16:23:30 [31mline number out of range[0m
2026/06/05 16:23:30 [32mFound Actual Non-Cyclic Blocking Bug.[0m
2026/06/05 16:23:30 Create statistics
2026/06/05 16:23:30 Finished run for TestKubernetes38669
2026/06/05 16:23:30 Parse recorded trace for fuzzing information
2026/06/05 16:23:30 Create mutations
2026/06/05 16:23:30 Create GoPie mutations
2026/06/05 16:23:30 Mutate 0 scheduling chains
2026/06/05 16:23:30 Write 0 mutations to file
2026/06/05 16:23:30 Create statistics
2026/06/05 16:23:30 Current fuzzing queue size: 0
2026/06/05 16:23:30 Remaining fuzzing time: 9:58 min
2026/06/05 16:23:30 Finish fuzzing after 1 runs
2026/06/05 16:23:30 Processing file: /home/advocate/Advocate/Experiments/Advocate/helper/aplas/output/sameElementType/0/blocking/kubernetes/5316/kubernetes5316_test.go
2026/06/05 16:23:30 Fuzzing Run:  1
2026/06/05 16:23:30 Create  /home/advocate/Advocate/Experiments/Advocate/helper/aplas/output/sameElementType/0/advocateResult/file(48)-test(1)-kubernetes5316_test-TestKubernetes5316
2026/06/05 16:23:30 Execute Test
2026/06/05 16:23:31 Text executed
2026/06/05 16:23:31 Run the analyzer for /home/advocate/Advocate/Experiments/Advocate/helper/aplas/output/sameElementType/0/blocking/kubernetes/5316/advocateTrace
2026/06/05 16:23:31 Read trace with 8 elements in 3 routines
2026/06/05 16:23:31 Start Analysis
2026/06/05 16:23:31 Finished HB analysis
2026/06/05 16:23:31 Analysis finished
2026/06/05 16:23:31 Start rewrite
2026/06/05 16:23:31 Finished Rewrite
2026/06/05 16:23:31 Number Results:  4
2026/06/05 16:23:31 Successfully rewrites:  0
2026/06/05 16:23:31 No need/not possible to rewrite:  4
2026/06/05 16:23:31 Failed rewrites:  0
2026/06/05 16:23:31 Start guided execution
2026/06/05 16:23:31 Found 0 rewritten traces
2026/06/05 16:23:31 Create bug reports
2026/06/05 16:23:31 [31mline number out of range[0m
2026/06/05 16:23:31 [31mline number out of range[0m
2026/06/05 16:23:31 [32mFound Actual Non-Cyclic Blocking Bug.[0m
2026/06/05 16:23:31 Create statistics
2026/06/05 16:23:31 Finished run for TestKubernetes5316
2026/06/05 16:23:31 Parse recorded trace for fuzzing information
2026/06/05 16:23:31 Create mutations
2026/06/05 16:23:31 Create GoPie mutations
2026/06/05 16:23:31 Mutate 0 scheduling chains
2026/06/05 16:23:31 Write 0 mutations to file
2026/06/05 16:23:31 Create statistics
2026/06/05 16:23:31 Current fuzzing queue size: 0
2026/06/05 16:23:31 Remaining fuzzing time: 9:58 min
2026/06/05 16:23:31 Finish fuzzing after 1 runs
2026/06/05 16:23:31 Processing file: /home/advocate/Advocate/Experiments/Advocate/helper/aplas/output/sameElementType/0/blocking/kubernetes/58107/kubernetes58107_test.go
2026/06/05 16:23:31 Fuzzing Run:  1
2026/06/05 16:23:31 Create  /home/advocate/Advocate/Experiments/Advocate/helper/aplas/output/sameElementType/0/advocateResult/file(49)-test(1)-kubernetes58107_test-TestKubernetes58107
2026/06/05 16:23:31 Execute Test
2026/06/05 16:23:34 [31mNot enough RAM[0m
2026/06/05 16:23:34 goroutine 8 [running]:
advocate/utils/control.printAllGoroutines()
	/home/advocate/Advocate/Experiments/Advocate/advocate/utils/control/utils.go:20 +0x3d
advocate/utils/control.cancelRAM(0x77cd50, 0x77cd48, 0x77cd58)
	/home/advocate/Advocate/Experiments/Advocate/advocate/utils/control/memory.go:109 +0x6e
advocate/utils/control.Supervisor(0x77cd50, 0x77cd48, 0x77cd58)
	/home/advocate/Advocate/Experiments/Advocate/advocate/utils/control/memory.go:79 +0x12f
created by advocate/run.Run in goroutine 1
	/home/advocate/Advocate/Experiments/Advocate/advocate/run/run.go:63 +0x26f

goroutine 1 [syscall]:
syscall.Syscall6(0xf7, 0x3, 0x9, 0x11d5282131c8, 0x4, 0x11d526bd7050, 0x0)
	/usr/lib/go-1.26/src/syscall/syscall_linux.go:96 +0x39
internal/syscall/unix.Waitid(0x4f436d?, 0x11d52665c1c0?, 0x0?, 0x11d526897960?, 0x7?)
	/usr/lib/go-1.26/src/internal/syscall/unix/waitid_linux.go:18 +0x39
os.(*Process).pidfdWait.func1(...)
	/usr/lib/go-1.26/src/os/pidfd_linux.go:108
os.ignoringEINTR(...)
	/usr/lib/go-1.26/src/os/file_posix.go:256
os.(*Process).pidfdWait(0x11d527793740)
	/usr/lib/go-1.26/src/os/pidfd_linux.go:107 +0x1c7
os.(*Process).wait(0x11d52759f520?)
	/usr/lib/go-1.26/src/os/exec_unix.go:25 +0x1a
os.(*Process).Wait(...)
	/usr/lib/go-1.26/src/os/exec.go:346
os/exec.(*Cmd).Wait(0x11d52759f520)
	/usr/lib/go-1.26/src/os/exec/exec.go:930 +0x45
os/exec.(*Cmd).Run(0x11d52759f520)
	/usr/lib/go-1.26/src/os/exec/exec.go:632 +0x2d
advocate/utils/command.RunCommand(0x11d526640060, 0x11d526640068, 0x11d52665c180?, {0x11d52665c1c0, 0x3b}, {0x11d528213550, 0x6, 0x6})
	/home/advocate/Advocate/Experiments/Advocate/advocate/utils/command/runCommands.go:66 +0x20f
advocate/toolchain.unitTestRecord({0x11d52720cb80, 0x1b}, {0x11d5267a9ef0, 0x84}, {0x11d527aa1882, 0x13}, 0x0, {0x0, 0x0}, {0x75faa9, ...}, ...)
	/home/advocate/Advocate/Experiments/Advocate/advocate/toolchain/fullWorkflowUnit.go:572 +0x550
advocate/toolchain.unitTestFullWorkflow({0x11d52665c140?, 0x2c}, {0x7fff872990ff, 0x52}, 0x1, 0x1, 0x1, {0x11d527aa1882, 0x13}, {0x11d52720cb80, ...}, ...)
	/home/advocate/Advocate/Experiments/Advocate/advocate/toolchain/fullWorkflowUnit.go:470 +0x51a
advocate/toolchain.runWorkflowUnit({0x7fff872990ff, 0x52}, 0x1, 0x1, 0x1, {0x11d5267a8a20, 0x84}, 0x0, {0x0, 0x0}, ...)
	/home/advocate/Advocate/Experiments/Advocate/advocate/toolchain/fullWorkflowUnit.go:171 +0x1190
advocate/toolchain.Run({0x75dd74, 0x4}, {0x11d5267a8a20, 0x84}, 0x1, 0x1, 0x1, 0x0, {0x0, 0x0}, ...)
	/home/advocate/Advocate/Experiments/Advocate/advocate/toolchain/toolchain.go:72 +0x389
advocate/fuzzing.runFuzzing({0x11d5267a8a20, 0x84}, 0x0, 0x31, 0x1)
	/home/advocate/Advocate/Experiments/Advocate/advocate/fuzzing/fuzzing.go:217 +0x57b
advocate/fuzzing.Fuzzing()
	/home/advocate/Advocate/Experiments/Advocate/advocate/fuzzing/fuzzing.go:135 +0xea5
advocate/run.modeFuzzing()
	/home/advocate/Advocate/Experiments/Advocate/advocate/run/modes.go:34 +0x5e
advocate/run.Run()
	/home/advocate/Advocate/Experiments/Advocate/advocate/run/run.go:100 +0x5b5
main.main()
	/home/advocate/Advocate/Experiments/Advocate/advocate/main.go:28 +0x1c

goroutine 54 [select]:
os/exec.(*Cmd).watchCtx(0x11d52759f520, 0x11d527a3f0a0)
	/usr/lib/go-1.26/src/os/exec/exec.go:797 +0xb1
created by os/exec.(*Cmd).Start in goroutine 1
	/usr/lib/go-1.26/src/os/exec/exec.go:783 +0x8f5
2026/06/05 16:23:34 Text executed
2026/06/05 16:23:34 Run the analyzer for /home/advocate/Advocate/Experiments/Advocate/helper/aplas/output/sameElementType/0/blocking/kubernetes/58107/advocateTrace
2026/06/05 16:23:34 [31mCanceled by memory[0m
2026/06/05 16:23:34 Create statistics
2026/06/05 16:23:34 Finished run for TestKubernetes58107
2026/06/05 16:23:34 Parse recorded trace for fuzzing information
2026/06/05 16:23:34 [31mFuzzing run was canceled due to memory[0m
2026/06/05 16:23:34 Finish fuzzing after 1 runs
2026/06/05 16:23:34 Processing file: /home/advocate/Advocate/Experiments/Advocate/helper/aplas/output/sameElementType/0/blocking/kubernetes/62464/kubernetes62464_test.go
2026/06/05 16:23:34 [31mWait RAM[0m
2026/06/05 16:23:40 [31mWait RAM[0m
2026/06/05 16:23:41 [33mRAM Reset[0m
2026/06/05 16:23:46 Fuzzing Run:  1
2026/06/05 16:23:46 Create  /home/advocate/Advocate/Experiments/Advocate/helper/aplas/output/sameElementType/0/advocateResult/file(50)-test(1)-kubernetes62464_test-TestKubernetes62464
2026/06/05 16:23:46 Execute Test
2026/06/05 16:23:47 Text executed
2026/06/05 16:23:47 Run the analyzer for /home/advocate/Advocate/Experiments/Advocate/helper/aplas/output/sameElementType/0/blocking/kubernetes/62464/advocateTrace
2026/06/05 16:23:47 Read trace with 15 elements in 3 routines
2026/06/05 16:23:47 Start Analysis
2026/06/05 16:23:47 Finished HB analysis
2026/06/05 16:23:47 Analysis finished
2026/06/05 16:23:47 Start rewrite
2026/06/05 16:23:47 Finished Rewrite
2026/06/05 16:23:47 Number Results:  4
2026/06/05 16:23:47 Successfully rewrites:  0
2026/06/05 16:23:47 No need/not possible to rewrite:  4
2026/06/05 16:23:47 Failed rewrites:  0
2026/06/05 16:23:47 Start guided execution
2026/06/05 16:23:47 Found 0 rewritten traces
2026/06/05 16:23:47 Create bug reports
2026/06/05 16:23:47 [31mline number out of range[0m
2026/06/05 16:23:47 [31mline number out of range[0m
2026/06/05 16:23:47 [32mFound Actual Non-Cyclic Blocking Bug.[0m
2026/06/05 16:23:47 Create statistics
2026/06/05 16:23:47 Finished run for TestKubernetes62464
2026/06/05 16:23:47 Parse recorded trace for fuzzing information
2026/06/05 16:23:47 Create mutations
2026/06/05 16:23:47 Create GoPie mutations
2026/06/05 16:23:47 Mutate 24 scheduling chains
2026/06/05 16:23:47 Write 0 mutations to file
2026/06/05 16:23:47 Create statistics
2026/06/05 16:23:47 Current fuzzing queue size: 0
2026/06/05 16:23:47 Remaining fuzzing time: 9:58 min
2026/06/05 16:23:47 Finish fuzzing after 1 runs
2026/06/05 16:23:47 Processing file: /home/advocate/Advocate/Experiments/Advocate/helper/aplas/output/sameElementType/0/blocking/kubernetes/6632/kubernetes6632_test.go
2026/06/05 16:23:47 Fuzzing Run:  1
2026/06/05 16:23:47 Create  /home/advocate/Advocate/Experiments/Advocate/helper/aplas/output/sameElementType/0/advocateResult/file(51)-test(1)-kubernetes6632_test-TestKubernetes6632
2026/06/05 16:23:47 Execute Test
2026/06/05 16:23:48 Text executed
2026/06/05 16:23:48 Run the analyzer for /home/advocate/Advocate/Experiments/Advocate/helper/aplas/output/sameElementType/0/blocking/kubernetes/6632/advocateTrace
2026/06/05 16:23:48 Read trace with 12 elements in 4 routines
2026/06/05 16:23:48 Start Analysis
2026/06/05 16:23:48 Finished HB analysis
2026/06/05 16:23:48 Analysis finished
2026/06/05 16:23:48 Start rewrite
2026/06/05 16:23:48 Finished Rewrite
2026/06/05 16:23:48 Number Results:  4
2026/06/05 16:23:48 Successfully rewrites:  0
2026/06/05 16:23:48 No need/not possible to rewrite:  4
2026/06/05 16:23:48 Failed rewrites:  0
2026/06/05 16:23:48 Start guided execution
2026/06/05 16:23:48 Found 0 rewritten traces
2026/06/05 16:23:48 Create bug reports
2026/06/05 16:23:48 [31mline number out of range[0m
2026/06/05 16:23:48 [31mline number out of range[0m
2026/06/05 16:23:48 [32mFound Actual Non-Cyclic Blocking Bug.[0m
2026/06/05 16:23:48 Create statistics
2026/06/05 16:23:48 Finished run for TestKubernetes6632
2026/06/05 16:23:48 Parse recorded trace for fuzzing information
2026/06/05 16:23:48 Create mutations
2026/06/05 16:23:48 Create GoPie mutations
2026/06/05 16:23:48 Mutate 24 scheduling chains
2026/06/05 16:23:48 Write 0 mutations to file
2026/06/05 16:23:48 Create statistics
2026/06/05 16:23:48 Current fuzzing queue size: 0
2026/06/05 16:23:48 Remaining fuzzing time: 9:58 min
2026/06/05 16:23:48 Finish fuzzing after 1 runs
2026/06/05 16:23:48 Processing file: /home/advocate/Advocate/Experiments/Advocate/helper/aplas/output/sameElementType/0/blocking/kubernetes/70277/kubernetes70277_test.go
2026/06/05 16:23:48 Fuzzing Run:  1
2026/06/05 16:23:48 Create  /home/advocate/Advocate/Experiments/Advocate/helper/aplas/output/sameElementType/0/advocateResult/file(52)-test(1)-kubernetes70277_test-TestKubernetes70277
2026/06/05 16:23:48 Execute Test
2026/06/05 16:23:58 [31mNot enough RAM[0m
2026/06/05 16:23:58 goroutine 8 [running]:
advocate/utils/control.printAllGoroutines()
	/home/advocate/Advocate/Experiments/Advocate/advocate/utils/control/utils.go:20 +0x3d
advocate/utils/control.cancelRAM(0x77cd50, 0x77cd48, 0x77cd58)
	/home/advocate/Advocate/Experiments/Advocate/advocate/utils/control/memory.go:109 +0x6e
advocate/utils/control.Supervisor(0x77cd50, 0x77cd48, 0x77cd58)
	/home/advocate/Advocate/Experiments/Advocate/advocate/utils/control/memory.go:79 +0x12f
created by advocate/run.Run in goroutine 1
	/home/advocate/Advocate/Experiments/Advocate/advocate/run/run.go:63 +0x26f

goroutine 1 [syscall]:
syscall.Syscall6(0xf7, 0x3, 0x9, 0x11d5290871c8, 0x4, 0x11d526cd2090, 0x0)
	/usr/lib/go-1.26/src/syscall/syscall_linux.go:96 +0x39
internal/syscall/unix.Waitid(0x4f436d?, 0x11d52665c1c0?, 0x0?, 0x11d527280380?, 0x7?)
	/usr/lib/go-1.26/src/internal/syscall/unix/waitid_linux.go:18 +0x39
os.(*Process).pidfdWait.func1(...)
	/usr/lib/go-1.26/src/os/pidfd_linux.go:108
os.ignoringEINTR(...)
	/usr/lib/go-1.26/src/os/file_posix.go:256
os.(*Process).pidfdWait(0x11d526ba3e40)
	/usr/lib/go-1.26/src/os/pidfd_linux.go:107 +0x1c7
os.(*Process).wait(0x11d528489520?)
	/usr/lib/go-1.26/src/os/exec_unix.go:25 +0x1a
os.(*Process).Wait(...)
	/usr/lib/go-1.26/src/os/exec.go:346
os/exec.(*Cmd).Wait(0x11d528489520)
	/usr/lib/go-1.26/src/os/exec/exec.go:930 +0x45
os/exec.(*Cmd).Run(0x11d528489520)
	/usr/lib/go-1.26/src/os/exec/exec.go:632 +0x2d
advocate/utils/command.RunCommand(0x11d526640060, 0x11d526640068, 0x11d52665c180?, {0x11d52665c1c0, 0x3b}, {0x11d529087550, 0x6, 0x6})
	/home/advocate/Advocate/Experiments/Advocate/advocate/utils/command/runCommands.go:66 +0x20f
advocate/toolchain.unitTestRecord({0x11d52665a3e0, 0x1b}, {0x11d526b994d0, 0x84}, {0x11d526f47005, 0x13}, 0x0, {0x0, 0x0}, {0x75faa9, ...}, ...)
	/home/advocate/Advocate/Experiments/Advocate/advocate/toolchain/fullWorkflowUnit.go:572 +0x550
advocate/toolchain.unitTestFullWorkflow({0x11d52665c140?, 0x2c}, {0x7fff872990ff, 0x52}, 0x1, 0x1, 0x1, {0x11d526f47005, 0x13}, {0x11d52665a3e0, ...}, ...)
	/home/advocate/Advocate/Experiments/Advocate/advocate/toolchain/fullWorkflowUnit.go:470 +0x51a
advocate/toolchain.runWorkflowUnit({0x7fff872990ff, 0x52}, 0x1, 0x1, 0x1, {0x11d5267a8d80, 0x84}, 0x0, {0x0, 0x0}, ...)
	/home/advocate/Advocate/Experiments/Advocate/advocate/toolchain/fullWorkflowUnit.go:171 +0x1190
advocate/toolchain.Run({0x75dd74, 0x4}, {0x11d5267a8d80, 0x84}, 0x1, 0x1, 0x1, 0x0, {0x0, 0x0}, ...)
	/home/advocate/Advocate/Experiments/Advocate/advocate/toolchain/toolchain.go:72 +0x389
advocate/fuzzing.runFuzzing({0x11d5267a8d80, 0x84}, 0x0, 0x34, 0x1)
	/home/advocate/Advocate/Experiments/Advocate/advocate/fuzzing/fuzzing.go:217 +0x57b
advocate/fuzzing.Fuzzing()
	/home/advocate/Advocate/Experiments/Advocate/advocate/fuzzing/fuzzing.go:135 +0xea5
advocate/run.modeFuzzing()
	/home/advocate/Advocate/Experiments/Advocate/advocate/run/modes.go:34 +0x5e
advocate/run.Run()
	/home/advocate/Advocate/Experiments/Advocate/advocate/run/run.go:100 +0x5b5
main.main()
	/home/advocate/Advocate/Experiments/Advocate/advocate/main.go:28 +0x1c

goroutine 313 [select]:
os/exec.(*Cmd).watchCtx(0x11d528489520, 0x11d526c64230)
	/usr/lib/go-1.26/src/os/exec/exec.go:797 +0xb1
created by os/exec.(*Cmd).Start in goroutine 1
	/usr/lib/go-1.26/src/os/exec/exec.go:783 +0x8f5
2026/06/05 16:23:58 Text executed
2026/06/05 16:23:58 Run the analyzer for /home/advocate/Advocate/Experiments/Advocate/helper/aplas/output/sameElementType/0/blocking/kubernetes/70277/advocateTrace
2026/06/05 16:23:58 Trace at /home/advocate/Advocate/Experiments/Advocate/helper/aplas/output/sameElementType/0/blocking/kubernetes/70277/advocateTrace does not contain any elements
2026/06/05 16:23:58 Read trace with 0 elements in 0 routines
2026/06/05 16:23:58 Start Analysis
2026/06/05 16:23:58 Finished HB analysis
2026/06/05 16:23:58 [31mAnalysis was canceled due to insufficient RAM[0m
2026/06/05 16:23:58 Create statistics
2026/06/05 16:23:58 Finished run for TestKubernetes70277
2026/06/05 16:23:58 Parse recorded trace for fuzzing information
2026/06/05 16:23:58 [31mFuzzing run was canceled due to memory[0m
2026/06/05 16:23:58 Finish fuzzing after 1 runs
2026/06/05 16:23:58 Processing file: /home/advocate/Advocate/Experiments/Advocate/helper/aplas/output/sameElementType/0/blocking/moby/17176/moby17176_test.go
2026/06/05 16:23:58 [31mWait RAM[0m
2026/06/05 16:24:04 [31mWait RAM[0m
2026/06/05 16:24:05 [33mRAM Reset[0m
2026/06/05 16:24:10 Fuzzing Run:  1
2026/06/05 16:24:10 Create  /home/advocate/Advocate/Experiments/Advocate/helper/aplas/output/sameElementType/0/advocateResult/file(53)-test(1)-moby17176_test-TestMoby17176
2026/06/05 16:24:10 Execute Test
2026/06/05 16:24:11 Text executed
2026/06/05 16:24:11 Run the analyzer for /home/advocate/Advocate/Experiments/Advocate/helper/aplas/output/sameElementType/0/blocking/moby/17176/advocateTrace
2026/06/05 16:24:11 Read trace with 6 elements in 2 routines
2026/06/05 16:24:11 Start Analysis
2026/06/05 16:24:11 Finished HB analysis
2026/06/05 16:24:11 Analysis finished
2026/06/05 16:24:11 Start rewrite
2026/06/05 16:24:11 Finished Rewrite
2026/06/05 16:24:11 Number Results:  4
2026/06/05 16:24:11 Successfully rewrites:  0
2026/06/05 16:24:11 No need/not possible to rewrite:  4
2026/06/05 16:24:11 Failed rewrites:  0
2026/06/05 16:24:11 Start guided execution
2026/06/05 16:24:11 Found 0 rewritten traces
2026/06/05 16:24:11 Create bug reports
2026/06/05 16:24:11 [31mline number out of range[0m
2026/06/05 16:24:11 [31mline number out of range[0m
2026/06/05 16:24:11 [32mFound Actual Non-Cyclic Blocking Bug.[0m
2026/06/05 16:24:11 Create statistics
2026/06/05 16:24:11 Finished run for TestMoby17176
2026/06/05 16:24:11 Parse recorded trace for fuzzing information
2026/06/05 16:24:11 Create mutations
2026/06/05 16:24:11 Create GoPie mutations
2026/06/05 16:24:11 Mutate 0 scheduling chains
2026/06/05 16:24:11 Write 0 mutations to file
2026/06/05 16:24:11 Create statistics
2026/06/05 16:24:11 Current fuzzing queue size: 0
2026/06/05 16:24:11 Remaining fuzzing time: 9:58 min
2026/06/05 16:24:11 Finish fuzzing after 1 runs
2026/06/05 16:24:11 Processing file: /home/advocate/Advocate/Experiments/Advocate/helper/aplas/output/sameElementType/0/blocking/moby/21233/moby21233_test.go
2026/06/05 16:24:11 Fuzzing Run:  1
2026/06/05 16:24:11 Create  /home/advocate/Advocate/Experiments/Advocate/helper/aplas/output/sameElementType/0/advocateResult/file(54)-test(1)-moby21233_test-TestMoby21233
2026/06/05 16:24:11 Execute Test
2026/06/05 16:24:12 Text executed
2026/06/05 16:24:12 Run the analyzer for /home/advocate/Advocate/Experiments/Advocate/helper/aplas/output/sameElementType/0/blocking/moby/21233/advocateTrace
2026/06/05 16:24:12 Read trace with 69 elements in 6 routines
2026/06/05 16:24:12 Start Analysis
2026/06/05 16:24:12 Finished HB analysis
2026/06/05 16:24:12 Analysis finished
2026/06/05 16:24:12 Start rewrite
2026/06/05 16:24:12 Finished Rewrite
2026/06/05 16:24:12 Number Results:  4
2026/06/05 16:24:12 Successfully rewrites:  0
2026/06/05 16:24:12 No need/not possible to rewrite:  4
2026/06/05 16:24:12 Failed rewrites:  0
2026/06/05 16:24:12 Start guided execution
2026/06/05 16:24:12 Found 0 rewritten traces
2026/06/05 16:24:12 Create bug reports
2026/06/05 16:24:12 [31mline number out of range[0m
2026/06/05 16:24:12 [31mline number out of range[0m
2026/06/05 16:24:12 [32mFound Actual Non-Cyclic Blocking Bug.[0m
2026/06/05 16:24:12 Create statistics
2026/06/05 16:24:12 Finished run for TestMoby21233
2026/06/05 16:24:12 Parse recorded trace for fuzzing information
2026/06/05 16:24:12 Create mutations
2026/06/05 16:24:12 Create GoPie mutations
2026/06/05 16:24:12 Mutate 24 scheduling chains
2026/06/05 16:24:12 Write 3 special mutation to file
2026/06/05 16:24:12 Write 0 mutations to file
2026/06/05 16:24:12 Create statistics
2026/06/05 16:24:12 Current fuzzing queue size: 0
2026/06/05 16:24:12 Remaining fuzzing time: 9:58 min
2026/06/05 16:24:12 Finish fuzzing after 1 runs
2026/06/05 16:24:12 Processing file: /home/advocate/Advocate/Experiments/Advocate/helper/aplas/output/sameElementType/0/blocking/moby/25384/moby25384_test.go
2026/06/05 16:24:12 Fuzzing Run:  1
2026/06/05 16:24:12 Create  /home/advocate/Advocate/Experiments/Advocate/helper/aplas/output/sameElementType/0/advocateResult/file(55)-test(1)-moby25384_test-TestMoby25384
2026/06/05 16:24:12 Execute Test
2026/06/05 16:24:14 Text executed
2026/06/05 16:24:14 Run the analyzer for /home/advocate/Advocate/Experiments/Advocate/helper/aplas/output/sameElementType/0/blocking/moby/25384/advocateTrace
2026/06/05 16:24:14 Read trace with 7 elements in 3 routines
2026/06/05 16:24:14 Start Analysis
2026/06/05 16:24:14 Finished HB analysis
2026/06/05 16:24:14 Analysis finished
2026/06/05 16:24:14 Start rewrite
2026/06/05 16:24:14 Finished Rewrite
2026/06/05 16:24:14 Number Results:  4
2026/06/05 16:24:14 Successfully rewrites:  0
2026/06/05 16:24:14 No need/not possible to rewrite:  4
2026/06/05 16:24:14 Failed rewrites:  0
2026/06/05 16:24:14 Start guided execution
2026/06/05 16:24:14 Found 0 rewritten traces
2026/06/05 16:24:14 Create bug reports
2026/06/05 16:24:14 [31mline number out of range[0m
2026/06/05 16:24:14 [31mline number out of range[0m
2026/06/05 16:24:14 [32mFound Actual Non-Cyclic Blocking Bug.[0m
2026/06/05 16:24:14 Create statistics
2026/06/05 16:24:14 Finished run for TestMoby25384
2026/06/05 16:24:14 Parse recorded trace for fuzzing information
2026/06/05 16:24:14 Create mutations
2026/06/05 16:24:14 Create GoPie mutations
2026/06/05 16:24:14 Mutate 24 scheduling chains
2026/06/05 16:24:14 Write 0 mutations to file
2026/06/05 16:24:14 Create statistics
2026/06/05 16:24:14 Current fuzzing queue size: 0
2026/06/05 16:24:14 Remaining fuzzing time: 9:58 min
2026/06/05 16:24:14 Finish fuzzing after 1 runs
2026/06/05 16:24:14 Processing file: /home/advocate/Advocate/Experiments/Advocate/helper/aplas/output/sameElementType/0/blocking/moby/27782/moby27782_test.go
2026/06/05 16:24:14 Fuzzing Run:  1
2026/06/05 16:24:14 Create  /home/advocate/Advocate/Experiments/Advocate/helper/aplas/output/sameElementType/0/advocateResult/file(56)-test(1)-moby27782_test-TestMoby27782
2026/06/05 16:24:14 Execute Test
2026/06/05 16:24:15 Text executed
2026/06/05 16:24:15 Run the analyzer for /home/advocate/Advocate/Experiments/Advocate/helper/aplas/output/sameElementType/0/blocking/moby/27782/advocateTrace
2026/06/05 16:24:15 Read trace with 19 elements in 5 routines
2026/06/05 16:24:15 Start Analysis
2026/06/05 16:24:15 Finished HB analysis
2026/06/05 16:24:15 Analysis finished
2026/06/05 16:24:15 Start rewrite
2026/06/05 16:24:15 Finished Rewrite
2026/06/05 16:24:15 Number Results:  4
2026/06/05 16:24:15 Successfully rewrites:  0
2026/06/05 16:24:15 No need/not possible to rewrite:  4
2026/06/05 16:24:15 Failed rewrites:  0
2026/06/05 16:24:15 Start guided execution
2026/06/05 16:24:15 Found 0 rewritten traces
2026/06/05 16:24:15 Create bug reports
2026/06/05 16:24:15 [31mline number out of range[0m
2026/06/05 16:24:15 [31mline number out of range[0m
2026/06/05 16:24:15 [32mFound Actual Non-Cyclic Blocking Bug.[0m
2026/06/05 16:24:15 Create statistics
2026/06/05 16:24:15 Finished run for TestMoby27782
2026/06/05 16:24:15 Parse recorded trace for fuzzing information
2026/06/05 16:24:15 Create mutations
2026/06/05 16:24:15 Create GoPie mutations
2026/06/05 16:24:15 Mutate 0 scheduling chains
2026/06/05 16:24:15 Write 2 special mutation to file
2026/06/05 16:24:15 Write 0 mutations to file
2026/06/05 16:24:15 Create statistics
2026/06/05 16:24:15 Current fuzzing queue size: 0
2026/06/05 16:24:15 Remaining fuzzing time: 9:58 min
2026/06/05 16:24:15 Finish fuzzing after 1 runs
2026/06/05 16:24:15 Processing file: /home/advocate/Advocate/Experiments/Advocate/helper/aplas/output/sameElementType/0/blocking/moby/28462/moby28462_test.go
2026/06/05 16:24:15 Fuzzing Run:  1
2026/06/05 16:24:15 Create  /home/advocate/Advocate/Experiments/Advocate/helper/aplas/output/sameElementType/0/advocateResult/file(57)-test(1)-moby28462_test-TestMoby28462
2026/06/05 16:24:15 Execute Test
2026/06/05 16:24:16 Text executed
2026/06/05 16:24:16 Run the analyzer for /home/advocate/Advocate/Experiments/Advocate/helper/aplas/output/sameElementType/0/blocking/moby/28462/advocateTrace
2026/06/05 16:24:16 Read trace with 10 elements in 3 routines
2026/06/05 16:24:16 Start Analysis
2026/06/05 16:24:16 Finished HB analysis
2026/06/05 16:24:16 Analysis finished
2026/06/05 16:24:16 Start rewrite
2026/06/05 16:24:16 Finished Rewrite
2026/06/05 16:24:16 Number Results:  4
2026/06/05 16:24:16 Successfully rewrites:  0
2026/06/05 16:24:16 No need/not possible to rewrite:  4
2026/06/05 16:24:16 Failed rewrites:  0
2026/06/05 16:24:16 Start guided execution
2026/06/05 16:24:16 Found 0 rewritten traces
2026/06/05 16:24:16 Create bug reports
2026/06/05 16:24:16 [31mline number out of range[0m
2026/06/05 16:24:16 [31mline number out of range[0m
2026/06/05 16:24:16 Create statistics
2026/06/05 16:24:16 Finished run for TestMoby28462
2026/06/05 16:24:16 Parse recorded trace for fuzzing information
2026/06/05 16:24:16 Create mutations
2026/06/05 16:24:16 Create GoPie mutations
2026/06/05 16:24:16 Mutate 0 scheduling chains
2026/06/05 16:24:16 Write 0 mutations to file
2026/06/05 16:24:16 Create statistics
2026/06/05 16:24:16 Current fuzzing queue size: 0
2026/06/05 16:24:16 Remaining fuzzing time: 9:58 min
2026/06/05 16:24:16 Finish fuzzing after 1 runs
2026/06/05 16:24:16 Processing file: /home/advocate/Advocate/Experiments/Advocate/helper/aplas/output/sameElementType/0/blocking/moby/29733/moby29733_test.go
2026/06/05 16:24:16 Fuzzing Run:  1
2026/06/05 16:24:16 Create  /home/advocate/Advocate/Experiments/Advocate/helper/aplas/output/sameElementType/0/advocateResult/file(58)-test(1)-moby29733_test-TestMoby29733
2026/06/05 16:24:16 Execute Test
2026/06/05 16:24:16 [31mNot enough RAM[0m
2026/06/05 16:24:16 goroutine 8 [running]:
advocate/utils/control.printAllGoroutines()
	/home/advocate/Advocate/Experiments/Advocate/advocate/utils/control/utils.go:20 +0x3d
advocate/utils/control.cancelRAM(0x77cd50, 0x77cd48, 0x77cd58)
	/home/advocate/Advocate/Experiments/Advocate/advocate/utils/control/memory.go:109 +0x6e
advocate/utils/control.Supervisor(0x77cd50, 0x77cd48, 0x77cd58)
	/home/advocate/Advocate/Experiments/Advocate/advocate/utils/control/memory.go:79 +0x12f
created by advocate/run.Run in goroutine 1
	/home/advocate/Advocate/Experiments/Advocate/advocate/run/run.go:63 +0x26f

goroutine 1 [syscall]:
syscall.Syscall6(0xf7, 0x3, 0x9, 0x11d526d2f1c8, 0x4, 0x11d52970ec60, 0x0)
	/usr/lib/go-1.26/src/syscall/syscall_linux.go:96 +0x39
internal/syscall/unix.Waitid(0x4f436d?, 0x11d52665c1c0?, 0x0?, 0x11d5266fdab0?, 0x7?)
	/usr/lib/go-1.26/src/internal/syscall/unix/waitid_linux.go:18 +0x39
os.(*Process).pidfdWait.func1(...)
	/usr/lib/go-1.26/src/os/pidfd_linux.go:108
os.ignoringEINTR(...)
	/usr/lib/go-1.26/src/os/file_posix.go:256
os.(*Process).pidfdWait(0x11d52972c140)
	/usr/lib/go-1.26/src/os/pidfd_linux.go:107 +0x1c7
os.(*Process).wait(0x11d5295edd40?)
	/usr/lib/go-1.26/src/os/exec_unix.go:25 +0x1a
os.(*Process).Wait(...)
	/usr/lib/go-1.26/src/os/exec.go:346
os/exec.(*Cmd).Wait(0x11d5295edd40)
	/usr/lib/go-1.26/src/os/exec/exec.go:930 +0x45
os/exec.(*Cmd).Run(0x11d5295edd40)
	/usr/lib/go-1.26/src/os/exec/exec.go:632 +0x2d
advocate/utils/command.RunCommand(0x11d526640060, 0x11d526640068, 0x11d52665c180?, {0x11d52665c1c0, 0x3b}, {0x11d526d2f550, 0x6, 0x6})
	/home/advocate/Advocate/Experiments/Advocate/advocate/utils/command/runCommands.go:66 +0x20f
advocate/toolchain.unitTestRecord({0x11d5295f9e78, 0x15}, {0x11d529714380, 0x78}, {0x11d526e7d301, 0xd}, 0x0, {0x0, 0x0}, {0x75faa9, ...}, ...)
	/home/advocate/Advocate/Experiments/Advocate/advocate/toolchain/fullWorkflowUnit.go:572 +0x550
advocate/toolchain.unitTestFullWorkflow({0x11d52665c140?, 0x2c}, {0x7fff872990ff, 0x52}, 0x1, 0x1, 0x1, {0x11d526e7d301, 0xd}, {0x11d5295f9e78, ...}, ...)
	/home/advocate/Advocate/Experiments/Advocate/advocate/toolchain/fullWorkflowUnit.go:470 +0x51a
advocate/toolchain.runWorkflowUnit({0x7fff872990ff, 0x52}, 0x1, 0x1, 0x1, {0x11d5267a7500, 0x78}, 0x0, {0x0, 0x0}, ...)
	/home/advocate/Advocate/Experiments/Advocate/advocate/toolchain/fullWorkflowUnit.go:171 +0x1190
advocate/toolchain.Run({0x75dd74, 0x4}, {0x11d5267a7500, 0x78}, 0x1, 0x1, 0x1, 0x0, {0x0, 0x0}, ...)
	/home/advocate/Advocate/Experiments/Advocate/advocate/toolchain/toolchain.go:72 +0x389
advocate/fuzzing.runFuzzing({0x11d5267a7500, 0x78}, 0x0, 0x3a, 0x1)
	/home/advocate/Advocate/Experiments/Advocate/advocate/fuzzing/fuzzing.go:217 +0x57b
advocate/fuzzing.Fuzzing()
	/home/advocate/Advocate/Experiments/Advocate/advocate/fuzzing/fuzzing.go:135 +0xea5
advocate/run.modeFuzzing()
	/home/advocate/Advocate/Experiments/Advocate/advocate/run/modes.go:34 +0x5e
advocate/run.Run()
	/home/advocate/Advocate/Experiments/Advocate/advocate/run/run.go:100 +0x5b5
main.main()
	/home/advocate/Advocate/Experiments/Advocate/advocate/main.go:28 +0x1c

goroutine 317 [select]:
os/exec.(*Cmd).watchCtx(0x11d5295edd40, 0x11d52971dd50)
	/usr/lib/go-1.26/src/os/exec/exec.go:797 +0xb1
created by os/exec.(*Cmd).Start in goroutine 1
	/usr/lib/go-1.26/src/os/exec/exec.go:783 +0x8f5
2026/06/05 16:24:16 Text executed
2026/06/05 16:24:16 Run the analyzer for /home/advocate/Advocate/Experiments/Advocate/helper/aplas/output/sameElementType/0/blocking/moby/29733/advocateTrace
2026/06/05 16:24:16 Trace at /home/advocate/Advocate/Experiments/Advocate/helper/aplas/output/sameElementType/0/blocking/moby/29733/advocateTrace does not contain any elements
2026/06/05 16:24:16 Read trace with 0 elements in 0 routines
2026/06/05 16:24:16 Start Analysis
2026/06/05 16:24:16 Finished HB analysis
2026/06/05 16:24:16 [31mAnalysis was canceled due to insufficient RAM[0m
2026/06/05 16:24:16 Create statistics
2026/06/05 16:24:16 Finished run for TestMoby29733
2026/06/05 16:24:16 Parse recorded trace for fuzzing information
2026/06/05 16:24:16 [31mFuzzing run was canceled due to memory[0m
2026/06/05 16:24:16 Finish fuzzing after 1 runs
2026/06/05 16:24:16 Processing file: /home/advocate/Advocate/Experiments/Advocate/helper/aplas/output/sameElementType/0/blocking/moby/30408/moby30408_test.go
2026/06/05 16:24:16 [31mWait RAM[0m
2026/06/05 16:24:22 [31mWait RAM[0m
2026/06/05 16:24:23 [33mRAM Reset[0m
2026/06/05 16:24:28 Fuzzing Run:  1
2026/06/05 16:24:28 Create  /home/advocate/Advocate/Experiments/Advocate/helper/aplas/output/sameElementType/0/advocateResult/file(59)-test(1)-moby30408_test-TestMoby30408
2026/06/05 16:24:28 Execute Test
2026/06/05 16:24:31 [31mNot enough RAM[0m
2026/06/05 16:24:31 goroutine 8 [running]:
advocate/utils/control.printAllGoroutines()
	/home/advocate/Advocate/Experiments/Advocate/advocate/utils/control/utils.go:20 +0x3d
advocate/utils/control.cancelRAM(0x77cd50, 0x77cd48, 0x77cd58)
	/home/advocate/Advocate/Experiments/Advocate/advocate/utils/control/memory.go:109 +0x6e
advocate/utils/control.Supervisor(0x77cd50, 0x77cd48, 0x77cd58)
	/home/advocate/Advocate/Experiments/Advocate/advocate/utils/control/memory.go:79 +0x12f
created by advocate/run.Run in goroutine 1
	/home/advocate/Advocate/Experiments/Advocate/advocate/run/run.go:63 +0x26f

goroutine 1 [syscall]:
syscall.Syscall6(0xf7, 0x3, 0x9, 0x11d526d2d1c8, 0x4, 0x11d528a1b830, 0x0)
	/usr/lib/go-1.26/src/syscall/syscall_linux.go:96 +0x39
internal/syscall/unix.Waitid(0x4f436d?, 0x11d52665c1c0?, 0x0?, 0x11d5272803f0?, 0x7?)
	/usr/lib/go-1.26/src/internal/syscall/unix/waitid_linux.go:18 +0x39
os.(*Process).pidfdWait.func1(...)
	/usr/lib/go-1.26/src/os/pidfd_linux.go:108
os.ignoringEINTR(...)
	/usr/lib/go-1.26/src/os/file_posix.go:256
os.(*Process).pidfdWait(0x11d526d9dcc0)
	/usr/lib/go-1.26/src/os/pidfd_linux.go:107 +0x1c7
os.(*Process).wait(0x11d526716680?)
	/usr/lib/go-1.26/src/os/exec_unix.go:25 +0x1a
os.(*Process).Wait(...)
	/usr/lib/go-1.26/src/os/exec.go:346
os/exec.(*Cmd).Wait(0x11d526716680)
	/usr/lib/go-1.26/src/os/exec/exec.go:930 +0x45
os/exec.(*Cmd).Run(0x11d526716680)
	/usr/lib/go-1.26/src/os/exec/exec.go:632 +0x2d
advocate/utils/command.RunCommand(0x11d526640060, 0x11d526640068, 0x11d52665c180?, {0x11d52665c1c0, 0x3b}, {0x11d526d2d550, 0x6, 0x6})
	/home/advocate/Advocate/Experiments/Advocate/advocate/utils/command/runCommands.go:66 +0x20f
advocate/toolchain.unitTestRecord({0x11d526657188, 0x15}, {0x11d52674a880, 0x78}, {0x11d527c98b27, 0xd}, 0x0, {0x0, 0x0}, {0x75faa9, ...}, ...)
	/home/advocate/Advocate/Experiments/Advocate/advocate/toolchain/fullWorkflowUnit.go:572 +0x550
advocate/toolchain.unitTestFullWorkflow({0x11d52665c140?, 0x2c}, {0x7fff872990ff, 0x52}, 0x1, 0x1, 0x1, {0x11d527c98b27, 0xd}, {0x11d526657188, ...}, ...)
	/home/advocate/Advocate/Experiments/Advocate/advocate/toolchain/fullWorkflowUnit.go:470 +0x51a
advocate/toolchain.runWorkflowUnit({0x7fff872990ff, 0x52}, 0x1, 0x1, 0x1, {0x11d5267a7680, 0x78}, 0x0, {0x0, 0x0}, ...)
	/home/advocate/Advocate/Experiments/Advocate/advocate/toolchain/fullWorkflowUnit.go:171 +0x1190
advocate/toolchain.Run({0x75dd74, 0x4}, {0x11d5267a7680, 0x78}, 0x1, 0x1, 0x1, 0x0, {0x0, 0x0}, ...)
	/home/advocate/Advocate/Experiments/Advocate/advocate/toolchain/toolchain.go:72 +0x389
advocate/fuzzing.runFuzzing({0x11d5267a7680, 0x78}, 0x0, 0x3b, 0x1)
	/home/advocate/Advocate/Experiments/Advocate/advocate/fuzzing/fuzzing.go:217 +0x57b
advocate/fuzzing.Fuzzing()
	/home/advocate/Advocate/Experiments/Advocate/advocate/fuzzing/fuzzing.go:135 +0xea5
advocate/run.modeFuzzing()
	/home/advocate/Advocate/Experiments/Advocate/advocate/run/modes.go:34 +0x5e
advocate/run.Run()
	/home/advocate/Advocate/Experiments/Advocate/advocate/run/run.go:100 +0x5b5
main.main()
	/home/advocate/Advocate/Experiments/Advocate/advocate/main.go:28 +0x1c

goroutine 355 [select]:
os/exec.(*Cmd).watchCtx(0x11d526716680, 0x11d526c60620)
	/usr/lib/go-1.26/src/os/exec/exec.go:797 +0xb1
created by os/exec.(*Cmd).Start in goroutine 1
	/usr/lib/go-1.26/src/os/exec/exec.go:783 +0x8f5
2026/06/05 16:24:31 Text executed
2026/06/05 16:24:31 Run the analyzer for /home/advocate/Advocate/Experiments/Advocate/helper/aplas/output/sameElementType/0/blocking/moby/30408/advocateTrace
2026/06/05 16:24:31 Trace at /home/advocate/Advocate/Experiments/Advocate/helper/aplas/output/sameElementType/0/blocking/moby/30408/advocateTrace does not contain any elements
2026/06/05 16:24:31 Read trace with 0 elements in 0 routines
2026/06/05 16:24:31 Start Analysis
2026/06/05 16:24:31 Finished HB analysis
2026/06/05 16:24:31 [31mAnalysis was canceled due to insufficient RAM[0m
2026/06/05 16:24:31 Create statistics
2026/06/05 16:24:31 Finished run for TestMoby30408
2026/06/05 16:24:31 Parse recorded trace for fuzzing information
2026/06/05 16:24:31 [31mFuzzing run was canceled due to memory[0m
2026/06/05 16:24:31 Finish fuzzing after 1 runs
2026/06/05 16:24:31 Processing file: /home/advocate/Advocate/Experiments/Advocate/helper/aplas/output/sameElementType/0/blocking/moby/33293/moby33293_test.go
2026/06/05 16:24:31 [31mWait RAM[0m
2026/06/05 16:24:37 [31mWait RAM[0m
2026/06/05 16:24:38 [33mRAM Reset[0m
2026/06/05 16:24:43 Fuzzing Run:  1
2026/06/05 16:24:43 Create  /home/advocate/Advocate/Experiments/Advocate/helper/aplas/output/sameElementType/0/advocateResult/file(60)-test(1)-moby33293_test-TestMoby33293
2026/06/05 16:24:43 Execute Test
2026/06/05 16:24:43 [31mNot enough RAM[0m
2026/06/05 16:24:43 goroutine 8 [running]:
advocate/utils/control.printAllGoroutines()
	/home/advocate/Advocate/Experiments/Advocate/advocate/utils/control/utils.go:20 +0x3d
advocate/utils/control.cancelRAM(0x77cd50, 0x77cd48, 0x77cd58)
	/home/advocate/Advocate/Experiments/Advocate/advocate/utils/control/memory.go:109 +0x6e
advocate/utils/control.Supervisor(0x77cd50, 0x77cd48, 0x77cd58)
	/home/advocate/Advocate/Experiments/Advocate/advocate/utils/control/memory.go:79 +0x12f
created by advocate/run.Run in goroutine 1
	/home/advocate/Advocate/Experiments/Advocate/advocate/run/run.go:63 +0x26f

goroutine 1 [syscall]:
syscall.Syscall6(0xf7, 0x3, 0x9, 0x11d526d251c8, 0x4, 0x11d527bfdb00, 0x0)
	/usr/lib/go-1.26/src/syscall/syscall_linux.go:96 +0x39
internal/syscall/unix.Waitid(0x4f436d?, 0x11d52665c1c0?, 0x0?, 0x11d526ee8f60?, 0x2?)
	/usr/lib/go-1.26/src/internal/syscall/unix/waitid_linux.go:18 +0x39
os.(*Process).pidfdWait.func1(...)
	/usr/lib/go-1.26/src/os/pidfd_linux.go:108
os.ignoringEINTR(...)
	/usr/lib/go-1.26/src/os/file_posix.go:256
os.(*Process).pidfdWait(0x11d526d9c1c0)
	/usr/lib/go-1.26/src/os/pidfd_linux.go:107 +0x1c7
os.(*Process).wait(0x11d5267161a0?)
	/usr/lib/go-1.26/src/os/exec_unix.go:25 +0x1a
os.(*Process).Wait(...)
	/usr/lib/go-1.26/src/os/exec.go:346
os/exec.(*Cmd).Wait(0x11d5267161a0)
	/usr/lib/go-1.26/src/os/exec/exec.go:930 +0x45
os/exec.(*Cmd).Run(0x11d5267161a0)
	/usr/lib/go-1.26/src/os/exec/exec.go:632 +0x2d
advocate/utils/command.RunCommand(0x11d526640060, 0x11d526640068, 0x11d52665c180?, {0x11d52665c1c0, 0x3b}, {0x11d526d255b0, 0x1, 0x1})
	/home/advocate/Advocate/Experiments/Advocate/advocate/utils/command/runCommands.go:66 +0x20f
advocate/toolchain.unitTestRecord({0x11d526657188, 0x15}, {0x11d52923b700, 0x78}, {0x11d527d8e85b, 0xd}, 0x0, {0x0, 0x0}, {0x75faa9, ...}, ...)
	/home/advocate/Advocate/Experiments/Advocate/advocate/toolchain/fullWorkflowUnit.go:569 +0x372
advocate/toolchain.unitTestFullWorkflow({0x11d52665c140?, 0x2c}, {0x7fff872990ff, 0x52}, 0x1, 0x1, 0x1, {0x11d527d8e85b, 0xd}, {0x11d526657188, ...}, ...)
	/home/advocate/Advocate/Experiments/Advocate/advocate/toolchain/fullWorkflowUnit.go:470 +0x51a
advocate/toolchain.runWorkflowUnit({0x7fff872990ff, 0x52}, 0x1, 0x1, 0x1, {0x11d5267a7800, 0x78}, 0x0, {0x0, 0x0}, ...)
	/home/advocate/Advocate/Experiments/Advocate/advocate/toolchain/fullWorkflowUnit.go:171 +0x1190
advocate/toolchain.Run({0x75dd74, 0x4}, {0x11d5267a7800, 0x78}, 0x1, 0x1, 0x1, 0x0, {0x0, 0x0}, ...)
	/home/advocate/Advocate/Experiments/Advocate/advocate/toolchain/toolchain.go:72 +0x389
advocate/fuzzing.runFuzzing({0x11d5267a7800, 0x78}, 0x0, 0x3c, 0x1)
	/home/advocate/Advocate/Experiments/Advocate/advocate/fuzzing/fuzzing.go:217 +0x57b
advocate/fuzzing.Fuzzing()
	/home/advocate/Advocate/Experiments/Advocate/advocate/fuzzing/fuzzing.go:135 +0xea5
advocate/run.modeFuzzing()
	/home/advocate/Advocate/Experiments/Advocate/advocate/run/modes.go:34 +0x5e
advocate/run.Run()
	/home/advocate/Advocate/Experiments/Advocate/advocate/run/run.go:100 +0x5b5
main.main()
	/home/advocate/Advocate/Experiments/Advocate/advocate/main.go:28 +0x1c

goroutine 356 [select]:
os/exec.(*Cmd).watchCtx(0x11d5267161a0, 0x11d526ab0620)
	/usr/lib/go-1.26/src/os/exec/exec.go:797 +0xb1
created by os/exec.(*Cmd).Start in goroutine 1
	/usr/lib/go-1.26/src/os/exec/exec.go:783 +0x8f5
2026/06/05 16:24:44 Text executed
2026/06/05 16:24:44 Run the analyzer for /home/advocate/Advocate/Experiments/Advocate/helper/aplas/output/sameElementType/0/blocking/moby/33293/advocateTrace
2026/06/05 16:24:44 [31mCanceled by memory[0m
2026/06/05 16:24:44 Create statistics
2026/06/05 16:24:44 Finished run for TestMoby33293
2026/06/05 16:24:44 Parse recorded trace for fuzzing information
2026/06/05 16:24:44 [31mFuzzing run was canceled due to memory[0m
2026/06/05 16:24:44 Finish fuzzing after 1 runs
2026/06/05 16:24:44 Processing file: /home/advocate/Advocate/Experiments/Advocate/helper/aplas/output/sameElementType/0/blocking/moby/33781/moby33781_test.go
2026/06/05 16:24:44 [31mWait RAM[0m
2026/06/05 16:24:50 [33mRAM Reset[0m
2026/06/05 16:24:50 Fuzzing Run:  1
2026/06/05 16:24:50 Create  /home/advocate/Advocate/Experiments/Advocate/helper/aplas/output/sameElementType/0/advocateResult/file(61)-test(1)-moby33781_test-TestMoby33781
2026/06/05 16:24:50 Execute Test
2026/06/05 16:24:52 Text executed
2026/06/05 16:24:52 Run the analyzer for /home/advocate/Advocate/Experiments/Advocate/helper/aplas/output/sameElementType/0/blocking/moby/33781/advocateTrace
2026/06/05 16:24:52 Read trace with 24 elements in 4 routines
2026/06/05 16:24:52 Start Analysis
2026/06/05 16:24:52 Finished HB analysis
2026/06/05 16:24:52 Analysis finished
2026/06/05 16:24:52 Start rewrite
2026/06/05 16:24:52 Finished Rewrite
2026/06/05 16:24:52 Number Results:  5
2026/06/05 16:24:52 Successfully rewrites:  0
2026/06/05 16:24:52 No need/not possible to rewrite:  5
2026/06/05 16:24:52 Failed rewrites:  0
2026/06/05 16:24:52 Start guided execution
2026/06/05 16:24:52 Found 0 rewritten traces
2026/06/05 16:24:52 Create bug reports
2026/06/05 16:24:52 [32mFound Possible Send on Closed Channel.[0m
2026/06/05 16:24:52 [31mline number out of range[0m
2026/06/05 16:24:52 [31mline number out of range[0m
2026/06/05 16:24:52 Create statistics
2026/06/05 16:24:52 Finished run for TestMoby33781
2026/06/05 16:24:52 Parse recorded trace for fuzzing information
2026/06/05 16:24:52 Create mutations
2026/06/05 16:24:52 Create GoPie mutations
2026/06/05 16:24:52 Mutate 24 scheduling chains
2026/06/05 16:24:52 Write 1 special mutation to file
2026/06/05 16:24:52 Write 0 mutations to file
2026/06/05 16:24:52 Create statistics
2026/06/05 16:24:52 Current fuzzing queue size: 0
2026/06/05 16:24:52 Remaining fuzzing time: 9:58 min
2026/06/05 16:24:52 Finish fuzzing after 1 runs
2026/06/05 16:24:52 Processing file: /home/advocate/Advocate/Experiments/Advocate/helper/aplas/output/sameElementType/0/blocking/moby/36114/moby36114_test.go
2026/06/05 16:24:52 Fuzzing Run:  1
2026/06/05 16:24:52 Create  /home/advocate/Advocate/Experiments/Advocate/helper/aplas/output/sameElementType/0/advocateResult/file(62)-test(1)-moby36114_test-TestMoby36114
2026/06/05 16:24:52 Execute Test
2026/06/05 16:24:52 [31mNot enough RAM[0m
2026/06/05 16:24:52 goroutine 8 [running]:
advocate/utils/control.printAllGoroutines()
	/home/advocate/Advocate/Experiments/Advocate/advocate/utils/control/utils.go:20 +0x3d
advocate/utils/control.cancelRAM(0x77cd50, 0x77cd48, 0x77cd58)
	/home/advocate/Advocate/Experiments/Advocate/advocate/utils/control/memory.go:109 +0x6e
advocate/utils/control.Supervisor(0x77cd50, 0x77cd48, 0x77cd58)
	/home/advocate/Advocate/Experiments/Advocate/advocate/utils/control/memory.go:79 +0x12f
created by advocate/run.Run in goroutine 1
	/home/advocate/Advocate/Experiments/Advocate/advocate/run/run.go:63 +0x26f

goroutine 1 [syscall]:
syscall.Syscall6(0xf7, 0x3, 0x9, 0x11d52931b1c8, 0x4, 0x11d526bd62d0, 0x0)
	/usr/lib/go-1.26/src/syscall/syscall_linux.go:96 +0x39
internal/syscall/unix.Waitid(0x4f436d?, 0x11d52665c1c0?, 0x0?, 0x11d5266fcc40?, 0x7?)
	/usr/lib/go-1.26/src/internal/syscall/unix/waitid_linux.go:18 +0x39
os.(*Process).pidfdWait.func1(...)
	/usr/lib/go-1.26/src/os/pidfd_linux.go:108
os.ignoringEINTR(...)
	/usr/lib/go-1.26/src/os/file_posix.go:256
os.(*Process).pidfdWait(0x11d52894a5c0)
	/usr/lib/go-1.26/src/os/pidfd_linux.go:107 +0x1c7
os.(*Process).wait(0x11d527e541a0?)
	/usr/lib/go-1.26/src/os/exec_unix.go:25 +0x1a
os.(*Process).Wait(...)
	/usr/lib/go-1.26/src/os/exec.go:346
os/exec.(*Cmd).Wait(0x11d527e541a0)
	/usr/lib/go-1.26/src/os/exec/exec.go:930 +0x45
os/exec.(*Cmd).Run(0x11d527e541a0)
	/usr/lib/go-1.26/src/os/exec/exec.go:632 +0x2d
advocate/utils/command.RunCommand(0x11d526640060, 0x11d526640068, 0x11d52665c180?, {0x11d52665c1c0, 0x3b}, {0x11d52931b550, 0x6, 0x6})
	/home/advocate/Advocate/Experiments/Advocate/advocate/utils/command/runCommands.go:66 +0x20f
advocate/toolchain.unitTestRecord({0x11d527c18918, 0x15}, {0x11d527de5700, 0x78}, {0x11d527e3029f, 0xd}, 0x0, {0x0, 0x0}, {0x75faa9, ...}, ...)
	/home/advocate/Advocate/Experiments/Advocate/advocate/toolchain/fullWorkflowUnit.go:572 +0x550
advocate/toolchain.unitTestFullWorkflow({0x11d52665c140?, 0x2c}, {0x7fff872990ff, 0x52}, 0x1, 0x1, 0x1, {0x11d527e3029f, 0xd}, {0x11d527c18918, ...}, ...)
	/home/advocate/Advocate/Experiments/Advocate/advocate/toolchain/fullWorkflowUnit.go:470 +0x51a
advocate/toolchain.runWorkflowUnit({0x7fff872990ff, 0x52}, 0x1, 0x1, 0x1, {0x11d5267a7b00, 0x78}, 0x0, {0x0, 0x0}, ...)
	/home/advocate/Advocate/Experiments/Advocate/advocate/toolchain/fullWorkflowUnit.go:171 +0x1190
advocate/toolchain.Run({0x75dd74, 0x4}, {0x11d5267a7b00, 0x78}, 0x1, 0x1, 0x1, 0x0, {0x0, 0x0}, ...)
	/home/advocate/Advocate/Experiments/Advocate/advocate/toolchain/toolchain.go:72 +0x389
advocate/fuzzing.runFuzzing({0x11d5267a7b00, 0x78}, 0x0, 0x3e, 0x1)
	/home/advocate/Advocate/Experiments/Advocate/advocate/fuzzing/fuzzing.go:217 +0x57b
advocate/fuzzing.Fuzzing()
	/home/advocate/Advocate/Experiments/Advocate/advocate/fuzzing/fuzzing.go:135 +0xea5
advocate/run.modeFuzzing()
	/home/advocate/Advocate/Experiments/Advocate/advocate/run/modes.go:34 +0x5e
advocate/run.Run()
	/home/advocate/Advocate/Experiments/Advocate/advocate/run/run.go:100 +0x5b5
main.main()
	/home/advocate/Advocate/Experiments/Advocate/advocate/main.go:28 +0x1c

goroutine 358 [select]:
os/exec.(*Cmd).watchCtx(0x11d527e541a0, 0x11d527e1db20)
	/usr/lib/go-1.26/src/os/exec/exec.go:797 +0xb1
created by os/exec.(*Cmd).Start in goroutine 1
	/usr/lib/go-1.26/src/os/exec/exec.go:783 +0x8f5
2026/06/05 16:24:52 Text executed
2026/06/05 16:24:52 Run the analyzer for /home/advocate/Advocate/Experiments/Advocate/helper/aplas/output/sameElementType/0/blocking/moby/36114/advocateTrace
2026/06/05 16:24:52 Trace at /home/advocate/Advocate/Experiments/Advocate/helper/aplas/output/sameElementType/0/blocking/moby/36114/advocateTrace does not contain any elements
2026/06/05 16:24:52 Read trace with 0 elements in 0 routines
2026/06/05 16:24:52 Start Analysis
2026/06/05 16:24:52 Finished HB analysis
2026/06/05 16:24:52 [31mAnalysis was canceled due to insufficient RAM[0m
2026/06/05 16:24:52 Create statistics
2026/06/05 16:24:52 Finished run for TestMoby36114
2026/06/05 16:24:52 Parse recorded trace for fuzzing information
2026/06/05 16:24:52 [31mFuzzing run was canceled due to memory[0m
2026/06/05 16:24:52 Finish fuzzing after 1 runs
2026/06/05 16:24:52 Processing file: /home/advocate/Advocate/Experiments/Advocate/helper/aplas/output/sameElementType/0/blocking/moby/4395/moby4395_test.go
2026/06/05 16:24:52 [31mWait RAM[0m
2026/06/05 16:24:58 [31mWait RAM[0m
2026/06/05 16:24:59 [33mRAM Reset[0m
2026/06/05 16:25:02 [31mNot enough RAM[0m
2026/06/05 16:25:02 goroutine 8 [running]:
advocate/utils/control.printAllGoroutines()
	/home/advocate/Advocate/Experiments/Advocate/advocate/utils/control/utils.go:20 +0x3d
advocate/utils/control.cancelRAM(0x77cd50, 0x77cd48, 0x77cd58)
	/home/advocate/Advocate/Experiments/Advocate/advocate/utils/control/memory.go:109 +0x6e
advocate/utils/control.Supervisor(0x77cd50, 0x77cd48, 0x77cd58)
	/home/advocate/Advocate/Experiments/Advocate/advocate/utils/control/memory.go:79 +0x12f
created by advocate/run.Run in goroutine 1
	/home/advocate/Advocate/Experiments/Advocate/advocate/run/run.go:63 +0x26f

goroutine 1 [sleep]:
time.Sleep(0x165a0bc00)
	/usr/lib/go-1.26/src/runtime/time.go:363 +0x165
advocate/fuzzing.Fuzzing()
	/home/advocate/Advocate/Experiments/Advocate/advocate/fuzzing/fuzzing.go:122 +0xbe7
advocate/run.modeFuzzing()
	/home/advocate/Advocate/Experiments/Advocate/advocate/run/modes.go:34 +0x5e
advocate/run.Run()
	/home/advocate/Advocate/Experiments/Advocate/advocate/run/run.go:100 +0x5b5
main.main()
	/home/advocate/Advocate/Experiments/Advocate/advocate/main.go:28 +0x1c
2026/06/05 16:25:04 [31mWait RAM[0m
2026/06/05 16:25:09 [33mRAM Reset[0m
2026/06/05 16:25:10 [31mNot enough RAM[0m
2026/06/05 16:25:10 goroutine 8 [running]:
advocate/utils/control.printAllGoroutines()
	/home/advocate/Advocate/Experiments/Advocate/advocate/utils/control/utils.go:20 +0x3d
advocate/utils/control.cancelRAM(0x77cd50, 0x77cd48, 0x77cd58)
	/home/advocate/Advocate/Experiments/Advocate/advocate/utils/control/memory.go:109 +0x6e
advocate/utils/control.Supervisor(0x77cd50, 0x77cd48, 0x77cd58)
	/home/advocate/Advocate/Experiments/Advocate/advocate/utils/control/memory.go:79 +0x12f
created by advocate/run.Run in goroutine 1
	/home/advocate/Advocate/Experiments/Advocate/advocate/run/run.go:63 +0x26f

goroutine 1 [sleep]:
time.Sleep(0x165a0bc00)
	/usr/lib/go-1.26/src/runtime/time.go:363 +0x165
advocate/fuzzing.Fuzzing()
	/home/advocate/Advocate/Experiments/Advocate/advocate/fuzzing/fuzzing.go:122 +0xbe7
advocate/run.modeFuzzing()
	/home/advocate/Advocate/Experiments/Advocate/advocate/run/modes.go:34 +0x5e
advocate/run.Run()
	/home/advocate/Advocate/Experiments/Advocate/advocate/run/run.go:100 +0x5b5
main.main()
	/home/advocate/Advocate/Experiments/Advocate/advocate/main.go:28 +0x1c
2026/06/05 16:25:10 [31mWait RAM[0m
2026/06/05 16:25:16 [31mWait RAM[0m
2026/06/05 16:25:17 [31mNot enough RAM[0m
2026/06/05 16:25:17 goroutine 8 [running]:
advocate/utils/control.printAllGoroutines()
	/home/advocate/Advocate/Experiments/Advocate/advocate/utils/control/utils.go:20 +0x3d
advocate/utils/control.cancelRAM(0x77cd50, 0x77cd48, 0x77cd58)
	/home/advocate/Advocate/Experiments/Advocate/advocate/utils/control/memory.go:109 +0x6e
advocate/utils/control.Supervisor(0x77cd50, 0x77cd48, 0x77cd58)
	/home/advocate/Advocate/Experiments/Advocate/advocate/utils/control/memory.go:79 +0x12f
created by advocate/run.Run in goroutine 1
	/home/advocate/Advocate/Experiments/Advocate/advocate/run/run.go:63 +0x26f

goroutine 1 [sleep]:
time.Sleep(0x165a0bc00)
	/usr/lib/go-1.26/src/runtime/time.go:363 +0x165
advocate/fuzzing.Fuzzing()
	/home/advocate/Advocate/Experiments/Advocate/advocate/fuzzing/fuzzing.go:122 +0xbe7
advocate/run.modeFuzzing()
	/home/advocate/Advocate/Experiments/Advocate/advocate/run/modes.go:34 +0x5e
advocate/run.Run()
	/home/advocate/Advocate/Experiments/Advocate/advocate/run/run.go:100 +0x5b5
main.main()
	/home/advocate/Advocate/Experiments/Advocate/advocate/main.go:28 +0x1c
2026/06/05 16:25:22 [31mWait RAM[0m
2026/06/05 16:25:24 [31mNot enough RAM[0m
2026/06/05 16:25:24 goroutine 8 [running]:
advocate/utils/control.printAllGoroutines()
	/home/advocate/Advocate/Experiments/Advocate/advocate/utils/control/utils.go:20 +0x3d
advocate/utils/control.cancelRAM(0x77cd50, 0x77cd48, 0x77cd58)
	/home/advocate/Advocate/Experiments/Advocate/advocate/utils/control/memory.go:109 +0x6e
advocate/utils/control.Supervisor(0x77cd50, 0x77cd48, 0x77cd58)
	/home/advocate/Advocate/Experiments/Advocate/advocate/utils/control/memory.go:79 +0x12f
created by advocate/run.Run in goroutine 1
	/home/advocate/Advocate/Experiments/Advocate/advocate/run/run.go:63 +0x26f

goroutine 1 [sleep]:
time.Sleep(0x165a0bc00)
	/usr/lib/go-1.26/src/runtime/time.go:363 +0x165
advocate/fuzzing.Fuzzing()
	/home/advocate/Advocate/Experiments/Advocate/advocate/fuzzing/fuzzing.go:122 +0xbe7
advocate/run.modeFuzzing()
	/home/advocate/Advocate/Experiments/Advocate/advocate/run/modes.go:34 +0x5e
advocate/run.Run()
	/home/advocate/Advocate/Experiments/Advocate/advocate/run/run.go:100 +0x5b5
main.main()
	/home/advocate/Advocate/Experiments/Advocate/advocate/main.go:28 +0x1c
2026/06/05 16:25:28 [31mWait RAM[0m
2026/06/05 16:25:31 [31mNot enough RAM[0m
2026/06/05 16:25:31 goroutine 8 [running]:
advocate/utils/control.printAllGoroutines()
	/home/advocate/Advocate/Experiments/Advocate/advocate/utils/control/utils.go:20 +0x3d
advocate/utils/control.cancelRAM(0x77cd50, 0x77cd48, 0x77cd58)
	/home/advocate/Advocate/Experiments/Advocate/advocate/utils/control/memory.go:109 +0x6e
advocate/utils/control.Supervisor(0x77cd50, 0x77cd48, 0x77cd58)
	/home/advocate/Advocate/Experiments/Advocate/advocate/utils/control/memory.go:79 +0x12f
created by advocate/run.Run in goroutine 1
	/home/advocate/Advocate/Experiments/Advocate/advocate/run/run.go:63 +0x26f

goroutine 1 [sleep]:
time.Sleep(0x165a0bc00)
	/usr/lib/go-1.26/src/runtime/time.go:363 +0x165
advocate/fuzzing.Fuzzing()
	/home/advocate/Advocate/Experiments/Advocate/advocate/fuzzing/fuzzing.go:122 +0xbe7
advocate/run.modeFuzzing()
	/home/advocate/Advocate/Experiments/Advocate/advocate/run/modes.go:34 +0x5e
advocate/run.Run()
	/home/advocate/Advocate/Experiments/Advocate/advocate/run/run.go:100 +0x5b5
main.main()
	/home/advocate/Advocate/Experiments/Advocate/advocate/main.go:28 +0x1c
2026/06/05 16:25:34 [31mWait RAM[0m
2026/06/05 16:25:38 [31mNot enough RAM[0m
2026/06/05 16:25:38 goroutine 8 [running]:
advocate/utils/control.printAllGoroutines()
	/home/advocate/Advocate/Experiments/Advocate/advocate/utils/control/utils.go:20 +0x3d
advocate/utils/control.cancelRAM(0x77cd50, 0x77cd48, 0x77cd58)
	/home/advocate/Advocate/Experiments/Advocate/advocate/utils/control/memory.go:109 +0x6e
advocate/utils/control.Supervisor(0x77cd50, 0x77cd48, 0x77cd58)
	/home/advocate/Advocate/Experiments/Advocate/advocate/utils/control/memory.go:79 +0x12f
created by advocate/run.Run in goroutine 1
	/home/advocate/Advocate/Experiments/Advocate/advocate/run/run.go:63 +0x26f

goroutine 1 [sleep]:
time.Sleep(0x165a0bc00)
	/usr/lib/go-1.26/src/runtime/time.go:363 +0x165
advocate/fuzzing.Fuzzing()
	/home/advocate/Advocate/Experiments/Advocate/advocate/fuzzing/fuzzing.go:122 +0xbe7
advocate/run.modeFuzzing()
	/home/advocate/Advocate/Experiments/Advocate/advocate/run/modes.go:34 +0x5e
advocate/run.Run()
	/home/advocate/Advocate/Experiments/Advocate/advocate/run/run.go:100 +0x5b5
main.main()
	/home/advocate/Advocate/Experiments/Advocate/advocate/main.go:28 +0x1c
2026/06/05 16:25:40 [31mWait RAM[0m
2026/06/05 16:25:45 [31mNot enough RAM[0m
2026/06/05 16:25:45 goroutine 8 [running]:
advocate/utils/control.printAllGoroutines()
	/home/advocate/Advocate/Experiments/Advocate/advocate/utils/control/utils.go:20 +0x3d
advocate/utils/control.cancelRAM(0x77cd50, 0x77cd48, 0x77cd58)
	/home/advocate/Advocate/Experiments/Advocate/advocate/utils/control/memory.go:109 +0x6e
advocate/utils/control.Supervisor(0x77cd50, 0x77cd48, 0x77cd58)
	/home/advocate/Advocate/Experiments/Advocate/advocate/utils/control/memory.go:79 +0x12f
created by advocate/run.Run in goroutine 1
	/home/advocate/Advocate/Experiments/Advocate/advocate/run/run.go:63 +0x26f

goroutine 1 [sleep]:
time.Sleep(0x165a0bc00)
	/usr/lib/go-1.26/src/runtime/time.go:363 +0x165
advocate/fuzzing.Fuzzing()
	/home/advocate/Advocate/Experiments/Advocate/advocate/fuzzing/fuzzing.go:122 +0xbe7
advocate/run.modeFuzzing()
	/home/advocate/Advocate/Experiments/Advocate/advocate/run/modes.go:34 +0x5e
advocate/run.Run()
	/home/advocate/Advocate/Experiments/Advocate/advocate/run/run.go:100 +0x5b5
main.main()
	/home/advocate/Advocate/Experiments/Advocate/advocate/main.go:28 +0x1c
2026/06/05 16:25:46 [31mWait RAM[0m
2026/06/05 16:25:52 [31mNot enough RAM[0m
2026/06/05 16:25:52 goroutine 8 [running]:
advocate/utils/control.printAllGoroutines()
	/home/advocate/Advocate/Experiments/Advocate/advocate/utils/control/utils.go:20 +0x3d
advocate/utils/control.cancelRAM(0x77cd50, 0x77cd48, 0x77cd58)
	/home/advocate/Advocate/Experiments/Advocate/advocate/utils/control/memory.go:109 +0x6e
advocate/utils/control.Supervisor(0x77cd50, 0x77cd48, 0x77cd58)
	/home/advocate/Advocate/Experiments/Advocate/advocate/utils/control/memory.go:79 +0x12f
created by advocate/run.Run in goroutine 1
	/home/advocate/Advocate/Experiments/Advocate/advocate/run/run.go:63 +0x26f

goroutine 1 [sleep]:
time.Sleep(0x165a0bc00)
	/usr/lib/go-1.26/src/runtime/time.go:363 +0x165
advocate/fuzzing.Fuzzing()
	/home/advocate/Advocate/Experiments/Advocate/advocate/fuzzing/fuzzing.go:122 +0xbe7
advocate/run.modeFuzzing()
	/home/advocate/Advocate/Experiments/Advocate/advocate/run/modes.go:34 +0x5e
advocate/run.Run()
	/home/advocate/Advocate/Experiments/Advocate/advocate/run/run.go:100 +0x5b5
main.main()
	/home/advocate/Advocate/Experiments/Advocate/advocate/main.go:28 +0x1c
2026/06/05 16:25:52 [31mWait RAM[0m
2026/06/05 16:25:58 [31mWait RAM[0m
2026/06/05 16:25:59 [31mNot enough RAM[0m
2026/06/05 16:25:59 goroutine 8 [running]:
advocate/utils/control.printAllGoroutines()
	/home/advocate/Advocate/Experiments/Advocate/advocate/utils/control/utils.go:20 +0x3d
advocate/utils/control.cancelRAM(0x77cd50, 0x77cd48, 0x77cd58)
	/home/advocate/Advocate/Experiments/Advocate/advocate/utils/control/memory.go:109 +0x6e
advocate/utils/control.Supervisor(0x77cd50, 0x77cd48, 0x77cd58)
	/home/advocate/Advocate/Experiments/Advocate/advocate/utils/control/memory.go:79 +0x12f
created by advocate/run.Run in goroutine 1
	/home/advocate/Advocate/Experiments/Advocate/advocate/run/run.go:63 +0x26f

goroutine 1 [sleep]:
time.Sleep(0x165a0bc00)
	/usr/lib/go-1.26/src/runtime/time.go:363 +0x165
advocate/fuzzing.Fuzzing()
	/home/advocate/Advocate/Experiments/Advocate/advocate/fuzzing/fuzzing.go:122 +0xbe7
advocate/run.modeFuzzing()
	/home/advocate/Advocate/Experiments/Advocate/advocate/run/modes.go:34 +0x5e
advocate/run.Run()
	/home/advocate/Advocate/Experiments/Advocate/advocate/run/run.go:100 +0x5b5
main.main()
	/home/advocate/Advocate/Experiments/Advocate/advocate/main.go:28 +0x1c
2026/06/05 16:26:04 [31mWait RAM[0m
2026/06/05 16:26:06 [31mNot enough RAM[0m
2026/06/05 16:26:06 goroutine 8 [running]:
advocate/utils/control.printAllGoroutines()
	/home/advocate/Advocate/Experiments/Advocate/advocate/utils/control/utils.go:20 +0x3d
advocate/utils/control.cancelRAM(0x77cd50, 0x77cd48, 0x77cd58)
	/home/advocate/Advocate/Experiments/Advocate/advocate/utils/control/memory.go:109 +0x6e
advocate/utils/control.Supervisor(0x77cd50, 0x77cd48, 0x77cd58)
	/home/advocate/Advocate/Experiments/Advocate/advocate/utils/control/memory.go:79 +0x12f
created by advocate/run.Run in goroutine 1
	/home/advocate/Advocate/Experiments/Advocate/advocate/run/run.go:63 +0x26f

goroutine 1 [sleep]:
time.Sleep(0x165a0bc00)
	/usr/lib/go-1.26/src/runtime/time.go:363 +0x165
advocate/fuzzing.Fuzzing()
	/home/advocate/Advocate/Experiments/Advocate/advocate/fuzzing/fuzzing.go:122 +0xbe7
advocate/run.modeFuzzing()
	/home/advocate/Advocate/Experiments/Advocate/advocate/run/modes.go:34 +0x5e
advocate/run.Run()
	/home/advocate/Advocate/Experiments/Advocate/advocate/run/run.go:100 +0x5b5
main.main()
	/home/advocate/Advocate/Experiments/Advocate/advocate/main.go:28 +0x1c
2026/06/05 16:26:10 [31mWait RAM[0m
2026/06/05 16:26:13 [31mNot enough RAM[0m
2026/06/05 16:26:13 goroutine 8 [running]:
advocate/utils/control.printAllGoroutines()
	/home/advocate/Advocate/Experiments/Advocate/advocate/utils/control/utils.go:20 +0x3d
advocate/utils/control.cancelRAM(0x77cd50, 0x77cd48, 0x77cd58)
	/home/advocate/Advocate/Experiments/Advocate/advocate/utils/control/memory.go:109 +0x6e
advocate/utils/control.Supervisor(0x77cd50, 0x77cd48, 0x77cd58)
	/home/advocate/Advocate/Experiments/Advocate/advocate/utils/control/memory.go:79 +0x12f
created by advocate/run.Run in goroutine 1
	/home/advocate/Advocate/Experiments/Advocate/advocate/run/run.go:63 +0x26f

goroutine 1 [sleep]:
time.Sleep(0x165a0bc00)
	/usr/lib/go-1.26/src/runtime/time.go:363 +0x165
advocate/fuzzing.Fuzzing()
	/home/advocate/Advocate/Experiments/Advocate/advocate/fuzzing/fuzzing.go:122 +0xbe7
advocate/run.modeFuzzing()
	/home/advocate/Advocate/Experiments/Advocate/advocate/run/modes.go:34 +0x5e
advocate/run.Run()
	/home/advocate/Advocate/Experiments/Advocate/advocate/run/run.go:100 +0x5b5
main.main()
	/home/advocate/Advocate/Experiments/Advocate/advocate/main.go:28 +0x1c
2026/06/05 16:26:16 [31mWait RAM[0m
2026/06/05 16:26:20 [31mNot enough RAM[0m
2026/06/05 16:26:20 goroutine 8 [running]:
advocate/utils/control.printAllGoroutines()
	/home/advocate/Advocate/Experiments/Advocate/advocate/utils/control/utils.go:20 +0x3d
advocate/utils/control.cancelRAM(0x77cd50, 0x77cd48, 0x77cd58)
	/home/advocate/Advocate/Experiments/Advocate/advocate/utils/control/memory.go:109 +0x6e
advocate/utils/control.Supervisor(0x77cd50, 0x77cd48, 0x77cd58)
	/home/advocate/Advocate/Experiments/Advocate/advocate/utils/control/memory.go:79 +0x12f
created by advocate/run.Run in goroutine 1
	/home/advocate/Advocate/Experiments/Advocate/advocate/run/run.go:63 +0x26f

goroutine 1 [sleep]:
time.Sleep(0x165a0bc00)
	/usr/lib/go-1.26/src/runtime/time.go:363 +0x165
advocate/fuzzing.Fuzzing()
	/home/advocate/Advocate/Experiments/Advocate/advocate/fuzzing/fuzzing.go:122 +0xbe7
advocate/run.modeFuzzing()
	/home/advocate/Advocate/Experiments/Advocate/advocate/run/modes.go:34 +0x5e
advocate/run.Run()
	/home/advocate/Advocate/Experiments/Advocate/advocate/run/run.go:100 +0x5b5
main.main()
	/home/advocate/Advocate/Experiments/Advocate/advocate/main.go:28 +0x1c
2026/06/05 16:26:22 [31mWait RAM[0m
2026/06/05 16:26:27 [31mNot enough RAM[0m
2026/06/05 16:26:27 goroutine 8 [running]:
advocate/utils/control.printAllGoroutines()
	/home/advocate/Advocate/Experiments/Advocate/advocate/utils/control/utils.go:20 +0x3d
advocate/utils/control.cancelRAM(0x77cd50, 0x77cd48, 0x77cd58)
	/home/advocate/Advocate/Experiments/Advocate/advocate/utils/control/memory.go:109 +0x6e
advocate/utils/control.Supervisor(0x77cd50, 0x77cd48, 0x77cd58)
	/home/advocate/Advocate/Experiments/Advocate/advocate/utils/control/memory.go:79 +0x12f
created by advocate/run.Run in goroutine 1
	/home/advocate/Advocate/Experiments/Advocate/advocate/run/run.go:63 +0x26f

goroutine 1 [sleep]:
time.Sleep(0x165a0bc00)
	/usr/lib/go-1.26/src/runtime/time.go:363 +0x165
advocate/fuzzing.Fuzzing()
	/home/advocate/Advocate/Experiments/Advocate/advocate/fuzzing/fuzzing.go:122 +0xbe7
advocate/run.modeFuzzing()
	/home/advocate/Advocate/Experiments/Advocate/advocate/run/modes.go:34 +0x5e
advocate/run.Run()
	/home/advocate/Advocate/Experiments/Advocate/advocate/run/run.go:100 +0x5b5
main.main()
	/home/advocate/Advocate/Experiments/Advocate/advocate/main.go:28 +0x1c
2026/06/05 16:26:28 [31mWait RAM[0m
2026/06/05 16:26:34 [31mNot enough RAM[0m
2026/06/05 16:26:34 goroutine 8 [running]:
advocate/utils/control.printAllGoroutines()
	/home/advocate/Advocate/Experiments/Advocate/advocate/utils/control/utils.go:20 +0x3d
advocate/utils/control.cancelRAM(0x77cd50, 0x77cd48, 0x77cd58)
	/home/advocate/Advocate/Experiments/Advocate/advocate/utils/control/memory.go:109 +0x6e
advocate/utils/control.Supervisor(0x77cd50, 0x77cd48, 0x77cd58)
	/home/advocate/Advocate/Experiments/Advocate/advocate/utils/control/memory.go:79 +0x12f
created by advocate/run.Run in goroutine 1
	/home/advocate/Advocate/Experiments/Advocate/advocate/run/run.go:63 +0x26f

goroutine 1 [sleep]:
time.Sleep(0x165a0bc00)
	/usr/lib/go-1.26/src/runtime/time.go:363 +0x165
advocate/fuzzing.Fuzzing()
	/home/advocate/Advocate/Experiments/Advocate/advocate/fuzzing/fuzzing.go:122 +0xbe7
advocate/run.modeFuzzing()
	/home/advocate/Advocate/Experiments/Advocate/advocate/run/modes.go:34 +0x5e
advocate/run.Run()
	/home/advocate/Advocate/Experiments/Advocate/advocate/run/run.go:100 +0x5b5
main.main()
	/home/advocate/Advocate/Experiments/Advocate/advocate/main.go:28 +0x1c
2026/06/05 16:26:34 [31mWait RAM[0m
2026/06/05 16:26:40 [31mWait RAM[0m
2026/06/05 16:26:41 [31mNot enough RAM[0m
2026/06/05 16:26:41 goroutine 8 [running]:
advocate/utils/control.printAllGoroutines()
	/home/advocate/Advocate/Experiments/Advocate/advocate/utils/control/utils.go:20 +0x3d
advocate/utils/control.cancelRAM(0x77cd50, 0x77cd48, 0x77cd58)
	/home/advocate/Advocate/Experiments/Advocate/advocate/utils/control/memory.go:109 +0x6e
advocate/utils/control.Supervisor(0x77cd50, 0x77cd48, 0x77cd58)
	/home/advocate/Advocate/Experiments/Advocate/advocate/utils/control/memory.go:79 +0x12f
created by advocate/run.Run in goroutine 1
	/home/advocate/Advocate/Experiments/Advocate/advocate/run/run.go:63 +0x26f

goroutine 1 [sleep]:
time.Sleep(0x165a0bc00)
	/usr/lib/go-1.26/src/runtime/time.go:363 +0x165
advocate/fuzzing.Fuzzing()
	/home/advocate/Advocate/Experiments/Advocate/advocate/fuzzing/fuzzing.go:122 +0xbe7
advocate/run.modeFuzzing()
	/home/advocate/Advocate/Experiments/Advocate/advocate/run/modes.go:34 +0x5e
advocate/run.Run()
	/home/advocate/Advocate/Experiments/Advocate/advocate/run/run.go:100 +0x5b5
main.main()
	/home/advocate/Advocate/Experiments/Advocate/advocate/main.go:28 +0x1c
2026/06/05 16:26:46 [31mWait RAM[0m
2026/06/05 16:26:48 [31mNot enough RAM[0m
2026/06/05 16:26:48 goroutine 8 [running]:
advocate/utils/control.printAllGoroutines()
	/home/advocate/Advocate/Experiments/Advocate/advocate/utils/control/utils.go:20 +0x3d
advocate/utils/control.cancelRAM(0x77cd50, 0x77cd48, 0x77cd58)
	/home/advocate/Advocate/Experiments/Advocate/advocate/utils/control/memory.go:109 +0x6e
advocate/utils/control.Supervisor(0x77cd50, 0x77cd48, 0x77cd58)
	/home/advocate/Advocate/Experiments/Advocate/advocate/utils/control/memory.go:79 +0x12f
created by advocate/run.Run in goroutine 1
	/home/advocate/Advocate/Experiments/Advocate/advocate/run/run.go:63 +0x26f

goroutine 1 [sleep]:
time.Sleep(0x165a0bc00)
	/usr/lib/go-1.26/src/runtime/time.go:363 +0x165
advocate/fuzzing.Fuzzing()
	/home/advocate/Advocate/Experiments/Advocate/advocate/fuzzing/fuzzing.go:122 +0xbe7
advocate/run.modeFuzzing()
	/home/advocate/Advocate/Experiments/Advocate/advocate/run/modes.go:34 +0x5e
advocate/run.Run()
	/home/advocate/Advocate/Experiments/Advocate/advocate/run/run.go:100 +0x5b5
main.main()
	/home/advocate/Advocate/Experiments/Advocate/advocate/main.go:28 +0x1c
2026/06/05 16:26:52 [31mWait RAM[0m
2026/06/05 16:26:55 [31mNot enough RAM[0m
2026/06/05 16:26:55 goroutine 8 [running]:
advocate/utils/control.printAllGoroutines()
	/home/advocate/Advocate/Experiments/Advocate/advocate/utils/control/utils.go:20 +0x3d
advocate/utils/control.cancelRAM(0x77cd50, 0x77cd48, 0x77cd58)
	/home/advocate/Advocate/Experiments/Advocate/advocate/utils/control/memory.go:109 +0x6e
advocate/utils/control.Supervisor(0x77cd50, 0x77cd48, 0x77cd58)
	/home/advocate/Advocate/Experiments/Advocate/advocate/utils/control/memory.go:79 +0x12f
created by advocate/run.Run in goroutine 1
	/home/advocate/Advocate/Experiments/Advocate/advocate/run/run.go:63 +0x26f

goroutine 1 [sleep]:
time.Sleep(0x165a0bc00)
	/usr/lib/go-1.26/src/runtime/time.go:363 +0x165
advocate/fuzzing.Fuzzing()
	/home/advocate/Advocate/Experiments/Advocate/advocate/fuzzing/fuzzing.go:122 +0xbe7
advocate/run.modeFuzzing()
	/home/advocate/Advocate/Experiments/Advocate/advocate/run/modes.go:34 +0x5e
advocate/run.Run()
	/home/advocate/Advocate/Experiments/Advocate/advocate/run/run.go:100 +0x5b5
main.main()
	/home/advocate/Advocate/Experiments/Advocate/advocate/main.go:28 +0x1c
2026/06/05 16:26:58 [31mWait RAM[0m
2026/06/05 16:27:02 [31mNot enough RAM[0m
2026/06/05 16:27:02 goroutine 8 [running]:
advocate/utils/control.printAllGoroutines()
	/home/advocate/Advocate/Experiments/Advocate/advocate/utils/control/utils.go:20 +0x3d
advocate/utils/control.cancelRAM(0x77cd50, 0x77cd48, 0x77cd58)
	/home/advocate/Advocate/Experiments/Advocate/advocate/utils/control/memory.go:109 +0x6e
advocate/utils/control.Supervisor(0x77cd50, 0x77cd48, 0x77cd58)
	/home/advocate/Advocate/Experiments/Advocate/advocate/utils/control/memory.go:79 +0x12f
created by advocate/run.Run in goroutine 1
	/home/advocate/Advocate/Experiments/Advocate/advocate/run/run.go:63 +0x26f

goroutine 1 [sleep]:
time.Sleep(0x165a0bc00)
	/usr/lib/go-1.26/src/runtime/time.go:363 +0x165
advocate/fuzzing.Fuzzing()
	/home/advocate/Advocate/Experiments/Advocate/advocate/fuzzing/fuzzing.go:122 +0xbe7
advocate/run.modeFuzzing()
	/home/advocate/Advocate/Experiments/Advocate/advocate/run/modes.go:34 +0x5e
advocate/run.Run()
	/home/advocate/Advocate/Experiments/Advocate/advocate/run/run.go:100 +0x5b5
main.main()
	/home/advocate/Advocate/Experiments/Advocate/advocate/main.go:28 +0x1c
2026/06/05 16:27:04 [31mWait RAM[0m
2026/06/05 16:27:09 [31mNot enough RAM[0m
2026/06/05 16:27:09 goroutine 8 [running]:
advocate/utils/control.printAllGoroutines()
	/home/advocate/Advocate/Experiments/Advocate/advocate/utils/control/utils.go:20 +0x3d
advocate/utils/control.cancelRAM(0x77cd50, 0x77cd48, 0x77cd58)
	/home/advocate/Advocate/Experiments/Advocate/advocate/utils/control/memory.go:109 +0x6e
advocate/utils/control.Supervisor(0x77cd50, 0x77cd48, 0x77cd58)
	/home/advocate/Advocate/Experiments/Advocate/advocate/utils/control/memory.go:79 +0x12f
created by advocate/run.Run in goroutine 1
	/home/advocate/Advocate/Experiments/Advocate/advocate/run/run.go:63 +0x26f

goroutine 1 [sleep]:
time.Sleep(0x165a0bc00)
	/usr/lib/go-1.26/src/runtime/time.go:363 +0x165
advocate/fuzzing.Fuzzing()
	/home/advocate/Advocate/Experiments/Advocate/advocate/fuzzing/fuzzing.go:122 +0xbe7
advocate/run.modeFuzzing()
	/home/advocate/Advocate/Experiments/Advocate/advocate/run/modes.go:34 +0x5e
advocate/run.Run()
	/home/advocate/Advocate/Experiments/Advocate/advocate/run/run.go:100 +0x5b5
main.main()
	/home/advocate/Advocate/Experiments/Advocate/advocate/main.go:28 +0x1c
2026/06/05 16:27:10 [31mWait RAM[0m
2026/06/05 16:27:16 [31mNot enough RAM[0m
2026/06/05 16:27:16 goroutine 8 [running]:
advocate/utils/control.printAllGoroutines()
	/home/advocate/Advocate/Experiments/Advocate/advocate/utils/control/utils.go:20 +0x3d
advocate/utils/control.cancelRAM(0x77cd50, 0x77cd48, 0x77cd58)
	/home/advocate/Advocate/Experiments/Advocate/advocate/utils/control/memory.go:109 +0x6e
advocate/utils/control.Supervisor(0x77cd50, 0x77cd48, 0x77cd58)
	/home/advocate/Advocate/Experiments/Advocate/advocate/utils/control/memory.go:79 +0x12f
created by advocate/run.Run in goroutine 1
	/home/advocate/Advocate/Experiments/Advocate/advocate/run/run.go:63 +0x26f

goroutine 1 [sleep]:
time.Sleep(0x165a0bc00)
	/usr/lib/go-1.26/src/runtime/time.go:363 +0x165
advocate/fuzzing.Fuzzing()
	/home/advocate/Advocate/Experiments/Advocate/advocate/fuzzing/fuzzing.go:122 +0xbe7
advocate/run.modeFuzzing()
	/home/advocate/Advocate/Experiments/Advocate/advocate/run/modes.go:34 +0x5e
advocate/run.Run()
	/home/advocate/Advocate/Experiments/Advocate/advocate/run/run.go:100 +0x5b5
main.main()
	/home/advocate/Advocate/Experiments/Advocate/advocate/main.go:28 +0x1c
2026/06/05 16:27:16 [31mWait RAM[0m
2026/06/05 16:27:22 [31mWait RAM[0m
2026/06/05 16:27:23 [31mNot enough RAM[0m
2026/06/05 16:27:23 goroutine 8 [running]:
advocate/utils/control.printAllGoroutines()
	/home/advocate/Advocate/Experiments/Advocate/advocate/utils/control/utils.go:20 +0x3d
advocate/utils/control.cancelRAM(0x77cd50, 0x77cd48, 0x77cd58)
	/home/advocate/Advocate/Experiments/Advocate/advocate/utils/control/memory.go:109 +0x6e
advocate/utils/control.Supervisor(0x77cd50, 0x77cd48, 0x77cd58)
	/home/advocate/Advocate/Experiments/Advocate/advocate/utils/control/memory.go:79 +0x12f
created by advocate/run.Run in goroutine 1
	/home/advocate/Advocate/Experiments/Advocate/advocate/run/run.go:63 +0x26f

goroutine 1 [sleep]:
time.Sleep(0x165a0bc00)
	/usr/lib/go-1.26/src/runtime/time.go:363 +0x165
advocate/fuzzing.Fuzzing()
	/home/advocate/Advocate/Experiments/Advocate/advocate/fuzzing/fuzzing.go:122 +0xbe7
advocate/run.modeFuzzing()
	/home/advocate/Advocate/Experiments/Advocate/advocate/run/modes.go:34 +0x5e
advocate/run.Run()
	/home/advocate/Advocate/Experiments/Advocate/advocate/run/run.go:100 +0x5b5
main.main()
	/home/advocate/Advocate/Experiments/Advocate/advocate/main.go:28 +0x1c
2026/06/05 16:27:28 [31mWait RAM[0m
2026/06/05 16:27:30 [31mNot enough RAM[0m
2026/06/05 16:27:30 goroutine 8 [running]:
advocate/utils/control.printAllGoroutines()
	/home/advocate/Advocate/Experiments/Advocate/advocate/utils/control/utils.go:20 +0x3d
advocate/utils/control.cancelRAM(0x77cd50, 0x77cd48, 0x77cd58)
	/home/advocate/Advocate/Experiments/Advocate/advocate/utils/control/memory.go:109 +0x6e
advocate/utils/control.Supervisor(0x77cd50, 0x77cd48, 0x77cd58)
	/home/advocate/Advocate/Experiments/Advocate/advocate/utils/control/memory.go:79 +0x12f
created by advocate/run.Run in goroutine 1
	/home/advocate/Advocate/Experiments/Advocate/advocate/run/run.go:63 +0x26f

goroutine 1 [sleep]:
time.Sleep(0x165a0bc00)
	/usr/lib/go-1.26/src/runtime/time.go:363 +0x165
advocate/fuzzing.Fuzzing()
	/home/advocate/Advocate/Experiments/Advocate/advocate/fuzzing/fuzzing.go:122 +0xbe7
advocate/run.modeFuzzing()
	/home/advocate/Advocate/Experiments/Advocate/advocate/run/modes.go:34 +0x5e
advocate/run.Run()
	/home/advocate/Advocate/Experiments/Advocate/advocate/run/run.go:100 +0x5b5
main.main()
	/home/advocate/Advocate/Experiments/Advocate/advocate/main.go:28 +0x1c
2026/06/05 16:27:34 [31mWait RAM[0m
2026/06/05 16:27:37 [31mNot enough RAM[0m
2026/06/05 16:27:37 goroutine 8 [running]:
advocate/utils/control.printAllGoroutines()
	/home/advocate/Advocate/Experiments/Advocate/advocate/utils/control/utils.go:20 +0x3d
advocate/utils/control.cancelRAM(0x77cd50, 0x77cd48, 0x77cd58)
	/home/advocate/Advocate/Experiments/Advocate/advocate/utils/control/memory.go:109 +0x6e
advocate/utils/control.Supervisor(0x77cd50, 0x77cd48, 0x77cd58)
	/home/advocate/Advocate/Experiments/Advocate/advocate/utils/control/memory.go:79 +0x12f
created by advocate/run.Run in goroutine 1
	/home/advocate/Advocate/Experiments/Advocate/advocate/run/run.go:63 +0x26f

goroutine 1 [sleep]:
time.Sleep(0x165a0bc00)
	/usr/lib/go-1.26/src/runtime/time.go:363 +0x165
advocate/fuzzing.Fuzzing()
	/home/advocate/Advocate/Experiments/Advocate/advocate/fuzzing/fuzzing.go:122 +0xbe7
advocate/run.modeFuzzing()
	/home/advocate/Advocate/Experiments/Advocate/advocate/run/modes.go:34 +0x5e
advocate/run.Run()
	/home/advocate/Advocate/Experiments/Advocate/advocate/run/run.go:100 +0x5b5
main.main()
	/home/advocate/Advocate/Experiments/Advocate/advocate/main.go:28 +0x1c
2026/06/05 16:27:40 [31mWait RAM[0m
2026/06/05 16:27:44 [31mNot enough RAM[0m
2026/06/05 16:27:44 goroutine 8 [running]:
advocate/utils/control.printAllGoroutines()
	/home/advocate/Advocate/Experiments/Advocate/advocate/utils/control/utils.go:20 +0x3d
advocate/utils/control.cancelRAM(0x77cd50, 0x77cd48, 0x77cd58)
	/home/advocate/Advocate/Experiments/Advocate/advocate/utils/control/memory.go:109 +0x6e
advocate/utils/control.Supervisor(0x77cd50, 0x77cd48, 0x77cd58)
	/home/advocate/Advocate/Experiments/Advocate/advocate/utils/control/memory.go:79 +0x12f
created by advocate/run.Run in goroutine 1
	/home/advocate/Advocate/Experiments/Advocate/advocate/run/run.go:63 +0x26f

goroutine 1 [sleep]:
time.Sleep(0x165a0bc00)
	/usr/lib/go-1.26/src/runtime/time.go:363 +0x165
advocate/fuzzing.Fuzzing()
	/home/advocate/Advocate/Experiments/Advocate/advocate/fuzzing/fuzzing.go:122 +0xbe7
advocate/run.modeFuzzing()
	/home/advocate/Advocate/Experiments/Advocate/advocate/run/modes.go:34 +0x5e
advocate/run.Run()
	/home/advocate/Advocate/Experiments/Advocate/advocate/run/run.go:100 +0x5b5
main.main()
	/home/advocate/Advocate/Experiments/Advocate/advocate/main.go:28 +0x1c
2026/06/05 16:27:46 [31mWait RAM[0m
2026/06/05 16:27:51 [31mNot enough RAM[0m
2026/06/05 16:27:51 goroutine 8 [running]:
advocate/utils/control.printAllGoroutines()
	/home/advocate/Advocate/Experiments/Advocate/advocate/utils/control/utils.go:20 +0x3d
advocate/utils/control.cancelRAM(0x77cd50, 0x77cd48, 0x77cd58)
	/home/advocate/Advocate/Experiments/Advocate/advocate/utils/control/memory.go:109 +0x6e
advocate/utils/control.Supervisor(0x77cd50, 0x77cd48, 0x77cd58)
	/home/advocate/Advocate/Experiments/Advocate/advocate/utils/control/memory.go:79 +0x12f
created by advocate/run.Run in goroutine 1
	/home/advocate/Advocate/Experiments/Advocate/advocate/run/run.go:63 +0x26f

goroutine 1 [sleep]:
time.Sleep(0x165a0bc00)
	/usr/lib/go-1.26/src/runtime/time.go:363 +0x165
advocate/fuzzing.Fuzzing()
	/home/advocate/Advocate/Experiments/Advocate/advocate/fuzzing/fuzzing.go:122 +0xbe7
advocate/run.modeFuzzing()
	/home/advocate/Advocate/Experiments/Advocate/advocate/run/modes.go:34 +0x5e
advocate/run.Run()
	/home/advocate/Advocate/Experiments/Advocate/advocate/run/run.go:100 +0x5b5
main.main()
	/home/advocate/Advocate/Experiments/Advocate/advocate/main.go:28 +0x1c
2026/06/05 16:27:52 [31mWait RAM[0m
2026/06/05 16:27:58 [31mNot enough RAM[0m
2026/06/05 16:27:58 goroutine 8 [running]:
advocate/utils/control.printAllGoroutines()
	/home/advocate/Advocate/Experiments/Advocate/advocate/utils/control/utils.go:20 +0x3d
advocate/utils/control.cancelRAM(0x77cd50, 0x77cd48, 0x77cd58)
	/home/advocate/Advocate/Experiments/Advocate/advocate/utils/control/memory.go:109 +0x6e
advocate/utils/control.Supervisor(0x77cd50, 0x77cd48, 0x77cd58)
	/home/advocate/Advocate/Experiments/Advocate/advocate/utils/control/memory.go:79 +0x12f
created by advocate/run.Run in goroutine 1
	/home/advocate/Advocate/Experiments/Advocate/advocate/run/run.go:63 +0x26f

goroutine 1 [sleep]:
time.Sleep(0x165a0bc00)
	/usr/lib/go-1.26/src/runtime/time.go:363 +0x165
advocate/fuzzing.Fuzzing()
	/home/advocate/Advocate/Experiments/Advocate/advocate/fuzzing/fuzzing.go:122 +0xbe7
advocate/run.modeFuzzing()
	/home/advocate/Advocate/Experiments/Advocate/advocate/run/modes.go:34 +0x5e
advocate/run.Run()
	/home/advocate/Advocate/Experiments/Advocate/advocate/run/run.go:100 +0x5b5
main.main()
	/home/advocate/Advocate/Experiments/Advocate/advocate/main.go:28 +0x1c
2026/06/05 16:27:58 [31mWait RAM[0m
2026/06/05 16:28:04 [31mWait RAM[0m
2026/06/05 16:28:05 [31mNot enough RAM[0m
2026/06/05 16:28:05 goroutine 8 [running]:
advocate/utils/control.printAllGoroutines()
	/home/advocate/Advocate/Experiments/Advocate/advocate/utils/control/utils.go:20 +0x3d
advocate/utils/control.cancelRAM(0x77cd50, 0x77cd48, 0x77cd58)
	/home/advocate/Advocate/Experiments/Advocate/advocate/utils/control/memory.go:109 +0x6e
advocate/utils/control.Supervisor(0x77cd50, 0x77cd48, 0x77cd58)
	/home/advocate/Advocate/Experiments/Advocate/advocate/utils/control/memory.go:79 +0x12f
created by advocate/run.Run in goroutine 1
	/home/advocate/Advocate/Experiments/Advocate/advocate/run/run.go:63 +0x26f

goroutine 1 [sleep]:
time.Sleep(0x165a0bc00)
	/usr/lib/go-1.26/src/runtime/time.go:363 +0x165
advocate/fuzzing.Fuzzing()
	/home/advocate/Advocate/Experiments/Advocate/advocate/fuzzing/fuzzing.go:122 +0xbe7
advocate/run.modeFuzzing()
	/home/advocate/Advocate/Experiments/Advocate/advocate/run/modes.go:34 +0x5e
advocate/run.Run()
	/home/advocate/Advocate/Experiments/Advocate/advocate/run/run.go:100 +0x5b5
main.main()
	/home/advocate/Advocate/Experiments/Advocate/advocate/main.go:28 +0x1c
2026/06/05 16:28:10 [31mWait RAM[0m
2026/06/05 16:28:12 [31mNot enough RAM[0m
2026/06/05 16:28:12 goroutine 8 [running]:
advocate/utils/control.printAllGoroutines()
	/home/advocate/Advocate/Experiments/Advocate/advocate/utils/control/utils.go:20 +0x3d
advocate/utils/control.cancelRAM(0x77cd50, 0x77cd48, 0x77cd58)
	/home/advocate/Advocate/Experiments/Advocate/advocate/utils/control/memory.go:109 +0x6e
advocate/utils/control.Supervisor(0x77cd50, 0x77cd48, 0x77cd58)
	/home/advocate/Advocate/Experiments/Advocate/advocate/utils/control/memory.go:79 +0x12f
created by advocate/run.Run in goroutine 1
	/home/advocate/Advocate/Experiments/Advocate/advocate/run/run.go:63 +0x26f

goroutine 1 [sleep]:
time.Sleep(0x165a0bc00)
	/usr/lib/go-1.26/src/runtime/time.go:363 +0x165
advocate/fuzzing.Fuzzing()
	/home/advocate/Advocate/Experiments/Advocate/advocate/fuzzing/fuzzing.go:122 +0xbe7
advocate/run.modeFuzzing()
	/home/advocate/Advocate/Experiments/Advocate/advocate/run/modes.go:34 +0x5e
advocate/run.Run()
	/home/advocate/Advocate/Experiments/Advocate/advocate/run/run.go:100 +0x5b5
main.main()
	/home/advocate/Advocate/Experiments/Advocate/advocate/main.go:28 +0x1c
2026/06/05 16:28:16 [31mWait RAM[0m
2026/06/05 16:28:19 [31mNot enough RAM[0m
2026/06/05 16:28:19 goroutine 8 [running]:
advocate/utils/control.printAllGoroutines()
	/home/advocate/Advocate/Experiments/Advocate/advocate/utils/control/utils.go:20 +0x3d
advocate/utils/control.cancelRAM(0x77cd50, 0x77cd48, 0x77cd58)
	/home/advocate/Advocate/Experiments/Advocate/advocate/utils/control/memory.go:109 +0x6e
advocate/utils/control.Supervisor(0x77cd50, 0x77cd48, 0x77cd58)
	/home/advocate/Advocate/Experiments/Advocate/advocate/utils/control/memory.go:79 +0x12f
created by advocate/run.Run in goroutine 1
	/home/advocate/Advocate/Experiments/Advocate/advocate/run/run.go:63 +0x26f

goroutine 1 [sleep]:
time.Sleep(0x165a0bc00)
	/usr/lib/go-1.26/src/runtime/time.go:363 +0x165
advocate/fuzzing.Fuzzing()
	/home/advocate/Advocate/Experiments/Advocate/advocate/fuzzing/fuzzing.go:122 +0xbe7
advocate/run.modeFuzzing()
	/home/advocate/Advocate/Experiments/Advocate/advocate/run/modes.go:34 +0x5e
advocate/run.Run()
	/home/advocate/Advocate/Experiments/Advocate/advocate/run/run.go:100 +0x5b5
main.main()
	/home/advocate/Advocate/Experiments/Advocate/advocate/main.go:28 +0x1c
2026/06/05 16:28:22 [31mWait RAM[0m
2026/06/05 16:28:26 [31mNot enough RAM[0m
2026/06/05 16:28:26 goroutine 8 [running]:
advocate/utils/control.printAllGoroutines()
	/home/advocate/Advocate/Experiments/Advocate/advocate/utils/control/utils.go:20 +0x3d
advocate/utils/control.cancelRAM(0x77cd50, 0x77cd48, 0x77cd58)
	/home/advocate/Advocate/Experiments/Advocate/advocate/utils/control/memory.go:109 +0x6e
advocate/utils/control.Supervisor(0x77cd50, 0x77cd48, 0x77cd58)
	/home/advocate/Advocate/Experiments/Advocate/advocate/utils/control/memory.go:79 +0x12f
created by advocate/run.Run in goroutine 1
	/home/advocate/Advocate/Experiments/Advocate/advocate/run/run.go:63 +0x26f

goroutine 1 [sleep]:
time.Sleep(0x165a0bc00)
	/usr/lib/go-1.26/src/runtime/time.go:363 +0x165
advocate/fuzzing.Fuzzing()
	/home/advocate/Advocate/Experiments/Advocate/advocate/fuzzing/fuzzing.go:122 +0xbe7
advocate/run.modeFuzzing()
	/home/advocate/Advocate/Experiments/Advocate/advocate/run/modes.go:34 +0x5e
advocate/run.Run()
	/home/advocate/Advocate/Experiments/Advocate/advocate/run/run.go:100 +0x5b5
main.main()
	/home/advocate/Advocate/Experiments/Advocate/advocate/main.go:28 +0x1c
2026/06/05 16:28:28 [31mWait RAM[0m
2026/06/05 16:28:33 [31mNot enough RAM[0m
2026/06/05 16:28:33 goroutine 8 [running]:
advocate/utils/control.printAllGoroutines()
	/home/advocate/Advocate/Experiments/Advocate/advocate/utils/control/utils.go:20 +0x3d
advocate/utils/control.cancelRAM(0x77cd50, 0x77cd48, 0x77cd58)
	/home/advocate/Advocate/Experiments/Advocate/advocate/utils/control/memory.go:109 +0x6e
advocate/utils/control.Supervisor(0x77cd50, 0x77cd48, 0x77cd58)
	/home/advocate/Advocate/Experiments/Advocate/advocate/utils/control/memory.go:79 +0x12f
created by advocate/run.Run in goroutine 1
	/home/advocate/Advocate/Experiments/Advocate/advocate/run/run.go:63 +0x26f

goroutine 1 [sleep]:
time.Sleep(0x165a0bc00)
	/usr/lib/go-1.26/src/runtime/time.go:363 +0x165
advocate/fuzzing.Fuzzing()
	/home/advocate/Advocate/Experiments/Advocate/advocate/fuzzing/fuzzing.go:122 +0xbe7
advocate/run.modeFuzzing()
	/home/advocate/Advocate/Experiments/Advocate/advocate/run/modes.go:34 +0x5e
advocate/run.Run()
	/home/advocate/Advocate/Experiments/Advocate/advocate/run/run.go:100 +0x5b5
main.main()
	/home/advocate/Advocate/Experiments/Advocate/advocate/main.go:28 +0x1c
2026/06/05 16:28:34 [31mWait RAM[0m
2026/06/05 16:28:40 [31mNot enough RAM[0m
2026/06/05 16:28:40 goroutine 8 [running]:
advocate/utils/control.printAllGoroutines()
	/home/advocate/Advocate/Experiments/Advocate/advocate/utils/control/utils.go:20 +0x3d
advocate/utils/control.cancelRAM(0x77cd50, 0x77cd48, 0x77cd58)
	/home/advocate/Advocate/Experiments/Advocate/advocate/utils/control/memory.go:109 +0x6e
advocate/utils/control.Supervisor(0x77cd50, 0x77cd48, 0x77cd58)
	/home/advocate/Advocate/Experiments/Advocate/advocate/utils/control/memory.go:79 +0x12f
created by advocate/run.Run in goroutine 1
	/home/advocate/Advocate/Experiments/Advocate/advocate/run/run.go:63 +0x26f

goroutine 1 [sleep]:
time.Sleep(0x165a0bc00)
	/usr/lib/go-1.26/src/runtime/time.go:363 +0x165
advocate/fuzzing.Fuzzing()
	/home/advocate/Advocate/Experiments/Advocate/advocate/fuzzing/fuzzing.go:122 +0xbe7
advocate/run.modeFuzzing()
	/home/advocate/Advocate/Experiments/Advocate/advocate/run/modes.go:34 +0x5e
advocate/run.Run()
	/home/advocate/Advocate/Experiments/Advocate/advocate/run/run.go:100 +0x5b5
main.main()
	/home/advocate/Advocate/Experiments/Advocate/advocate/main.go:28 +0x1c
2026/06/05 16:28:40 [31mWait RAM[0m
2026/06/05 16:28:46 [31mWait RAM[0m
2026/06/05 16:28:47 [31mNot enough RAM[0m
2026/06/05 16:28:47 goroutine 8 [running]:
advocate/utils/control.printAllGoroutines()
	/home/advocate/Advocate/Experiments/Advocate/advocate/utils/control/utils.go:20 +0x3d
advocate/utils/control.cancelRAM(0x77cd50, 0x77cd48, 0x77cd58)
	/home/advocate/Advocate/Experiments/Advocate/advocate/utils/control/memory.go:109 +0x6e
advocate/utils/control.Supervisor(0x77cd50, 0x77cd48, 0x77cd58)
	/home/advocate/Advocate/Experiments/Advocate/advocate/utils/control/memory.go:79 +0x12f
created by advocate/run.Run in goroutine 1
	/home/advocate/Advocate/Experiments/Advocate/advocate/run/run.go:63 +0x26f

goroutine 1 [sleep]:
time.Sleep(0x165a0bc00)
	/usr/lib/go-1.26/src/runtime/time.go:363 +0x165
advocate/fuzzing.Fuzzing()
	/home/advocate/Advocate/Experiments/Advocate/advocate/fuzzing/fuzzing.go:122 +0xbe7
advocate/run.modeFuzzing()
	/home/advocate/Advocate/Experiments/Advocate/advocate/run/modes.go:34 +0x5e
advocate/run.Run()
	/home/advocate/Advocate/Experiments/Advocate/advocate/run/run.go:100 +0x5b5
main.main()
	/home/advocate/Advocate/Experiments/Advocate/advocate/main.go:28 +0x1c
2026/06/05 16:28:52 [31mWait RAM[0m
2026/06/05 16:28:54 [31mNot enough RAM[0m
2026/06/05 16:28:54 goroutine 8 [running]:
advocate/utils/control.printAllGoroutines()
	/home/advocate/Advocate/Experiments/Advocate/advocate/utils/control/utils.go:20 +0x3d
advocate/utils/control.cancelRAM(0x77cd50, 0x77cd48, 0x77cd58)
	/home/advocate/Advocate/Experiments/Advocate/advocate/utils/control/memory.go:109 +0x6e
advocate/utils/control.Supervisor(0x77cd50, 0x77cd48, 0x77cd58)
	/home/advocate/Advocate/Experiments/Advocate/advocate/utils/control/memory.go:79 +0x12f
created by advocate/run.Run in goroutine 1
	/home/advocate/Advocate/Experiments/Advocate/advocate/run/run.go:63 +0x26f

goroutine 1 [sleep]:
time.Sleep(0x165a0bc00)
	/usr/lib/go-1.26/src/runtime/time.go:363 +0x165
advocate/fuzzing.Fuzzing()
	/home/advocate/Advocate/Experiments/Advocate/advocate/fuzzing/fuzzing.go:122 +0xbe7
advocate/run.modeFuzzing()
	/home/advocate/Advocate/Experiments/Advocate/advocate/run/modes.go:34 +0x5e
advocate/run.Run()
	/home/advocate/Advocate/Experiments/Advocate/advocate/run/run.go:100 +0x5b5
main.main()
	/home/advocate/Advocate/Experiments/Advocate/advocate/main.go:28 +0x1c
2026/06/05 16:28:58 [31mWait RAM[0m
2026/06/05 16:29:01 [31mNot enough RAM[0m
2026/06/05 16:29:01 goroutine 8 [running]:
advocate/utils/control.printAllGoroutines()
	/home/advocate/Advocate/Experiments/Advocate/advocate/utils/control/utils.go:20 +0x3d
advocate/utils/control.cancelRAM(0x77cd50, 0x77cd48, 0x77cd58)
	/home/advocate/Advocate/Experiments/Advocate/advocate/utils/control/memory.go:109 +0x6e
advocate/utils/control.Supervisor(0x77cd50, 0x77cd48, 0x77cd58)
	/home/advocate/Advocate/Experiments/Advocate/advocate/utils/control/memory.go:79 +0x12f
created by advocate/run.Run in goroutine 1
	/home/advocate/Advocate/Experiments/Advocate/advocate/run/run.go:63 +0x26f

goroutine 1 [sleep]:
time.Sleep(0x165a0bc00)
	/usr/lib/go-1.26/src/runtime/time.go:363 +0x165
advocate/fuzzing.Fuzzing()
	/home/advocate/Advocate/Experiments/Advocate/advocate/fuzzing/fuzzing.go:122 +0xbe7
advocate/run.modeFuzzing()
	/home/advocate/Advocate/Experiments/Advocate/advocate/run/modes.go:34 +0x5e
advocate/run.Run()
	/home/advocate/Advocate/Experiments/Advocate/advocate/run/run.go:100 +0x5b5
main.main()
	/home/advocate/Advocate/Experiments/Advocate/advocate/main.go:28 +0x1c
2026/06/05 16:29:04 [31mWait RAM[0m
2026/06/05 16:29:08 [31mNot enough RAM[0m
2026/06/05 16:29:08 goroutine 8 [running]:
advocate/utils/control.printAllGoroutines()
	/home/advocate/Advocate/Experiments/Advocate/advocate/utils/control/utils.go:20 +0x3d
advocate/utils/control.cancelRAM(0x77cd50, 0x77cd48, 0x77cd58)
	/home/advocate/Advocate/Experiments/Advocate/advocate/utils/control/memory.go:109 +0x6e
advocate/utils/control.Supervisor(0x77cd50, 0x77cd48, 0x77cd58)
	/home/advocate/Advocate/Experiments/Advocate/advocate/utils/control/memory.go:79 +0x12f
created by advocate/run.Run in goroutine 1
	/home/advocate/Advocate/Experiments/Advocate/advocate/run/run.go:63 +0x26f

goroutine 1 [sleep]:
time.Sleep(0x165a0bc00)
	/usr/lib/go-1.26/src/runtime/time.go:363 +0x165
advocate/fuzzing.Fuzzing()
	/home/advocate/Advocate/Experiments/Advocate/advocate/fuzzing/fuzzing.go:122 +0xbe7
advocate/run.modeFuzzing()
	/home/advocate/Advocate/Experiments/Advocate/advocate/run/modes.go:34 +0x5e
advocate/run.Run()
	/home/advocate/Advocate/Experiments/Advocate/advocate/run/run.go:100 +0x5b5
main.main()
	/home/advocate/Advocate/Experiments/Advocate/advocate/main.go:28 +0x1c
2026/06/05 16:29:10 [31mWait RAM[0m
2026/06/05 16:29:15 [31mNot enough RAM[0m
2026/06/05 16:29:15 goroutine 8 [running]:
advocate/utils/control.printAllGoroutines()
	/home/advocate/Advocate/Experiments/Advocate/advocate/utils/control/utils.go:20 +0x3d
advocate/utils/control.cancelRAM(0x77cd50, 0x77cd48, 0x77cd58)
	/home/advocate/Advocate/Experiments/Advocate/advocate/utils/control/memory.go:109 +0x6e
advocate/utils/control.Supervisor(0x77cd50, 0x77cd48, 0x77cd58)
	/home/advocate/Advocate/Experiments/Advocate/advocate/utils/control/memory.go:79 +0x12f
created by advocate/run.Run in goroutine 1
	/home/advocate/Advocate/Experiments/Advocate/advocate/run/run.go:63 +0x26f

goroutine 1 [sleep]:
time.Sleep(0x165a0bc00)
	/usr/lib/go-1.26/src/runtime/time.go:363 +0x165
advocate/fuzzing.Fuzzing()
	/home/advocate/Advocate/Experiments/Advocate/advocate/fuzzing/fuzzing.go:122 +0xbe7
advocate/run.modeFuzzing()
	/home/advocate/Advocate/Experiments/Advocate/advocate/run/modes.go:34 +0x5e
advocate/run.Run()
	/home/advocate/Advocate/Experiments/Advocate/advocate/run/run.go:100 +0x5b5
main.main()
	/home/advocate/Advocate/Experiments/Advocate/advocate/main.go:28 +0x1c
2026/06/05 16:29:16 [31mWait RAM[0m
2026/06/05 16:29:22 [31mNot enough RAM[0m
2026/06/05 16:29:22 goroutine 8 [running]:
advocate/utils/control.printAllGoroutines()
	/home/advocate/Advocate/Experiments/Advocate/advocate/utils/control/utils.go:20 +0x3d
advocate/utils/control.cancelRAM(0x77cd50, 0x77cd48, 0x77cd58)
	/home/advocate/Advocate/Experiments/Advocate/advocate/utils/control/memory.go:109 +0x6e
advocate/utils/control.Supervisor(0x77cd50, 0x77cd48, 0x77cd58)
	/home/advocate/Advocate/Experiments/Advocate/advocate/utils/control/memory.go:79 +0x12f
created by advocate/run.Run in goroutine 1
	/home/advocate/Advocate/Experiments/Advocate/advocate/run/run.go:63 +0x26f

goroutine 1 [sleep]:
time.Sleep(0x165a0bc00)
	/usr/lib/go-1.26/src/runtime/time.go:363 +0x165
advocate/fuzzing.Fuzzing()
	/home/advocate/Advocate/Experiments/Advocate/advocate/fuzzing/fuzzing.go:122 +0xbe7
advocate/run.modeFuzzing()
	/home/advocate/Advocate/Experiments/Advocate/advocate/run/modes.go:34 +0x5e
advocate/run.Run()
	/home/advocate/Advocate/Experiments/Advocate/advocate/run/run.go:100 +0x5b5
main.main()
	/home/advocate/Advocate/Experiments/Advocate/advocate/main.go:28 +0x1c
2026/06/05 16:29:22 [31mWait RAM[0m
2026/06/05 16:29:28 [31mWait RAM[0m
2026/06/05 16:29:29 [31mNot enough RAM[0m
2026/06/05 16:29:29 goroutine 8 [running]:
advocate/utils/control.printAllGoroutines()
	/home/advocate/Advocate/Experiments/Advocate/advocate/utils/control/utils.go:20 +0x3d
advocate/utils/control.cancelRAM(0x77cd50, 0x77cd48, 0x77cd58)
	/home/advocate/Advocate/Experiments/Advocate/advocate/utils/control/memory.go:109 +0x6e
advocate/utils/control.Supervisor(0x77cd50, 0x77cd48, 0x77cd58)
	/home/advocate/Advocate/Experiments/Advocate/advocate/utils/control/memory.go:79 +0x12f
created by advocate/run.Run in goroutine 1
	/home/advocate/Advocate/Experiments/Advocate/advocate/run/run.go:63 +0x26f

goroutine 1 [sleep]:
time.Sleep(0x165a0bc00)
	/usr/lib/go-1.26/src/runtime/time.go:363 +0x165
advocate/fuzzing.Fuzzing()
	/home/advocate/Advocate/Experiments/Advocate/advocate/fuzzing/fuzzing.go:122 +0xbe7
advocate/run.modeFuzzing()
	/home/advocate/Advocate/Experiments/Advocate/advocate/run/modes.go:34 +0x5e
advocate/run.Run()
	/home/advocate/Advocate/Experiments/Advocate/advocate/run/run.go:100 +0x5b5
main.main()
	/home/advocate/Advocate/Experiments/Advocate/advocate/main.go:28 +0x1c
2026/06/05 16:29:34 [31mWait RAM[0m
2026/06/05 16:29:36 [31mNot enough RAM[0m
2026/06/05 16:29:36 goroutine 8 [running]:
advocate/utils/control.printAllGoroutines()
	/home/advocate/Advocate/Experiments/Advocate/advocate/utils/control/utils.go:20 +0x3d
advocate/utils/control.cancelRAM(0x77cd50, 0x77cd48, 0x77cd58)
	/home/advocate/Advocate/Experiments/Advocate/advocate/utils/control/memory.go:109 +0x6e
advocate/utils/control.Supervisor(0x77cd50, 0x77cd48, 0x77cd58)
	/home/advocate/Advocate/Experiments/Advocate/advocate/utils/control/memory.go:79 +0x12f
created by advocate/run.Run in goroutine 1
	/home/advocate/Advocate/Experiments/Advocate/advocate/run/run.go:63 +0x26f

goroutine 1 [sleep]:
time.Sleep(0x165a0bc00)
	/usr/lib/go-1.26/src/runtime/time.go:363 +0x165
advocate/fuzzing.Fuzzing()
	/home/advocate/Advocate/Experiments/Advocate/advocate/fuzzing/fuzzing.go:122 +0xbe7
advocate/run.modeFuzzing()
	/home/advocate/Advocate/Experiments/Advocate/advocate/run/modes.go:34 +0x5e
advocate/run.Run()
	/home/advocate/Advocate/Experiments/Advocate/advocate/run/run.go:100 +0x5b5
main.main()
	/home/advocate/Advocate/Experiments/Advocate/advocate/main.go:28 +0x1c
2026/06/05 16:29:40 [31mWait RAM[0m
2026/06/05 16:29:43 [31mNot enough RAM[0m
2026/06/05 16:29:43 goroutine 8 [running]:
advocate/utils/control.printAllGoroutines()
	/home/advocate/Advocate/Experiments/Advocate/advocate/utils/control/utils.go:20 +0x3d
advocate/utils/control.cancelRAM(0x77cd50, 0x77cd48, 0x77cd58)
	/home/advocate/Advocate/Experiments/Advocate/advocate/utils/control/memory.go:109 +0x6e
advocate/utils/control.Supervisor(0x77cd50, 0x77cd48, 0x77cd58)
	/home/advocate/Advocate/Experiments/Advocate/advocate/utils/control/memory.go:79 +0x12f
created by advocate/run.Run in goroutine 1
	/home/advocate/Advocate/Experiments/Advocate/advocate/run/run.go:63 +0x26f

goroutine 1 [sleep]:
time.Sleep(0x165a0bc00)
	/usr/lib/go-1.26/src/runtime/time.go:363 +0x165
advocate/fuzzing.Fuzzing()
	/home/advocate/Advocate/Experiments/Advocate/advocate/fuzzing/fuzzing.go:122 +0xbe7
advocate/run.modeFuzzing()
	/home/advocate/Advocate/Experiments/Advocate/advocate/run/modes.go:34 +0x5e
advocate/run.Run()
	/home/advocate/Advocate/Experiments/Advocate/advocate/run/run.go:100 +0x5b5
main.main()
	/home/advocate/Advocate/Experiments/Advocate/advocate/main.go:28 +0x1c
2026/06/05 16:29:46 [31mWait RAM[0m
2026/06/05 16:29:50 [31mNot enough RAM[0m
2026/06/05 16:29:50 goroutine 8 [running]:
advocate/utils/control.printAllGoroutines()
	/home/advocate/Advocate/Experiments/Advocate/advocate/utils/control/utils.go:20 +0x3d
advocate/utils/control.cancelRAM(0x77cd50, 0x77cd48, 0x77cd58)
	/home/advocate/Advocate/Experiments/Advocate/advocate/utils/control/memory.go:109 +0x6e
advocate/utils/control.Supervisor(0x77cd50, 0x77cd48, 0x77cd58)
	/home/advocate/Advocate/Experiments/Advocate/advocate/utils/control/memory.go:79 +0x12f
created by advocate/run.Run in goroutine 1
	/home/advocate/Advocate/Experiments/Advocate/advocate/run/run.go:63 +0x26f

goroutine 1 [sleep]:
time.Sleep(0x165a0bc00)
	/usr/lib/go-1.26/src/runtime/time.go:363 +0x165
advocate/fuzzing.Fuzzing()
	/home/advocate/Advocate/Experiments/Advocate/advocate/fuzzing/fuzzing.go:122 +0xbe7
advocate/run.modeFuzzing()
	/home/advocate/Advocate/Experiments/Advocate/advocate/run/modes.go:34 +0x5e
advocate/run.Run()
	/home/advocate/Advocate/Experiments/Advocate/advocate/run/run.go:100 +0x5b5
main.main()
	/home/advocate/Advocate/Experiments/Advocate/advocate/main.go:28 +0x1c
2026/06/05 16:29:52 [31mWait RAM[0m
2026/06/05 16:29:57 [31mNot enough RAM[0m
2026/06/05 16:29:57 goroutine 8 [running]:
advocate/utils/control.printAllGoroutines()
	/home/advocate/Advocate/Experiments/Advocate/advocate/utils/control/utils.go:20 +0x3d
advocate/utils/control.cancelRAM(0x77cd50, 0x77cd48, 0x77cd58)
	/home/advocate/Advocate/Experiments/Advocate/advocate/utils/control/memory.go:109 +0x6e
advocate/utils/control.Supervisor(0x77cd50, 0x77cd48, 0x77cd58)
	/home/advocate/Advocate/Experiments/Advocate/advocate/utils/control/memory.go:79 +0x12f
created by advocate/run.Run in goroutine 1
	/home/advocate/Advocate/Experiments/Advocate/advocate/run/run.go:63 +0x26f

goroutine 1 [sleep]:
time.Sleep(0x165a0bc00)
	/usr/lib/go-1.26/src/runtime/time.go:363 +0x165
advocate/fuzzing.Fuzzing()
	/home/advocate/Advocate/Experiments/Advocate/advocate/fuzzing/fuzzing.go:122 +0xbe7
advocate/run.modeFuzzing()
	/home/advocate/Advocate/Experiments/Advocate/advocate/run/modes.go:34 +0x5e
advocate/run.Run()
	/home/advocate/Advocate/Experiments/Advocate/advocate/run/run.go:100 +0x5b5
main.main()
	/home/advocate/Advocate/Experiments/Advocate/advocate/main.go:28 +0x1c
2026/06/05 16:29:58 [31mWait RAM[0m
2026/06/05 16:30:04 [31mNot enough RAM[0m
2026/06/05 16:30:04 goroutine 8 [running]:
advocate/utils/control.printAllGoroutines()
	/home/advocate/Advocate/Experiments/Advocate/advocate/utils/control/utils.go:20 +0x3d
advocate/utils/control.cancelRAM(0x77cd50, 0x77cd48, 0x77cd58)
	/home/advocate/Advocate/Experiments/Advocate/advocate/utils/control/memory.go:109 +0x6e
advocate/utils/control.Supervisor(0x77cd50, 0x77cd48, 0x77cd58)
	/home/advocate/Advocate/Experiments/Advocate/advocate/utils/control/memory.go:79 +0x12f
created by advocate/run.Run in goroutine 1
	/home/advocate/Advocate/Experiments/Advocate/advocate/run/run.go:63 +0x26f

goroutine 1 [sleep]:
time.Sleep(0x165a0bc00)
	/usr/lib/go-1.26/src/runtime/time.go:363 +0x165
advocate/fuzzing.Fuzzing()
	/home/advocate/Advocate/Experiments/Advocate/advocate/fuzzing/fuzzing.go:122 +0xbe7
advocate/run.modeFuzzing()
	/home/advocate/Advocate/Experiments/Advocate/advocate/run/modes.go:34 +0x5e
advocate/run.Run()
	/home/advocate/Advocate/Experiments/Advocate/advocate/run/run.go:100 +0x5b5
main.main()
	/home/advocate/Advocate/Experiments/Advocate/advocate/main.go:28 +0x1c
2026/06/05 16:30:04 [31mWait RAM[0m
2026/06/05 16:30:10 [31mWait RAM[0m
2026/06/05 16:30:11 [31mNot enough RAM[0m
2026/06/05 16:30:11 goroutine 8 [running]:
advocate/utils/control.printAllGoroutines()
	/home/advocate/Advocate/Experiments/Advocate/advocate/utils/control/utils.go:20 +0x3d
advocate/utils/control.cancelRAM(0x77cd50, 0x77cd48, 0x77cd58)
	/home/advocate/Advocate/Experiments/Advocate/advocate/utils/control/memory.go:109 +0x6e
advocate/utils/control.Supervisor(0x77cd50, 0x77cd48, 0x77cd58)
	/home/advocate/Advocate/Experiments/Advocate/advocate/utils/control/memory.go:79 +0x12f
created by advocate/run.Run in goroutine 1
	/home/advocate/Advocate/Experiments/Advocate/advocate/run/run.go:63 +0x26f

goroutine 1 [sleep]:
time.Sleep(0x165a0bc00)
	/usr/lib/go-1.26/src/runtime/time.go:363 +0x165
advocate/fuzzing.Fuzzing()
	/home/advocate/Advocate/Experiments/Advocate/advocate/fuzzing/fuzzing.go:122 +0xbe7
advocate/run.modeFuzzing()
	/home/advocate/Advocate/Experiments/Advocate/advocate/run/modes.go:34 +0x5e
advocate/run.Run()
	/home/advocate/Advocate/Experiments/Advocate/advocate/run/run.go:100 +0x5b5
main.main()
	/home/advocate/Advocate/Experiments/Advocate/advocate/main.go:28 +0x1c
2026/06/05 16:30:16 [31mWait RAM[0m
2026/06/05 16:30:18 [31mNot enough RAM[0m
2026/06/05 16:30:18 goroutine 8 [running]:
advocate/utils/control.printAllGoroutines()
	/home/advocate/Advocate/Experiments/Advocate/advocate/utils/control/utils.go:20 +0x3d
advocate/utils/control.cancelRAM(0x77cd50, 0x77cd48, 0x77cd58)
	/home/advocate/Advocate/Experiments/Advocate/advocate/utils/control/memory.go:109 +0x6e
advocate/utils/control.Supervisor(0x77cd50, 0x77cd48, 0x77cd58)
	/home/advocate/Advocate/Experiments/Advocate/advocate/utils/control/memory.go:79 +0x12f
created by advocate/run.Run in goroutine 1
	/home/advocate/Advocate/Experiments/Advocate/advocate/run/run.go:63 +0x26f

goroutine 1 [sleep]:
time.Sleep(0x165a0bc00)
	/usr/lib/go-1.26/src/runtime/time.go:363 +0x165
advocate/fuzzing.Fuzzing()
	/home/advocate/Advocate/Experiments/Advocate/advocate/fuzzing/fuzzing.go:122 +0xbe7
advocate/run.modeFuzzing()
	/home/advocate/Advocate/Experiments/Advocate/advocate/run/modes.go:34 +0x5e
advocate/run.Run()
	/home/advocate/Advocate/Experiments/Advocate/advocate/run/run.go:100 +0x5b5
main.main()
	/home/advocate/Advocate/Experiments/Advocate/advocate/main.go:28 +0x1c
2026/06/05 16:30:22 [31mWait RAM[0m
2026/06/05 16:30:25 [31mNot enough RAM[0m
2026/06/05 16:30:25 goroutine 8 [running]:
advocate/utils/control.printAllGoroutines()
	/home/advocate/Advocate/Experiments/Advocate/advocate/utils/control/utils.go:20 +0x3d
advocate/utils/control.cancelRAM(0x77cd50, 0x77cd48, 0x77cd58)
	/home/advocate/Advocate/Experiments/Advocate/advocate/utils/control/memory.go:109 +0x6e
advocate/utils/control.Supervisor(0x77cd50, 0x77cd48, 0x77cd58)
	/home/advocate/Advocate/Experiments/Advocate/advocate/utils/control/memory.go:79 +0x12f
created by advocate/run.Run in goroutine 1
	/home/advocate/Advocate/Experiments/Advocate/advocate/run/run.go:63 +0x26f

goroutine 1 [sleep]:
time.Sleep(0x165a0bc00)
	/usr/lib/go-1.26/src/runtime/time.go:363 +0x165
advocate/fuzzing.Fuzzing()
	/home/advocate/Advocate/Experiments/Advocate/advocate/fuzzing/fuzzing.go:122 +0xbe7
advocate/run.modeFuzzing()
	/home/advocate/Advocate/Experiments/Advocate/advocate/run/modes.go:34 +0x5e
advocate/run.Run()
	/home/advocate/Advocate/Experiments/Advocate/advocate/run/run.go:100 +0x5b5
main.main()
	/home/advocate/Advocate/Experiments/Advocate/advocate/main.go:28 +0x1c
2026/06/05 16:30:28 [31mWait RAM[0m
2026/06/05 16:30:32 [31mNot enough RAM[0m
2026/06/05 16:30:32 goroutine 8 [running]:
advocate/utils/control.printAllGoroutines()
	/home/advocate/Advocate/Experiments/Advocate/advocate/utils/control/utils.go:20 +0x3d
advocate/utils/control.cancelRAM(0x77cd50, 0x77cd48, 0x77cd58)
	/home/advocate/Advocate/Experiments/Advocate/advocate/utils/control/memory.go:109 +0x6e
advocate/utils/control.Supervisor(0x77cd50, 0x77cd48, 0x77cd58)
	/home/advocate/Advocate/Experiments/Advocate/advocate/utils/control/memory.go:79 +0x12f
created by advocate/run.Run in goroutine 1
	/home/advocate/Advocate/Experiments/Advocate/advocate/run/run.go:63 +0x26f

goroutine 1 [sleep]:
time.Sleep(0x165a0bc00)
	/usr/lib/go-1.26/src/runtime/time.go:363 +0x165
advocate/fuzzing.Fuzzing()
	/home/advocate/Advocate/Experiments/Advocate/advocate/fuzzing/fuzzing.go:122 +0xbe7
advocate/run.modeFuzzing()
	/home/advocate/Advocate/Experiments/Advocate/advocate/run/modes.go:34 +0x5e
advocate/run.Run()
	/home/advocate/Advocate/Experiments/Advocate/advocate/run/run.go:100 +0x5b5
main.main()
	/home/advocate/Advocate/Experiments/Advocate/advocate/main.go:28 +0x1c
2026/06/05 16:30:34 [31mWait RAM[0m
2026/06/05 16:30:39 [31mNot enough RAM[0m
2026/06/05 16:30:39 goroutine 8 [running]:
advocate/utils/control.printAllGoroutines()
	/home/advocate/Advocate/Experiments/Advocate/advocate/utils/control/utils.go:20 +0x3d
advocate/utils/control.cancelRAM(0x77cd50, 0x77cd48, 0x77cd58)
	/home/advocate/Advocate/Experiments/Advocate/advocate/utils/control/memory.go:109 +0x6e
advocate/utils/control.Supervisor(0x77cd50, 0x77cd48, 0x77cd58)
	/home/advocate/Advocate/Experiments/Advocate/advocate/utils/control/memory.go:79 +0x12f
created by advocate/run.Run in goroutine 1
	/home/advocate/Advocate/Experiments/Advocate/advocate/run/run.go:63 +0x26f

goroutine 1 [sleep]:
time.Sleep(0x165a0bc00)
	/usr/lib/go-1.26/src/runtime/time.go:363 +0x165
advocate/fuzzing.Fuzzing()
	/home/advocate/Advocate/Experiments/Advocate/advocate/fuzzing/fuzzing.go:122 +0xbe7
advocate/run.modeFuzzing()
	/home/advocate/Advocate/Experiments/Advocate/advocate/run/modes.go:34 +0x5e
advocate/run.Run()
	/home/advocate/Advocate/Experiments/Advocate/advocate/run/run.go:100 +0x5b5
main.main()
	/home/advocate/Advocate/Experiments/Advocate/advocate/main.go:28 +0x1c
2026/06/05 16:30:40 [31mWait RAM[0m
2026/06/05 16:30:46 [31mWait RAM[0m
2026/06/05 16:30:46 [31mNot enough RAM[0m
2026/06/05 16:30:46 goroutine 8 [running]:
advocate/utils/control.printAllGoroutines()
	/home/advocate/Advocate/Experiments/Advocate/advocate/utils/control/utils.go:20 +0x3d
advocate/utils/control.cancelRAM(0x77cd50, 0x77cd48, 0x77cd58)
	/home/advocate/Advocate/Experiments/Advocate/advocate/utils/control/memory.go:109 +0x6e
advocate/utils/control.Supervisor(0x77cd50, 0x77cd48, 0x77cd58)
	/home/advocate/Advocate/Experiments/Advocate/advocate/utils/control/memory.go:79 +0x12f
created by advocate/run.Run in goroutine 1
	/home/advocate/Advocate/Experiments/Advocate/advocate/run/run.go:63 +0x26f

goroutine 1 [sleep]:
time.Sleep(0x165a0bc00)
	/usr/lib/go-1.26/src/runtime/time.go:363 +0x165
advocate/fuzzing.Fuzzing()
	/home/advocate/Advocate/Experiments/Advocate/advocate/fuzzing/fuzzing.go:122 +0xbe7
advocate/run.modeFuzzing()
	/home/advocate/Advocate/Experiments/Advocate/advocate/run/modes.go:34 +0x5e
advocate/run.Run()
	/home/advocate/Advocate/Experiments/Advocate/advocate/run/run.go:100 +0x5b5
main.main()
	/home/advocate/Advocate/Experiments/Advocate/advocate/main.go:28 +0x1c
2026/06/05 16:30:52 [31mWait RAM[0m
2026/06/05 16:30:53 [31mNot enough RAM[0m
2026/06/05 16:30:53 goroutine 8 [running]:
advocate/utils/control.printAllGoroutines()
	/home/advocate/Advocate/Experiments/Advocate/advocate/utils/control/utils.go:20 +0x3d
advocate/utils/control.cancelRAM(0x77cd50, 0x77cd48, 0x77cd58)
	/home/advocate/Advocate/Experiments/Advocate/advocate/utils/control/memory.go:109 +0x6e
advocate/utils/control.Supervisor(0x77cd50, 0x77cd48, 0x77cd58)
	/home/advocate/Advocate/Experiments/Advocate/advocate/utils/control/memory.go:79 +0x12f
created by advocate/run.Run in goroutine 1
	/home/advocate/Advocate/Experiments/Advocate/advocate/run/run.go:63 +0x26f

goroutine 1 [sleep]:
time.Sleep(0x165a0bc00)
	/usr/lib/go-1.26/src/runtime/time.go:363 +0x165
advocate/fuzzing.Fuzzing()
	/home/advocate/Advocate/Experiments/Advocate/advocate/fuzzing/fuzzing.go:122 +0xbe7
advocate/run.modeFuzzing()
	/home/advocate/Advocate/Experiments/Advocate/advocate/run/modes.go:34 +0x5e
advocate/run.Run()
	/home/advocate/Advocate/Experiments/Advocate/advocate/run/run.go:100 +0x5b5
main.main()
	/home/advocate/Advocate/Experiments/Advocate/advocate/main.go:28 +0x1c
2026/06/05 16:30:58 [31mWait RAM[0m
2026/06/05 16:31:00 [31mNot enough RAM[0m
2026/06/05 16:31:00 goroutine 8 [running]:
advocate/utils/control.printAllGoroutines()
	/home/advocate/Advocate/Experiments/Advocate/advocate/utils/control/utils.go:20 +0x3d
advocate/utils/control.cancelRAM(0x77cd50, 0x77cd48, 0x77cd58)
	/home/advocate/Advocate/Experiments/Advocate/advocate/utils/control/memory.go:109 +0x6e
advocate/utils/control.Supervisor(0x77cd50, 0x77cd48, 0x77cd58)
	/home/advocate/Advocate/Experiments/Advocate/advocate/utils/control/memory.go:79 +0x12f
created by advocate/run.Run in goroutine 1
	/home/advocate/Advocate/Experiments/Advocate/advocate/run/run.go:63 +0x26f

goroutine 1 [sleep]:
time.Sleep(0x165a0bc00)
	/usr/lib/go-1.26/src/runtime/time.go:363 +0x165
advocate/fuzzing.Fuzzing()
	/home/advocate/Advocate/Experiments/Advocate/advocate/fuzzing/fuzzing.go:122 +0xbe7
advocate/run.modeFuzzing()
	/home/advocate/Advocate/Experiments/Advocate/advocate/run/modes.go:34 +0x5e
advocate/run.Run()
	/home/advocate/Advocate/Experiments/Advocate/advocate/run/run.go:100 +0x5b5
main.main()
	/home/advocate/Advocate/Experiments/Advocate/advocate/main.go:28 +0x1c
2026/06/05 16:31:04 [31mWait RAM[0m
2026/06/05 16:31:07 [31mNot enough RAM[0m
2026/06/05 16:31:07 goroutine 8 [running]:
advocate/utils/control.printAllGoroutines()
	/home/advocate/Advocate/Experiments/Advocate/advocate/utils/control/utils.go:20 +0x3d
advocate/utils/control.cancelRAM(0x77cd50, 0x77cd48, 0x77cd58)
	/home/advocate/Advocate/Experiments/Advocate/advocate/utils/control/memory.go:109 +0x6e
advocate/utils/control.Supervisor(0x77cd50, 0x77cd48, 0x77cd58)
	/home/advocate/Advocate/Experiments/Advocate/advocate/utils/control/memory.go:79 +0x12f
created by advocate/run.Run in goroutine 1
	/home/advocate/Advocate/Experiments/Advocate/advocate/run/run.go:63 +0x26f

goroutine 1 [sleep]:
time.Sleep(0x165a0bc00)
	/usr/lib/go-1.26/src/runtime/time.go:363 +0x165
advocate/fuzzing.Fuzzing()
	/home/advocate/Advocate/Experiments/Advocate/advocate/fuzzing/fuzzing.go:122 +0xbe7
advocate/run.modeFuzzing()
	/home/advocate/Advocate/Experiments/Advocate/advocate/run/modes.go:34 +0x5e
advocate/run.Run()
	/home/advocate/Advocate/Experiments/Advocate/advocate/run/run.go:100 +0x5b5
main.main()
	/home/advocate/Advocate/Experiments/Advocate/advocate/main.go:28 +0x1c
2026/06/05 16:31:10 [31mWait RAM[0m
2026/06/05 16:31:14 [31mNot enough RAM[0m
2026/06/05 16:31:14 goroutine 8 [running]:
advocate/utils/control.printAllGoroutines()
	/home/advocate/Advocate/Experiments/Advocate/advocate/utils/control/utils.go:20 +0x3d
advocate/utils/control.cancelRAM(0x77cd50, 0x77cd48, 0x77cd58)
	/home/advocate/Advocate/Experiments/Advocate/advocate/utils/control/memory.go:109 +0x6e
advocate/utils/control.Supervisor(0x77cd50, 0x77cd48, 0x77cd58)
	/home/advocate/Advocate/Experiments/Advocate/advocate/utils/control/memory.go:79 +0x12f
created by advocate/run.Run in goroutine 1
	/home/advocate/Advocate/Experiments/Advocate/advocate/run/run.go:63 +0x26f

goroutine 1 [sleep]:
time.Sleep(0x165a0bc00)
	/usr/lib/go-1.26/src/runtime/time.go:363 +0x165
advocate/fuzzing.Fuzzing()
	/home/advocate/Advocate/Experiments/Advocate/advocate/fuzzing/fuzzing.go:122 +0xbe7
advocate/run.modeFuzzing()
	/home/advocate/Advocate/Experiments/Advocate/advocate/run/modes.go:34 +0x5e
advocate/run.Run()
	/home/advocate/Advocate/Experiments/Advocate/advocate/run/run.go:100 +0x5b5
main.main()
	/home/advocate/Advocate/Experiments/Advocate/advocate/main.go:28 +0x1c
2026/06/05 16:31:16 [31mWait RAM[0m
2026/06/05 16:31:21 [31mNot enough RAM[0m
2026/06/05 16:31:21 goroutine 8 [running]:
advocate/utils/control.printAllGoroutines()
	/home/advocate/Advocate/Experiments/Advocate/advocate/utils/control/utils.go:20 +0x3d
advocate/utils/control.cancelRAM(0x77cd50, 0x77cd48, 0x77cd58)
	/home/advocate/Advocate/Experiments/Advocate/advocate/utils/control/memory.go:109 +0x6e
advocate/utils/control.Supervisor(0x77cd50, 0x77cd48, 0x77cd58)
	/home/advocate/Advocate/Experiments/Advocate/advocate/utils/control/memory.go:79 +0x12f
created by advocate/run.Run in goroutine 1
	/home/advocate/Advocate/Experiments/Advocate/advocate/run/run.go:63 +0x26f

goroutine 1 [sleep]:
time.Sleep(0x165a0bc00)
	/usr/lib/go-1.26/src/runtime/time.go:363 +0x165
advocate/fuzzing.Fuzzing()
	/home/advocate/Advocate/Experiments/Advocate/advocate/fuzzing/fuzzing.go:122 +0xbe7
advocate/run.modeFuzzing()
	/home/advocate/Advocate/Experiments/Advocate/advocate/run/modes.go:34 +0x5e
advocate/run.Run()
	/home/advocate/Advocate/Experiments/Advocate/advocate/run/run.go:100 +0x5b5
main.main()
	/home/advocate/Advocate/Experiments/Advocate/advocate/main.go:28 +0x1c
2026/06/05 16:31:22 [31mWait RAM[0m
2026/06/05 16:31:28 [31mWait RAM[0m
2026/06/05 16:31:28 [31mNot enough RAM[0m
2026/06/05 16:31:28 goroutine 8 [running]:
advocate/utils/control.printAllGoroutines()
	/home/advocate/Advocate/Experiments/Advocate/advocate/utils/control/utils.go:20 +0x3d
advocate/utils/control.cancelRAM(0x77cd50, 0x77cd48, 0x77cd58)
	/home/advocate/Advocate/Experiments/Advocate/advocate/utils/control/memory.go:109 +0x6e
advocate/utils/control.Supervisor(0x77cd50, 0x77cd48, 0x77cd58)
	/home/advocate/Advocate/Experiments/Advocate/advocate/utils/control/memory.go:79 +0x12f
created by advocate/run.Run in goroutine 1
	/home/advocate/Advocate/Experiments/Advocate/advocate/run/run.go:63 +0x26f

goroutine 1 [sleep]:
time.Sleep(0x165a0bc00)
	/usr/lib/go-1.26/src/runtime/time.go:363 +0x165
advocate/fuzzing.Fuzzing()
	/home/advocate/Advocate/Experiments/Advocate/advocate/fuzzing/fuzzing.go:122 +0xbe7
advocate/run.modeFuzzing()
	/home/advocate/Advocate/Experiments/Advocate/advocate/run/modes.go:34 +0x5e
advocate/run.Run()
	/home/advocate/Advocate/Experiments/Advocate/advocate/run/run.go:100 +0x5b5
main.main()
	/home/advocate/Advocate/Experiments/Advocate/advocate/main.go:28 +0x1c
2026/06/05 16:31:34 [31mWait RAM[0m
2026/06/05 16:31:35 [31mNot enough RAM[0m
2026/06/05 16:31:35 goroutine 8 [running]:
advocate/utils/control.printAllGoroutines()
	/home/advocate/Advocate/Experiments/Advocate/advocate/utils/control/utils.go:20 +0x3d
advocate/utils/control.cancelRAM(0x77cd50, 0x77cd48, 0x77cd58)
	/home/advocate/Advocate/Experiments/Advocate/advocate/utils/control/memory.go:109 +0x6e
advocate/utils/control.Supervisor(0x77cd50, 0x77cd48, 0x77cd58)
	/home/advocate/Advocate/Experiments/Advocate/advocate/utils/control/memory.go:79 +0x12f
created by advocate/run.Run in goroutine 1
	/home/advocate/Advocate/Experiments/Advocate/advocate/run/run.go:63 +0x26f

goroutine 1 [sleep]:
time.Sleep(0x165a0bc00)
	/usr/lib/go-1.26/src/runtime/time.go:363 +0x165
advocate/fuzzing.Fuzzing()
	/home/advocate/Advocate/Experiments/Advocate/advocate/fuzzing/fuzzing.go:122 +0xbe7
advocate/run.modeFuzzing()
	/home/advocate/Advocate/Experiments/Advocate/advocate/run/modes.go:34 +0x5e
advocate/run.Run()
	/home/advocate/Advocate/Experiments/Advocate/advocate/run/run.go:100 +0x5b5
main.main()
	/home/advocate/Advocate/Experiments/Advocate/advocate/main.go:28 +0x1c
2026/06/05 16:31:40 [31mWait RAM[0m
2026/06/05 16:31:43 [31mNot enough RAM[0m
2026/06/05 16:31:43 goroutine 8 [running]:
advocate/utils/control.printAllGoroutines()
	/home/advocate/Advocate/Experiments/Advocate/advocate/utils/control/utils.go:20 +0x3d
advocate/utils/control.cancelRAM(0x77cd50, 0x77cd48, 0x77cd58)
	/home/advocate/Advocate/Experiments/Advocate/advocate/utils/control/memory.go:109 +0x6e
advocate/utils/control.Supervisor(0x77cd50, 0x77cd48, 0x77cd58)
	/home/advocate/Advocate/Experiments/Advocate/advocate/utils/control/memory.go:79 +0x12f
created by advocate/run.Run in goroutine 1
	/home/advocate/Advocate/Experiments/Advocate/advocate/run/run.go:63 +0x26f

goroutine 1 [sleep]:
time.Sleep(0x165a0bc00)
	/usr/lib/go-1.26/src/runtime/time.go:363 +0x165
advocate/fuzzing.Fuzzing()
	/home/advocate/Advocate/Experiments/Advocate/advocate/fuzzing/fuzzing.go:122 +0xbe7
advocate/run.modeFuzzing()
	/home/advocate/Advocate/Experiments/Advocate/advocate/run/modes.go:34 +0x5e
advocate/run.Run()
	/home/advocate/Advocate/Experiments/Advocate/advocate/run/run.go:100 +0x5b5
main.main()
	/home/advocate/Advocate/Experiments/Advocate/advocate/main.go:28 +0x1c
2026/06/05 16:31:46 [31mWait RAM[0m
2026/06/05 16:31:50 [31mNot enough RAM[0m
2026/06/05 16:31:50 goroutine 8 [running]:
advocate/utils/control.printAllGoroutines()
	/home/advocate/Advocate/Experiments/Advocate/advocate/utils/control/utils.go:20 +0x3d
advocate/utils/control.cancelRAM(0x77cd50, 0x77cd48, 0x77cd58)
	/home/advocate/Advocate/Experiments/Advocate/advocate/utils/control/memory.go:109 +0x6e
advocate/utils/control.Supervisor(0x77cd50, 0x77cd48, 0x77cd58)
	/home/advocate/Advocate/Experiments/Advocate/advocate/utils/control/memory.go:79 +0x12f
created by advocate/run.Run in goroutine 1
	/home/advocate/Advocate/Experiments/Advocate/advocate/run/run.go:63 +0x26f

goroutine 1 [sleep]:
time.Sleep(0x165a0bc00)
	/usr/lib/go-1.26/src/runtime/time.go:363 +0x165
advocate/fuzzing.Fuzzing()
	/home/advocate/Advocate/Experiments/Advocate/advocate/fuzzing/fuzzing.go:122 +0xbe7
advocate/run.modeFuzzing()
	/home/advocate/Advocate/Experiments/Advocate/advocate/run/modes.go:34 +0x5e
advocate/run.Run()
	/home/advocate/Advocate/Experiments/Advocate/advocate/run/run.go:100 +0x5b5
main.main()
	/home/advocate/Advocate/Experiments/Advocate/advocate/main.go:28 +0x1c
2026/06/05 16:31:52 [31mWait RAM[0m
2026/06/05 16:31:57 [31mNot enough RAM[0m
2026/06/05 16:31:57 goroutine 8 [running]:
advocate/utils/control.printAllGoroutines()
	/home/advocate/Advocate/Experiments/Advocate/advocate/utils/control/utils.go:20 +0x3d
advocate/utils/control.cancelRAM(0x77cd50, 0x77cd48, 0x77cd58)
	/home/advocate/Advocate/Experiments/Advocate/advocate/utils/control/memory.go:109 +0x6e
advocate/utils/control.Supervisor(0x77cd50, 0x77cd48, 0x77cd58)
	/home/advocate/Advocate/Experiments/Advocate/advocate/utils/control/memory.go:79 +0x12f
created by advocate/run.Run in goroutine 1
	/home/advocate/Advocate/Experiments/Advocate/advocate/run/run.go:63 +0x26f

goroutine 1 [sleep]:
time.Sleep(0x165a0bc00)
	/usr/lib/go-1.26/src/runtime/time.go:363 +0x165
advocate/fuzzing.Fuzzing()
	/home/advocate/Advocate/Experiments/Advocate/advocate/fuzzing/fuzzing.go:122 +0xbe7
advocate/run.modeFuzzing()
	/home/advocate/Advocate/Experiments/Advocate/advocate/run/modes.go:34 +0x5e
advocate/run.Run()
	/home/advocate/Advocate/Experiments/Advocate/advocate/run/run.go:100 +0x5b5
main.main()
	/home/advocate/Advocate/Experiments/Advocate/advocate/main.go:28 +0x1c
2026/06/05 16:31:58 [31mWait RAM[0m
2026/06/05 16:32:04 [31mNot enough RAM[0m
2026/06/05 16:32:04 goroutine 8 [running]:
advocate/utils/control.printAllGoroutines()
	/home/advocate/Advocate/Experiments/Advocate/advocate/utils/control/utils.go:20 +0x3d
advocate/utils/control.cancelRAM(0x77cd50, 0x77cd48, 0x77cd58)
	/home/advocate/Advocate/Experiments/Advocate/advocate/utils/control/memory.go:109 +0x6e
advocate/utils/control.Supervisor(0x77cd50, 0x77cd48, 0x77cd58)
	/home/advocate/Advocate/Experiments/Advocate/advocate/utils/control/memory.go:79 +0x12f
created by advocate/run.Run in goroutine 1
	/home/advocate/Advocate/Experiments/Advocate/advocate/run/run.go:63 +0x26f

goroutine 1 [sleep]:
time.Sleep(0x165a0bc00)
	/usr/lib/go-1.26/src/runtime/time.go:363 +0x165
advocate/fuzzing.Fuzzing()
	/home/advocate/Advocate/Experiments/Advocate/advocate/fuzzing/fuzzing.go:122 +0xbe7
advocate/run.modeFuzzing()
	/home/advocate/Advocate/Experiments/Advocate/advocate/run/modes.go:34 +0x5e
advocate/run.Run()
	/home/advocate/Advocate/Experiments/Advocate/advocate/run/run.go:100 +0x5b5
main.main()
	/home/advocate/Advocate/Experiments/Advocate/advocate/main.go:28 +0x1c
2026/06/05 16:32:04 [31mWait RAM[0m
2026/06/05 16:32:10 [31mWait RAM[0m
2026/06/05 16:32:11 [31mNot enough RAM[0m
2026/06/05 16:32:11 goroutine 8 [running]:
advocate/utils/control.printAllGoroutines()
	/home/advocate/Advocate/Experiments/Advocate/advocate/utils/control/utils.go:20 +0x3d
advocate/utils/control.cancelRAM(0x77cd50, 0x77cd48, 0x77cd58)
	/home/advocate/Advocate/Experiments/Advocate/advocate/utils/control/memory.go:109 +0x6e
advocate/utils/control.Supervisor(0x77cd50, 0x77cd48, 0x77cd58)
	/home/advocate/Advocate/Experiments/Advocate/advocate/utils/control/memory.go:79 +0x12f
created by advocate/run.Run in goroutine 1
	/home/advocate/Advocate/Experiments/Advocate/advocate/run/run.go:63 +0x26f

goroutine 1 [sleep]:
time.Sleep(0x165a0bc00)
	/usr/lib/go-1.26/src/runtime/time.go:363 +0x165
advocate/fuzzing.Fuzzing()
	/home/advocate/Advocate/Experiments/Advocate/advocate/fuzzing/fuzzing.go:122 +0xbe7
advocate/run.modeFuzzing()
	/home/advocate/Advocate/Experiments/Advocate/advocate/run/modes.go:34 +0x5e
advocate/run.Run()
	/home/advocate/Advocate/Experiments/Advocate/advocate/run/run.go:100 +0x5b5
main.main()
	/home/advocate/Advocate/Experiments/Advocate/advocate/main.go:28 +0x1c
2026/06/05 16:32:16 [31mWait RAM[0m
2026/06/05 16:32:18 [31mNot enough RAM[0m
2026/06/05 16:32:18 goroutine 8 [running]:
advocate/utils/control.printAllGoroutines()
	/home/advocate/Advocate/Experiments/Advocate/advocate/utils/control/utils.go:20 +0x3d
advocate/utils/control.cancelRAM(0x77cd50, 0x77cd48, 0x77cd58)
	/home/advocate/Advocate/Experiments/Advocate/advocate/utils/control/memory.go:109 +0x6e
advocate/utils/control.Supervisor(0x77cd50, 0x77cd48, 0x77cd58)
	/home/advocate/Advocate/Experiments/Advocate/advocate/utils/control/memory.go:79 +0x12f
created by advocate/run.Run in goroutine 1
	/home/advocate/Advocate/Experiments/Advocate/advocate/run/run.go:63 +0x26f

goroutine 1 [sleep]:
time.Sleep(0x165a0bc00)
	/usr/lib/go-1.26/src/runtime/time.go:363 +0x165
advocate/fuzzing.Fuzzing()
	/home/advocate/Advocate/Experiments/Advocate/advocate/fuzzing/fuzzing.go:122 +0xbe7
advocate/run.modeFuzzing()
	/home/advocate/Advocate/Experiments/Advocate/advocate/run/modes.go:34 +0x5e
advocate/run.Run()
	/home/advocate/Advocate/Experiments/Advocate/advocate/run/run.go:100 +0x5b5
main.main()
	/home/advocate/Advocate/Experiments/Advocate/advocate/main.go:28 +0x1c
2026/06/05 16:32:22 [31mWait RAM[0m
2026/06/05 16:32:25 [31mNot enough RAM[0m
2026/06/05 16:32:25 goroutine 8 [running]:
advocate/utils/control.printAllGoroutines()
	/home/advocate/Advocate/Experiments/Advocate/advocate/utils/control/utils.go:20 +0x3d
advocate/utils/control.cancelRAM(0x77cd50, 0x77cd48, 0x77cd58)
	/home/advocate/Advocate/Experiments/Advocate/advocate/utils/control/memory.go:109 +0x6e
advocate/utils/control.Supervisor(0x77cd50, 0x77cd48, 0x77cd58)
	/home/advocate/Advocate/Experiments/Advocate/advocate/utils/control/memory.go:79 +0x12f
created by advocate/run.Run in goroutine 1
	/home/advocate/Advocate/Experiments/Advocate/advocate/run/run.go:63 +0x26f

goroutine 1 [sleep]:
time.Sleep(0x165a0bc00)
	/usr/lib/go-1.26/src/runtime/time.go:363 +0x165
advocate/fuzzing.Fuzzing()
	/home/advocate/Advocate/Experiments/Advocate/advocate/fuzzing/fuzzing.go:122 +0xbe7
advocate/run.modeFuzzing()
	/home/advocate/Advocate/Experiments/Advocate/advocate/run/modes.go:34 +0x5e
advocate/run.Run()
	/home/advocate/Advocate/Experiments/Advocate/advocate/run/run.go:100 +0x5b5
main.main()
	/home/advocate/Advocate/Experiments/Advocate/advocate/main.go:28 +0x1c
2026/06/05 16:32:28 [31mWait RAM[0m
2026/06/05 16:32:32 [31mNot enough RAM[0m
2026/06/05 16:32:32 goroutine 8 [running]:
advocate/utils/control.printAllGoroutines()
	/home/advocate/Advocate/Experiments/Advocate/advocate/utils/control/utils.go:20 +0x3d
advocate/utils/control.cancelRAM(0x77cd50, 0x77cd48, 0x77cd58)
	/home/advocate/Advocate/Experiments/Advocate/advocate/utils/control/memory.go:109 +0x6e
advocate/utils/control.Supervisor(0x77cd50, 0x77cd48, 0x77cd58)
	/home/advocate/Advocate/Experiments/Advocate/advocate/utils/control/memory.go:79 +0x12f
created by advocate/run.Run in goroutine 1
	/home/advocate/Advocate/Experiments/Advocate/advocate/run/run.go:63 +0x26f

goroutine 1 [sleep]:
time.Sleep(0x165a0bc00)
	/usr/lib/go-1.26/src/runtime/time.go:363 +0x165
advocate/fuzzing.Fuzzing()
	/home/advocate/Advocate/Experiments/Advocate/advocate/fuzzing/fuzzing.go:122 +0xbe7
advocate/run.modeFuzzing()
	/home/advocate/Advocate/Experiments/Advocate/advocate/run/modes.go:34 +0x5e
advocate/run.Run()
	/home/advocate/Advocate/Experiments/Advocate/advocate/run/run.go:100 +0x5b5
main.main()
	/home/advocate/Advocate/Experiments/Advocate/advocate/main.go:28 +0x1c
2026/06/05 16:32:34 [31mWait RAM[0m
2026/06/05 16:32:39 [31mNot enough RAM[0m
2026/06/05 16:32:39 goroutine 8 [running]:
advocate/utils/control.printAllGoroutines()
	/home/advocate/Advocate/Experiments/Advocate/advocate/utils/control/utils.go:20 +0x3d
advocate/utils/control.cancelRAM(0x77cd50, 0x77cd48, 0x77cd58)
	/home/advocate/Advocate/Experiments/Advocate/advocate/utils/control/memory.go:109 +0x6e
advocate/utils/control.Supervisor(0x77cd50, 0x77cd48, 0x77cd58)
	/home/advocate/Advocate/Experiments/Advocate/advocate/utils/control/memory.go:79 +0x12f
created by advocate/run.Run in goroutine 1
	/home/advocate/Advocate/Experiments/Advocate/advocate/run/run.go:63 +0x26f

goroutine 1 [sleep]:
time.Sleep(0x165a0bc00)
	/usr/lib/go-1.26/src/runtime/time.go:363 +0x165
advocate/fuzzing.Fuzzing()
	/home/advocate/Advocate/Experiments/Advocate/advocate/fuzzing/fuzzing.go:122 +0xbe7
advocate/run.modeFuzzing()
	/home/advocate/Advocate/Experiments/Advocate/advocate/run/modes.go:34 +0x5e
advocate/run.Run()
	/home/advocate/Advocate/Experiments/Advocate/advocate/run/run.go:100 +0x5b5
main.main()
	/home/advocate/Advocate/Experiments/Advocate/advocate/main.go:28 +0x1c
2026/06/05 16:32:40 [31mWait RAM[0m
2026/06/05 16:32:46 [31mNot enough RAM[0m
2026/06/05 16:32:46 goroutine 8 [running]:
advocate/utils/control.printAllGoroutines()
	/home/advocate/Advocate/Experiments/Advocate/advocate/utils/control/utils.go:20 +0x3d
advocate/utils/control.cancelRAM(0x77cd50, 0x77cd48, 0x77cd58)
	/home/advocate/Advocate/Experiments/Advocate/advocate/utils/control/memory.go:109 +0x6e
advocate/utils/control.Supervisor(0x77cd50, 0x77cd48, 0x77cd58)
	/home/advocate/Advocate/Experiments/Advocate/advocate/utils/control/memory.go:79 +0x12f
created by advocate/run.Run in goroutine 1
	/home/advocate/Advocate/Experiments/Advocate/advocate/run/run.go:63 +0x26f

goroutine 1 [sleep]:
time.Sleep(0x165a0bc00)
	/usr/lib/go-1.26/src/runtime/time.go:363 +0x165
advocate/fuzzing.Fuzzing()
	/home/advocate/Advocate/Experiments/Advocate/advocate/fuzzing/fuzzing.go:122 +0xbe7
advocate/run.modeFuzzing()
	/home/advocate/Advocate/Experiments/Advocate/advocate/run/modes.go:34 +0x5e
advocate/run.Run()
	/home/advocate/Advocate/Experiments/Advocate/advocate/run/run.go:100 +0x5b5
main.main()
	/home/advocate/Advocate/Experiments/Advocate/advocate/main.go:28 +0x1c
2026/06/05 16:32:46 [31mWait RAM[0m
2026/06/05 16:32:52 [31mWait RAM[0m
2026/06/05 16:32:53 [31mNot enough RAM[0m
2026/06/05 16:32:53 goroutine 8 [running]:
advocate/utils/control.printAllGoroutines()
	/home/advocate/Advocate/Experiments/Advocate/advocate/utils/control/utils.go:20 +0x3d
advocate/utils/control.cancelRAM(0x77cd50, 0x77cd48, 0x77cd58)
	/home/advocate/Advocate/Experiments/Advocate/advocate/utils/control/memory.go:109 +0x6e
advocate/utils/control.Supervisor(0x77cd50, 0x77cd48, 0x77cd58)
	/home/advocate/Advocate/Experiments/Advocate/advocate/utils/control/memory.go:79 +0x12f
created by advocate/run.Run in goroutine 1
	/home/advocate/Advocate/Experiments/Advocate/advocate/run/run.go:63 +0x26f

goroutine 1 [sleep]:
time.Sleep(0x165a0bc00)
	/usr/lib/go-1.26/src/runtime/time.go:363 +0x165
advocate/fuzzing.Fuzzing()
	/home/advocate/Advocate/Experiments/Advocate/advocate/fuzzing/fuzzing.go:122 +0xbe7
advocate/run.modeFuzzing()
	/home/advocate/Advocate/Experiments/Advocate/advocate/run/modes.go:34 +0x5e
advocate/run.Run()
	/home/advocate/Advocate/Experiments/Advocate/advocate/run/run.go:100 +0x5b5
main.main()
	/home/advocate/Advocate/Experiments/Advocate/advocate/main.go:28 +0x1c
2026/06/05 16:32:58 [31mWait RAM[0m
2026/06/05 16:33:00 [31mNot enough RAM[0m
2026/06/05 16:33:00 goroutine 8 [running]:
advocate/utils/control.printAllGoroutines()
	/home/advocate/Advocate/Experiments/Advocate/advocate/utils/control/utils.go:20 +0x3d
advocate/utils/control.cancelRAM(0x77cd50, 0x77cd48, 0x77cd58)
	/home/advocate/Advocate/Experiments/Advocate/advocate/utils/control/memory.go:109 +0x6e
advocate/utils/control.Supervisor(0x77cd50, 0x77cd48, 0x77cd58)
	/home/advocate/Advocate/Experiments/Advocate/advocate/utils/control/memory.go:79 +0x12f
created by advocate/run.Run in goroutine 1
	/home/advocate/Advocate/Experiments/Advocate/advocate/run/run.go:63 +0x26f

goroutine 1 [sleep]:
time.Sleep(0x165a0bc00)
	/usr/lib/go-1.26/src/runtime/time.go:363 +0x165
advocate/fuzzing.Fuzzing()
	/home/advocate/Advocate/Experiments/Advocate/advocate/fuzzing/fuzzing.go:122 +0xbe7
advocate/run.modeFuzzing()
	/home/advocate/Advocate/Experiments/Advocate/advocate/run/modes.go:34 +0x5e
advocate/run.Run()
	/home/advocate/Advocate/Experiments/Advocate/advocate/run/run.go:100 +0x5b5
main.main()
	/home/advocate/Advocate/Experiments/Advocate/advocate/main.go:28 +0x1c
2026/06/05 16:33:04 [31mWait RAM[0m
2026/06/05 16:33:07 [31mNot enough RAM[0m
2026/06/05 16:33:07 goroutine 8 [running]:
advocate/utils/control.printAllGoroutines()
	/home/advocate/Advocate/Experiments/Advocate/advocate/utils/control/utils.go:20 +0x3d
advocate/utils/control.cancelRAM(0x77cd50, 0x77cd48, 0x77cd58)
	/home/advocate/Advocate/Experiments/Advocate/advocate/utils/control/memory.go:109 +0x6e
advocate/utils/control.Supervisor(0x77cd50, 0x77cd48, 0x77cd58)
	/home/advocate/Advocate/Experiments/Advocate/advocate/utils/control/memory.go:79 +0x12f
created by advocate/run.Run in goroutine 1
	/home/advocate/Advocate/Experiments/Advocate/advocate/run/run.go:63 +0x26f

goroutine 1 [sleep]:
time.Sleep(0x165a0bc00)
	/usr/lib/go-1.26/src/runtime/time.go:363 +0x165
advocate/fuzzing.Fuzzing()
	/home/advocate/Advocate/Experiments/Advocate/advocate/fuzzing/fuzzing.go:122 +0xbe7
advocate/run.modeFuzzing()
	/home/advocate/Advocate/Experiments/Advocate/advocate/run/modes.go:34 +0x5e
advocate/run.Run()
	/home/advocate/Advocate/Experiments/Advocate/advocate/run/run.go:100 +0x5b5
main.main()
	/home/advocate/Advocate/Experiments/Advocate/advocate/main.go:28 +0x1c
2026/06/05 16:33:10 [31mWait RAM[0m
2026/06/05 16:33:14 [31mNot enough RAM[0m
2026/06/05 16:33:14 goroutine 8 [running]:
advocate/utils/control.printAllGoroutines()
	/home/advocate/Advocate/Experiments/Advocate/advocate/utils/control/utils.go:20 +0x3d
advocate/utils/control.cancelRAM(0x77cd50, 0x77cd48, 0x77cd58)
	/home/advocate/Advocate/Experiments/Advocate/advocate/utils/control/memory.go:109 +0x6e
advocate/utils/control.Supervisor(0x77cd50, 0x77cd48, 0x77cd58)
	/home/advocate/Advocate/Experiments/Advocate/advocate/utils/control/memory.go:79 +0x12f
created by advocate/run.Run in goroutine 1
	/home/advocate/Advocate/Experiments/Advocate/advocate/run/run.go:63 +0x26f

goroutine 1 [sleep]:
time.Sleep(0x165a0bc00)
	/usr/lib/go-1.26/src/runtime/time.go:363 +0x165
advocate/fuzzing.Fuzzing()
	/home/advocate/Advocate/Experiments/Advocate/advocate/fuzzing/fuzzing.go:122 +0xbe7
advocate/run.modeFuzzing()
	/home/advocate/Advocate/Experiments/Advocate/advocate/run/modes.go:34 +0x5e
advocate/run.Run()
	/home/advocate/Advocate/Experiments/Advocate/advocate/run/run.go:100 +0x5b5
main.main()
	/home/advocate/Advocate/Experiments/Advocate/advocate/main.go:28 +0x1c
2026/06/05 16:33:16 [31mWait RAM[0m
2026/06/05 16:33:21 [31mNot enough RAM[0m
2026/06/05 16:33:21 goroutine 8 [running]:
advocate/utils/control.printAllGoroutines()
	/home/advocate/Advocate/Experiments/Advocate/advocate/utils/control/utils.go:20 +0x3d
advocate/utils/control.cancelRAM(0x77cd50, 0x77cd48, 0x77cd58)
	/home/advocate/Advocate/Experiments/Advocate/advocate/utils/control/memory.go:109 +0x6e
advocate/utils/control.Supervisor(0x77cd50, 0x77cd48, 0x77cd58)
	/home/advocate/Advocate/Experiments/Advocate/advocate/utils/control/memory.go:79 +0x12f
created by advocate/run.Run in goroutine 1
	/home/advocate/Advocate/Experiments/Advocate/advocate/run/run.go:63 +0x26f

goroutine 1 [sleep]:
time.Sleep(0x165a0bc00)
	/usr/lib/go-1.26/src/runtime/time.go:363 +0x165
advocate/fuzzing.Fuzzing()
	/home/advocate/Advocate/Experiments/Advocate/advocate/fuzzing/fuzzing.go:122 +0xbe7
advocate/run.modeFuzzing()
	/home/advocate/Advocate/Experiments/Advocate/advocate/run/modes.go:34 +0x5e
advocate/run.Run()
	/home/advocate/Advocate/Experiments/Advocate/advocate/run/run.go:100 +0x5b5
main.main()
	/home/advocate/Advocate/Experiments/Advocate/advocate/main.go:28 +0x1c
2026/06/05 16:33:22 [31mWait RAM[0m
2026/06/05 16:33:28 [31mNot enough RAM[0m
2026/06/05 16:33:28 goroutine 8 [running]:
advocate/utils/control.printAllGoroutines()
	/home/advocate/Advocate/Experiments/Advocate/advocate/utils/control/utils.go:20 +0x3d
advocate/utils/control.cancelRAM(0x77cd50, 0x77cd48, 0x77cd58)
	/home/advocate/Advocate/Experiments/Advocate/advocate/utils/control/memory.go:109 +0x6e
advocate/utils/control.Supervisor(0x77cd50, 0x77cd48, 0x77cd58)
	/home/advocate/Advocate/Experiments/Advocate/advocate/utils/control/memory.go:79 +0x12f
created by advocate/run.Run in goroutine 1
	/home/advocate/Advocate/Experiments/Advocate/advocate/run/run.go:63 +0x26f

goroutine 1 [sleep]:
time.Sleep(0x165a0bc00)
	/usr/lib/go-1.26/src/runtime/time.go:363 +0x165
advocate/fuzzing.Fuzzing()
	/home/advocate/Advocate/Experiments/Advocate/advocate/fuzzing/fuzzing.go:122 +0xbe7
advocate/run.modeFuzzing()
	/home/advocate/Advocate/Experiments/Advocate/advocate/run/modes.go:34 +0x5e
advocate/run.Run()
	/home/advocate/Advocate/Experiments/Advocate/advocate/run/run.go:100 +0x5b5
main.main()
	/home/advocate/Advocate/Experiments/Advocate/advocate/main.go:28 +0x1c
2026/06/05 16:33:28 [31mWait RAM[0m
2026/06/05 16:33:34 [31mWait RAM[0m
2026/06/05 16:33:35 [31mNot enough RAM[0m
2026/06/05 16:33:35 goroutine 8 [running]:
advocate/utils/control.printAllGoroutines()
	/home/advocate/Advocate/Experiments/Advocate/advocate/utils/control/utils.go:20 +0x3d
advocate/utils/control.cancelRAM(0x77cd50, 0x77cd48, 0x77cd58)
	/home/advocate/Advocate/Experiments/Advocate/advocate/utils/control/memory.go:109 +0x6e
advocate/utils/control.Supervisor(0x77cd50, 0x77cd48, 0x77cd58)
	/home/advocate/Advocate/Experiments/Advocate/advocate/utils/control/memory.go:79 +0x12f
created by advocate/run.Run in goroutine 1
	/home/advocate/Advocate/Experiments/Advocate/advocate/run/run.go:63 +0x26f

goroutine 1 [sleep]:
time.Sleep(0x165a0bc00)
	/usr/lib/go-1.26/src/runtime/time.go:363 +0x165
advocate/fuzzing.Fuzzing()
	/home/advocate/Advocate/Experiments/Advocate/advocate/fuzzing/fuzzing.go:122 +0xbe7
advocate/run.modeFuzzing()
	/home/advocate/Advocate/Experiments/Advocate/advocate/run/modes.go:34 +0x5e
advocate/run.Run()
	/home/advocate/Advocate/Experiments/Advocate/advocate/run/run.go:100 +0x5b5
main.main()
	/home/advocate/Advocate/Experiments/Advocate/advocate/main.go:28 +0x1c
2026/06/05 16:33:40 [31mWait RAM[0m
2026/06/05 16:33:42 [31mNot enough RAM[0m
2026/06/05 16:33:42 goroutine 8 [running]:
advocate/utils/control.printAllGoroutines()
	/home/advocate/Advocate/Experiments/Advocate/advocate/utils/control/utils.go:20 +0x3d
advocate/utils/control.cancelRAM(0x77cd50, 0x77cd48, 0x77cd58)
	/home/advocate/Advocate/Experiments/Advocate/advocate/utils/control/memory.go:109 +0x6e
advocate/utils/control.Supervisor(0x77cd50, 0x77cd48, 0x77cd58)
	/home/advocate/Advocate/Experiments/Advocate/advocate/utils/control/memory.go:79 +0x12f
created by advocate/run.Run in goroutine 1
	/home/advocate/Advocate/Experiments/Advocate/advocate/run/run.go:63 +0x26f

goroutine 1 [sleep]:
time.Sleep(0x165a0bc00)
	/usr/lib/go-1.26/src/runtime/time.go:363 +0x165
advocate/fuzzing.Fuzzing()
	/home/advocate/Advocate/Experiments/Advocate/advocate/fuzzing/fuzzing.go:122 +0xbe7
advocate/run.modeFuzzing()
	/home/advocate/Advocate/Experiments/Advocate/advocate/run/modes.go:34 +0x5e
advocate/run.Run()
	/home/advocate/Advocate/Experiments/Advocate/advocate/run/run.go:100 +0x5b5
main.main()
	/home/advocate/Advocate/Experiments/Advocate/advocate/main.go:28 +0x1c
2026/06/05 16:33:46 [31mWait RAM[0m
2026/06/05 16:33:49 [31mNot enough RAM[0m
2026/06/05 16:33:49 goroutine 8 [running]:
advocate/utils/control.printAllGoroutines()
	/home/advocate/Advocate/Experiments/Advocate/advocate/utils/control/utils.go:20 +0x3d
advocate/utils/control.cancelRAM(0x77cd50, 0x77cd48, 0x77cd58)
	/home/advocate/Advocate/Experiments/Advocate/advocate/utils/control/memory.go:109 +0x6e
advocate/utils/control.Supervisor(0x77cd50, 0x77cd48, 0x77cd58)
	/home/advocate/Advocate/Experiments/Advocate/advocate/utils/control/memory.go:79 +0x12f
created by advocate/run.Run in goroutine 1
	/home/advocate/Advocate/Experiments/Advocate/advocate/run/run.go:63 +0x26f

goroutine 1 [sleep]:
time.Sleep(0x165a0bc00)
	/usr/lib/go-1.26/src/runtime/time.go:363 +0x165
advocate/fuzzing.Fuzzing()
	/home/advocate/Advocate/Experiments/Advocate/advocate/fuzzing/fuzzing.go:122 +0xbe7
advocate/run.modeFuzzing()
	/home/advocate/Advocate/Experiments/Advocate/advocate/run/modes.go:34 +0x5e
advocate/run.Run()
	/home/advocate/Advocate/Experiments/Advocate/advocate/run/run.go:100 +0x5b5
main.main()
	/home/advocate/Advocate/Experiments/Advocate/advocate/main.go:28 +0x1c
2026/06/05 16:33:52 [31mWait RAM[0m
2026/06/05 16:33:56 [31mNot enough RAM[0m
2026/06/05 16:33:56 goroutine 8 [running]:
advocate/utils/control.printAllGoroutines()
	/home/advocate/Advocate/Experiments/Advocate/advocate/utils/control/utils.go:20 +0x3d
advocate/utils/control.cancelRAM(0x77cd50, 0x77cd48, 0x77cd58)
	/home/advocate/Advocate/Experiments/Advocate/advocate/utils/control/memory.go:109 +0x6e
advocate/utils/control.Supervisor(0x77cd50, 0x77cd48, 0x77cd58)
	/home/advocate/Advocate/Experiments/Advocate/advocate/utils/control/memory.go:79 +0x12f
created by advocate/run.Run in goroutine 1
	/home/advocate/Advocate/Experiments/Advocate/advocate/run/run.go:63 +0x26f

goroutine 1 [sleep]:
time.Sleep(0x165a0bc00)
	/usr/lib/go-1.26/src/runtime/time.go:363 +0x165
advocate/fuzzing.Fuzzing()
	/home/advocate/Advocate/Experiments/Advocate/advocate/fuzzing/fuzzing.go:122 +0xbe7
advocate/run.modeFuzzing()
	/home/advocate/Advocate/Experiments/Advocate/advocate/run/modes.go:34 +0x5e
advocate/run.Run()
	/home/advocate/Advocate/Experiments/Advocate/advocate/run/run.go:100 +0x5b5
main.main()
	/home/advocate/Advocate/Experiments/Advocate/advocate/main.go:28 +0x1c
2026/06/05 16:33:58 [31mWait RAM[0m
2026/06/05 16:34:03 [31mNot enough RAM[0m
2026/06/05 16:34:03 goroutine 8 [running]:
advocate/utils/control.printAllGoroutines()
	/home/advocate/Advocate/Experiments/Advocate/advocate/utils/control/utils.go:20 +0x3d
advocate/utils/control.cancelRAM(0x77cd50, 0x77cd48, 0x77cd58)
	/home/advocate/Advocate/Experiments/Advocate/advocate/utils/control/memory.go:109 +0x6e
advocate/utils/control.Supervisor(0x77cd50, 0x77cd48, 0x77cd58)
	/home/advocate/Advocate/Experiments/Advocate/advocate/utils/control/memory.go:79 +0x12f
created by advocate/run.Run in goroutine 1
	/home/advocate/Advocate/Experiments/Advocate/advocate/run/run.go:63 +0x26f

goroutine 1 [sleep]:
time.Sleep(0x165a0bc00)
	/usr/lib/go-1.26/src/runtime/time.go:363 +0x165
advocate/fuzzing.Fuzzing()
	/home/advocate/Advocate/Experiments/Advocate/advocate/fuzzing/fuzzing.go:122 +0xbe7
advocate/run.modeFuzzing()
	/home/advocate/Advocate/Experiments/Advocate/advocate/run/modes.go:34 +0x5e
advocate/run.Run()
	/home/advocate/Advocate/Experiments/Advocate/advocate/run/run.go:100 +0x5b5
main.main()
	/home/advocate/Advocate/Experiments/Advocate/advocate/main.go:28 +0x1c
2026/06/05 16:34:04 [31mWait RAM[0m
2026/06/05 16:34:10 [31mNot enough RAM[0m
2026/06/05 16:34:10 goroutine 8 [running]:
advocate/utils/control.printAllGoroutines()
	/home/advocate/Advocate/Experiments/Advocate/advocate/utils/control/utils.go:20 +0x3d
advocate/utils/control.cancelRAM(0x77cd50, 0x77cd48, 0x77cd58)
	/home/advocate/Advocate/Experiments/Advocate/advocate/utils/control/memory.go:109 +0x6e
advocate/utils/control.Supervisor(0x77cd50, 0x77cd48, 0x77cd58)
	/home/advocate/Advocate/Experiments/Advocate/advocate/utils/control/memory.go:79 +0x12f
created by advocate/run.Run in goroutine 1
	/home/advocate/Advocate/Experiments/Advocate/advocate/run/run.go:63 +0x26f

goroutine 1 [sleep]:
time.Sleep(0x165a0bc00)
	/usr/lib/go-1.26/src/runtime/time.go:363 +0x165
advocate/fuzzing.Fuzzing()
	/home/advocate/Advocate/Experiments/Advocate/advocate/fuzzing/fuzzing.go:122 +0xbe7
advocate/run.modeFuzzing()
	/home/advocate/Advocate/Experiments/Advocate/advocate/run/modes.go:34 +0x5e
advocate/run.Run()
	/home/advocate/Advocate/Experiments/Advocate/advocate/run/run.go:100 +0x5b5
main.main()
	/home/advocate/Advocate/Experiments/Advocate/advocate/main.go:28 +0x1c
2026/06/05 16:34:10 [31mWait RAM[0m
2026/06/05 16:34:16 [31mWait RAM[0m
2026/06/05 16:34:17 [31mNot enough RAM[0m
2026/06/05 16:34:17 goroutine 8 [running]:
advocate/utils/control.printAllGoroutines()
	/home/advocate/Advocate/Experiments/Advocate/advocate/utils/control/utils.go:20 +0x3d
advocate/utils/control.cancelRAM(0x77cd50, 0x77cd48, 0x77cd58)
	/home/advocate/Advocate/Experiments/Advocate/advocate/utils/control/memory.go:109 +0x6e
advocate/utils/control.Supervisor(0x77cd50, 0x77cd48, 0x77cd58)
	/home/advocate/Advocate/Experiments/Advocate/advocate/utils/control/memory.go:79 +0x12f
created by advocate/run.Run in goroutine 1
	/home/advocate/Advocate/Experiments/Advocate/advocate/run/run.go:63 +0x26f

goroutine 1 [sleep]:
time.Sleep(0x165a0bc00)
	/usr/lib/go-1.26/src/runtime/time.go:363 +0x165
advocate/fuzzing.Fuzzing()
	/home/advocate/Advocate/Experiments/Advocate/advocate/fuzzing/fuzzing.go:122 +0xbe7
advocate/run.modeFuzzing()
	/home/advocate/Advocate/Experiments/Advocate/advocate/run/modes.go:34 +0x5e
advocate/run.Run()
	/home/advocate/Advocate/Experiments/Advocate/advocate/run/run.go:100 +0x5b5
main.main()
	/home/advocate/Advocate/Experiments/Advocate/advocate/main.go:28 +0x1c
2026/06/05 16:34:22 [31mWait RAM[0m
2026/06/05 16:34:24 [31mNot enough RAM[0m
2026/06/05 16:34:24 goroutine 8 [running]:
advocate/utils/control.printAllGoroutines()
	/home/advocate/Advocate/Experiments/Advocate/advocate/utils/control/utils.go:20 +0x3d
advocate/utils/control.cancelRAM(0x77cd50, 0x77cd48, 0x77cd58)
	/home/advocate/Advocate/Experiments/Advocate/advocate/utils/control/memory.go:109 +0x6e
advocate/utils/control.Supervisor(0x77cd50, 0x77cd48, 0x77cd58)
	/home/advocate/Advocate/Experiments/Advocate/advocate/utils/control/memory.go:79 +0x12f
created by advocate/run.Run in goroutine 1
	/home/advocate/Advocate/Experiments/Advocate/advocate/run/run.go:63 +0x26f

goroutine 1 [sleep]:
time.Sleep(0x165a0bc00)
	/usr/lib/go-1.26/src/runtime/time.go:363 +0x165
advocate/fuzzing.Fuzzing()
	/home/advocate/Advocate/Experiments/Advocate/advocate/fuzzing/fuzzing.go:122 +0xbe7
advocate/run.modeFuzzing()
	/home/advocate/Advocate/Experiments/Advocate/advocate/run/modes.go:34 +0x5e
advocate/run.Run()
	/home/advocate/Advocate/Experiments/Advocate/advocate/run/run.go:100 +0x5b5
main.main()
	/home/advocate/Advocate/Experiments/Advocate/advocate/main.go:28 +0x1c
2026/06/05 16:34:28 [31mWait RAM[0m
2026/06/05 16:34:31 [31mNot enough RAM[0m
2026/06/05 16:34:31 goroutine 8 [running]:
advocate/utils/control.printAllGoroutines()
	/home/advocate/Advocate/Experiments/Advocate/advocate/utils/control/utils.go:20 +0x3d
advocate/utils/control.cancelRAM(0x77cd50, 0x77cd48, 0x77cd58)
	/home/advocate/Advocate/Experiments/Advocate/advocate/utils/control/memory.go:109 +0x6e
advocate/utils/control.Supervisor(0x77cd50, 0x77cd48, 0x77cd58)
	/home/advocate/Advocate/Experiments/Advocate/advocate/utils/control/memory.go:79 +0x12f
created by advocate/run.Run in goroutine 1
	/home/advocate/Advocate/Experiments/Advocate/advocate/run/run.go:63 +0x26f

goroutine 1 [sleep]:
time.Sleep(0x165a0bc00)
	/usr/lib/go-1.26/src/runtime/time.go:363 +0x165
advocate/fuzzing.Fuzzing()
	/home/advocate/Advocate/Experiments/Advocate/advocate/fuzzing/fuzzing.go:122 +0xbe7
advocate/run.modeFuzzing()
	/home/advocate/Advocate/Experiments/Advocate/advocate/run/modes.go:34 +0x5e
advocate/run.Run()
	/home/advocate/Advocate/Experiments/Advocate/advocate/run/run.go:100 +0x5b5
main.main()
	/home/advocate/Advocate/Experiments/Advocate/advocate/main.go:28 +0x1c
2026/06/05 16:34:34 [31mWait RAM[0m
2026/06/05 16:34:38 [31mNot enough RAM[0m
2026/06/05 16:34:38 goroutine 8 [running]:
advocate/utils/control.printAllGoroutines()
	/home/advocate/Advocate/Experiments/Advocate/advocate/utils/control/utils.go:20 +0x3d
advocate/utils/control.cancelRAM(0x77cd50, 0x77cd48, 0x77cd58)
	/home/advocate/Advocate/Experiments/Advocate/advocate/utils/control/memory.go:109 +0x6e
advocate/utils/control.Supervisor(0x77cd50, 0x77cd48, 0x77cd58)
	/home/advocate/Advocate/Experiments/Advocate/advocate/utils/control/memory.go:79 +0x12f
created by advocate/run.Run in goroutine 1
	/home/advocate/Advocate/Experiments/Advocate/advocate/run/run.go:63 +0x26f

goroutine 1 [sleep]:
time.Sleep(0x165a0bc00)
	/usr/lib/go-1.26/src/runtime/time.go:363 +0x165
advocate/fuzzing.Fuzzing()
	/home/advocate/Advocate/Experiments/Advocate/advocate/fuzzing/fuzzing.go:122 +0xbe7
advocate/run.modeFuzzing()
	/home/advocate/Advocate/Experiments/Advocate/advocate/run/modes.go:34 +0x5e
advocate/run.Run()
	/home/advocate/Advocate/Experiments/Advocate/advocate/run/run.go:100 +0x5b5
main.main()
	/home/advocate/Advocate/Experiments/Advocate/advocate/main.go:28 +0x1c
2026/06/05 16:34:40 [31mWait RAM[0m
2026/06/05 16:34:45 [31mNot enough RAM[0m
2026/06/05 16:34:45 goroutine 8 [running]:
advocate/utils/control.printAllGoroutines()
	/home/advocate/Advocate/Experiments/Advocate/advocate/utils/control/utils.go:20 +0x3d
advocate/utils/control.cancelRAM(0x77cd50, 0x77cd48, 0x77cd58)
	/home/advocate/Advocate/Experiments/Advocate/advocate/utils/control/memory.go:109 +0x6e
advocate/utils/control.Supervisor(0x77cd50, 0x77cd48, 0x77cd58)
	/home/advocate/Advocate/Experiments/Advocate/advocate/utils/control/memory.go:79 +0x12f
created by advocate/run.Run in goroutine 1
	/home/advocate/Advocate/Experiments/Advocate/advocate/run/run.go:63 +0x26f

goroutine 1 [sleep]:
time.Sleep(0x165a0bc00)
	/usr/lib/go-1.26/src/runtime/time.go:363 +0x165
advocate/fuzzing.Fuzzing()
	/home/advocate/Advocate/Experiments/Advocate/advocate/fuzzing/fuzzing.go:122 +0xbe7
advocate/run.modeFuzzing()
	/home/advocate/Advocate/Experiments/Advocate/advocate/run/modes.go:34 +0x5e
advocate/run.Run()
	/home/advocate/Advocate/Experiments/Advocate/advocate/run/run.go:100 +0x5b5
main.main()
	/home/advocate/Advocate/Experiments/Advocate/advocate/main.go:28 +0x1c
2026/06/05 16:34:46 [31mWait RAM[0m
2026/06/05 16:34:52 [31mNot enough RAM[0m
2026/06/05 16:34:52 goroutine 8 [running]:
advocate/utils/control.printAllGoroutines()
	/home/advocate/Advocate/Experiments/Advocate/advocate/utils/control/utils.go:20 +0x3d
advocate/utils/control.cancelRAM(0x77cd50, 0x77cd48, 0x77cd58)
	/home/advocate/Advocate/Experiments/Advocate/advocate/utils/control/memory.go:109 +0x6e
advocate/utils/control.Supervisor(0x77cd50, 0x77cd48, 0x77cd58)
	/home/advocate/Advocate/Experiments/Advocate/advocate/utils/control/memory.go:79 +0x12f
created by advocate/run.Run in goroutine 1
	/home/advocate/Advocate/Experiments/Advocate/advocate/run/run.go:63 +0x26f

goroutine 1 [sleep]:
time.Sleep(0x165a0bc00)
	/usr/lib/go-1.26/src/runtime/time.go:363 +0x165
advocate/fuzzing.Fuzzing()
	/home/advocate/Advocate/Experiments/Advocate/advocate/fuzzing/fuzzing.go:122 +0xbe7
advocate/run.modeFuzzing()
	/home/advocate/Advocate/Experiments/Advocate/advocate/run/modes.go:34 +0x5e
advocate/run.Run()
	/home/advocate/Advocate/Experiments/Advocate/advocate/run/run.go:100 +0x5b5
main.main()
	/home/advocate/Advocate/Experiments/Advocate/advocate/main.go:28 +0x1c
2026/06/05 16:34:52 [31mWait RAM[0m
2026/06/05 16:34:58 [31mWait RAM[0m
2026/06/05 16:34:59 [31mNot enough RAM[0m
2026/06/05 16:34:59 goroutine 8 [running]:
advocate/utils/control.printAllGoroutines()
	/home/advocate/Advocate/Experiments/Advocate/advocate/utils/control/utils.go:20 +0x3d
advocate/utils/control.cancelRAM(0x77cd50, 0x77cd48, 0x77cd58)
	/home/advocate/Advocate/Experiments/Advocate/advocate/utils/control/memory.go:109 +0x6e
advocate/utils/control.Supervisor(0x77cd50, 0x77cd48, 0x77cd58)
	/home/advocate/Advocate/Experiments/Advocate/advocate/utils/control/memory.go:79 +0x12f
created by advocate/run.Run in goroutine 1
	/home/advocate/Advocate/Experiments/Advocate/advocate/run/run.go:63 +0x26f

goroutine 1 [sleep]:
time.Sleep(0x165a0bc00)
	/usr/lib/go-1.26/src/runtime/time.go:363 +0x165
advocate/fuzzing.Fuzzing()
	/home/advocate/Advocate/Experiments/Advocate/advocate/fuzzing/fuzzing.go:122 +0xbe7
advocate/run.modeFuzzing()
	/home/advocate/Advocate/Experiments/Advocate/advocate/run/modes.go:34 +0x5e
advocate/run.Run()
	/home/advocate/Advocate/Experiments/Advocate/advocate/run/run.go:100 +0x5b5
main.main()
	/home/advocate/Advocate/Experiments/Advocate/advocate/main.go:28 +0x1c
2026/06/05 16:35:04 [31mWait RAM[0m
2026/06/05 16:35:06 [31mNot enough RAM[0m
2026/06/05 16:35:06 goroutine 8 [running]:
advocate/utils/control.printAllGoroutines()
	/home/advocate/Advocate/Experiments/Advocate/advocate/utils/control/utils.go:20 +0x3d
advocate/utils/control.cancelRAM(0x77cd50, 0x77cd48, 0x77cd58)
	/home/advocate/Advocate/Experiments/Advocate/advocate/utils/control/memory.go:109 +0x6e
advocate/utils/control.Supervisor(0x77cd50, 0x77cd48, 0x77cd58)
	/home/advocate/Advocate/Experiments/Advocate/advocate/utils/control/memory.go:79 +0x12f
created by advocate/run.Run in goroutine 1
	/home/advocate/Advocate/Experiments/Advocate/advocate/run/run.go:63 +0x26f

goroutine 1 [sleep]:
time.Sleep(0x165a0bc00)
	/usr/lib/go-1.26/src/runtime/time.go:363 +0x165
advocate/fuzzing.Fuzzing()
	/home/advocate/Advocate/Experiments/Advocate/advocate/fuzzing/fuzzing.go:122 +0xbe7
advocate/run.modeFuzzing()
	/home/advocate/Advocate/Experiments/Advocate/advocate/run/modes.go:34 +0x5e
advocate/run.Run()
	/home/advocate/Advocate/Experiments/Advocate/advocate/run/run.go:100 +0x5b5
main.main()
	/home/advocate/Advocate/Experiments/Advocate/advocate/main.go:28 +0x1c
2026/06/05 16:35:10 [31mWait RAM[0m
2026/06/05 16:35:13 [31mNot enough RAM[0m
2026/06/05 16:35:13 goroutine 8 [running]:
advocate/utils/control.printAllGoroutines()
	/home/advocate/Advocate/Experiments/Advocate/advocate/utils/control/utils.go:20 +0x3d
advocate/utils/control.cancelRAM(0x77cd50, 0x77cd48, 0x77cd58)
	/home/advocate/Advocate/Experiments/Advocate/advocate/utils/control/memory.go:109 +0x6e
advocate/utils/control.Supervisor(0x77cd50, 0x77cd48, 0x77cd58)
	/home/advocate/Advocate/Experiments/Advocate/advocate/utils/control/memory.go:79 +0x12f
created by advocate/run.Run in goroutine 1
	/home/advocate/Advocate/Experiments/Advocate/advocate/run/run.go:63 +0x26f

goroutine 1 [sleep]:
time.Sleep(0x165a0bc00)
	/usr/lib/go-1.26/src/runtime/time.go:363 +0x165
advocate/fuzzing.Fuzzing()
	/home/advocate/Advocate/Experiments/Advocate/advocate/fuzzing/fuzzing.go:122 +0xbe7
advocate/run.modeFuzzing()
	/home/advocate/Advocate/Experiments/Advocate/advocate/run/modes.go:34 +0x5e
advocate/run.Run()
	/home/advocate/Advocate/Experiments/Advocate/advocate/run/run.go:100 +0x5b5
main.main()
	/home/advocate/Advocate/Experiments/Advocate/advocate/main.go:28 +0x1c
2026/06/05 16:35:16 [31mWait RAM[0m
2026/06/05 16:35:20 [31mNot enough RAM[0m
2026/06/05 16:35:20 goroutine 8 [running]:
advocate/utils/control.printAllGoroutines()
	/home/advocate/Advocate/Experiments/Advocate/advocate/utils/control/utils.go:20 +0x3d
advocate/utils/control.cancelRAM(0x77cd50, 0x77cd48, 0x77cd58)
	/home/advocate/Advocate/Experiments/Advocate/advocate/utils/control/memory.go:109 +0x6e
advocate/utils/control.Supervisor(0x77cd50, 0x77cd48, 0x77cd58)
	/home/advocate/Advocate/Experiments/Advocate/advocate/utils/control/memory.go:79 +0x12f
created by advocate/run.Run in goroutine 1
	/home/advocate/Advocate/Experiments/Advocate/advocate/run/run.go:63 +0x26f

goroutine 1 [sleep]:
time.Sleep(0x165a0bc00)
	/usr/lib/go-1.26/src/runtime/time.go:363 +0x165
advocate/fuzzing.Fuzzing()
	/home/advocate/Advocate/Experiments/Advocate/advocate/fuzzing/fuzzing.go:122 +0xbe7
advocate/run.modeFuzzing()
	/home/advocate/Advocate/Experiments/Advocate/advocate/run/modes.go:34 +0x5e
advocate/run.Run()
	/home/advocate/Advocate/Experiments/Advocate/advocate/run/run.go:100 +0x5b5
main.main()
	/home/advocate/Advocate/Experiments/Advocate/advocate/main.go:28 +0x1c
2026/06/05 16:35:22 [31mWait RAM[0m
2026/06/05 16:35:27 [31mNot enough RAM[0m
2026/06/05 16:35:27 goroutine 8 [running]:
advocate/utils/control.printAllGoroutines()
	/home/advocate/Advocate/Experiments/Advocate/advocate/utils/control/utils.go:20 +0x3d
advocate/utils/control.cancelRAM(0x77cd50, 0x77cd48, 0x77cd58)
	/home/advocate/Advocate/Experiments/Advocate/advocate/utils/control/memory.go:109 +0x6e
advocate/utils/control.Supervisor(0x77cd50, 0x77cd48, 0x77cd58)
	/home/advocate/Advocate/Experiments/Advocate/advocate/utils/control/memory.go:79 +0x12f
created by advocate/run.Run in goroutine 1
	/home/advocate/Advocate/Experiments/Advocate/advocate/run/run.go:63 +0x26f

goroutine 1 [sleep]:
time.Sleep(0x165a0bc00)
	/usr/lib/go-1.26/src/runtime/time.go:363 +0x165
advocate/fuzzing.Fuzzing()
	/home/advocate/Advocate/Experiments/Advocate/advocate/fuzzing/fuzzing.go:122 +0xbe7
advocate/run.modeFuzzing()
	/home/advocate/Advocate/Experiments/Advocate/advocate/run/modes.go:34 +0x5e
advocate/run.Run()
	/home/advocate/Advocate/Experiments/Advocate/advocate/run/run.go:100 +0x5b5
main.main()
	/home/advocate/Advocate/Experiments/Advocate/advocate/main.go:28 +0x1c
2026/06/05 16:35:28 [31mWait RAM[0m
2026/06/05 16:35:34 [31mNot enough RAM[0m
2026/06/05 16:35:34 goroutine 8 [running]:
advocate/utils/control.printAllGoroutines()
	/home/advocate/Advocate/Experiments/Advocate/advocate/utils/control/utils.go:20 +0x3d
advocate/utils/control.cancelRAM(0x77cd50, 0x77cd48, 0x77cd58)
	/home/advocate/Advocate/Experiments/Advocate/advocate/utils/control/memory.go:109 +0x6e
advocate/utils/control.Supervisor(0x77cd50, 0x77cd48, 0x77cd58)
	/home/advocate/Advocate/Experiments/Advocate/advocate/utils/control/memory.go:79 +0x12f
created by advocate/run.Run in goroutine 1
	/home/advocate/Advocate/Experiments/Advocate/advocate/run/run.go:63 +0x26f

goroutine 1 [sleep]:
time.Sleep(0x165a0bc00)
	/usr/lib/go-1.26/src/runtime/time.go:363 +0x165
advocate/fuzzing.Fuzzing()
	/home/advocate/Advocate/Experiments/Advocate/advocate/fuzzing/fuzzing.go:122 +0xbe7
advocate/run.modeFuzzing()
	/home/advocate/Advocate/Experiments/Advocate/advocate/run/modes.go:34 +0x5e
advocate/run.Run()
	/home/advocate/Advocate/Experiments/Advocate/advocate/run/run.go:100 +0x5b5
main.main()
	/home/advocate/Advocate/Experiments/Advocate/advocate/main.go:28 +0x1c
2026/06/05 16:35:34 [31mWait RAM[0m
