2026/06/05 14:16:05 [33mUpdated Go version in go.mod to 1.25[0m
2026/06/05 14:16:05 Run go mod tidy
2026/06/05 14:16:05 Start fuzzing in mode GoCRHB
2026/06/05 14:16:05 Run fuzzing on all tests
2026/06/05 14:16:05 Found 104 test files
2026/06/05 14:16:05 Processing file: /home/advocate/Advocate/Experiments/Advocate/helper/aplas/output/oocLength/6/blocking/cockroach/10214/cockroach10214_test.go
2026/06/05 14:16:05 Fuzzing Run:  1
2026/06/05 14:16:05 Create  /home/advocate/Advocate/Experiments/Advocate/helper/aplas/output/oocLength/6/advocateResult/file(1)-test(1)-cockroach10214_test-TestCockroach10214
2026/06/05 14:16:05 Execute Test
2026/06/05 14:16:06 Text executed
2026/06/05 14:16:06 Run the analyzer for /home/advocate/Advocate/Experiments/Advocate/helper/aplas/output/oocLength/6/blocking/cockroach/10214/advocateTrace
2026/06/05 14:16:06 Read trace with 23 elements in 3 routines
2026/06/05 14:16:06 Start Analysis
2026/06/05 14:16:06 Finished HB analysis
2026/06/05 14:16:06 Analysis finished
2026/06/05 14:16:06 Start rewrite
2026/06/05 14:16:06 Finished Rewrite
2026/06/05 14:16:06 Number Results:  1
2026/06/05 14:16:06 Successfully rewrites:  0
2026/06/05 14:16:06 No need/not possible to rewrite:  1
2026/06/05 14:16:06 Failed rewrites:  0
2026/06/05 14:16:06 Start guided execution
2026/06/05 14:16:06 Found 0 rewritten traces
2026/06/05 14:16:06 Create bug reports
2026/06/05 14:16:06 [32mFound Possible Cyclic Deadlock.[0m
2026/06/05 14:16:06 Create statistics
2026/06/05 14:16:06 Finished run for TestCockroach10214
2026/06/05 14:16:06 Parse recorded trace for fuzzing information
2026/06/05 14:16:06 Create mutations
2026/06/05 14:16:06 Create GoPie mutations
2026/06/05 14:16:06 Mutate 24 scheduling chains
2026/06/05 14:16:06 Write 20 mutations to file
2026/06/05 14:16:06 Create statistics
2026/06/05 14:16:06 Current fuzzing queue size: 20
2026/06/05 14:16:06 Remaining fuzzing time: 9:58 min
2026/06/05 14:16:06 Fuzzing Run:  2
2026/06/05 14:16:06 Execute Test
2026/06/05 14:26:07 Text executed
2026/06/05 14:26:07 Run the analyzer for /home/advocate/Advocate/Experiments/Advocate/helper/aplas/output/oocLength/6/blocking/cockroach/10214/advocateTrace
2026/06/05 14:26:07 Read trace with 20 elements in 2 routines
2026/06/05 14:26:07 Start Analysis
2026/06/05 14:26:07 Finished HB analysis
2026/06/05 14:26:07 Analysis finished
2026/06/05 14:26:07 Finished Rewrite
2026/06/05 14:26:07 Number Results:  0
2026/06/05 14:26:07 Successfully rewrites:  0
2026/06/05 14:26:07 No need/not possible to rewrite:  0
2026/06/05 14:26:07 Failed rewrites:  0
2026/06/05 14:26:07 Start guided execution
2026/06/05 14:26:07 Found 0 rewritten traces
2026/06/05 14:26:07 Create bug reports
2026/06/05 14:26:07 Create statistics
2026/06/05 14:26:07 Finished run for TestCockroach10214
2026/06/05 14:26:07 Parse recorded trace for fuzzing information
2026/06/05 14:26:07 Create mutations
2026/06/05 14:26:07 Create GoPie mutations
2026/06/05 14:26:07 Mutate 0 scheduling chains
2026/06/05 14:26:07 Write 0 mutations to file
2026/06/05 14:26:07 Create statistics
2026/06/05 14:26:07 Current fuzzing queue size: 0
2026/06/05 14:26:07 Finish fuzzing because maximum runtime for fuzzing (10 min) has been reached
2026/06/05 14:26:07 Processing file: /home/advocate/Advocate/Experiments/Advocate/helper/aplas/output/oocLength/6/blocking/cockroach/1055/cockroach1055_test.go
2026/06/05 14:26:07 Fuzzing Run:  1
2026/06/05 14:26:07 Create  /home/advocate/Advocate/Experiments/Advocate/helper/aplas/output/oocLength/6/advocateResult/file(2)-test(1)-cockroach1055_test-TestCockroach1055
2026/06/05 14:26:07 Execute Test
2026/06/05 14:30:08 Text executed
2026/06/05 14:30:08 Run the analyzer for /home/advocate/Advocate/Experiments/Advocate/helper/aplas/output/oocLength/6/blocking/cockroach/1055/advocateTrace
2026/06/05 14:30:08 Read trace with 44 elements in 5 routines
2026/06/05 14:30:08 Start Analysis
2026/06/05 14:30:08 Finished HB analysis
2026/06/05 14:30:08 Analysis finished
2026/06/05 14:30:08 Start rewrite
2026/06/05 14:30:08 Finished Rewrite
2026/06/05 14:30:08 Number Results:  2
2026/06/05 14:30:08 Successfully rewrites:  0
2026/06/05 14:30:08 No need/not possible to rewrite:  2
2026/06/05 14:30:08 Failed rewrites:  0
2026/06/05 14:30:08 Start guided execution
2026/06/05 14:30:08 Found 0 rewritten traces
2026/06/05 14:30:08 Create bug reports
2026/06/05 14:30:08 [32mFound Timeout.[0m
2026/06/05 14:30:08 [32mFound Actual Non-Cyclic Blocking Bug.[0m
2026/06/05 14:30:08 Create statistics
2026/06/05 14:30:08 Finished run for TestCockroach1055
2026/06/05 14:30:08 Parse recorded trace for fuzzing information
2026/06/05 14:30:08 Create mutations
2026/06/05 14:30:08 Create GoPie mutations
2026/06/05 14:30:08 Mutate 24 scheduling chains
2026/06/05 14:30:08 Write 0 mutations to file
2026/06/05 14:30:08 Create statistics
2026/06/05 14:30:08 Current fuzzing queue size: 0
2026/06/05 14:30:08 Remaining fuzzing time: 5:58 min
2026/06/05 14:30:08 Finish fuzzing after 1 runs
2026/06/05 14:30:08 Processing file: /home/advocate/Advocate/Experiments/Advocate/helper/aplas/output/oocLength/6/blocking/cockroach/10790/cockroach10790_test.go
2026/06/05 14:30:08 Fuzzing Run:  1
2026/06/05 14:30:08 Create  /home/advocate/Advocate/Experiments/Advocate/helper/aplas/output/oocLength/6/advocateResult/file(3)-test(1)-cockroach10790_test-TestCockroach10790
2026/06/05 14:30:08 Execute Test
2026/06/05 14:30:09 Text executed
2026/06/05 14:30:09 Run the analyzer for /home/advocate/Advocate/Experiments/Advocate/helper/aplas/output/oocLength/6/blocking/cockroach/10790/advocateTrace
2026/06/05 14:30:09 Read trace with 22 elements in 6 routines
2026/06/05 14:30:09 Start Analysis
2026/06/05 14:30:09 Finished HB analysis
2026/06/05 14:30:09 Analysis finished
2026/06/05 14:30:09 Start rewrite
2026/06/05 14:30:09 Finished Rewrite
2026/06/05 14:30:09 Number Results:  1
2026/06/05 14:30:09 Successfully rewrites:  0
2026/06/05 14:30:09 No need/not possible to rewrite:  1
2026/06/05 14:30:09 Failed rewrites:  0
2026/06/05 14:30:09 Start guided execution
2026/06/05 14:30:09 Found 0 rewritten traces
2026/06/05 14:30:09 Create bug reports
2026/06/05 14:30:09 [31mline number out of range[0m
2026/06/05 14:30:09 [32mFound Actual Non-Cyclic Blocking Bug.[0m
2026/06/05 14:30:09 Create statistics
2026/06/05 14:30:09 Finished run for TestCockroach10790
2026/06/05 14:30:09 Parse recorded trace for fuzzing information
2026/06/05 14:30:09 Create mutations
2026/06/05 14:30:09 Create GoPie mutations
2026/06/05 14:30:09 Mutate 0 scheduling chains
2026/06/05 14:30:09 Write 1 special mutation to file
2026/06/05 14:30:09 Write 0 mutations to file
2026/06/05 14:30:09 Create statistics
2026/06/05 14:30:09 Current fuzzing queue size: 0
2026/06/05 14:30:09 Remaining fuzzing time: 9:58 min
2026/06/05 14:30:09 Finish fuzzing after 1 runs
2026/06/05 14:30:09 Processing file: /home/advocate/Advocate/Experiments/Advocate/helper/aplas/output/oocLength/6/blocking/cockroach/13197/cockroach13197_test.go
2026/06/05 14:30:09 Fuzzing Run:  1
2026/06/05 14:30:09 Create  /home/advocate/Advocate/Experiments/Advocate/helper/aplas/output/oocLength/6/advocateResult/file(4)-test(1)-cockroach13197_test-TestCockroach13197
2026/06/05 14:30:09 Execute Test
2026/06/05 14:30:10 Text executed
2026/06/05 14:30:10 Run the analyzer for /home/advocate/Advocate/Experiments/Advocate/helper/aplas/output/oocLength/6/blocking/cockroach/13197/advocateTrace
2026/06/05 14:30:10 Read trace with 6 elements in 2 routines
2026/06/05 14:30:10 Start Analysis
2026/06/05 14:30:10 Finished HB analysis
2026/06/05 14:30:10 Analysis finished
2026/06/05 14:30:10 Start rewrite
2026/06/05 14:30:10 Finished Rewrite
2026/06/05 14:30:10 Number Results:  1
2026/06/05 14:30:10 Successfully rewrites:  0
2026/06/05 14:30:10 No need/not possible to rewrite:  1
2026/06/05 14:30:10 Failed rewrites:  0
2026/06/05 14:30:10 Start guided execution
2026/06/05 14:30:10 Found 0 rewritten traces
2026/06/05 14:30:10 Create bug reports
2026/06/05 14:30:10 [31mline number out of range[0m
2026/06/05 14:30:10 [32mFound Actual Non-Cyclic Blocking Bug.[0m
2026/06/05 14:30:10 Create statistics
2026/06/05 14:30:10 Finished run for TestCockroach13197
2026/06/05 14:30:10 Parse recorded trace for fuzzing information
2026/06/05 14:30:10 Create mutations
2026/06/05 14:30:10 Create GoPie mutations
2026/06/05 14:30:10 Mutate 0 scheduling chains
2026/06/05 14:30:10 Write 0 mutations to file
2026/06/05 14:30:10 Create statistics
2026/06/05 14:30:10 Current fuzzing queue size: 0
2026/06/05 14:30:10 Remaining fuzzing time: 9:58 min
2026/06/05 14:30:10 Finish fuzzing after 1 runs
2026/06/05 14:30:10 Processing file: /home/advocate/Advocate/Experiments/Advocate/helper/aplas/output/oocLength/6/blocking/cockroach/13755/cockroach13755_test.go
2026/06/05 14:30:10 Fuzzing Run:  1
2026/06/05 14:30:10 Create  /home/advocate/Advocate/Experiments/Advocate/helper/aplas/output/oocLength/6/advocateResult/file(5)-test(1)-cockroach13755_test-TestCockroach13755
2026/06/05 14:30:10 Execute Test
2026/06/05 14:30:11 Text executed
2026/06/05 14:30:11 Run the analyzer for /home/advocate/Advocate/Experiments/Advocate/helper/aplas/output/oocLength/6/blocking/cockroach/13755/advocateTrace
2026/06/05 14:30:11 Read trace with 6 elements in 2 routines
2026/06/05 14:30:11 Start Analysis
2026/06/05 14:30:11 Finished HB analysis
2026/06/05 14:30:11 Analysis finished
2026/06/05 14:30:11 Start rewrite
2026/06/05 14:30:11 Finished Rewrite
2026/06/05 14:30:11 Number Results:  1
2026/06/05 14:30:11 Successfully rewrites:  0
2026/06/05 14:30:11 No need/not possible to rewrite:  1
2026/06/05 14:30:11 Failed rewrites:  0
2026/06/05 14:30:11 Start guided execution
2026/06/05 14:30:11 Found 0 rewritten traces
2026/06/05 14:30:11 Create bug reports
2026/06/05 14:30:11 [31mline number out of range[0m
2026/06/05 14:30:11 [32mFound Actual Non-Cyclic Blocking Bug.[0m
2026/06/05 14:30:11 Create statistics
2026/06/05 14:30:11 Finished run for TestCockroach13755
2026/06/05 14:30:11 Parse recorded trace for fuzzing information
2026/06/05 14:30:11 Create mutations
2026/06/05 14:30:11 Create GoPie mutations
2026/06/05 14:30:11 Mutate 0 scheduling chains
2026/06/05 14:30:11 Write 0 mutations to file
2026/06/05 14:30:11 Create statistics
2026/06/05 14:30:11 Current fuzzing queue size: 0
2026/06/05 14:30:11 Remaining fuzzing time: 9:58 min
2026/06/05 14:30:11 Finish fuzzing after 1 runs
2026/06/05 14:30:11 Processing file: /home/advocate/Advocate/Experiments/Advocate/helper/aplas/output/oocLength/6/blocking/cockroach/1462/cockroach1462_test.go
2026/06/05 14:30:11 Fuzzing Run:  1
2026/06/05 14:30:11 Create  /home/advocate/Advocate/Experiments/Advocate/helper/aplas/output/oocLength/6/advocateResult/file(6)-test(1)-cockroach1462_test-TestCockroach1462
2026/06/05 14:30:11 Execute Test
2026/06/05 14:30:12 Text executed
2026/06/05 14:30:12 Run the analyzer for /home/advocate/Advocate/Experiments/Advocate/helper/aplas/output/oocLength/6/blocking/cockroach/1462/advocateTrace
2026/06/05 14:30:12 Read trace with 21 elements in 3 routines
2026/06/05 14:30:12 Start Analysis
2026/06/05 14:30:12 Finished HB analysis
2026/06/05 14:30:12 Analysis finished
2026/06/05 14:30:12 Start rewrite
2026/06/05 14:30:12 Finished Rewrite
2026/06/05 14:30:12 Number Results:  1
2026/06/05 14:30:12 Successfully rewrites:  0
2026/06/05 14:30:12 No need/not possible to rewrite:  1
2026/06/05 14:30:12 Failed rewrites:  0
2026/06/05 14:30:12 Start guided execution
2026/06/05 14:30:12 Found 0 rewritten traces
2026/06/05 14:30:12 Create bug reports
2026/06/05 14:30:12 [31mline number out of range[0m
2026/06/05 14:30:12 [32mFound Actual Non-Cyclic Blocking Bug.[0m
2026/06/05 14:30:12 Create statistics
2026/06/05 14:30:12 Finished run for TestCockroach1462
2026/06/05 14:30:12 Parse recorded trace for fuzzing information
2026/06/05 14:30:12 Create mutations
2026/06/05 14:30:12 Create GoPie mutations
2026/06/05 14:30:12 Mutate 24 scheduling chains
2026/06/05 14:30:12 Write 0 mutations to file
2026/06/05 14:30:12 Create statistics
2026/06/05 14:30:12 Current fuzzing queue size: 0
2026/06/05 14:30:12 Remaining fuzzing time: 9:58 min
2026/06/05 14:30:12 Finish fuzzing after 1 runs
2026/06/05 14:30:12 Processing file: /home/advocate/Advocate/Experiments/Advocate/helper/aplas/output/oocLength/6/blocking/cockroach/16167/cockroach16167_test.go
2026/06/05 14:30:12 Fuzzing Run:  1
2026/06/05 14:30:12 Create  /home/advocate/Advocate/Experiments/Advocate/helper/aplas/output/oocLength/6/advocateResult/file(7)-test(1)-cockroach16167_test-TestCockroach16167
2026/06/05 14:30:12 Execute Test
2026/06/05 14:30:13 Text executed
2026/06/05 14:30:13 Run the analyzer for /home/advocate/Advocate/Experiments/Advocate/helper/aplas/output/oocLength/6/blocking/cockroach/16167/advocateTrace
2026/06/05 14:30:13 Read trace with 7 elements in 2 routines
2026/06/05 14:30:13 Start Analysis
2026/06/05 14:30:13 Finished HB analysis
2026/06/05 14:30:13 Analysis finished
2026/06/05 14:30:13 Start rewrite
2026/06/05 14:30:13 Finished Rewrite
2026/06/05 14:30:13 Number Results:  1
2026/06/05 14:30:13 Successfully rewrites:  0
2026/06/05 14:30:13 No need/not possible to rewrite:  1
2026/06/05 14:30:13 Failed rewrites:  0
2026/06/05 14:30:13 Start guided execution
2026/06/05 14:30:13 Found 0 rewritten traces
2026/06/05 14:30:13 Create bug reports
2026/06/05 14:30:13 [31mline number out of range[0m
2026/06/05 14:30:13 Create statistics
2026/06/05 14:30:13 Finished run for TestCockroach16167
2026/06/05 14:30:13 Parse recorded trace for fuzzing information
2026/06/05 14:30:13 Create mutations
2026/06/05 14:30:13 Create GoPie mutations
2026/06/05 14:30:13 Mutate 24 scheduling chains
2026/06/05 14:30:13 Write 0 mutations to file
2026/06/05 14:30:13 Create statistics
2026/06/05 14:30:13 Current fuzzing queue size: 0
2026/06/05 14:30:13 Remaining fuzzing time: 9:58 min
2026/06/05 14:30:13 Finish fuzzing after 1 runs
2026/06/05 14:30:13 Processing file: /home/advocate/Advocate/Experiments/Advocate/helper/aplas/output/oocLength/6/blocking/cockroach/18101/cockroach18101_test.go
2026/06/05 14:30:13 Fuzzing Run:  1
2026/06/05 14:30:13 Create  /home/advocate/Advocate/Experiments/Advocate/helper/aplas/output/oocLength/6/advocateResult/file(8)-test(1)-cockroach18101_test-TestCockroach18101
2026/06/05 14:30:13 Execute Test
2026/06/05 14:30:15 Text executed
2026/06/05 14:30:15 Run the analyzer for /home/advocate/Advocate/Experiments/Advocate/helper/aplas/output/oocLength/6/blocking/cockroach/18101/advocateTrace
2026/06/05 14:30:15 Read trace with 19 elements in 4 routines
2026/06/05 14:30:15 Start Analysis
2026/06/05 14:30:15 Finished HB analysis
2026/06/05 14:30:15 Analysis finished
2026/06/05 14:30:15 Start rewrite
2026/06/05 14:30:15 Finished Rewrite
2026/06/05 14:30:15 Number Results:  1
2026/06/05 14:30:15 Successfully rewrites:  0
2026/06/05 14:30:15 No need/not possible to rewrite:  1
2026/06/05 14:30:15 Failed rewrites:  0
2026/06/05 14:30:15 Start guided execution
2026/06/05 14:30:15 Found 0 rewritten traces
2026/06/05 14:30:15 Create bug reports
2026/06/05 14:30:15 [31mline number out of range[0m
2026/06/05 14:30:15 [32mFound Actual Non-Cyclic Blocking Bug.[0m
2026/06/05 14:30:15 Create statistics
2026/06/05 14:30:15 Finished run for TestCockroach18101
2026/06/05 14:30:15 Parse recorded trace for fuzzing information
2026/06/05 14:30:15 Create mutations
2026/06/05 14:30:15 Create GoPie mutations
2026/06/05 14:30:15 Mutate 24 scheduling chains
2026/06/05 14:30:15 Write 0 mutations to file
2026/06/05 14:30:15 Create statistics
2026/06/05 14:30:15 Current fuzzing queue size: 0
2026/06/05 14:30:15 Remaining fuzzing time: 9:58 min
2026/06/05 14:30:15 Finish fuzzing after 1 runs
2026/06/05 14:30:15 Processing file: /home/advocate/Advocate/Experiments/Advocate/helper/aplas/output/oocLength/6/blocking/cockroach/2448/cockroach2448_test.go
2026/06/05 14:30:15 Fuzzing Run:  1
2026/06/05 14:30:15 Create  /home/advocate/Advocate/Experiments/Advocate/helper/aplas/output/oocLength/6/advocateResult/file(9)-test(1)-cockroach2448_test-TestCockroach2448
2026/06/05 14:30:15 Execute Test
2026/06/05 14:30:16 Text executed
2026/06/05 14:30:16 Run the analyzer for /home/advocate/Advocate/Experiments/Advocate/helper/aplas/output/oocLength/6/blocking/cockroach/2448/advocateTrace
2026/06/05 14:30:16 Read trace with 67 elements in 3 routines
2026/06/05 14:30:16 Start Analysis
2026/06/05 14:30:16 Finished HB analysis
2026/06/05 14:30:16 Analysis finished
2026/06/05 14:30:16 Start rewrite
2026/06/05 14:30:16 Finished Rewrite
2026/06/05 14:30:16 Number Results:  2
2026/06/05 14:30:16 Successfully rewrites:  0
2026/06/05 14:30:16 No need/not possible to rewrite:  2
2026/06/05 14:30:16 Failed rewrites:  0
2026/06/05 14:30:16 Start guided execution
2026/06/05 14:30:16 Found 0 rewritten traces
2026/06/05 14:30:16 Create bug reports
2026/06/05 14:30:16 [31mline number out of range[0m
2026/06/05 14:30:16 [32mFound Actual Non-Cyclic Blocking Bug.[0m
2026/06/05 14:30:16 [32mFound Actual Cyclic Deadlock.[0m
2026/06/05 14:30:16 Create statistics
2026/06/05 14:30:16 Finished run for TestCockroach2448
2026/06/05 14:30:16 Parse recorded trace for fuzzing information
2026/06/05 14:30:16 Create mutations
2026/06/05 14:30:16 Create GoPie mutations
2026/06/05 14:30:16 Mutate 0 scheduling chains
2026/06/05 14:30:16 Write 0 mutations to file
2026/06/05 14:30:16 Create statistics
2026/06/05 14:30:16 Current fuzzing queue size: 0
2026/06/05 14:30:16 Remaining fuzzing time: 9:58 min
2026/06/05 14:30:16 Finish fuzzing after 1 runs
2026/06/05 14:30:16 Processing file: /home/advocate/Advocate/Experiments/Advocate/helper/aplas/output/oocLength/6/blocking/cockroach/24808/cockroach24808_test.go
2026/06/05 14:30:16 Fuzzing Run:  1
2026/06/05 14:30:16 Create  /home/advocate/Advocate/Experiments/Advocate/helper/aplas/output/oocLength/6/advocateResult/file(10)-test(1)-cockroach24808_test-TestCockroach24808
2026/06/05 14:30:16 Execute Test
2026/06/05 14:34:17 Text executed
2026/06/05 14:34:17 Run the analyzer for /home/advocate/Advocate/Experiments/Advocate/helper/aplas/output/oocLength/6/blocking/cockroach/24808/advocateTrace
2026/06/05 14:34:17 Read trace with 4 elements in 1 routines
2026/06/05 14:34:17 Start Analysis
2026/06/05 14:34:17 Finished HB analysis
2026/06/05 14:34:17 Analysis finished
2026/06/05 14:34:17 Start rewrite
2026/06/05 14:34:17 Finished Rewrite
2026/06/05 14:34:17 Number Results:  3
2026/06/05 14:34:17 Successfully rewrites:  0
2026/06/05 14:34:17 No need/not possible to rewrite:  3
2026/06/05 14:34:17 Failed rewrites:  0
2026/06/05 14:34:17 Start guided execution
2026/06/05 14:34:17 Found 0 rewritten traces
2026/06/05 14:34:17 Create bug reports
2026/06/05 14:34:17 [31mline number out of range[0m
2026/06/05 14:34:17 [32mFound Actual Non-Cyclic Blocking Bug.[0m
2026/06/05 14:34:17 [32mFound Actual Cyclic Deadlock.[0m
2026/06/05 14:34:17 Create statistics
2026/06/05 14:34:17 Finished run for TestCockroach24808
2026/06/05 14:34:17 Parse recorded trace for fuzzing information
2026/06/05 14:34:17 Create mutations
2026/06/05 14:34:17 Create GoPie mutations
2026/06/05 14:34:17 Mutate 0 scheduling chains
2026/06/05 14:34:17 Write 0 mutations to file
2026/06/05 14:34:17 Create statistics
2026/06/05 14:34:17 Current fuzzing queue size: 0
2026/06/05 14:34:17 Remaining fuzzing time: 5:58 min
2026/06/05 14:34:17 Finish fuzzing after 1 runs
2026/06/05 14:34:17 Processing file: /home/advocate/Advocate/Experiments/Advocate/helper/aplas/output/oocLength/6/blocking/cockroach/25456/cockroach25456_test.go
2026/06/05 14:34:17 Fuzzing Run:  1
2026/06/05 14:34:17 Create  /home/advocate/Advocate/Experiments/Advocate/helper/aplas/output/oocLength/6/advocateResult/file(11)-test(1)-cockroach25456_test-TestCockroach25456
2026/06/05 14:34:17 Execute Test
2026/06/05 14:38:18 Text executed
2026/06/05 14:38:18 Run the analyzer for /home/advocate/Advocate/Experiments/Advocate/helper/aplas/output/oocLength/6/blocking/cockroach/25456/advocateTrace
2026/06/05 14:38:18 Read trace with 2 elements in 1 routines
2026/06/05 14:38:18 Start Analysis
2026/06/05 14:38:18 Finished HB analysis
2026/06/05 14:38:18 Analysis finished
2026/06/05 14:38:18 Start rewrite
2026/06/05 14:38:18 Finished Rewrite
2026/06/05 14:38:18 Number Results:  3
2026/06/05 14:38:18 Successfully rewrites:  0
2026/06/05 14:38:18 No need/not possible to rewrite:  3
2026/06/05 14:38:18 Failed rewrites:  0
2026/06/05 14:38:18 Start guided execution
2026/06/05 14:38:18 Found 0 rewritten traces
2026/06/05 14:38:18 Create bug reports
2026/06/05 14:38:18 [31mline number out of range[0m
2026/06/05 14:38:18 [32mFound Actual Non-Cyclic Blocking Bug.[0m
2026/06/05 14:38:18 Create statistics
2026/06/05 14:38:18 Finished run for TestCockroach25456
2026/06/05 14:38:18 Parse recorded trace for fuzzing information
2026/06/05 14:38:18 Create mutations
2026/06/05 14:38:18 Create GoPie mutations
2026/06/05 14:38:18 Mutate 0 scheduling chains
2026/06/05 14:38:18 Write 0 mutations to file
2026/06/05 14:38:18 Create statistics
2026/06/05 14:38:18 Current fuzzing queue size: 0
2026/06/05 14:38:18 Remaining fuzzing time: 5:58 min
2026/06/05 14:38:18 Finish fuzzing after 1 runs
2026/06/05 14:38:18 Processing file: /home/advocate/Advocate/Experiments/Advocate/helper/aplas/output/oocLength/6/blocking/cockroach/35073/cockroach35073_test.go
2026/06/05 14:38:18 Fuzzing Run:  1
2026/06/05 14:38:18 Create  /home/advocate/Advocate/Experiments/Advocate/helper/aplas/output/oocLength/6/advocateResult/file(12)-test(1)-cockroach35073_test-TestCockroach35073
2026/06/05 14:38:18 Execute Test
2026/06/05 14:42:19 Text executed
2026/06/05 14:42:19 Run the analyzer for /home/advocate/Advocate/Experiments/Advocate/helper/aplas/output/oocLength/6/blocking/cockroach/35073/advocateTrace
2026/06/05 14:42:19 Read trace with 44 elements in 3 routines
2026/06/05 14:42:19 Start Analysis
2026/06/05 14:42:19 Finished HB analysis
2026/06/05 14:42:19 Analysis finished
2026/06/05 14:42:19 Start rewrite
2026/06/05 14:42:19 Finished Rewrite
2026/06/05 14:42:19 Number Results:  3
2026/06/05 14:42:19 Successfully rewrites:  0
2026/06/05 14:42:19 No need/not possible to rewrite:  3
2026/06/05 14:42:19 Failed rewrites:  0
2026/06/05 14:42:19 Start guided execution
2026/06/05 14:42:19 Found 0 rewritten traces
2026/06/05 14:42:19 Create bug reports
2026/06/05 14:42:19 [31mline number out of range[0m
2026/06/05 14:42:19 [32mFound Actual Non-Cyclic Blocking Bug.[0m
2026/06/05 14:42:19 [32mFound Actual Cyclic Deadlock.[0m
2026/06/05 14:42:19 Create statistics
2026/06/05 14:42:19 Finished run for TestCockroach35073
2026/06/05 14:42:19 Parse recorded trace for fuzzing information
2026/06/05 14:42:19 Create mutations
2026/06/05 14:42:19 Create GoPie mutations
2026/06/05 14:42:19 Mutate 24 scheduling chains
2026/06/05 14:42:19 Write 0 mutations to file
2026/06/05 14:42:19 Create statistics
2026/06/05 14:42:19 Current fuzzing queue size: 0
2026/06/05 14:42:19 Remaining fuzzing time: 5:58 min
2026/06/05 14:42:19 Finish fuzzing after 1 runs
2026/06/05 14:42:19 Processing file: /home/advocate/Advocate/Experiments/Advocate/helper/aplas/output/oocLength/6/blocking/cockroach/35931/cockroach35931_test.go
2026/06/05 14:42:19 Fuzzing Run:  1
2026/06/05 14:42:19 Create  /home/advocate/Advocate/Experiments/Advocate/helper/aplas/output/oocLength/6/advocateResult/file(13)-test(1)-cockroach35931_test-TestCockroach35931
2026/06/05 14:42:19 Execute Test
2026/06/05 14:46:20 Text executed
2026/06/05 14:46:20 Run the analyzer for /home/advocate/Advocate/Experiments/Advocate/helper/aplas/output/oocLength/6/blocking/cockroach/35931/advocateTrace
2026/06/05 14:46:20 Read trace with 6 elements in 1 routines
2026/06/05 14:46:20 Start Analysis
2026/06/05 14:46:20 Finished HB analysis
2026/06/05 14:46:20 Analysis finished
2026/06/05 14:46:20 Start rewrite
2026/06/05 14:46:20 Finished Rewrite
2026/06/05 14:46:20 Number Results:  3
2026/06/05 14:46:20 Successfully rewrites:  0
2026/06/05 14:46:20 No need/not possible to rewrite:  3
2026/06/05 14:46:20 Failed rewrites:  0
2026/06/05 14:46:20 Start guided execution
2026/06/05 14:46:20 Found 0 rewritten traces
2026/06/05 14:46:20 Create bug reports
2026/06/05 14:46:20 [31mline number out of range[0m
2026/06/05 14:46:20 [32mFound Actual Non-Cyclic Blocking Bug.[0m
2026/06/05 14:46:20 [32mFound Actual Cyclic Deadlock.[0m
2026/06/05 14:46:20 Create statistics
2026/06/05 14:46:20 Finished run for TestCockroach35931
2026/06/05 14:46:20 Parse recorded trace for fuzzing information
2026/06/05 14:46:20 Create mutations
2026/06/05 14:46:20 Create GoPie mutations
2026/06/05 14:46:20 Mutate 0 scheduling chains
2026/06/05 14:46:20 Write 0 mutations to file
2026/06/05 14:46:20 Create statistics
2026/06/05 14:46:20 Current fuzzing queue size: 0
2026/06/05 14:46:20 Remaining fuzzing time: 5:58 min
2026/06/05 14:46:20 Finish fuzzing after 1 runs
2026/06/05 14:46:20 Processing file: /home/advocate/Advocate/Experiments/Advocate/helper/aplas/output/oocLength/6/blocking/cockroach/3710/cockroach3710_test.go
2026/06/05 14:46:20 Fuzzing Run:  1
2026/06/05 14:46:20 Create  /home/advocate/Advocate/Experiments/Advocate/helper/aplas/output/oocLength/6/advocateResult/file(14)-test(1)-cockroach3710_test-TestCockroach3710
2026/06/05 14:46:20 Execute Test
2026/06/05 14:46:22 Text executed
2026/06/05 14:46:22 Run the analyzer for /home/advocate/Advocate/Experiments/Advocate/helper/aplas/output/oocLength/6/blocking/cockroach/3710/advocateTrace
2026/06/05 14:46:22 Read trace with 19 elements in 4 routines
2026/06/05 14:46:22 Start Analysis
2026/06/05 14:46:22 Finished HB analysis
2026/06/05 14:46:22 Analysis finished
2026/06/05 14:46:22 Start rewrite
2026/06/05 14:46:22 Finished Rewrite
2026/06/05 14:46:22 Number Results:  2
2026/06/05 14:46:22 Successfully rewrites:  0
2026/06/05 14:46:22 No need/not possible to rewrite:  2
2026/06/05 14:46:22 Failed rewrites:  0
2026/06/05 14:46:22 Start guided execution
2026/06/05 14:46:22 Found 0 rewritten traces
2026/06/05 14:46:22 Create bug reports
2026/06/05 14:46:22 [31mline number out of range[0m
2026/06/05 14:46:22 [32mFound Actual Non-Cyclic Blocking Bug.[0m
2026/06/05 14:46:22 Create statistics
2026/06/05 14:46:22 Finished run for TestCockroach3710
2026/06/05 14:46:22 Parse recorded trace for fuzzing information
2026/06/05 14:46:22 Create mutations
2026/06/05 14:46:22 Create GoPie mutations
2026/06/05 14:46:22 Mutate 24 scheduling chains
2026/06/05 14:46:22 Write 0 mutations to file
2026/06/05 14:46:22 Create statistics
2026/06/05 14:46:22 Current fuzzing queue size: 0
2026/06/05 14:46:22 Remaining fuzzing time: 9:58 min
2026/06/05 14:46:22 Finish fuzzing after 1 runs
2026/06/05 14:46:22 Processing file: /home/advocate/Advocate/Experiments/Advocate/helper/aplas/output/oocLength/6/blocking/cockroach/584/cockroach584_test.go
2026/06/05 14:46:22 Fuzzing Run:  1
2026/06/05 14:46:22 Create  /home/advocate/Advocate/Experiments/Advocate/helper/aplas/output/oocLength/6/advocateResult/file(15)-test(1)-cockroach584_test-TestCockroach584
2026/06/05 14:46:22 Execute Test
2026/06/05 14:46:23 Text executed
2026/06/05 14:46:23 Run the analyzer for /home/advocate/Advocate/Experiments/Advocate/helper/aplas/output/oocLength/6/blocking/cockroach/584/advocateTrace
2026/06/05 14:46:23 Read trace with 4 elements in 2 routines
2026/06/05 14:46:23 Start Analysis
2026/06/05 14:46:23 Finished HB analysis
2026/06/05 14:46:23 Analysis finished
2026/06/05 14:46:23 Start rewrite
2026/06/05 14:46:23 Finished Rewrite
2026/06/05 14:46:23 Number Results:  2
2026/06/05 14:46:23 Successfully rewrites:  0
2026/06/05 14:46:23 No need/not possible to rewrite:  2
2026/06/05 14:46:23 Failed rewrites:  0
2026/06/05 14:46:23 Start guided execution
2026/06/05 14:46:23 Found 0 rewritten traces
2026/06/05 14:46:23 Create bug reports
2026/06/05 14:46:23 [31mline number out of range[0m
2026/06/05 14:46:23 [32mFound Actual Non-Cyclic Blocking Bug.[0m
2026/06/05 14:46:23 Create statistics
2026/06/05 14:46:23 Finished run for TestCockroach584
2026/06/05 14:46:23 Parse recorded trace for fuzzing information
2026/06/05 14:46:23 Create mutations
2026/06/05 14:46:23 Create GoPie mutations
2026/06/05 14:46:23 Mutate 0 scheduling chains
2026/06/05 14:46:23 Write 0 mutations to file
2026/06/05 14:46:23 Create statistics
2026/06/05 14:46:23 Current fuzzing queue size: 0
2026/06/05 14:46:23 Remaining fuzzing time: 9:58 min
2026/06/05 14:46:23 Finish fuzzing after 1 runs
2026/06/05 14:46:23 Processing file: /home/advocate/Advocate/Experiments/Advocate/helper/aplas/output/oocLength/6/blocking/cockroach/6181/cockroach6181_test.go
2026/06/05 14:46:23 Fuzzing Run:  1
2026/06/05 14:46:23 Create  /home/advocate/Advocate/Experiments/Advocate/helper/aplas/output/oocLength/6/advocateResult/file(16)-test(1)-cockroach6181_test-TestCockroach6181
2026/06/05 14:46:23 Execute Test
2026/06/05 14:46:24 Text executed
2026/06/05 14:46:24 Run the analyzer for /home/advocate/Advocate/Experiments/Advocate/helper/aplas/output/oocLength/6/blocking/cockroach/6181/advocateTrace
2026/06/05 14:46:24 Read trace with 34 elements in 5 routines
2026/06/05 14:46:24 Start Analysis
2026/06/05 14:46:24 Finished HB analysis
2026/06/05 14:46:24 Analysis finished
2026/06/05 14:46:24 Start rewrite
2026/06/05 14:46:24 Finished Rewrite
2026/06/05 14:46:24 Number Results:  2
2026/06/05 14:46:24 Successfully rewrites:  0
2026/06/05 14:46:24 No need/not possible to rewrite:  2
2026/06/05 14:46:24 Failed rewrites:  0
2026/06/05 14:46:24 Start guided execution
2026/06/05 14:46:24 Found 0 rewritten traces
2026/06/05 14:46:24 Create bug reports
2026/06/05 14:46:24 [31mline number out of range[0m
2026/06/05 14:46:24 [32mFound Actual Non-Cyclic Blocking Bug.[0m
2026/06/05 14:46:24 Create statistics
2026/06/05 14:46:24 Finished run for TestCockroach6181
2026/06/05 14:46:24 Parse recorded trace for fuzzing information
2026/06/05 14:46:24 Create mutations
2026/06/05 14:46:24 Create GoPie mutations
2026/06/05 14:46:24 Mutate 24 scheduling chains
2026/06/05 14:46:24 Write 0 mutations to file
2026/06/05 14:46:24 Create statistics
2026/06/05 14:46:24 Current fuzzing queue size: 0
2026/06/05 14:46:24 Remaining fuzzing time: 9:58 min
2026/06/05 14:46:24 Finish fuzzing after 1 runs
2026/06/05 14:46:24 Processing file: /home/advocate/Advocate/Experiments/Advocate/helper/aplas/output/oocLength/6/blocking/cockroach/7504/cockroach7504_test.go
2026/06/05 14:46:24 Fuzzing Run:  1
2026/06/05 14:46:24 Create  /home/advocate/Advocate/Experiments/Advocate/helper/aplas/output/oocLength/6/advocateResult/file(17)-test(1)-cockroach7504_test-TestCockroach7504
2026/06/05 14:46:24 Execute Test
2026/06/05 14:46:25 Text executed
2026/06/05 14:46:25 Run the analyzer for /home/advocate/Advocate/Experiments/Advocate/helper/aplas/output/oocLength/6/blocking/cockroach/7504/advocateTrace
2026/06/05 14:46:25 Read trace with 17 elements in 3 routines
2026/06/05 14:46:25 Start Analysis
2026/06/05 14:46:25 Finished HB analysis
2026/06/05 14:46:25 Analysis finished
2026/06/05 14:46:25 Start rewrite
2026/06/05 14:46:25 Finished Rewrite
2026/06/05 14:46:25 Number Results:  2
2026/06/05 14:46:25 Successfully rewrites:  0
2026/06/05 14:46:25 No need/not possible to rewrite:  2
2026/06/05 14:46:25 Failed rewrites:  0
2026/06/05 14:46:25 Start guided execution
2026/06/05 14:46:25 Found 0 rewritten traces
2026/06/05 14:46:25 Create bug reports
2026/06/05 14:46:25 [31mline number out of range[0m
2026/06/05 14:46:25 Create statistics
2026/06/05 14:46:25 Finished run for TestCockroach7504
2026/06/05 14:46:25 Parse recorded trace for fuzzing information
2026/06/05 14:46:25 Create mutations
2026/06/05 14:46:25 Create GoPie mutations
2026/06/05 14:46:25 Mutate 24 scheduling chains
2026/06/05 14:46:25 Write 0 mutations to file
2026/06/05 14:46:25 Create statistics
2026/06/05 14:46:25 Current fuzzing queue size: 0
2026/06/05 14:46:25 Remaining fuzzing time: 9:58 min
2026/06/05 14:46:25 Finish fuzzing after 1 runs
2026/06/05 14:46:25 Processing file: /home/advocate/Advocate/Experiments/Advocate/helper/aplas/output/oocLength/6/blocking/cockroach/9935/cockroach9935_test.go
2026/06/05 14:46:25 Fuzzing Run:  1
2026/06/05 14:46:25 Create  /home/advocate/Advocate/Experiments/Advocate/helper/aplas/output/oocLength/6/advocateResult/file(18)-test(1)-cockroach9935_test-TestCockroach9935
2026/06/05 14:46:25 Execute Test
2026/06/05 14:46:26 Text executed
2026/06/05 14:46:26 Run the analyzer for /home/advocate/Advocate/Experiments/Advocate/helper/aplas/output/oocLength/6/blocking/cockroach/9935/advocateTrace
2026/06/05 14:46:26 Read trace with 5 elements in 2 routines
2026/06/05 14:46:26 Start Analysis
2026/06/05 14:46:26 Finished HB analysis
2026/06/05 14:46:26 Analysis finished
2026/06/05 14:46:26 Start rewrite
2026/06/05 14:46:26 Finished Rewrite
2026/06/05 14:46:26 Number Results:  2
2026/06/05 14:46:26 Successfully rewrites:  0
2026/06/05 14:46:26 No need/not possible to rewrite:  2
2026/06/05 14:46:26 Failed rewrites:  0
2026/06/05 14:46:26 Start guided execution
2026/06/05 14:46:26 Found 0 rewritten traces
2026/06/05 14:46:26 Create bug reports
2026/06/05 14:46:26 [31mline number out of range[0m
2026/06/05 14:46:26 Create statistics
2026/06/05 14:46:26 Finished run for TestCockroach9935
2026/06/05 14:46:26 Parse recorded trace for fuzzing information
2026/06/05 14:46:26 Create mutations
2026/06/05 14:46:26 Create GoPie mutations
2026/06/05 14:46:26 Mutate 0 scheduling chains
2026/06/05 14:46:26 Write 0 mutations to file
2026/06/05 14:46:26 Create statistics
2026/06/05 14:46:26 Current fuzzing queue size: 0
2026/06/05 14:46:26 Remaining fuzzing time: 9:58 min
2026/06/05 14:46:26 Finish fuzzing after 1 runs
2026/06/05 14:46:26 Processing file: /home/advocate/Advocate/Experiments/Advocate/helper/aplas/output/oocLength/6/blocking/etcd/10492/etcd10492_test.go
2026/06/05 14:46:26 Fuzzing Run:  1
2026/06/05 14:46:26 Create  /home/advocate/Advocate/Experiments/Advocate/helper/aplas/output/oocLength/6/advocateResult/file(19)-test(1)-etcd10492_test-TestEtcd10492
2026/06/05 14:46:26 Execute Test
2026/06/05 14:50:27 Text executed
2026/06/05 14:50:27 Run the analyzer for /home/advocate/Advocate/Experiments/Advocate/helper/aplas/output/oocLength/6/blocking/etcd/10492/advocateTrace
2026/06/05 14:50:27 Read trace with 6 elements in 1 routines
2026/06/05 14:50:27 Start Analysis
2026/06/05 14:50:27 Finished HB analysis
2026/06/05 14:50:27 Analysis finished
2026/06/05 14:50:27 Start rewrite
2026/06/05 14:50:27 Finished Rewrite
2026/06/05 14:50:27 Number Results:  4
2026/06/05 14:50:27 Successfully rewrites:  0
2026/06/05 14:50:27 No need/not possible to rewrite:  4
2026/06/05 14:50:27 Failed rewrites:  0
2026/06/05 14:50:27 Start guided execution
2026/06/05 14:50:27 Found 0 rewritten traces
2026/06/05 14:50:27 Create bug reports
2026/06/05 14:50:27 [31mline number out of range[0m
2026/06/05 14:50:27 [32mFound Leak on Sync.Mutex.[0m
2026/06/05 14:50:27 Create statistics
2026/06/05 14:50:27 Finished run for TestEtcd10492
2026/06/05 14:50:27 Parse recorded trace for fuzzing information
2026/06/05 14:50:27 Create mutations
2026/06/05 14:50:27 Create GoPie mutations
2026/06/05 14:50:27 Mutate 0 scheduling chains
2026/06/05 14:50:27 Write 0 mutations to file
2026/06/05 14:50:27 Create statistics
2026/06/05 14:50:27 Current fuzzing queue size: 0
2026/06/05 14:50:27 Remaining fuzzing time: 5:58 min
2026/06/05 14:50:27 Finish fuzzing after 1 runs
2026/06/05 14:50:27 Processing file: /home/advocate/Advocate/Experiments/Advocate/helper/aplas/output/oocLength/6/blocking/etcd/5509/etcd5509_test.go
2026/06/05 14:50:27 Fuzzing Run:  1
2026/06/05 14:50:27 Create  /home/advocate/Advocate/Experiments/Advocate/helper/aplas/output/oocLength/6/advocateResult/file(20)-test(1)-etcd5509_test-TestEtcd5509
2026/06/05 14:50:27 Execute Test
2026/06/05 14:50:28 Text executed
2026/06/05 14:50:28 Run the analyzer for /home/advocate/Advocate/Experiments/Advocate/helper/aplas/output/oocLength/6/blocking/etcd/5509/advocateTrace
2026/06/05 14:50:28 Read trace with 15 elements in 2 routines
2026/06/05 14:50:28 Start Analysis
2026/06/05 14:50:28 Finished HB analysis
2026/06/05 14:50:28 Analysis finished
2026/06/05 14:50:28 Start rewrite
2026/06/05 14:50:28 Finished Rewrite
2026/06/05 14:50:28 Number Results:  4
2026/06/05 14:50:28 Successfully rewrites:  0
2026/06/05 14:50:28 No need/not possible to rewrite:  4
2026/06/05 14:50:28 Failed rewrites:  0
2026/06/05 14:50:28 Start guided execution
2026/06/05 14:50:28 Found 0 rewritten traces
2026/06/05 14:50:28 Create bug reports
2026/06/05 14:50:28 [32mFound Possible Mixed Deadlock.[0m
2026/06/05 14:50:28 [31mline number out of range[0m
2026/06/05 14:50:28 [32mFound Leak on Sync.Mutex.[0m
2026/06/05 14:50:28 Create statistics
2026/06/05 14:50:28 Finished run for TestEtcd5509
2026/06/05 14:50:28 Parse recorded trace for fuzzing information
2026/06/05 14:50:28 Create mutations
2026/06/05 14:50:28 Create GoPie mutations
2026/06/05 14:50:28 Mutate 24 scheduling chains
2026/06/05 14:50:28 Write 0 mutations to file
2026/06/05 14:50:28 Create statistics
2026/06/05 14:50:28 Current fuzzing queue size: 0
2026/06/05 14:50:28 Remaining fuzzing time: 9:58 min
2026/06/05 14:50:28 Finish fuzzing after 1 runs
2026/06/05 14:50:28 Processing file: /home/advocate/Advocate/Experiments/Advocate/helper/aplas/output/oocLength/6/blocking/etcd/6708/etcd6708_test.go
2026/06/05 14:50:28 Fuzzing Run:  1
2026/06/05 14:50:28 Create  /home/advocate/Advocate/Experiments/Advocate/helper/aplas/output/oocLength/6/advocateResult/file(21)-test(1)-etcd6708_test-TestEtcd6708
2026/06/05 14:50:28 Execute Test
2026/06/05 14:54:30 Text executed
2026/06/05 14:54:30 Run the analyzer for /home/advocate/Advocate/Experiments/Advocate/helper/aplas/output/oocLength/6/blocking/etcd/6708/advocateTrace
2026/06/05 14:54:30 Read trace with 2 elements in 1 routines
2026/06/05 14:54:30 Start Analysis
2026/06/05 14:54:30 Finished HB analysis
2026/06/05 14:54:30 Analysis finished
2026/06/05 14:54:30 Start rewrite
2026/06/05 14:54:30 Finished Rewrite
2026/06/05 14:54:30 Number Results:  3
2026/06/05 14:54:30 Successfully rewrites:  0
2026/06/05 14:54:30 No need/not possible to rewrite:  3
2026/06/05 14:54:30 Failed rewrites:  0
2026/06/05 14:54:30 Start guided execution
2026/06/05 14:54:30 Found 0 rewritten traces
2026/06/05 14:54:30 Create bug reports
2026/06/05 14:54:30 [31mline number out of range[0m
2026/06/05 14:54:30 [32mFound Actual Non-Cyclic Blocking Bug.[0m
2026/06/05 14:54:30 Create statistics
2026/06/05 14:54:30 Finished run for TestEtcd6708
2026/06/05 14:54:30 Parse recorded trace for fuzzing information
2026/06/05 14:54:30 Create mutations
2026/06/05 14:54:30 Create GoPie mutations
2026/06/05 14:54:30 Mutate 0 scheduling chains
2026/06/05 14:54:30 Write 0 mutations to file
2026/06/05 14:54:30 Create statistics
2026/06/05 14:54:30 Current fuzzing queue size: 0
2026/06/05 14:54:30 Remaining fuzzing time: 5:58 min
2026/06/05 14:54:30 Finish fuzzing after 1 runs
2026/06/05 14:54:30 Processing file: /home/advocate/Advocate/Experiments/Advocate/helper/aplas/output/oocLength/6/blocking/etcd/6857/etcd6857_test.go
2026/06/05 14:54:30 Fuzzing Run:  1
2026/06/05 14:54:30 Create  /home/advocate/Advocate/Experiments/Advocate/helper/aplas/output/oocLength/6/advocateResult/file(22)-test(1)-etcd6857_test-TestEtcd6857
2026/06/05 14:54:30 Execute Test
2026/06/05 14:54:31 Text executed
2026/06/05 14:54:31 Run the analyzer for /home/advocate/Advocate/Experiments/Advocate/helper/aplas/output/oocLength/6/blocking/etcd/6857/advocateTrace
2026/06/05 14:54:31 Read trace with 19 elements in 4 routines
2026/06/05 14:54:31 Start Analysis
2026/06/05 14:54:31 Finished HB analysis
2026/06/05 14:54:31 Analysis finished
2026/06/05 14:54:31 Start rewrite
2026/06/05 14:54:31 Finished Rewrite
2026/06/05 14:54:31 Number Results:  2
2026/06/05 14:54:31 Successfully rewrites:  0
2026/06/05 14:54:31 No need/not possible to rewrite:  2
2026/06/05 14:54:31 Failed rewrites:  0
2026/06/05 14:54:31 Start guided execution
2026/06/05 14:54:31 Found 0 rewritten traces
2026/06/05 14:54:31 Create bug reports
2026/06/05 14:54:31 [31mline number out of range[0m
2026/06/05 14:54:31 [32mFound Actual Non-Cyclic Blocking Bug.[0m
2026/06/05 14:54:31 Create statistics
2026/06/05 14:54:31 Finished run for TestEtcd6857
2026/06/05 14:54:31 Parse recorded trace for fuzzing information
2026/06/05 14:54:31 Create mutations
2026/06/05 14:54:31 Create GoPie mutations
2026/06/05 14:54:31 Mutate 24 scheduling chains
2026/06/05 14:54:31 Write 1 special mutation to file
2026/06/05 14:54:31 Write 0 mutations to file
2026/06/05 14:54:31 Create statistics
2026/06/05 14:54:31 Current fuzzing queue size: 0
2026/06/05 14:54:31 Remaining fuzzing time: 9:58 min
2026/06/05 14:54:31 Finish fuzzing after 1 runs
2026/06/05 14:54:31 Processing file: /home/advocate/Advocate/Experiments/Advocate/helper/aplas/output/oocLength/6/blocking/etcd/6873/etcd6873_test.go
2026/06/05 14:54:31 Fuzzing Run:  1
2026/06/05 14:54:31 Create  /home/advocate/Advocate/Experiments/Advocate/helper/aplas/output/oocLength/6/advocateResult/file(23)-test(1)-etcd6873_test-TestEtcd
2026/06/05 14:54:31 Execute Test
2026/06/05 14:54:32 Text executed
2026/06/05 14:54:32 Run the analyzer for /home/advocate/Advocate/Experiments/Advocate/helper/aplas/output/oocLength/6/blocking/etcd/6873/advocateTrace
2026/06/05 14:54:32 Read trace with 11 elements in 3 routines
2026/06/05 14:54:32 Start Analysis
2026/06/05 14:54:32 Finished HB analysis
2026/06/05 14:54:32 Analysis finished
2026/06/05 14:54:32 Start rewrite
2026/06/05 14:54:32 Finished Rewrite
2026/06/05 14:54:32 Number Results:  2
2026/06/05 14:54:32 Successfully rewrites:  0
2026/06/05 14:54:32 No need/not possible to rewrite:  2
2026/06/05 14:54:32 Failed rewrites:  0
2026/06/05 14:54:32 Start guided execution
2026/06/05 14:54:32 Found 0 rewritten traces
2026/06/05 14:54:32 Create bug reports
2026/06/05 14:54:32 [31mline number out of range[0m
2026/06/05 14:54:32 [32mFound Actual Cyclic Deadlock.[0m
2026/06/05 14:54:32 Create statistics
2026/06/05 14:54:32 Finished run for TestEtcd
2026/06/05 14:54:32 Parse recorded trace for fuzzing information
2026/06/05 14:54:32 Create mutations
2026/06/05 14:54:32 Create GoPie mutations
2026/06/05 14:54:32 Mutate 24 scheduling chains
2026/06/05 14:54:32 Write 0 mutations to file
2026/06/05 14:54:32 Create statistics
2026/06/05 14:54:32 Current fuzzing queue size: 0
2026/06/05 14:54:32 Remaining fuzzing time: 9:58 min
2026/06/05 14:54:32 Finish fuzzing after 1 runs
2026/06/05 14:54:32 Processing file: /home/advocate/Advocate/Experiments/Advocate/helper/aplas/output/oocLength/6/blocking/etcd/7443/etcd7443_test.go
2026/06/05 14:54:32 Fuzzing Run:  1
2026/06/05 14:54:32 Create  /home/advocate/Advocate/Experiments/Advocate/helper/aplas/output/oocLength/6/advocateResult/file(24)-test(1)-etcd7443_test-TestEtcd7443
2026/06/05 14:54:32 Execute Test
2026/06/05 14:54:33 Text executed
2026/06/05 14:54:33 Run the analyzer for /home/advocate/Advocate/Experiments/Advocate/helper/aplas/output/oocLength/6/blocking/etcd/7443/advocateTrace
2026/06/05 14:54:33 Read trace with 29 elements in 4 routines
2026/06/05 14:54:33 Start Analysis
2026/06/05 14:54:33 Finished HB analysis
2026/06/05 14:54:33 Analysis finished
2026/06/05 14:54:33 Start rewrite
2026/06/05 14:54:33 Finished Rewrite
2026/06/05 14:54:33 Number Results:  2
2026/06/05 14:54:33 Successfully rewrites:  0
2026/06/05 14:54:33 No need/not possible to rewrite:  2
2026/06/05 14:54:33 Failed rewrites:  0
2026/06/05 14:54:33 Start guided execution
2026/06/05 14:54:33 Found 0 rewritten traces
2026/06/05 14:54:33 Create bug reports
2026/06/05 14:54:33 [31mline number out of range[0m
2026/06/05 14:54:33 [32mFound Actual Cyclic Deadlock.[0m
2026/06/05 14:54:33 Create statistics
2026/06/05 14:54:33 Finished run for TestEtcd7443
2026/06/05 14:54:33 Parse recorded trace for fuzzing information
2026/06/05 14:54:33 Create mutations
2026/06/05 14:54:33 Create GoPie mutations
2026/06/05 14:54:33 Mutate 24 scheduling chains
2026/06/05 14:54:33 Write 0 mutations to file
2026/06/05 14:54:33 Create statistics
2026/06/05 14:54:33 Current fuzzing queue size: 0
2026/06/05 14:54:33 Remaining fuzzing time: 9:58 min
2026/06/05 14:54:33 Finish fuzzing after 1 runs
2026/06/05 14:54:33 Processing file: /home/advocate/Advocate/Experiments/Advocate/helper/aplas/output/oocLength/6/blocking/etcd/7492/etcd7492_test.go
2026/06/05 14:54:33 Fuzzing Run:  1
2026/06/05 14:54:33 Create  /home/advocate/Advocate/Experiments/Advocate/helper/aplas/output/oocLength/6/advocateResult/file(25)-test(1)-etcd7492_test-TestEtcd7492
2026/06/05 14:54:33 Execute Test
2026/06/05 14:54:34 Text executed
2026/06/05 14:54:34 Run the analyzer for /home/advocate/Advocate/Experiments/Advocate/helper/aplas/output/oocLength/6/blocking/etcd/7492/advocateTrace
2026/06/05 14:54:34 Read trace with 56 elements in 5 routines
2026/06/05 14:54:34 Start Analysis
2026/06/05 14:54:34 Finished HB analysis
2026/06/05 14:54:34 Analysis finished
2026/06/05 14:54:34 Start rewrite
2026/06/05 14:54:34 Finished Rewrite
2026/06/05 14:54:34 Number Results:  2
2026/06/05 14:54:34 Successfully rewrites:  0
2026/06/05 14:54:34 No need/not possible to rewrite:  2
2026/06/05 14:54:34 Failed rewrites:  0
2026/06/05 14:54:34 Start guided execution
2026/06/05 14:54:34 Found 0 rewritten traces
2026/06/05 14:54:34 Create bug reports
2026/06/05 14:54:34 [31mline number out of range[0m
2026/06/05 14:54:34 Create statistics
2026/06/05 14:54:34 Finished run for TestEtcd7492
2026/06/05 14:54:34 Parse recorded trace for fuzzing information
2026/06/05 14:54:34 Create mutations
2026/06/05 14:54:34 Create GoPie mutations
2026/06/05 14:54:34 Mutate 24 scheduling chains
2026/06/05 14:54:34 Write 0 mutations to file
2026/06/05 14:54:34 Create statistics
2026/06/05 14:54:34 Current fuzzing queue size: 0
2026/06/05 14:54:34 Remaining fuzzing time: 9:58 min
2026/06/05 14:54:34 Finish fuzzing after 1 runs
2026/06/05 14:54:34 Processing file: /home/advocate/Advocate/Experiments/Advocate/helper/aplas/output/oocLength/6/blocking/etcd/7902/etcd7902_test.go
2026/06/05 14:54:34 Fuzzing Run:  1
2026/06/05 14:54:34 Create  /home/advocate/Advocate/Experiments/Advocate/helper/aplas/output/oocLength/6/advocateResult/file(26)-test(1)-etcd7902_test-TestEtcd7902
2026/06/05 14:54:34 Execute Test
2026/06/05 14:54:35 Text executed
2026/06/05 14:54:35 Run the analyzer for /home/advocate/Advocate/Experiments/Advocate/helper/aplas/output/oocLength/6/blocking/etcd/7902/advocateTrace
2026/06/05 14:54:35 Read trace with 14 elements in 5 routines
2026/06/05 14:54:35 Start Analysis
2026/06/05 14:54:35 Finished HB analysis
2026/06/05 14:54:35 Analysis finished
2026/06/05 14:54:35 Start rewrite
2026/06/05 14:54:35 Finished Rewrite
2026/06/05 14:54:35 Number Results:  2
2026/06/05 14:54:35 Successfully rewrites:  0
2026/06/05 14:54:35 No need/not possible to rewrite:  2
2026/06/05 14:54:35 Failed rewrites:  0
2026/06/05 14:54:35 Start guided execution
2026/06/05 14:54:35 Found 0 rewritten traces
2026/06/05 14:54:35 Create bug reports
2026/06/05 14:54:35 [31mline number out of range[0m
2026/06/05 14:54:35 [32mFound Actual Non-Cyclic Blocking Bug.[0m
2026/06/05 14:54:35 Create statistics
2026/06/05 14:54:35 Finished run for TestEtcd7902
2026/06/05 14:54:35 Parse recorded trace for fuzzing information
2026/06/05 14:54:35 Create mutations
2026/06/05 14:54:35 Create GoPie mutations
2026/06/05 14:54:35 Mutate 24 scheduling chains
2026/06/05 14:54:35 Write 0 mutations to file
2026/06/05 14:54:35 Create statistics
2026/06/05 14:54:35 Current fuzzing queue size: 0
2026/06/05 14:54:35 Remaining fuzzing time: 9:58 min
2026/06/05 14:54:35 Finish fuzzing after 1 runs
2026/06/05 14:54:35 Processing file: /home/advocate/Advocate/Experiments/Advocate/helper/aplas/output/oocLength/6/blocking/grpc/1275/grpc1275_test.go
2026/06/05 14:54:35 Fuzzing Run:  1
2026/06/05 14:54:35 Create  /home/advocate/Advocate/Experiments/Advocate/helper/aplas/output/oocLength/6/advocateResult/file(27)-test(1)-grpc1275_test-TestGrpc1293
2026/06/05 14:54:35 Execute Test
2026/06/05 14:54:36 Text executed
2026/06/05 14:54:36 Run the analyzer for /home/advocate/Advocate/Experiments/Advocate/helper/aplas/output/oocLength/6/blocking/grpc/1275/advocateTrace
2026/06/05 14:54:36 Read trace with 6 elements in 2 routines
2026/06/05 14:54:36 Start Analysis
2026/06/05 14:54:36 Finished HB analysis
2026/06/05 14:54:36 Analysis finished
2026/06/05 14:54:36 Start rewrite
2026/06/05 14:54:36 Finished Rewrite
2026/06/05 14:54:36 Number Results:  2
2026/06/05 14:54:36 Successfully rewrites:  0
2026/06/05 14:54:36 No need/not possible to rewrite:  2
2026/06/05 14:54:36 Failed rewrites:  0
2026/06/05 14:54:36 Start guided execution
2026/06/05 14:54:36 Found 0 rewritten traces
2026/06/05 14:54:36 Create bug reports
2026/06/05 14:54:36 [31mline number out of range[0m
2026/06/05 14:54:36 [32mFound Actual Non-Cyclic Blocking Bug.[0m
2026/06/05 14:54:36 Create statistics
2026/06/05 14:54:36 Finished run for TestGrpc1293
2026/06/05 14:54:36 Parse recorded trace for fuzzing information
2026/06/05 14:54:36 Create mutations
2026/06/05 14:54:36 Create GoPie mutations
2026/06/05 14:54:36 Mutate 0 scheduling chains
2026/06/05 14:54:36 Write 0 mutations to file
2026/06/05 14:54:36 Create statistics
2026/06/05 14:54:36 Current fuzzing queue size: 0
2026/06/05 14:54:36 Remaining fuzzing time: 9:58 min
2026/06/05 14:54:36 Finish fuzzing after 1 runs
2026/06/05 14:54:36 Processing file: /home/advocate/Advocate/Experiments/Advocate/helper/aplas/output/oocLength/6/blocking/grpc/1353/grpc1353_test.go
2026/06/05 14:54:36 Fuzzing Run:  1
2026/06/05 14:54:36 Create  /home/advocate/Advocate/Experiments/Advocate/helper/aplas/output/oocLength/6/advocateResult/file(28)-test(1)-grpc1353_test-TestGrpc1353
2026/06/05 14:54:36 Execute Test
2026/06/05 14:54:37 Text executed
2026/06/05 14:54:37 Run the analyzer for /home/advocate/Advocate/Experiments/Advocate/helper/aplas/output/oocLength/6/blocking/grpc/1353/advocateTrace
2026/06/05 14:54:37 Read trace with 15 elements in 4 routines
2026/06/05 14:54:37 Start Analysis
2026/06/05 14:54:37 Finished HB analysis
2026/06/05 14:54:37 Analysis finished
2026/06/05 14:54:37 Start rewrite
2026/06/05 14:54:37 Finished Rewrite
2026/06/05 14:54:37 Number Results:  2
2026/06/05 14:54:37 Successfully rewrites:  0
2026/06/05 14:54:37 No need/not possible to rewrite:  2
2026/06/05 14:54:37 Failed rewrites:  0
2026/06/05 14:54:37 Start guided execution
2026/06/05 14:54:37 Found 0 rewritten traces
2026/06/05 14:54:37 Create bug reports
2026/06/05 14:54:37 [31mline number out of range[0m
2026/06/05 14:54:37 [32mFound Actual Non-Cyclic Blocking Bug.[0m
2026/06/05 14:54:37 [32mFound Actual Cyclic Deadlock.[0m
2026/06/05 14:54:37 Create statistics
2026/06/05 14:54:37 Finished run for TestGrpc1353
2026/06/05 14:54:37 Parse recorded trace for fuzzing information
2026/06/05 14:54:37 Create mutations
2026/06/05 14:54:37 Create GoPie mutations
2026/06/05 14:54:37 Mutate 24 scheduling chains
2026/06/05 14:54:37 Write 0 mutations to file
2026/06/05 14:54:37 Create statistics
2026/06/05 14:54:37 Current fuzzing queue size: 0
2026/06/05 14:54:37 Remaining fuzzing time: 9:58 min
2026/06/05 14:54:37 Finish fuzzing after 1 runs
2026/06/05 14:54:37 Processing file: /home/advocate/Advocate/Experiments/Advocate/helper/aplas/output/oocLength/6/blocking/grpc/1424/grpc1424_test.go
2026/06/05 14:54:37 Fuzzing Run:  1
2026/06/05 14:54:37 Create  /home/advocate/Advocate/Experiments/Advocate/helper/aplas/output/oocLength/6/advocateResult/file(29)-test(1)-grpc1424_test-TestGrpc1424
2026/06/05 14:54:37 Execute Test
2026/06/05 14:54:39 Text executed
2026/06/05 14:54:39 Run the analyzer for /home/advocate/Advocate/Experiments/Advocate/helper/aplas/output/oocLength/6/blocking/grpc/1424/advocateTrace
2026/06/05 14:54:39 Read trace with 13 elements in 5 routines
2026/06/05 14:54:39 Start Analysis
2026/06/05 14:54:39 Finished HB analysis
2026/06/05 14:54:39 Analysis finished
2026/06/05 14:54:39 Start rewrite
2026/06/05 14:54:39 Finished Rewrite
2026/06/05 14:54:39 Number Results:  2
2026/06/05 14:54:39 Successfully rewrites:  0
2026/06/05 14:54:39 No need/not possible to rewrite:  2
2026/06/05 14:54:39 Failed rewrites:  0
2026/06/05 14:54:39 Start guided execution
2026/06/05 14:54:39 Found 0 rewritten traces
2026/06/05 14:54:39 Create bug reports
2026/06/05 14:54:39 [31mline number out of range[0m
2026/06/05 14:54:39 [31mline number out of range[0m
2026/06/05 14:54:39 [32mFound Actual Non-Cyclic Blocking Bug.[0m
2026/06/05 14:54:39 [32mFound Actual Cyclic Deadlock.[0m
2026/06/05 14:54:39 Create statistics
2026/06/05 14:54:39 Finished run for TestGrpc1424
2026/06/05 14:54:39 Parse recorded trace for fuzzing information
2026/06/05 14:54:39 Create mutations
2026/06/05 14:54:39 Create GoPie mutations
2026/06/05 14:54:39 Mutate 24 scheduling chains
2026/06/05 14:54:39 Write 0 mutations to file
2026/06/05 14:54:39 Create statistics
2026/06/05 14:54:39 Current fuzzing queue size: 0
2026/06/05 14:54:39 Remaining fuzzing time: 9:58 min
2026/06/05 14:54:39 Finish fuzzing after 1 runs
2026/06/05 14:54:39 Processing file: /home/advocate/Advocate/Experiments/Advocate/helper/aplas/output/oocLength/6/blocking/grpc/1460/grpc1460_test.go
2026/06/05 14:54:39 Fuzzing Run:  1
2026/06/05 14:54:39 Create  /home/advocate/Advocate/Experiments/Advocate/helper/aplas/output/oocLength/6/advocateResult/file(30)-test(1)-grpc1460_test-TestGrpc1460
2026/06/05 14:54:39 Execute Test
2026/06/05 14:54:40 Text executed
2026/06/05 14:54:40 Run the analyzer for /home/advocate/Advocate/Experiments/Advocate/helper/aplas/output/oocLength/6/blocking/grpc/1460/advocateTrace
2026/06/05 14:54:40 Read trace with 11 elements in 3 routines
2026/06/05 14:54:40 Start Analysis
2026/06/05 14:54:40 Finished HB analysis
2026/06/05 14:54:40 Analysis finished
2026/06/05 14:54:40 Start rewrite
2026/06/05 14:54:40 Finished Rewrite
2026/06/05 14:54:40 Number Results:  2
2026/06/05 14:54:40 Successfully rewrites:  0
2026/06/05 14:54:40 No need/not possible to rewrite:  2
2026/06/05 14:54:40 Failed rewrites:  0
2026/06/05 14:54:40 Start guided execution
2026/06/05 14:54:40 Found 0 rewritten traces
2026/06/05 14:54:40 Create bug reports
2026/06/05 14:54:40 [31mline number out of range[0m
2026/06/05 14:54:40 [31mline number out of range[0m
2026/06/05 14:54:40 [32mFound Actual Non-Cyclic Blocking Bug.[0m
2026/06/05 14:54:40 Create statistics
2026/06/05 14:54:40 Finished run for TestGrpc1460
2026/06/05 14:54:40 Parse recorded trace for fuzzing information
2026/06/05 14:54:40 Create mutations
2026/06/05 14:54:40 Create GoPie mutations
2026/06/05 14:54:40 Mutate 24 scheduling chains
2026/06/05 14:54:40 Write 0 mutations to file
2026/06/05 14:54:40 Create statistics
2026/06/05 14:54:40 Current fuzzing queue size: 0
2026/06/05 14:54:40 Remaining fuzzing time: 9:58 min
2026/06/05 14:54:40 Finish fuzzing after 1 runs
2026/06/05 14:54:40 Processing file: /home/advocate/Advocate/Experiments/Advocate/helper/aplas/output/oocLength/6/blocking/grpc/3017/grpc3017_test.go
2026/06/05 14:54:40 Fuzzing Run:  1
2026/06/05 14:54:40 Create  /home/advocate/Advocate/Experiments/Advocate/helper/aplas/output/oocLength/6/advocateResult/file(31)-test(1)-grpc3017_test-TestGrpc3017
2026/06/05 14:54:40 Execute Test
2026/06/05 14:58:41 Text executed
2026/06/05 14:58:41 Run the analyzer for /home/advocate/Advocate/Experiments/Advocate/helper/aplas/output/oocLength/6/blocking/grpc/3017/advocateTrace
2026/06/05 14:58:41 Read trace with 32 elements in 5 routines
2026/06/05 14:58:41 Start Analysis
2026/06/05 14:58:41 Finished HB analysis
2026/06/05 14:58:41 Analysis finished
2026/06/05 14:58:41 Start rewrite
2026/06/05 14:58:41 Finished Rewrite
2026/06/05 14:58:41 Number Results:  3
2026/06/05 14:58:41 Successfully rewrites:  0
2026/06/05 14:58:41 No need/not possible to rewrite:  3
2026/06/05 14:58:41 Failed rewrites:  0
2026/06/05 14:58:41 Start guided execution
2026/06/05 14:58:41 Found 0 rewritten traces
2026/06/05 14:58:41 Create bug reports
2026/06/05 14:58:41 [31mline number out of range[0m
2026/06/05 14:58:41 [31mline number out of range[0m
2026/06/05 14:58:41 [32mFound Actual Non-Cyclic Blocking Bug.[0m
2026/06/05 14:58:41 [32mFound Actual Cyclic Deadlock.[0m
2026/06/05 14:58:41 Create statistics
2026/06/05 14:58:41 Finished run for TestGrpc3017
2026/06/05 14:58:41 Parse recorded trace for fuzzing information
2026/06/05 14:58:41 Create mutations
2026/06/05 14:58:41 Create GoPie mutations
2026/06/05 14:58:41 Mutate 0 scheduling chains
2026/06/05 14:58:41 Write 0 mutations to file
2026/06/05 14:58:41 Create statistics
2026/06/05 14:58:41 Current fuzzing queue size: 0
2026/06/05 14:58:41 Remaining fuzzing time: 5:58 min
2026/06/05 14:58:41 Finish fuzzing after 1 runs
2026/06/05 14:58:41 Processing file: /home/advocate/Advocate/Experiments/Advocate/helper/aplas/output/oocLength/6/blocking/grpc/660/grpc660_test.go
2026/06/05 14:58:41 Fuzzing Run:  1
2026/06/05 14:58:41 Create  /home/advocate/Advocate/Experiments/Advocate/helper/aplas/output/oocLength/6/advocateResult/file(32)-test(1)-grpc660_test-TestGrpc660
2026/06/05 14:58:41 Execute Test
2026/06/05 14:58:42 Text executed
2026/06/05 14:58:42 Run the analyzer for /home/advocate/Advocate/Experiments/Advocate/helper/aplas/output/oocLength/6/blocking/grpc/660/advocateTrace
2026/06/05 14:58:42 Read trace with 11 elements in 4 routines
2026/06/05 14:58:42 Start Analysis
2026/06/05 14:58:42 Finished HB analysis
2026/06/05 14:58:42 Analysis finished
2026/06/05 14:58:42 Start rewrite
2026/06/05 14:58:42 Finished Rewrite
2026/06/05 14:58:42 Number Results:  2
2026/06/05 14:58:42 Successfully rewrites:  0
2026/06/05 14:58:42 No need/not possible to rewrite:  2
2026/06/05 14:58:42 Failed rewrites:  0
2026/06/05 14:58:42 Start guided execution
2026/06/05 14:58:42 Found 0 rewritten traces
2026/06/05 14:58:42 Create bug reports
2026/06/05 14:58:42 [31mline number out of range[0m
2026/06/05 14:58:42 [31mline number out of range[0m
2026/06/05 14:58:42 [31mline number out of range[0m
2026/06/05 14:58:42 [32mFound Actual Non-Cyclic Blocking Bug.[0m
2026/06/05 14:58:42 [32mFound Actual Cyclic Deadlock.[0m
2026/06/05 14:58:42 Create statistics
2026/06/05 14:58:42 Finished run for TestGrpc660
2026/06/05 14:58:42 Parse recorded trace for fuzzing information
2026/06/05 14:58:42 Create mutations
2026/06/05 14:58:42 Create GoPie mutations
2026/06/05 14:58:42 Mutate 0 scheduling chains
2026/06/05 14:58:42 Write 0 mutations to file
2026/06/05 14:58:42 Create statistics
2026/06/05 14:58:42 Current fuzzing queue size: 0
2026/06/05 14:58:42 Remaining fuzzing time: 9:58 min
2026/06/05 14:58:42 Finish fuzzing after 1 runs
2026/06/05 14:58:42 Processing file: /home/advocate/Advocate/Experiments/Advocate/helper/aplas/output/oocLength/6/blocking/grpc/795/grpc795_test.go
2026/06/05 14:58:42 Fuzzing Run:  1
2026/06/05 14:58:42 Create  /home/advocate/Advocate/Experiments/Advocate/helper/aplas/output/oocLength/6/advocateResult/file(33)-test(1)-grpc795_test-TestGrpc795
2026/06/05 14:58:42 Execute Test
2026/06/05 15:02:43 Text executed
2026/06/05 15:02:43 Run the analyzer for /home/advocate/Advocate/Experiments/Advocate/helper/aplas/output/oocLength/6/blocking/grpc/795/advocateTrace
2026/06/05 15:02:43 Read trace with 4 elements in 2 routines
2026/06/05 15:02:43 Start Analysis
2026/06/05 15:02:43 Finished HB analysis
2026/06/05 15:02:43 Analysis finished
2026/06/05 15:02:43 Start rewrite
2026/06/05 15:02:43 Finished Rewrite
2026/06/05 15:02:43 Number Results:  3
2026/06/05 15:02:43 Successfully rewrites:  0
2026/06/05 15:02:43 No need/not possible to rewrite:  3
2026/06/05 15:02:43 Failed rewrites:  0
2026/06/05 15:02:43 Start guided execution
2026/06/05 15:02:43 Found 0 rewritten traces
2026/06/05 15:02:43 Create bug reports
2026/06/05 15:02:43 [31mline number out of range[0m
2026/06/05 15:02:43 [31mline number out of range[0m
2026/06/05 15:02:43 [31mline number out of range[0m
2026/06/05 15:02:43 [32mFound Actual Non-Cyclic Blocking Bug.[0m
2026/06/05 15:02:43 [32mFound Actual Cyclic Deadlock.[0m
2026/06/05 15:02:43 Create statistics
2026/06/05 15:02:43 Finished run for TestGrpc795
2026/06/05 15:02:43 Parse recorded trace for fuzzing information
2026/06/05 15:02:43 Create mutations
2026/06/05 15:02:43 Create GoPie mutations
2026/06/05 15:02:43 Mutate 24 scheduling chains
2026/06/05 15:02:43 Write 0 mutations to file
2026/06/05 15:02:43 Create statistics
2026/06/05 15:02:43 Current fuzzing queue size: 0
2026/06/05 15:02:43 Remaining fuzzing time: 5:58 min
2026/06/05 15:02:43 Finish fuzzing after 1 runs
2026/06/05 15:02:43 Processing file: /home/advocate/Advocate/Experiments/Advocate/helper/aplas/output/oocLength/6/blocking/grpc/862/grpc862_test.go
2026/06/05 15:02:43 Fuzzing Run:  1
2026/06/05 15:02:43 Create  /home/advocate/Advocate/Experiments/Advocate/helper/aplas/output/oocLength/6/advocateResult/file(34)-test(1)-grpc862_test-TestGrpc862
2026/06/05 15:02:43 Execute Test
2026/06/05 15:02:51 Text executed
2026/06/05 15:02:51 Run the analyzer for /home/advocate/Advocate/Experiments/Advocate/helper/aplas/output/oocLength/6/blocking/grpc/862/advocateTrace
2026/06/05 15:02:51 Read trace with 154650 elements in 28 routines
2026/06/05 15:02:51 Start Analysis
2026/06/05 15:02:51 Finished HB analysis
2026/06/05 15:04:13 Analysis finished
2026/06/05 15:04:13 Start rewrite
2026/06/05 15:04:13 Finished Rewrite
2026/06/05 15:04:13 Number Results:  3
2026/06/05 15:04:13 Successfully rewrites:  0
2026/06/05 15:04:13 No need/not possible to rewrite:  3
2026/06/05 15:04:13 Failed rewrites:  0
2026/06/05 15:04:13 Start guided execution
2026/06/05 15:04:13 Found 0 rewritten traces
2026/06/05 15:04:13 Create bug reports
2026/06/05 15:04:13 [31mline number out of range[0m
2026/06/05 15:04:13 [31mline number out of range[0m
2026/06/05 15:04:13 [31mline number out of range[0m
2026/06/05 15:04:13 [32mFound Actual Cyclic Deadlock.[0m
2026/06/05 15:04:13 [32mFound Block on select.[0m
2026/06/05 15:04:13 Create statistics
2026/06/05 15:04:13 Finished run for TestGrpc862
2026/06/05 15:04:13 Parse recorded trace for fuzzing information
2026/06/05 15:04:14 Create mutations
2026/06/05 15:04:14 Create GoPie mutations
2026/06/05 15:04:14 Mutate 0 scheduling chains
2026/06/05 15:04:14 Write 0 mutations to file
2026/06/05 15:04:14 Create statistics
2026/06/05 15:04:14 Current fuzzing queue size: 0
2026/06/05 15:04:14 Remaining fuzzing time: 8:28 min
2026/06/05 15:04:14 Finish fuzzing after 1 runs
2026/06/05 15:04:14 Processing file: /home/advocate/Advocate/Experiments/Advocate/helper/aplas/output/oocLength/6/blocking/hugo/3251/hugo3251_test.go
2026/06/05 15:04:14 Fuzzing Run:  1
2026/06/05 15:04:14 Create  /home/advocate/Advocate/Experiments/Advocate/helper/aplas/output/oocLength/6/advocateResult/file(35)-test(1)-hugo3251_test-TestHugo3251
2026/06/05 15:04:14 Execute Test
2026/06/05 15:08:16 Text executed
2026/06/05 15:08:16 Run the analyzer for /home/advocate/Advocate/Experiments/Advocate/helper/aplas/output/oocLength/6/blocking/hugo/3251/advocateTrace
2026/06/05 15:08:16 Read trace with 167 elements in 51 routines
2026/06/05 15:08:16 Start Analysis
2026/06/05 15:08:16 Finished HB analysis
2026/06/05 15:08:16 Analysis finished
2026/06/05 15:08:16 Start rewrite
2026/06/05 15:08:16 Finished Rewrite
2026/06/05 15:08:16 Number Results:  6
2026/06/05 15:08:16 Successfully rewrites:  0
2026/06/05 15:08:16 No need/not possible to rewrite:  6
2026/06/05 15:08:16 Failed rewrites:  0
2026/06/05 15:08:16 Start guided execution
2026/06/05 15:08:16 Found 0 rewritten traces
2026/06/05 15:08:16 Create bug reports
2026/06/05 15:08:16 [32mFound Possible Cyclic Deadlock.[0m
2026/06/05 15:08:16 [31mline number out of range[0m
2026/06/05 15:08:16 [31mline number out of range[0m
2026/06/05 15:08:16 [31mline number out of range[0m
2026/06/05 15:08:16 [32mFound Actual Non-Cyclic Blocking Bug.[0m
2026/06/05 15:08:16 [32mFound Leak on Sync.Mutex.[0m
2026/06/05 15:08:16 Create statistics
2026/06/05 15:08:16 Finished run for TestHugo3251
2026/06/05 15:08:16 Parse recorded trace for fuzzing information
2026/06/05 15:08:16 Create mutations
2026/06/05 15:08:16 Create GoPie mutations
2026/06/05 15:08:16 Mutate 24 scheduling chains
2026/06/05 15:08:16 Write 0 mutations to file
2026/06/05 15:08:16 Create statistics
2026/06/05 15:08:16 Current fuzzing queue size: 0
2026/06/05 15:08:16 Remaining fuzzing time: 5:58 min
2026/06/05 15:08:16 Finish fuzzing after 1 runs
2026/06/05 15:08:16 Processing file: /home/advocate/Advocate/Experiments/Advocate/helper/aplas/output/oocLength/6/blocking/hugo/5379/hugo5379_test.go
2026/06/05 15:08:16 Fuzzing Run:  1
2026/06/05 15:08:16 Create  /home/advocate/Advocate/Experiments/Advocate/helper/aplas/output/oocLength/6/advocateResult/file(36)-test(1)-hugo5379_test-TestHugo5379
2026/06/05 15:08:16 Execute Test
2026/06/05 15:12:17 Text executed
2026/06/05 15:12:17 Run the analyzer for /home/advocate/Advocate/Experiments/Advocate/helper/aplas/output/oocLength/6/blocking/hugo/5379/advocateTrace
2026/06/05 15:12:17 Read trace with 35 elements in 5 routines
2026/06/05 15:12:17 Start Analysis
2026/06/05 15:12:17 Finished HB analysis
2026/06/05 15:12:17 Analysis finished
2026/06/05 15:12:17 Start rewrite
2026/06/05 15:12:17 Finished Rewrite
2026/06/05 15:12:17 Number Results:  4
2026/06/05 15:12:17 Successfully rewrites:  0
2026/06/05 15:12:17 No need/not possible to rewrite:  4
2026/06/05 15:12:17 Failed rewrites:  0
2026/06/05 15:12:17 Start guided execution
2026/06/05 15:12:17 Found 0 rewritten traces
2026/06/05 15:12:17 Create bug reports
2026/06/05 15:12:17 [31mline number out of range[0m
2026/06/05 15:12:17 [31mline number out of range[0m
2026/06/05 15:12:17 [31mline number out of range[0m
2026/06/05 15:12:17 [31mline number out of range[0m
2026/06/05 15:12:17 [32mFound Actual Non-Cyclic Blocking Bug.[0m
2026/06/05 15:12:17 [32mFound Leak on Sync.Mutex.[0m
2026/06/05 15:12:17 Create statistics
2026/06/05 15:12:17 Finished run for TestHugo5379
2026/06/05 15:12:17 Parse recorded trace for fuzzing information
2026/06/05 15:12:17 Create mutations
2026/06/05 15:12:17 Create GoPie mutations
2026/06/05 15:12:17 Mutate 24 scheduling chains
2026/06/05 15:12:17 Write 0 mutations to file
2026/06/05 15:12:17 Create statistics
2026/06/05 15:12:17 Current fuzzing queue size: 0
2026/06/05 15:12:17 Remaining fuzzing time: 5:58 min
2026/06/05 15:12:17 Finish fuzzing after 1 runs
2026/06/05 15:12:17 Processing file: /home/advocate/Advocate/Experiments/Advocate/helper/aplas/output/oocLength/6/blocking/istio/16224/istio16224_test.go
2026/06/05 15:12:17 Fuzzing Run:  1
2026/06/05 15:12:17 Create  /home/advocate/Advocate/Experiments/Advocate/helper/aplas/output/oocLength/6/advocateResult/file(37)-test(1)-istio16224_test-TestIstio16224
2026/06/05 15:12:17 Execute Test
2026/06/05 15:16:18 Text executed
2026/06/05 15:16:18 Run the analyzer for /home/advocate/Advocate/Experiments/Advocate/helper/aplas/output/oocLength/6/blocking/istio/16224/advocateTrace
2026/06/05 15:16:18 Read trace with 9 elements in 2 routines
2026/06/05 15:16:18 Start Analysis
2026/06/05 15:16:18 Finished HB analysis
2026/06/05 15:16:18 Analysis finished
2026/06/05 15:16:18 Start rewrite
2026/06/05 15:16:18 Finished Rewrite
2026/06/05 15:16:18 Number Results:  4
2026/06/05 15:16:18 Successfully rewrites:  0
2026/06/05 15:16:18 No need/not possible to rewrite:  4
2026/06/05 15:16:18 Failed rewrites:  0
2026/06/05 15:16:18 Start guided execution
2026/06/05 15:16:18 Found 0 rewritten traces
2026/06/05 15:16:18 Create bug reports
2026/06/05 15:16:18 [31mline number out of range[0m
2026/06/05 15:16:18 [31mline number out of range[0m
2026/06/05 15:16:18 [31mline number out of range[0m
2026/06/05 15:16:18 [31mline number out of range[0m
2026/06/05 15:16:18 [32mFound Actual Non-Cyclic Blocking Bug.[0m
2026/06/05 15:16:18 [32mFound Actual Cyclic Deadlock.[0m
2026/06/05 15:16:18 Create statistics
2026/06/05 15:16:18 Finished run for TestIstio16224
2026/06/05 15:16:18 Parse recorded trace for fuzzing information
2026/06/05 15:16:18 Create mutations
2026/06/05 15:16:18 Create GoPie mutations
2026/06/05 15:16:18 Mutate 24 scheduling chains
2026/06/05 15:16:18 Write 0 mutations to file
2026/06/05 15:16:18 Create statistics
2026/06/05 15:16:18 Current fuzzing queue size: 0
2026/06/05 15:16:18 Remaining fuzzing time: 5:58 min
2026/06/05 15:16:18 Finish fuzzing after 1 runs
2026/06/05 15:16:18 Processing file: /home/advocate/Advocate/Experiments/Advocate/helper/aplas/output/oocLength/6/blocking/istio/17860/istio17860_test.go
2026/06/05 15:16:18 Fuzzing Run:  1
2026/06/05 15:16:18 Create  /home/advocate/Advocate/Experiments/Advocate/helper/aplas/output/oocLength/6/advocateResult/file(38)-test(1)-istio17860_test-TestIstio17860
2026/06/05 15:16:18 Execute Test
2026/06/05 15:16:19 Text executed
2026/06/05 15:16:19 Run the analyzer for /home/advocate/Advocate/Experiments/Advocate/helper/aplas/output/oocLength/6/blocking/istio/17860/advocateTrace
2026/06/05 15:16:19 Read trace with 26 elements in 5 routines
2026/06/05 15:16:19 Start Analysis
2026/06/05 15:16:19 Finished HB analysis
2026/06/05 15:16:19 Analysis finished
2026/06/05 15:16:19 Start rewrite
2026/06/05 15:16:19 Finished Rewrite
2026/06/05 15:16:19 Number Results:  3
2026/06/05 15:16:19 Successfully rewrites:  0
2026/06/05 15:16:19 No need/not possible to rewrite:  3
2026/06/05 15:16:19 Failed rewrites:  0
2026/06/05 15:16:19 Start guided execution
2026/06/05 15:16:19 Found 0 rewritten traces
2026/06/05 15:16:19 Create bug reports
2026/06/05 15:16:19 [31mline number out of range[0m
2026/06/05 15:16:19 [31mline number out of range[0m
2026/06/05 15:16:19 [31mline number out of range[0m
2026/06/05 15:16:19 [31mline number out of range[0m
2026/06/05 15:16:19 [32mFound Actual Non-Cyclic Blocking Bug.[0m
2026/06/05 15:16:19 [32mFound Actual Cyclic Deadlock.[0m
2026/06/05 15:16:19 Create statistics
2026/06/05 15:16:19 Finished run for TestIstio17860
2026/06/05 15:16:19 Parse recorded trace for fuzzing information
2026/06/05 15:16:19 Create mutations
2026/06/05 15:16:19 Create GoPie mutations
2026/06/05 15:16:19 Mutate 24 scheduling chains
2026/06/05 15:16:19 Write 0 mutations to file
2026/06/05 15:16:19 Create statistics
2026/06/05 15:16:19 Current fuzzing queue size: 0
2026/06/05 15:16:19 Remaining fuzzing time: 9:58 min
2026/06/05 15:16:19 Finish fuzzing after 1 runs
2026/06/05 15:16:19 Processing file: /home/advocate/Advocate/Experiments/Advocate/helper/aplas/output/oocLength/6/blocking/istio/18454/istio18454_test.go
2026/06/05 15:16:19 Fuzzing Run:  1
2026/06/05 15:16:19 Create  /home/advocate/Advocate/Experiments/Advocate/helper/aplas/output/oocLength/6/advocateResult/file(39)-test(1)-istio18454_test-TestIstio18454
2026/06/05 15:16:19 Execute Test
2026/06/05 15:16:21 Text executed
2026/06/05 15:16:21 Run the analyzer for /home/advocate/Advocate/Experiments/Advocate/helper/aplas/output/oocLength/6/blocking/istio/18454/advocateTrace
2026/06/05 15:16:21 Read trace with 1044 elements in 3 routines
2026/06/05 15:16:21 Start Analysis
2026/06/05 15:16:21 Finished HB analysis
2026/06/05 15:16:21 Analysis finished
2026/06/05 15:16:21 Start rewrite
2026/06/05 15:16:21 Finished Rewrite
2026/06/05 15:16:21 Number Results:  3
2026/06/05 15:16:21 Successfully rewrites:  0
2026/06/05 15:16:21 No need/not possible to rewrite:  3
2026/06/05 15:16:21 Failed rewrites:  0
2026/06/05 15:16:21 Start guided execution
2026/06/05 15:16:21 Found 0 rewritten traces
2026/06/05 15:16:21 Create bug reports
2026/06/05 15:16:21 [31mline number out of range[0m
2026/06/05 15:16:21 [31mline number out of range[0m
2026/06/05 15:16:21 [31mline number out of range[0m
2026/06/05 15:16:21 [31mline number out of range[0m
2026/06/05 15:16:21 [32mFound Actual Non-Cyclic Blocking Bug.[0m
2026/06/05 15:16:21 Create statistics
2026/06/05 15:16:21 Finished run for TestIstio18454
2026/06/05 15:16:21 Parse recorded trace for fuzzing information
2026/06/05 15:16:21 Create mutations
2026/06/05 15:16:21 Create GoPie mutations
2026/06/05 15:16:21 Mutate 0 scheduling chains
2026/06/05 15:16:21 Write 0 mutations to file
2026/06/05 15:16:21 Create statistics
2026/06/05 15:16:21 Current fuzzing queue size: 0
2026/06/05 15:16:21 Remaining fuzzing time: 9:58 min
2026/06/05 15:16:21 Finish fuzzing after 1 runs
2026/06/05 15:16:21 Processing file: /home/advocate/Advocate/Experiments/Advocate/helper/aplas/output/oocLength/6/blocking/kubernetes/10182/kubernetes10182_test.go
2026/06/05 15:16:21 Fuzzing Run:  1
2026/06/05 15:16:21 Create  /home/advocate/Advocate/Experiments/Advocate/helper/aplas/output/oocLength/6/advocateResult/file(40)-test(1)-kubernetes10182_test-TestKubernetes10182
2026/06/05 15:16:21 Execute Test
2026/06/05 15:16:22 Text executed
2026/06/05 15:16:22 Run the analyzer for /home/advocate/Advocate/Experiments/Advocate/helper/aplas/output/oocLength/6/blocking/kubernetes/10182/advocateTrace
2026/06/05 15:16:22 Read trace with 15 elements in 5 routines
2026/06/05 15:16:22 Start Analysis
2026/06/05 15:16:22 Finished HB analysis
2026/06/05 15:16:22 Analysis finished
2026/06/05 15:16:22 Start rewrite
2026/06/05 15:16:22 Finished Rewrite
2026/06/05 15:16:22 Number Results:  4
2026/06/05 15:16:22 Successfully rewrites:  0
2026/06/05 15:16:22 No need/not possible to rewrite:  4
2026/06/05 15:16:22 Failed rewrites:  0
2026/06/05 15:16:22 Start guided execution
2026/06/05 15:16:22 Found 0 rewritten traces
2026/06/05 15:16:22 Create bug reports
2026/06/05 15:16:22 [31mline number out of range[0m
2026/06/05 15:16:22 [31mline number out of range[0m
2026/06/05 15:16:22 [31mline number out of range[0m
2026/06/05 15:16:22 [31mline number out of range[0m
2026/06/05 15:16:22 [32mFound Actual Non-Cyclic Blocking Bug.[0m
2026/06/05 15:16:22 [32mFound Leak on Sync.Mutex.[0m
2026/06/05 15:16:22 Create statistics
2026/06/05 15:16:22 Finished run for TestKubernetes10182
2026/06/05 15:16:22 Parse recorded trace for fuzzing information
2026/06/05 15:16:22 Create mutations
2026/06/05 15:16:22 Create GoPie mutations
2026/06/05 15:16:22 Mutate 24 scheduling chains
2026/06/05 15:16:22 Write 0 mutations to file
2026/06/05 15:16:22 Create statistics
2026/06/05 15:16:22 Current fuzzing queue size: 0
2026/06/05 15:16:22 Remaining fuzzing time: 9:58 min
2026/06/05 15:16:22 Finish fuzzing after 1 runs
2026/06/05 15:16:22 Processing file: /home/advocate/Advocate/Experiments/Advocate/helper/aplas/output/oocLength/6/blocking/kubernetes/11298/kubernetes11298_test.go
2026/06/05 15:16:22 Fuzzing Run:  1
2026/06/05 15:16:22 Create  /home/advocate/Advocate/Experiments/Advocate/helper/aplas/output/oocLength/6/advocateResult/file(41)-test(1)-kubernetes11298_test-TestKubernetes11298
2026/06/05 15:16:22 Execute Test
2026/06/05 15:16:23 Text executed
2026/06/05 15:16:23 Run the analyzer for /home/advocate/Advocate/Experiments/Advocate/helper/aplas/output/oocLength/6/blocking/kubernetes/11298/advocateTrace
2026/06/05 15:16:23 Read trace with 17 elements in 5 routines
2026/06/05 15:16:23 Start Analysis
2026/06/05 15:16:23 Finished HB analysis
2026/06/05 15:16:23 Analysis finished
2026/06/05 15:16:23 Start rewrite
2026/06/05 15:16:23 Finished Rewrite
2026/06/05 15:16:23 Number Results:  4
2026/06/05 15:16:23 Successfully rewrites:  0
2026/06/05 15:16:23 No need/not possible to rewrite:  4
2026/06/05 15:16:23 Failed rewrites:  0
2026/06/05 15:16:23 Start guided execution
2026/06/05 15:16:23 Found 0 rewritten traces
2026/06/05 15:16:23 Create bug reports
2026/06/05 15:16:23 [31mline number out of range[0m
2026/06/05 15:16:23 [31mline number out of range[0m
2026/06/05 15:16:23 [31mline number out of range[0m
2026/06/05 15:16:23 [31mline number out of range[0m
2026/06/05 15:16:23 [32mFound Actual Non-Cyclic Blocking Bug.[0m
2026/06/05 15:16:23 [32mFound Leak on Sync.Mutex.[0m
2026/06/05 15:16:23 Create statistics
2026/06/05 15:16:23 Finished run for TestKubernetes11298
2026/06/05 15:16:23 Parse recorded trace for fuzzing information
2026/06/05 15:16:23 Create mutations
2026/06/05 15:16:23 Create GoPie mutations
2026/06/05 15:16:23 Mutate 24 scheduling chains
2026/06/05 15:16:23 Write 0 mutations to file
2026/06/05 15:16:23 Create statistics
2026/06/05 15:16:23 Current fuzzing queue size: 0
2026/06/05 15:16:23 Remaining fuzzing time: 9:58 min
2026/06/05 15:16:23 Finish fuzzing after 1 runs
2026/06/05 15:16:23 Processing file: /home/advocate/Advocate/Experiments/Advocate/helper/aplas/output/oocLength/6/blocking/kubernetes/13135/kubernetes13135_test.go
2026/06/05 15:16:23 Fuzzing Run:  1
2026/06/05 15:16:23 Create  /home/advocate/Advocate/Experiments/Advocate/helper/aplas/output/oocLength/6/advocateResult/file(42)-test(1)-kubernetes13135_test-TestKubernetes13135
2026/06/05 15:16:23 Execute Test
2026/06/05 15:16:24 Text executed
2026/06/05 15:16:24 Run the analyzer for /home/advocate/Advocate/Experiments/Advocate/helper/aplas/output/oocLength/6/blocking/kubernetes/13135/advocateTrace
2026/06/05 15:16:24 Read trace with 74 elements in 4 routines
2026/06/05 15:16:24 Start Analysis
2026/06/05 15:16:24 Finished HB analysis
2026/06/05 15:16:24 Analysis finished
2026/06/05 15:16:24 Start rewrite
2026/06/05 15:16:24 Finished Rewrite
2026/06/05 15:16:24 Number Results:  5
2026/06/05 15:16:24 Successfully rewrites:  0
2026/06/05 15:16:24 No need/not possible to rewrite:  5
2026/06/05 15:16:24 Failed rewrites:  0
2026/06/05 15:16:24 Start guided execution
2026/06/05 15:16:24 Found 0 rewritten traces
2026/06/05 15:16:24 Create bug reports
2026/06/05 15:16:24 [32mFound Possible Cyclic Deadlock.[0m
2026/06/05 15:16:24 [31mline number out of range[0m
2026/06/05 15:16:24 [31mline number out of range[0m
2026/06/05 15:16:24 [31mline number out of range[0m
2026/06/05 15:16:24 [31mline number out of range[0m
2026/06/05 15:16:24 Create statistics
2026/06/05 15:16:24 Finished run for TestKubernetes13135
2026/06/05 15:16:24 Parse recorded trace for fuzzing information
2026/06/05 15:16:24 Create mutations
2026/06/05 15:16:24 Create GoPie mutations
2026/06/05 15:16:24 Mutate 24 scheduling chains
2026/06/05 15:16:24 Write 0 mutations to file
2026/06/05 15:16:24 Create statistics
2026/06/05 15:16:24 Current fuzzing queue size: 0
2026/06/05 15:16:24 Remaining fuzzing time: 9:58 min
2026/06/05 15:16:24 Finish fuzzing after 1 runs
2026/06/05 15:16:24 Processing file: /home/advocate/Advocate/Experiments/Advocate/helper/aplas/output/oocLength/6/blocking/kubernetes/1321/kubernetes1321_test.go
2026/06/05 15:16:24 Fuzzing Run:  1
2026/06/05 15:16:24 Create  /home/advocate/Advocate/Experiments/Advocate/helper/aplas/output/oocLength/6/advocateResult/file(43)-test(1)-kubernetes1321_test-TestKubernetes1321
2026/06/05 15:16:24 Execute Test
2026/06/05 15:16:25 Text executed
2026/06/05 15:16:25 Run the analyzer for /home/advocate/Advocate/Experiments/Advocate/helper/aplas/output/oocLength/6/blocking/kubernetes/1321/advocateTrace
2026/06/05 15:16:25 Read trace with 413 elements in 27 routines
2026/06/05 15:16:25 Start Analysis
2026/06/05 15:16:25 Finished HB analysis
2026/06/05 15:16:25 Analysis finished
2026/06/05 15:16:25 Start rewrite
2026/06/05 15:16:25 Finished Rewrite
2026/06/05 15:16:25 Number Results:  4
2026/06/05 15:16:25 Successfully rewrites:  0
2026/06/05 15:16:25 No need/not possible to rewrite:  4
2026/06/05 15:16:25 Failed rewrites:  0
2026/06/05 15:16:25 Start guided execution
2026/06/05 15:16:25 Found 0 rewritten traces
2026/06/05 15:16:25 Create bug reports
2026/06/05 15:16:25 [31mline number out of range[0m
2026/06/05 15:16:25 [31mline number out of range[0m
2026/06/05 15:16:25 [31mline number out of range[0m
2026/06/05 15:16:25 [31mline number out of range[0m
2026/06/05 15:16:25 Create statistics
2026/06/05 15:16:25 Finished run for TestKubernetes1321
2026/06/05 15:16:25 Parse recorded trace for fuzzing information
2026/06/05 15:16:25 Create mutations
2026/06/05 15:16:25 Create GoPie mutations
2026/06/05 15:16:25 Mutate 12 scheduling chains
2026/06/05 15:16:25 Write 0 mutations to file
2026/06/05 15:16:25 Create statistics
2026/06/05 15:16:25 Current fuzzing queue size: 0
2026/06/05 15:16:25 Remaining fuzzing time: 9:58 min
2026/06/05 15:16:25 Finish fuzzing after 1 runs
2026/06/05 15:16:25 Processing file: /home/advocate/Advocate/Experiments/Advocate/helper/aplas/output/oocLength/6/blocking/kubernetes/25331/kubernetes25331_test.go
2026/06/05 15:16:25 Fuzzing Run:  1
2026/06/05 15:16:25 Create  /home/advocate/Advocate/Experiments/Advocate/helper/aplas/output/oocLength/6/advocateResult/file(44)-test(1)-kubernetes25331_test-TestKubernetes25331
2026/06/05 15:16:25 Execute Test
2026/06/05 15:16:27 Text executed
2026/06/05 15:16:27 Run the analyzer for /home/advocate/Advocate/Experiments/Advocate/helper/aplas/output/oocLength/6/blocking/kubernetes/25331/advocateTrace
2026/06/05 15:16:27 Read trace with 17 elements in 3 routines
2026/06/05 15:16:27 Start Analysis
2026/06/05 15:16:27 Finished HB analysis
2026/06/05 15:16:27 Analysis finished
2026/06/05 15:16:27 Start rewrite
2026/06/05 15:16:27 Finished Rewrite
2026/06/05 15:16:27 Number Results:  4
2026/06/05 15:16:27 Successfully rewrites:  0
2026/06/05 15:16:27 No need/not possible to rewrite:  4
2026/06/05 15:16:27 Failed rewrites:  0
2026/06/05 15:16:27 Start guided execution
2026/06/05 15:16:27 Found 0 rewritten traces
2026/06/05 15:16:27 Create bug reports
2026/06/05 15:16:27 [31mline number out of range[0m
2026/06/05 15:16:27 [31mline number out of range[0m
2026/06/05 15:16:27 [31mline number out of range[0m
2026/06/05 15:16:27 [31mline number out of range[0m
2026/06/05 15:16:27 [32mFound Actual Non-Cyclic Blocking Bug.[0m
2026/06/05 15:16:27 Create statistics
2026/06/05 15:16:27 Finished run for TestKubernetes25331
2026/06/05 15:16:27 Parse recorded trace for fuzzing information
2026/06/05 15:16:27 Create mutations
2026/06/05 15:16:27 Create GoPie mutations
2026/06/05 15:16:27 Mutate 24 scheduling chains
2026/06/05 15:16:27 Write 1 special mutation to file
2026/06/05 15:16:27 Write 0 mutations to file
2026/06/05 15:16:27 Create statistics
2026/06/05 15:16:27 Current fuzzing queue size: 0
2026/06/05 15:16:27 Remaining fuzzing time: 9:58 min
2026/06/05 15:16:27 Finish fuzzing after 1 runs
2026/06/05 15:16:27 Processing file: /home/advocate/Advocate/Experiments/Advocate/helper/aplas/output/oocLength/6/blocking/kubernetes/26980/kubernetes26980_test.go
2026/06/05 15:16:27 Fuzzing Run:  1
2026/06/05 15:16:27 Create  /home/advocate/Advocate/Experiments/Advocate/helper/aplas/output/oocLength/6/advocateResult/file(45)-test(1)-kubernetes26980_test-TestKubernetes26980
2026/06/05 15:16:27 Execute Test
2026/06/05 15:16:28 Text executed
2026/06/05 15:16:28 Run the analyzer for /home/advocate/Advocate/Experiments/Advocate/helper/aplas/output/oocLength/6/blocking/kubernetes/26980/advocateTrace
2026/06/05 15:16:28 Read trace with 18 elements in 3 routines
2026/06/05 15:16:28 Start Analysis
2026/06/05 15:16:28 Finished HB analysis
2026/06/05 15:16:28 Analysis finished
2026/06/05 15:16:28 Start rewrite
2026/06/05 15:16:28 Finished Rewrite
2026/06/05 15:16:28 Number Results:  4
2026/06/05 15:16:28 Successfully rewrites:  0
2026/06/05 15:16:28 No need/not possible to rewrite:  4
2026/06/05 15:16:28 Failed rewrites:  0
2026/06/05 15:16:28 Start guided execution
2026/06/05 15:16:28 Found 0 rewritten traces
2026/06/05 15:16:28 Create bug reports
2026/06/05 15:16:28 [31mline number out of range[0m
2026/06/05 15:16:28 [31mline number out of range[0m
2026/06/05 15:16:28 [31mline number out of range[0m
2026/06/05 15:16:28 [31mline number out of range[0m
2026/06/05 15:16:28 [32mFound Actual Non-Cyclic Blocking Bug.[0m
2026/06/05 15:16:28 Create statistics
2026/06/05 15:16:28 Finished run for TestKubernetes26980
2026/06/05 15:16:28 Parse recorded trace for fuzzing information
2026/06/05 15:16:28 Create mutations
2026/06/05 15:16:28 Create GoPie mutations
2026/06/05 15:16:28 Mutate 24 scheduling chains
2026/06/05 15:16:28 Write 0 mutations to file
2026/06/05 15:16:28 Create statistics
2026/06/05 15:16:28 Current fuzzing queue size: 0
2026/06/05 15:16:28 Remaining fuzzing time: 9:58 min
2026/06/05 15:16:28 Finish fuzzing after 1 runs
2026/06/05 15:16:28 Processing file: /home/advocate/Advocate/Experiments/Advocate/helper/aplas/output/oocLength/6/blocking/kubernetes/30872/kubernetes30872_test.go
2026/06/05 15:16:28 Fuzzing Run:  1
2026/06/05 15:16:28 Create  /home/advocate/Advocate/Experiments/Advocate/helper/aplas/output/oocLength/6/advocateResult/file(46)-test(1)-kubernetes30872_test-TestKubernetes30872_bad_test
2026/06/05 15:16:28 Execute Test
2026/06/05 15:16:29 Text executed
2026/06/05 15:16:29 Run the analyzer for /home/advocate/Advocate/Experiments/Advocate/helper/aplas/output/oocLength/6/blocking/kubernetes/30872/advocateTrace
2026/06/05 15:16:29 Read trace with 46 elements in 4 routines
2026/06/05 15:16:29 Start Analysis
2026/06/05 15:16:29 Finished HB analysis
2026/06/05 15:16:29 Analysis finished
2026/06/05 15:16:29 Start rewrite
2026/06/05 15:16:29 Finished Rewrite
2026/06/05 15:16:29 Number Results:  5
2026/06/05 15:16:29 Successfully rewrites:  0
2026/06/05 15:16:29 No need/not possible to rewrite:  5
2026/06/05 15:16:29 Failed rewrites:  0
2026/06/05 15:16:29 Start guided execution
2026/06/05 15:16:29 Found 0 rewritten traces
2026/06/05 15:16:29 Create bug reports
2026/06/05 15:16:29 [32mFound Possible Cyclic Deadlock.[0m
2026/06/05 15:16:29 [31mline number out of range[0m
2026/06/05 15:16:29 [31mline number out of range[0m
2026/06/05 15:16:29 [31mline number out of range[0m
2026/06/05 15:16:29 [31mline number out of range[0m
2026/06/05 15:16:29 Create statistics
2026/06/05 15:16:29 Finished run for TestKubernetes30872_bad_test
2026/06/05 15:16:29 Parse recorded trace for fuzzing information
2026/06/05 15:16:29 Create mutations
2026/06/05 15:16:29 Create GoPie mutations
2026/06/05 15:16:29 Mutate 24 scheduling chains
2026/06/05 15:16:29 Write 0 mutations to file
2026/06/05 15:16:29 Create statistics
2026/06/05 15:16:29 Current fuzzing queue size: 0
2026/06/05 15:16:29 Remaining fuzzing time: 9:58 min
2026/06/05 15:16:29 Finish fuzzing after 1 runs
2026/06/05 15:16:29 Processing file: /home/advocate/Advocate/Experiments/Advocate/helper/aplas/output/oocLength/6/blocking/kubernetes/38669/kubernetes38669_test.go
2026/06/05 15:16:29 Fuzzing Run:  1
2026/06/05 15:16:29 Create  /home/advocate/Advocate/Experiments/Advocate/helper/aplas/output/oocLength/6/advocateResult/file(47)-test(1)-kubernetes38669_test-TestKubernetes38669
2026/06/05 15:16:29 Execute Test
2026/06/05 15:16:30 Text executed
2026/06/05 15:16:30 Run the analyzer for /home/advocate/Advocate/Experiments/Advocate/helper/aplas/output/oocLength/6/blocking/kubernetes/38669/advocateTrace
2026/06/05 15:16:30 Read trace with 8 elements in 2 routines
2026/06/05 15:16:30 Start Analysis
2026/06/05 15:16:30 Finished HB analysis
2026/06/05 15:16:30 Analysis finished
2026/06/05 15:16:30 Start rewrite
2026/06/05 15:16:30 Finished Rewrite
2026/06/05 15:16:30 Number Results:  4
2026/06/05 15:16:30 Successfully rewrites:  0
2026/06/05 15:16:30 No need/not possible to rewrite:  4
2026/06/05 15:16:30 Failed rewrites:  0
2026/06/05 15:16:30 Start guided execution
2026/06/05 15:16:30 Found 0 rewritten traces
2026/06/05 15:16:30 Create bug reports
2026/06/05 15:16:30 [31mline number out of range[0m
2026/06/05 15:16:30 [31mline number out of range[0m
2026/06/05 15:16:30 [31mline number out of range[0m
2026/06/05 15:16:30 [31mline number out of range[0m
2026/06/05 15:16:30 [32mFound Actual Non-Cyclic Blocking Bug.[0m
2026/06/05 15:16:30 Create statistics
2026/06/05 15:16:30 Finished run for TestKubernetes38669
2026/06/05 15:16:30 Parse recorded trace for fuzzing information
2026/06/05 15:16:30 Create mutations
2026/06/05 15:16:30 Create GoPie mutations
2026/06/05 15:16:30 Mutate 0 scheduling chains
2026/06/05 15:16:30 Write 0 mutations to file
2026/06/05 15:16:30 Create statistics
2026/06/05 15:16:30 Current fuzzing queue size: 0
2026/06/05 15:16:30 Remaining fuzzing time: 9:58 min
2026/06/05 15:16:30 Finish fuzzing after 1 runs
2026/06/05 15:16:30 Processing file: /home/advocate/Advocate/Experiments/Advocate/helper/aplas/output/oocLength/6/blocking/kubernetes/5316/kubernetes5316_test.go
2026/06/05 15:16:30 Fuzzing Run:  1
2026/06/05 15:16:30 Create  /home/advocate/Advocate/Experiments/Advocate/helper/aplas/output/oocLength/6/advocateResult/file(48)-test(1)-kubernetes5316_test-TestKubernetes5316
2026/06/05 15:16:30 Execute Test
2026/06/05 15:16:31 Text executed
2026/06/05 15:16:31 Run the analyzer for /home/advocate/Advocate/Experiments/Advocate/helper/aplas/output/oocLength/6/blocking/kubernetes/5316/advocateTrace
2026/06/05 15:16:31 Read trace with 8 elements in 3 routines
2026/06/05 15:16:31 Start Analysis
2026/06/05 15:16:31 Finished HB analysis
2026/06/05 15:16:31 Analysis finished
2026/06/05 15:16:31 Start rewrite
2026/06/05 15:16:31 Finished Rewrite
2026/06/05 15:16:31 Number Results:  4
2026/06/05 15:16:31 Successfully rewrites:  0
2026/06/05 15:16:31 No need/not possible to rewrite:  4
2026/06/05 15:16:31 Failed rewrites:  0
2026/06/05 15:16:31 Start guided execution
2026/06/05 15:16:31 Found 0 rewritten traces
2026/06/05 15:16:31 Create bug reports
2026/06/05 15:16:31 [31mline number out of range[0m
2026/06/05 15:16:31 [31mline number out of range[0m
2026/06/05 15:16:31 [31mline number out of range[0m
2026/06/05 15:16:31 [31mline number out of range[0m
2026/06/05 15:16:31 [32mFound Actual Non-Cyclic Blocking Bug.[0m
2026/06/05 15:16:31 Create statistics
2026/06/05 15:16:31 Finished run for TestKubernetes5316
2026/06/05 15:16:31 Parse recorded trace for fuzzing information
2026/06/05 15:16:31 Create mutations
2026/06/05 15:16:31 Create GoPie mutations
2026/06/05 15:16:31 Mutate 0 scheduling chains
2026/06/05 15:16:31 Write 0 mutations to file
2026/06/05 15:16:31 Create statistics
2026/06/05 15:16:31 Current fuzzing queue size: 0
2026/06/05 15:16:31 Remaining fuzzing time: 9:58 min
2026/06/05 15:16:31 Finish fuzzing after 1 runs
2026/06/05 15:16:31 Processing file: /home/advocate/Advocate/Experiments/Advocate/helper/aplas/output/oocLength/6/blocking/kubernetes/58107/kubernetes58107_test.go
2026/06/05 15:16:31 Fuzzing Run:  1
2026/06/05 15:16:31 Create  /home/advocate/Advocate/Experiments/Advocate/helper/aplas/output/oocLength/6/advocateResult/file(49)-test(1)-kubernetes58107_test-TestKubernetes58107
2026/06/05 15:16:31 Execute Test
2026/06/05 15:16:43 Text executed
2026/06/05 15:16:43 Run the analyzer for /home/advocate/Advocate/Experiments/Advocate/helper/aplas/output/oocLength/6/blocking/kubernetes/58107/advocateTrace
2026/06/05 15:16:43 Read trace with 400022 elements in 30 routines
2026/06/05 15:16:43 Start Analysis
2026/06/05 15:16:44 Finished HB analysis
2026/06/05 16:16:49 [31mNot enough RAM[0m
2026/06/05 16:16:49 goroutine 20 [running]:
advocate/utils/control.printAllGoroutines()
	/home/advocate/Advocate/Experiments/Advocate/advocate/utils/control/utils.go:20 +0x3d
advocate/utils/control.cancelRAM(0x77cd50, 0x77cd48, 0x77cd58)
	/home/advocate/Advocate/Experiments/Advocate/advocate/utils/control/memory.go:109 +0x6e
advocate/utils/control.Supervisor(0x77cd50, 0x77cd48, 0x77cd58)
	/home/advocate/Advocate/Experiments/Advocate/advocate/utils/control/memory.go:79 +0x12f
created by advocate/run.Run in goroutine 1
	/home/advocate/Advocate/Experiments/Advocate/advocate/run/run.go:63 +0x26f

goroutine 1 [runnable]:
advocate/analysis/hb/clock.(*VectorClock).GetValue(...)
	/home/advocate/Advocate/Experiments/Advocate/advocate/analysis/hb/clock/vc.go:97
advocate/analysis/hb/clock.happensBefore(0x22e1b4e95110, 0x22e1aef6e5f0)
	/home/advocate/Advocate/Experiments/Advocate/advocate/analysis/hb/clock/hb.go:27 +0x96
advocate/analysis/hb/clock.GetHappensBefore(0x22e1b4e95110, 0x22e1aef6e5f0)
	/home/advocate/Advocate/Experiments/Advocate/advocate/analysis/hb/clock/hb.go:74 +0x34
advocate/analysis/analysis/scenarios.buildResidualGraph({0x22e1bfb80000, 0x186a2, 0x22e1a601ab68?}, {0x22e1bfd4c000, 0x186a2, 0x1?})
	/home/advocate/Advocate/Experiments/Advocate/advocate/analysis/analysis/scenarios/graph.go:60 +0x49f
advocate/analysis/analysis/scenarios.CheckForUnlockBeforeLock()
	/home/advocate/Advocate/Experiments/Advocate/advocate/analysis/analysis/scenarios/unlockBeforeLock.go:75 +0x2b5
advocate/analysis/analysis.RunHBAnalysis(0x1)
	/home/advocate/Advocate/Experiments/Advocate/advocate/analysis/analysis/analysis.go:262 +0xc9b
advocate/analysis/analysis.RunAnalysis(0x1)
	/home/advocate/Advocate/Experiments/Advocate/advocate/analysis/analysis/analysis.go:63 +0x105
advocate/toolchain.runAnalyzer({0x22e1a6138180, 0x74}, {0x22e1a6138300?, 0x66?}, {0x22e1a6138280, 0x7a}, {0x22e1a6138400, 0x75}, 0x0, {0x22e1a61bec00, ...}, ...)
	/home/advocate/Advocate/Experiments/Advocate/advocate/toolchain/analyzer.go:78 +0x43b
advocate/toolchain.unitTestAnalyzer({0x22e1a637a0e0, 0x66}, {0x760f26?, 0x22e1a600a048?}, 0x0, {0x22e1a61bec00, 0x7e}, {0x22e1a80b1182, 0x13})
	/home/advocate/Advocate/Experiments/Advocate/advocate/toolchain/fullWorkflowUnit.go:619 +0x25c
advocate/toolchain.unitTestFullWorkflow({0x22e1a6088000?, 0x2c}, {0x7ffff78d010d, 0x4c}, 0x1, 0x1, 0x1, {0x22e1a80b1182, 0x13}, {0x22e1a8084d40, ...}, ...)
	/home/advocate/Advocate/Experiments/Advocate/advocate/toolchain/fullWorkflowUnit.go:479 +0x625
advocate/toolchain.runWorkflowUnit({0x7ffff78d010d, 0x4c}, 0x1, 0x1, 0x1, {0x22e1a6138a80, 0x7e}, 0x0, {0x0, 0x0}, ...)
	/home/advocate/Advocate/Experiments/Advocate/advocate/toolchain/fullWorkflowUnit.go:171 +0x1190
advocate/toolchain.Run({0x75dd74, 0x4}, {0x22e1a6138a80, 0x7e}, 0x1, 0x1, 0x1, 0x0, {0x0, 0x0}, ...)
	/home/advocate/Advocate/Experiments/Advocate/advocate/toolchain/toolchain.go:72 +0x389
advocate/fuzzing.runFuzzing({0x22e1a6138a80, 0x7e}, 0x0, 0x31, 0x1)
	/home/advocate/Advocate/Experiments/Advocate/advocate/fuzzing/fuzzing.go:217 +0x57b
advocate/fuzzing.Fuzzing()
	/home/advocate/Advocate/Experiments/Advocate/advocate/fuzzing/fuzzing.go:135 +0xea5
advocate/run.modeFuzzing()
	/home/advocate/Advocate/Experiments/Advocate/advocate/run/modes.go:34 +0x5e
advocate/run.Run()
	/home/advocate/Advocate/Experiments/Advocate/advocate/run/run.go:100 +0x5b5
main.main()
	/home/advocate/Advocate/Experiments/Advocate/advocate/main.go:28 +0x1c
2026/06/05 16:16:59 [33mRAM Reset[0m
2026/06/05 16:18:30 [31mNot enough RAM[0m
2026/06/05 16:18:30 goroutine 20 [running]:
advocate/utils/control.printAllGoroutines()
	/home/advocate/Advocate/Experiments/Advocate/advocate/utils/control/utils.go:20 +0x3d
advocate/utils/control.cancelRAM(0x77cd50, 0x77cd48, 0x77cd58)
	/home/advocate/Advocate/Experiments/Advocate/advocate/utils/control/memory.go:109 +0x6e
advocate/utils/control.Supervisor(0x77cd50, 0x77cd48, 0x77cd58)
	/home/advocate/Advocate/Experiments/Advocate/advocate/utils/control/memory.go:79 +0x12f
created by advocate/run.Run in goroutine 1
	/home/advocate/Advocate/Experiments/Advocate/advocate/run/run.go:63 +0x26f

goroutine 1 [runnable]:
advocate/analysis/hb/clock.(*VectorClock).GetValue(...)
	/home/advocate/Advocate/Experiments/Advocate/advocate/analysis/hb/clock/vc.go:97
advocate/analysis/hb/clock.happensBefore(0x22e1b2873aa0, 0x22e1b525dbd0)
	/home/advocate/Advocate/Experiments/Advocate/advocate/analysis/hb/clock/hb.go:29 +0xe6
advocate/analysis/hb/clock.GetHappensBefore(0x22e1b525dbd0, 0x22e1b2873aa0)
	/home/advocate/Advocate/Experiments/Advocate/advocate/analysis/hb/clock/hb.go:77 +0x47
advocate/analysis/analysis/scenarios.buildResidualGraph({0x22e1bfb80000, 0x186a2, 0x22e1a601ab68?}, {0x22e1bfd4c000, 0x186a2, 0x1?})
	/home/advocate/Advocate/Experiments/Advocate/advocate/analysis/analysis/scenarios/graph.go:60 +0x49f
advocate/analysis/analysis/scenarios.CheckForUnlockBeforeLock()
	/home/advocate/Advocate/Experiments/Advocate/advocate/analysis/analysis/scenarios/unlockBeforeLock.go:75 +0x2b5
advocate/analysis/analysis.RunHBAnalysis(0x1)
	/home/advocate/Advocate/Experiments/Advocate/advocate/analysis/analysis/analysis.go:262 +0xc9b
advocate/analysis/analysis.RunAnalysis(0x1)
	/home/advocate/Advocate/Experiments/Advocate/advocate/analysis/analysis/analysis.go:63 +0x105
advocate/toolchain.runAnalyzer({0x22e1a6138180, 0x74}, {0x22e1a6138300?, 0x66?}, {0x22e1a6138280, 0x7a}, {0x22e1a6138400, 0x75}, 0x0, {0x22e1a61bec00, ...}, ...)
	/home/advocate/Advocate/Experiments/Advocate/advocate/toolchain/analyzer.go:78 +0x43b
advocate/toolchain.unitTestAnalyzer({0x22e1a637a0e0, 0x66}, {0x760f26?, 0x22e1a600a048?}, 0x0, {0x22e1a61bec00, 0x7e}, {0x22e1a80b1182, 0x13})
	/home/advocate/Advocate/Experiments/Advocate/advocate/toolchain/fullWorkflowUnit.go:619 +0x25c
advocate/toolchain.unitTestFullWorkflow({0x22e1a6088000?, 0x2c}, {0x7ffff78d010d, 0x4c}, 0x1, 0x1, 0x1, {0x22e1a80b1182, 0x13}, {0x22e1a8084d40, ...}, ...)
	/home/advocate/Advocate/Experiments/Advocate/advocate/toolchain/fullWorkflowUnit.go:479 +0x625
advocate/toolchain.runWorkflowUnit({0x7ffff78d010d, 0x4c}, 0x1, 0x1, 0x1, {0x22e1a6138a80, 0x7e}, 0x0, {0x0, 0x0}, ...)
	/home/advocate/Advocate/Experiments/Advocate/advocate/toolchain/fullWorkflowUnit.go:171 +0x1190
advocate/toolchain.Run({0x75dd74, 0x4}, {0x22e1a6138a80, 0x7e}, 0x1, 0x1, 0x1, 0x0, {0x0, 0x0}, ...)
	/home/advocate/Advocate/Experiments/Advocate/advocate/toolchain/toolchain.go:72 +0x389
advocate/fuzzing.runFuzzing({0x22e1a6138a80, 0x7e}, 0x0, 0x31, 0x1)
	/home/advocate/Advocate/Experiments/Advocate/advocate/fuzzing/fuzzing.go:217 +0x57b
advocate/fuzzing.Fuzzing()
	/home/advocate/Advocate/Experiments/Advocate/advocate/fuzzing/fuzzing.go:135 +0xea5
advocate/run.modeFuzzing()
	/home/advocate/Advocate/Experiments/Advocate/advocate/run/modes.go:34 +0x5e
advocate/run.Run()
	/home/advocate/Advocate/Experiments/Advocate/advocate/run/run.go:100 +0x5b5
main.main()
	/home/advocate/Advocate/Experiments/Advocate/advocate/main.go:28 +0x1c
2026/06/05 16:18:40 [33mRAM Reset[0m
2026/06/05 16:19:53 [31mNot enough RAM[0m
2026/06/05 16:19:53 goroutine 20 [running]:
advocate/utils/control.printAllGoroutines()
	/home/advocate/Advocate/Experiments/Advocate/advocate/utils/control/utils.go:20 +0x3d
advocate/utils/control.cancelRAM(0x77cd50, 0x77cd48, 0x77cd58)
	/home/advocate/Advocate/Experiments/Advocate/advocate/utils/control/memory.go:109 +0x6e
advocate/utils/control.Supervisor(0x77cd50, 0x77cd48, 0x77cd58)
	/home/advocate/Advocate/Experiments/Advocate/advocate/utils/control/memory.go:79 +0x12f
created by advocate/run.Run in goroutine 1
	/home/advocate/Advocate/Experiments/Advocate/advocate/run/run.go:63 +0x26f

goroutine 1 [runnable]:
advocate/analysis/hb/clock.(*VectorClock).GetValue(...)
	/home/advocate/Advocate/Experiments/Advocate/advocate/analysis/hb/clock/vc.go:97
advocate/analysis/hb/clock.happensBefore(0x22e1b3db1b50, 0x22e1b39dbc90)
	/home/advocate/Advocate/Experiments/Advocate/advocate/analysis/hb/clock/hb.go:27 +0x96
advocate/analysis/hb/clock.GetHappensBefore(0x22e1b3db1b50, 0x22e1b39dbc90)
	/home/advocate/Advocate/Experiments/Advocate/advocate/analysis/hb/clock/hb.go:74 +0x34
advocate/analysis/analysis/scenarios.buildResidualGraph({0x22e1bfb80000, 0x186a2, 0x22e1a601ab68?}, {0x22e1bfd4c000, 0x186a2, 0x1?})
	/home/advocate/Advocate/Experiments/Advocate/advocate/analysis/analysis/scenarios/graph.go:60 +0x49f
advocate/analysis/analysis/scenarios.CheckForUnlockBeforeLock()
	/home/advocate/Advocate/Experiments/Advocate/advocate/analysis/analysis/scenarios/unlockBeforeLock.go:75 +0x2b5
advocate/analysis/analysis.RunHBAnalysis(0x1)
	/home/advocate/Advocate/Experiments/Advocate/advocate/analysis/analysis/analysis.go:262 +0xc9b
advocate/analysis/analysis.RunAnalysis(0x1)
	/home/advocate/Advocate/Experiments/Advocate/advocate/analysis/analysis/analysis.go:63 +0x105
advocate/toolchain.runAnalyzer({0x22e1a6138180, 0x74}, {0x22e1a6138300?, 0x66?}, {0x22e1a6138280, 0x7a}, {0x22e1a6138400, 0x75}, 0x0, {0x22e1a61bec00, ...}, ...)
	/home/advocate/Advocate/Experiments/Advocate/advocate/toolchain/analyzer.go:78 +0x43b
advocate/toolchain.unitTestAnalyzer({0x22e1a637a0e0, 0x66}, {0x760f26?, 0x22e1a600a048?}, 0x0, {0x22e1a61bec00, 0x7e}, {0x22e1a80b1182, 0x13})
	/home/advocate/Advocate/Experiments/Advocate/advocate/toolchain/fullWorkflowUnit.go:619 +0x25c
advocate/toolchain.unitTestFullWorkflow({0x22e1a6088000?, 0x2c}, {0x7ffff78d010d, 0x4c}, 0x1, 0x1, 0x1, {0x22e1a80b1182, 0x13}, {0x22e1a8084d40, ...}, ...)
	/home/advocate/Advocate/Experiments/Advocate/advocate/toolchain/fullWorkflowUnit.go:479 +0x625
advocate/toolchain.runWorkflowUnit({0x7ffff78d010d, 0x4c}, 0x1, 0x1, 0x1, {0x22e1a6138a80, 0x7e}, 0x0, {0x0, 0x0}, ...)
	/home/advocate/Advocate/Experiments/Advocate/advocate/toolchain/fullWorkflowUnit.go:171 +0x1190
advocate/toolchain.Run({0x75dd74, 0x4}, {0x22e1a6138a80, 0x7e}, 0x1, 0x1, 0x1, 0x0, {0x0, 0x0}, ...)
	/home/advocate/Advocate/Experiments/Advocate/advocate/toolchain/toolchain.go:72 +0x389
advocate/fuzzing.runFuzzing({0x22e1a6138a80, 0x7e}, 0x0, 0x31, 0x1)
	/home/advocate/Advocate/Experiments/Advocate/advocate/fuzzing/fuzzing.go:217 +0x57b
advocate/fuzzing.Fuzzing()
	/home/advocate/Advocate/Experiments/Advocate/advocate/fuzzing/fuzzing.go:135 +0xea5
advocate/run.modeFuzzing()
	/home/advocate/Advocate/Experiments/Advocate/advocate/run/modes.go:34 +0x5e
advocate/run.Run()
	/home/advocate/Advocate/Experiments/Advocate/advocate/run/run.go:100 +0x5b5
main.main()
	/home/advocate/Advocate/Experiments/Advocate/advocate/main.go:28 +0x1c
2026/06/05 16:20:03 [33mRAM Reset[0m
2026/06/05 16:20:59 [31mNot enough RAM[0m
2026/06/05 16:20:59 goroutine 20 [running]:
advocate/utils/control.printAllGoroutines()
	/home/advocate/Advocate/Experiments/Advocate/advocate/utils/control/utils.go:20 +0x3d
advocate/utils/control.cancelRAM(0x77cd50, 0x77cd48, 0x77cd58)
	/home/advocate/Advocate/Experiments/Advocate/advocate/utils/control/memory.go:109 +0x6e
advocate/utils/control.Supervisor(0x77cd50, 0x77cd48, 0x77cd58)
	/home/advocate/Advocate/Experiments/Advocate/advocate/utils/control/memory.go:79 +0x12f
created by advocate/run.Run in goroutine 1
	/home/advocate/Advocate/Experiments/Advocate/advocate/run/run.go:63 +0x26f

goroutine 1 [runnable]:
advocate/analysis/hb/clock.(*VectorClock).GetValue(...)
	/home/advocate/Advocate/Experiments/Advocate/advocate/analysis/hb/clock/vc.go:97
advocate/analysis/hb/clock.happensBefore(0x22e1aee5eeb0, 0x22e1b471a7d0)
	/home/advocate/Advocate/Experiments/Advocate/advocate/analysis/hb/clock/hb.go:27 +0x96
advocate/analysis/hb/clock.GetHappensBefore(0x22e1aee5eeb0, 0x22e1b471a7d0)
	/home/advocate/Advocate/Experiments/Advocate/advocate/analysis/hb/clock/hb.go:74 +0x34
advocate/analysis/analysis/scenarios.buildResidualGraph({0x22e1bfb80000, 0x186a2, 0x22e1a601ab68?}, {0x22e1bfd4c000, 0x186a2, 0x1?})
	/home/advocate/Advocate/Experiments/Advocate/advocate/analysis/analysis/scenarios/graph.go:60 +0x49f
advocate/analysis/analysis/scenarios.CheckForUnlockBeforeLock()
	/home/advocate/Advocate/Experiments/Advocate/advocate/analysis/analysis/scenarios/unlockBeforeLock.go:75 +0x2b5
advocate/analysis/analysis.RunHBAnalysis(0x1)
	/home/advocate/Advocate/Experiments/Advocate/advocate/analysis/analysis/analysis.go:262 +0xc9b
advocate/analysis/analysis.RunAnalysis(0x1)
	/home/advocate/Advocate/Experiments/Advocate/advocate/analysis/analysis/analysis.go:63 +0x105
advocate/toolchain.runAnalyzer({0x22e1a6138180, 0x74}, {0x22e1a6138300?, 0x66?}, {0x22e1a6138280, 0x7a}, {0x22e1a6138400, 0x75}, 0x0, {0x22e1a61bec00, ...}, ...)
	/home/advocate/Advocate/Experiments/Advocate/advocate/toolchain/analyzer.go:78 +0x43b
advocate/toolchain.unitTestAnalyzer({0x22e1a637a0e0, 0x66}, {0x760f26?, 0x22e1a600a048?}, 0x0, {0x22e1a61bec00, 0x7e}, {0x22e1a80b1182, 0x13})
	/home/advocate/Advocate/Experiments/Advocate/advocate/toolchain/fullWorkflowUnit.go:619 +0x25c
advocate/toolchain.unitTestFullWorkflow({0x22e1a6088000?, 0x2c}, {0x7ffff78d010d, 0x4c}, 0x1, 0x1, 0x1, {0x22e1a80b1182, 0x13}, {0x22e1a8084d40, ...}, ...)
	/home/advocate/Advocate/Experiments/Advocate/advocate/toolchain/fullWorkflowUnit.go:479 +0x625
advocate/toolchain.runWorkflowUnit({0x7ffff78d010d, 0x4c}, 0x1, 0x1, 0x1, {0x22e1a6138a80, 0x7e}, 0x0, {0x0, 0x0}, ...)
	/home/advocate/Advocate/Experiments/Advocate/advocate/toolchain/fullWorkflowUnit.go:171 +0x1190
advocate/toolchain.Run({0x75dd74, 0x4}, {0x22e1a6138a80, 0x7e}, 0x1, 0x1, 0x1, 0x0, {0x0, 0x0}, ...)
	/home/advocate/Advocate/Experiments/Advocate/advocate/toolchain/toolchain.go:72 +0x389
advocate/fuzzing.runFuzzing({0x22e1a6138a80, 0x7e}, 0x0, 0x31, 0x1)
	/home/advocate/Advocate/Experiments/Advocate/advocate/fuzzing/fuzzing.go:217 +0x57b
advocate/fuzzing.Fuzzing()
	/home/advocate/Advocate/Experiments/Advocate/advocate/fuzzing/fuzzing.go:135 +0xea5
advocate/run.modeFuzzing()
	/home/advocate/Advocate/Experiments/Advocate/advocate/run/modes.go:34 +0x5e
advocate/run.Run()
	/home/advocate/Advocate/Experiments/Advocate/advocate/run/run.go:100 +0x5b5
main.main()
	/home/advocate/Advocate/Experiments/Advocate/advocate/main.go:28 +0x1c
2026/06/05 16:21:09 [33mRAM Reset[0m
2026/06/05 16:21:51 [31mNot enough RAM[0m
2026/06/05 16:21:51 goroutine 20 [running]:
advocate/utils/control.printAllGoroutines()
	/home/advocate/Advocate/Experiments/Advocate/advocate/utils/control/utils.go:20 +0x3d
advocate/utils/control.cancelRAM(0x77cd50, 0x77cd48, 0x77cd58)
	/home/advocate/Advocate/Experiments/Advocate/advocate/utils/control/memory.go:109 +0x6e
advocate/utils/control.Supervisor(0x77cd50, 0x77cd48, 0x77cd58)
	/home/advocate/Advocate/Experiments/Advocate/advocate/utils/control/memory.go:79 +0x12f
created by advocate/run.Run in goroutine 1
	/home/advocate/Advocate/Experiments/Advocate/advocate/run/run.go:63 +0x26f

goroutine 1 [runnable]:
advocate/analysis/hb/clock.(*VectorClock).GetValue(...)
	/home/advocate/Advocate/Experiments/Advocate/advocate/analysis/hb/clock/vc.go:97
advocate/analysis/hb/clock.happensBefore(0x22e1b1f9a750, 0x22e1b53a1cf0)
	/home/advocate/Advocate/Experiments/Advocate/advocate/analysis/hb/clock/hb.go:29 +0xe6
advocate/analysis/hb/clock.GetHappensBefore(0x22e1b1f9a750, 0x22e1b53a1cf0)
	/home/advocate/Advocate/Experiments/Advocate/advocate/analysis/hb/clock/hb.go:74 +0x34
advocate/analysis/analysis/scenarios.buildResidualGraph({0x22e1bfb80000, 0x186a2, 0x22e1a601ab68?}, {0x22e1bfd4c000, 0x186a2, 0x1?})
	/home/advocate/Advocate/Experiments/Advocate/advocate/analysis/analysis/scenarios/graph.go:60 +0x49f
advocate/analysis/analysis/scenarios.CheckForUnlockBeforeLock()
	/home/advocate/Advocate/Experiments/Advocate/advocate/analysis/analysis/scenarios/unlockBeforeLock.go:75 +0x2b5
advocate/analysis/analysis.RunHBAnalysis(0x1)
	/home/advocate/Advocate/Experiments/Advocate/advocate/analysis/analysis/analysis.go:262 +0xc9b
advocate/analysis/analysis.RunAnalysis(0x1)
	/home/advocate/Advocate/Experiments/Advocate/advocate/analysis/analysis/analysis.go:63 +0x105
advocate/toolchain.runAnalyzer({0x22e1a6138180, 0x74}, {0x22e1a6138300?, 0x66?}, {0x22e1a6138280, 0x7a}, {0x22e1a6138400, 0x75}, 0x0, {0x22e1a61bec00, ...}, ...)
	/home/advocate/Advocate/Experiments/Advocate/advocate/toolchain/analyzer.go:78 +0x43b
advocate/toolchain.unitTestAnalyzer({0x22e1a637a0e0, 0x66}, {0x760f26?, 0x22e1a600a048?}, 0x0, {0x22e1a61bec00, 0x7e}, {0x22e1a80b1182, 0x13})
	/home/advocate/Advocate/Experiments/Advocate/advocate/toolchain/fullWorkflowUnit.go:619 +0x25c
advocate/toolchain.unitTestFullWorkflow({0x22e1a6088000?, 0x2c}, {0x7ffff78d010d, 0x4c}, 0x1, 0x1, 0x1, {0x22e1a80b1182, 0x13}, {0x22e1a8084d40, ...}, ...)
	/home/advocate/Advocate/Experiments/Advocate/advocate/toolchain/fullWorkflowUnit.go:479 +0x625
advocate/toolchain.runWorkflowUnit({0x7ffff78d010d, 0x4c}, 0x1, 0x1, 0x1, {0x22e1a6138a80, 0x7e}, 0x0, {0x0, 0x0}, ...)
	/home/advocate/Advocate/Experiments/Advocate/advocate/toolchain/fullWorkflowUnit.go:171 +0x1190
advocate/toolchain.Run({0x75dd74, 0x4}, {0x22e1a6138a80, 0x7e}, 0x1, 0x1, 0x1, 0x0, {0x0, 0x0}, ...)
	/home/advocate/Advocate/Experiments/Advocate/advocate/toolchain/toolchain.go:72 +0x389
advocate/fuzzing.runFuzzing({0x22e1a6138a80, 0x7e}, 0x0, 0x31, 0x1)
	/home/advocate/Advocate/Experiments/Advocate/advocate/fuzzing/fuzzing.go:217 +0x57b
advocate/fuzzing.Fuzzing()
	/home/advocate/Advocate/Experiments/Advocate/advocate/fuzzing/fuzzing.go:135 +0xea5
advocate/run.modeFuzzing()
	/home/advocate/Advocate/Experiments/Advocate/advocate/run/modes.go:34 +0x5e
advocate/run.Run()
	/home/advocate/Advocate/Experiments/Advocate/advocate/run/run.go:100 +0x5b5
main.main()
	/home/advocate/Advocate/Experiments/Advocate/advocate/main.go:28 +0x1c
2026/06/05 16:22:01 [33mRAM Reset[0m
2026/06/05 16:22:32 [31mNot enough RAM[0m
2026/06/05 16:22:32 goroutine 20 [running]:
advocate/utils/control.printAllGoroutines()
	/home/advocate/Advocate/Experiments/Advocate/advocate/utils/control/utils.go:20 +0x3d
advocate/utils/control.cancelRAM(0x77cd50, 0x77cd48, 0x77cd58)
	/home/advocate/Advocate/Experiments/Advocate/advocate/utils/control/memory.go:109 +0x6e
advocate/utils/control.Supervisor(0x77cd50, 0x77cd48, 0x77cd58)
	/home/advocate/Advocate/Experiments/Advocate/advocate/utils/control/memory.go:79 +0x12f
created by advocate/run.Run in goroutine 1
	/home/advocate/Advocate/Experiments/Advocate/advocate/run/run.go:63 +0x26f

goroutine 1 [runnable]:
advocate/analysis/hb/clock.(*VectorClock).GetValue(...)
	/home/advocate/Advocate/Experiments/Advocate/advocate/analysis/hb/clock/vc.go:97
advocate/analysis/hb/clock.happensBefore(0x22e1b2fc8aa0, 0x22e1b5b7c1a0)
	/home/advocate/Advocate/Experiments/Advocate/advocate/analysis/hb/clock/hb.go:29 +0x130
advocate/analysis/hb/clock.GetHappensBefore(0x22e1b2fc8aa0, 0x22e1b5b7c1a0)
	/home/advocate/Advocate/Experiments/Advocate/advocate/analysis/hb/clock/hb.go:74 +0x34
advocate/analysis/analysis/scenarios.buildResidualGraph({0x22e1bfb80000, 0x186a2, 0x22e1a601ab68?}, {0x22e1bfd4c000, 0x186a2, 0x1?})
	/home/advocate/Advocate/Experiments/Advocate/advocate/analysis/analysis/scenarios/graph.go:60 +0x49f
advocate/analysis/analysis/scenarios.CheckForUnlockBeforeLock()
	/home/advocate/Advocate/Experiments/Advocate/advocate/analysis/analysis/scenarios/unlockBeforeLock.go:75 +0x2b5
advocate/analysis/analysis.RunHBAnalysis(0x1)
	/home/advocate/Advocate/Experiments/Advocate/advocate/analysis/analysis/analysis.go:262 +0xc9b
advocate/analysis/analysis.RunAnalysis(0x1)
	/home/advocate/Advocate/Experiments/Advocate/advocate/analysis/analysis/analysis.go:63 +0x105
advocate/toolchain.runAnalyzer({0x22e1a6138180, 0x74}, {0x22e1a6138300?, 0x66?}, {0x22e1a6138280, 0x7a}, {0x22e1a6138400, 0x75}, 0x0, {0x22e1a61bec00, ...}, ...)
	/home/advocate/Advocate/Experiments/Advocate/advocate/toolchain/analyzer.go:78 +0x43b
advocate/toolchain.unitTestAnalyzer({0x22e1a637a0e0, 0x66}, {0x760f26?, 0x22e1a600a048?}, 0x0, {0x22e1a61bec00, 0x7e}, {0x22e1a80b1182, 0x13})
	/home/advocate/Advocate/Experiments/Advocate/advocate/toolchain/fullWorkflowUnit.go:619 +0x25c
advocate/toolchain.unitTestFullWorkflow({0x22e1a6088000?, 0x2c}, {0x7ffff78d010d, 0x4c}, 0x1, 0x1, 0x1, {0x22e1a80b1182, 0x13}, {0x22e1a8084d40, ...}, ...)
	/home/advocate/Advocate/Experiments/Advocate/advocate/toolchain/fullWorkflowUnit.go:479 +0x625
advocate/toolchain.runWorkflowUnit({0x7ffff78d010d, 0x4c}, 0x1, 0x1, 0x1, {0x22e1a6138a80, 0x7e}, 0x0, {0x0, 0x0}, ...)
	/home/advocate/Advocate/Experiments/Advocate/advocate/toolchain/fullWorkflowUnit.go:171 +0x1190
advocate/toolchain.Run({0x75dd74, 0x4}, {0x22e1a6138a80, 0x7e}, 0x1, 0x1, 0x1, 0x0, {0x0, 0x0}, ...)
	/home/advocate/Advocate/Experiments/Advocate/advocate/toolchain/toolchain.go:72 +0x389
advocate/fuzzing.runFuzzing({0x22e1a6138a80, 0x7e}, 0x0, 0x31, 0x1)
	/home/advocate/Advocate/Experiments/Advocate/advocate/fuzzing/fuzzing.go:217 +0x57b
advocate/fuzzing.Fuzzing()
	/home/advocate/Advocate/Experiments/Advocate/advocate/fuzzing/fuzzing.go:135 +0xea5
advocate/run.modeFuzzing()
	/home/advocate/Advocate/Experiments/Advocate/advocate/run/modes.go:34 +0x5e
advocate/run.Run()
	/home/advocate/Advocate/Experiments/Advocate/advocate/run/run.go:100 +0x5b5
main.main()
	/home/advocate/Advocate/Experiments/Advocate/advocate/main.go:28 +0x1c
2026/06/05 16:22:43 [33mRAM Reset[0m
2026/06/05 16:23:06 [31mNot enough RAM[0m
2026/06/05 16:23:06 goroutine 20 [running]:
advocate/utils/control.printAllGoroutines()
	/home/advocate/Advocate/Experiments/Advocate/advocate/utils/control/utils.go:20 +0x3d
advocate/utils/control.cancelRAM(0x77cd50, 0x77cd48, 0x77cd58)
	/home/advocate/Advocate/Experiments/Advocate/advocate/utils/control/memory.go:109 +0x6e
advocate/utils/control.Supervisor(0x77cd50, 0x77cd48, 0x77cd58)
	/home/advocate/Advocate/Experiments/Advocate/advocate/utils/control/memory.go:79 +0x12f
created by advocate/run.Run in goroutine 1
	/home/advocate/Advocate/Experiments/Advocate/advocate/run/run.go:63 +0x26f

goroutine 1 [runnable]:
advocate/analysis/hb/clock.(*VectorClock).GetValue(...)
	/home/advocate/Advocate/Experiments/Advocate/advocate/analysis/hb/clock/vc.go:97
advocate/analysis/hb/clock.happensBefore(0x22e1bdd4b7a0, 0x22e1b62b0660)
	/home/advocate/Advocate/Experiments/Advocate/advocate/analysis/hb/clock/hb.go:29 +0x130
advocate/analysis/hb/clock.GetHappensBefore(0x22e1bdd4b7a0, 0x22e1b62b0660)
	/home/advocate/Advocate/Experiments/Advocate/advocate/analysis/hb/clock/hb.go:74 +0x34
advocate/analysis/analysis/scenarios.buildResidualGraph({0x22e1bfb80000, 0x186a2, 0x22e1a601ab68?}, {0x22e1bfd4c000, 0x186a2, 0x1?})
	/home/advocate/Advocate/Experiments/Advocate/advocate/analysis/analysis/scenarios/graph.go:60 +0x49f
advocate/analysis/analysis/scenarios.CheckForUnlockBeforeLock()
	/home/advocate/Advocate/Experiments/Advocate/advocate/analysis/analysis/scenarios/unlockBeforeLock.go:75 +0x2b5
advocate/analysis/analysis.RunHBAnalysis(0x1)
	/home/advocate/Advocate/Experiments/Advocate/advocate/analysis/analysis/analysis.go:262 +0xc9b
advocate/analysis/analysis.RunAnalysis(0x1)
	/home/advocate/Advocate/Experiments/Advocate/advocate/analysis/analysis/analysis.go:63 +0x105
advocate/toolchain.runAnalyzer({0x22e1a6138180, 0x74}, {0x22e1a6138300?, 0x66?}, {0x22e1a6138280, 0x7a}, {0x22e1a6138400, 0x75}, 0x0, {0x22e1a61bec00, ...}, ...)
	/home/advocate/Advocate/Experiments/Advocate/advocate/toolchain/analyzer.go:78 +0x43b
advocate/toolchain.unitTestAnalyzer({0x22e1a637a0e0, 0x66}, {0x760f26?, 0x22e1a600a048?}, 0x0, {0x22e1a61bec00, 0x7e}, {0x22e1a80b1182, 0x13})
	/home/advocate/Advocate/Experiments/Advocate/advocate/toolchain/fullWorkflowUnit.go:619 +0x25c
advocate/toolchain.unitTestFullWorkflow({0x22e1a6088000?, 0x2c}, {0x7ffff78d010d, 0x4c}, 0x1, 0x1, 0x1, {0x22e1a80b1182, 0x13}, {0x22e1a8084d40, ...}, ...)
	/home/advocate/Advocate/Experiments/Advocate/advocate/toolchain/fullWorkflowUnit.go:479 +0x625
advocate/toolchain.runWorkflowUnit({0x7ffff78d010d, 0x4c}, 0x1, 0x1, 0x1, {0x22e1a6138a80, 0x7e}, 0x0, {0x0, 0x0}, ...)
	/home/advocate/Advocate/Experiments/Advocate/advocate/toolchain/fullWorkflowUnit.go:171 +0x1190
advocate/toolchain.Run({0x75dd74, 0x4}, {0x22e1a6138a80, 0x7e}, 0x1, 0x1, 0x1, 0x0, {0x0, 0x0}, ...)
	/home/advocate/Advocate/Experiments/Advocate/advocate/toolchain/toolchain.go:72 +0x389
advocate/fuzzing.runFuzzing({0x22e1a6138a80, 0x7e}, 0x0, 0x31, 0x1)
	/home/advocate/Advocate/Experiments/Advocate/advocate/fuzzing/fuzzing.go:217 +0x57b
advocate/fuzzing.Fuzzing()
	/home/advocate/Advocate/Experiments/Advocate/advocate/fuzzing/fuzzing.go:135 +0xea5
advocate/run.modeFuzzing()
	/home/advocate/Advocate/Experiments/Advocate/advocate/run/modes.go:34 +0x5e
advocate/run.Run()
	/home/advocate/Advocate/Experiments/Advocate/advocate/run/run.go:100 +0x5b5
main.main()
	/home/advocate/Advocate/Experiments/Advocate/advocate/main.go:28 +0x1c
2026/06/05 16:23:17 [33mRAM Reset[0m
2026/06/05 16:23:34 [31mNot enough RAM[0m
2026/06/05 16:23:34 goroutine 20 [running]:
advocate/utils/control.printAllGoroutines()
	/home/advocate/Advocate/Experiments/Advocate/advocate/utils/control/utils.go:20 +0x3d
advocate/utils/control.cancelRAM(0x77cd50, 0x77cd48, 0x77cd58)
	/home/advocate/Advocate/Experiments/Advocate/advocate/utils/control/memory.go:109 +0x6e
advocate/utils/control.Supervisor(0x77cd50, 0x77cd48, 0x77cd58)
	/home/advocate/Advocate/Experiments/Advocate/advocate/utils/control/memory.go:79 +0x12f
created by advocate/run.Run in goroutine 1
	/home/advocate/Advocate/Experiments/Advocate/advocate/run/run.go:63 +0x26f

goroutine 1 [runnable]:
advocate/analysis/hb/clock.(*VectorClock).GetValue(...)
	/home/advocate/Advocate/Experiments/Advocate/advocate/analysis/hb/clock/vc.go:97
advocate/analysis/hb/clock.happensBefore(0x22e1beb4f530, 0x22e1b6804cf0)
	/home/advocate/Advocate/Experiments/Advocate/advocate/analysis/hb/clock/hb.go:27 +0x65
advocate/analysis/hb/clock.GetHappensBefore(0x22e1beb4f530, 0x22e1b6804cf0)
	/home/advocate/Advocate/Experiments/Advocate/advocate/analysis/hb/clock/hb.go:74 +0x34
advocate/analysis/analysis/scenarios.buildResidualGraph({0x22e1bfb80000, 0x186a2, 0x22e1a601ab68?}, {0x22e1bfd4c000, 0x186a2, 0x1?})
	/home/advocate/Advocate/Experiments/Advocate/advocate/analysis/analysis/scenarios/graph.go:60 +0x49f
advocate/analysis/analysis/scenarios.CheckForUnlockBeforeLock()
	/home/advocate/Advocate/Experiments/Advocate/advocate/analysis/analysis/scenarios/unlockBeforeLock.go:75 +0x2b5
advocate/analysis/analysis.RunHBAnalysis(0x1)
	/home/advocate/Advocate/Experiments/Advocate/advocate/analysis/analysis/analysis.go:262 +0xc9b
advocate/analysis/analysis.RunAnalysis(0x1)
	/home/advocate/Advocate/Experiments/Advocate/advocate/analysis/analysis/analysis.go:63 +0x105
advocate/toolchain.runAnalyzer({0x22e1a6138180, 0x74}, {0x22e1a6138300?, 0x66?}, {0x22e1a6138280, 0x7a}, {0x22e1a6138400, 0x75}, 0x0, {0x22e1a61bec00, ...}, ...)
	/home/advocate/Advocate/Experiments/Advocate/advocate/toolchain/analyzer.go:78 +0x43b
advocate/toolchain.unitTestAnalyzer({0x22e1a637a0e0, 0x66}, {0x760f26?, 0x22e1a600a048?}, 0x0, {0x22e1a61bec00, 0x7e}, {0x22e1a80b1182, 0x13})
	/home/advocate/Advocate/Experiments/Advocate/advocate/toolchain/fullWorkflowUnit.go:619 +0x25c
advocate/toolchain.unitTestFullWorkflow({0x22e1a6088000?, 0x2c}, {0x7ffff78d010d, 0x4c}, 0x1, 0x1, 0x1, {0x22e1a80b1182, 0x13}, {0x22e1a8084d40, ...}, ...)
	/home/advocate/Advocate/Experiments/Advocate/advocate/toolchain/fullWorkflowUnit.go:479 +0x625
advocate/toolchain.runWorkflowUnit({0x7ffff78d010d, 0x4c}, 0x1, 0x1, 0x1, {0x22e1a6138a80, 0x7e}, 0x0, {0x0, 0x0}, ...)
	/home/advocate/Advocate/Experiments/Advocate/advocate/toolchain/fullWorkflowUnit.go:171 +0x1190
advocate/toolchain.Run({0x75dd74, 0x4}, {0x22e1a6138a80, 0x7e}, 0x1, 0x1, 0x1, 0x0, {0x0, 0x0}, ...)
	/home/advocate/Advocate/Experiments/Advocate/advocate/toolchain/toolchain.go:72 +0x389
advocate/fuzzing.runFuzzing({0x22e1a6138a80, 0x7e}, 0x0, 0x31, 0x1)
	/home/advocate/Advocate/Experiments/Advocate/advocate/fuzzing/fuzzing.go:217 +0x57b
advocate/fuzzing.Fuzzing()
	/home/advocate/Advocate/Experiments/Advocate/advocate/fuzzing/fuzzing.go:135 +0xea5
advocate/run.modeFuzzing()
	/home/advocate/Advocate/Experiments/Advocate/advocate/run/modes.go:34 +0x5e
advocate/run.Run()
	/home/advocate/Advocate/Experiments/Advocate/advocate/run/run.go:100 +0x5b5
main.main()
	/home/advocate/Advocate/Experiments/Advocate/advocate/main.go:28 +0x1c
2026/06/05 16:23:45 [33mRAM Reset[0m
2026/06/05 16:23:58 [31mNot enough RAM[0m
2026/06/05 16:23:58 goroutine 20 [running]:
advocate/utils/control.printAllGoroutines()
	/home/advocate/Advocate/Experiments/Advocate/advocate/utils/control/utils.go:20 +0x3d
advocate/utils/control.cancelRAM(0x77cd50, 0x77cd48, 0x77cd58)
	/home/advocate/Advocate/Experiments/Advocate/advocate/utils/control/memory.go:109 +0x6e
advocate/utils/control.Supervisor(0x77cd50, 0x77cd48, 0x77cd58)
	/home/advocate/Advocate/Experiments/Advocate/advocate/utils/control/memory.go:79 +0x12f
created by advocate/run.Run in goroutine 1
	/home/advocate/Advocate/Experiments/Advocate/advocate/run/run.go:63 +0x26f

goroutine 1 [runnable]:
advocate/analysis/hb/clock.(*VectorClock).GetValue(...)
	/home/advocate/Advocate/Experiments/Advocate/advocate/analysis/hb/clock/vc.go:97
advocate/analysis/hb/clock.happensBefore(0x22e1bbf3e490, 0x22e1b6c93e40)
	/home/advocate/Advocate/Experiments/Advocate/advocate/analysis/hb/clock/hb.go:27 +0x65
advocate/analysis/hb/clock.GetHappensBefore(0x22e1bbf3e490, 0x22e1b6c93e40)
	/home/advocate/Advocate/Experiments/Advocate/advocate/analysis/hb/clock/hb.go:74 +0x34
advocate/analysis/analysis/scenarios.buildResidualGraph({0x22e1bfb80000, 0x186a2, 0x22e1a601ab68?}, {0x22e1bfd4c000, 0x186a2, 0x1?})
	/home/advocate/Advocate/Experiments/Advocate/advocate/analysis/analysis/scenarios/graph.go:60 +0x49f
advocate/analysis/analysis/scenarios.CheckForUnlockBeforeLock()
	/home/advocate/Advocate/Experiments/Advocate/advocate/analysis/analysis/scenarios/unlockBeforeLock.go:75 +0x2b5
advocate/analysis/analysis.RunHBAnalysis(0x1)
	/home/advocate/Advocate/Experiments/Advocate/advocate/analysis/analysis/analysis.go:262 +0xc9b
advocate/analysis/analysis.RunAnalysis(0x1)
	/home/advocate/Advocate/Experiments/Advocate/advocate/analysis/analysis/analysis.go:63 +0x105
advocate/toolchain.runAnalyzer({0x22e1a6138180, 0x74}, {0x22e1a6138300?, 0x66?}, {0x22e1a6138280, 0x7a}, {0x22e1a6138400, 0x75}, 0x0, {0x22e1a61bec00, ...}, ...)
	/home/advocate/Advocate/Experiments/Advocate/advocate/toolchain/analyzer.go:78 +0x43b
advocate/toolchain.unitTestAnalyzer({0x22e1a637a0e0, 0x66}, {0x760f26?, 0x22e1a600a048?}, 0x0, {0x22e1a61bec00, 0x7e}, {0x22e1a80b1182, 0x13})
	/home/advocate/Advocate/Experiments/Advocate/advocate/toolchain/fullWorkflowUnit.go:619 +0x25c
advocate/toolchain.unitTestFullWorkflow({0x22e1a6088000?, 0x2c}, {0x7ffff78d010d, 0x4c}, 0x1, 0x1, 0x1, {0x22e1a80b1182, 0x13}, {0x22e1a8084d40, ...}, ...)
	/home/advocate/Advocate/Experiments/Advocate/advocate/toolchain/fullWorkflowUnit.go:479 +0x625
advocate/toolchain.runWorkflowUnit({0x7ffff78d010d, 0x4c}, 0x1, 0x1, 0x1, {0x22e1a6138a80, 0x7e}, 0x0, {0x0, 0x0}, ...)
	/home/advocate/Advocate/Experiments/Advocate/advocate/toolchain/fullWorkflowUnit.go:171 +0x1190
advocate/toolchain.Run({0x75dd74, 0x4}, {0x22e1a6138a80, 0x7e}, 0x1, 0x1, 0x1, 0x0, {0x0, 0x0}, ...)
	/home/advocate/Advocate/Experiments/Advocate/advocate/toolchain/toolchain.go:72 +0x389
advocate/fuzzing.runFuzzing({0x22e1a6138a80, 0x7e}, 0x0, 0x31, 0x1)
	/home/advocate/Advocate/Experiments/Advocate/advocate/fuzzing/fuzzing.go:217 +0x57b
advocate/fuzzing.Fuzzing()
	/home/advocate/Advocate/Experiments/Advocate/advocate/fuzzing/fuzzing.go:135 +0xea5
advocate/run.modeFuzzing()
	/home/advocate/Advocate/Experiments/Advocate/advocate/run/modes.go:34 +0x5e
advocate/run.Run()
	/home/advocate/Advocate/Experiments/Advocate/advocate/run/run.go:100 +0x5b5
main.main()
	/home/advocate/Advocate/Experiments/Advocate/advocate/main.go:28 +0x1c
2026/06/05 16:24:09 [33mRAM Reset[0m
2026/06/05 16:24:16 [31mNot enough RAM[0m
2026/06/05 16:24:16 goroutine 20 [running]:
advocate/utils/control.printAllGoroutines()
	/home/advocate/Advocate/Experiments/Advocate/advocate/utils/control/utils.go:20 +0x3d
advocate/utils/control.cancelRAM(0x77cd50, 0x77cd48, 0x77cd58)
	/home/advocate/Advocate/Experiments/Advocate/advocate/utils/control/memory.go:109 +0x6e
advocate/utils/control.Supervisor(0x77cd50, 0x77cd48, 0x77cd58)
	/home/advocate/Advocate/Experiments/Advocate/advocate/utils/control/memory.go:79 +0x12f
created by advocate/run.Run in goroutine 1
	/home/advocate/Advocate/Experiments/Advocate/advocate/run/run.go:63 +0x26f

goroutine 1 [runnable]:
advocate/analysis/hb/clock.(*VectorClock).GetValue(...)
	/home/advocate/Advocate/Experiments/Advocate/advocate/analysis/hb/clock/vc.go:97
advocate/analysis/hb/clock.happensBefore(0x22e1bc0d98c0, 0x22e1b6f2f610)
	/home/advocate/Advocate/Experiments/Advocate/advocate/analysis/hb/clock/hb.go:29 +0x130
advocate/analysis/hb/clock.GetHappensBefore(0x22e1bc0d98c0, 0x22e1b6f2f610)
	/home/advocate/Advocate/Experiments/Advocate/advocate/analysis/hb/clock/hb.go:74 +0x34
advocate/analysis/analysis/scenarios.buildResidualGraph({0x22e1bfb80000, 0x186a2, 0x22e1a601ab68?}, {0x22e1bfd4c000, 0x186a2, 0x1?})
	/home/advocate/Advocate/Experiments/Advocate/advocate/analysis/analysis/scenarios/graph.go:60 +0x49f
advocate/analysis/analysis/scenarios.CheckForUnlockBeforeLock()
	/home/advocate/Advocate/Experiments/Advocate/advocate/analysis/analysis/scenarios/unlockBeforeLock.go:75 +0x2b5
advocate/analysis/analysis.RunHBAnalysis(0x1)
	/home/advocate/Advocate/Experiments/Advocate/advocate/analysis/analysis/analysis.go:262 +0xc9b
advocate/analysis/analysis.RunAnalysis(0x1)
	/home/advocate/Advocate/Experiments/Advocate/advocate/analysis/analysis/analysis.go:63 +0x105
advocate/toolchain.runAnalyzer({0x22e1a6138180, 0x74}, {0x22e1a6138300?, 0x66?}, {0x22e1a6138280, 0x7a}, {0x22e1a6138400, 0x75}, 0x0, {0x22e1a61bec00, ...}, ...)
	/home/advocate/Advocate/Experiments/Advocate/advocate/toolchain/analyzer.go:78 +0x43b
advocate/toolchain.unitTestAnalyzer({0x22e1a637a0e0, 0x66}, {0x760f26?, 0x22e1a600a048?}, 0x0, {0x22e1a61bec00, 0x7e}, {0x22e1a80b1182, 0x13})
	/home/advocate/Advocate/Experiments/Advocate/advocate/toolchain/fullWorkflowUnit.go:619 +0x25c
advocate/toolchain.unitTestFullWorkflow({0x22e1a6088000?, 0x2c}, {0x7ffff78d010d, 0x4c}, 0x1, 0x1, 0x1, {0x22e1a80b1182, 0x13}, {0x22e1a8084d40, ...}, ...)
	/home/advocate/Advocate/Experiments/Advocate/advocate/toolchain/fullWorkflowUnit.go:479 +0x625
advocate/toolchain.runWorkflowUnit({0x7ffff78d010d, 0x4c}, 0x1, 0x1, 0x1, {0x22e1a6138a80, 0x7e}, 0x0, {0x0, 0x0}, ...)
	/home/advocate/Advocate/Experiments/Advocate/advocate/toolchain/fullWorkflowUnit.go:171 +0x1190
advocate/toolchain.Run({0x75dd74, 0x4}, {0x22e1a6138a80, 0x7e}, 0x1, 0x1, 0x1, 0x0, {0x0, 0x0}, ...)
	/home/advocate/Advocate/Experiments/Advocate/advocate/toolchain/toolchain.go:72 +0x389
advocate/fuzzing.runFuzzing({0x22e1a6138a80, 0x7e}, 0x0, 0x31, 0x1)
	/home/advocate/Advocate/Experiments/Advocate/advocate/fuzzing/fuzzing.go:217 +0x57b
advocate/fuzzing.Fuzzing()
	/home/advocate/Advocate/Experiments/Advocate/advocate/fuzzing/fuzzing.go:135 +0xea5
advocate/run.modeFuzzing()
	/home/advocate/Advocate/Experiments/Advocate/advocate/run/modes.go:34 +0x5e
advocate/run.Run()
	/home/advocate/Advocate/Experiments/Advocate/advocate/run/run.go:100 +0x5b5
main.main()
	/home/advocate/Advocate/Experiments/Advocate/advocate/main.go:28 +0x1c
2026/06/05 16:24:27 [33mRAM Reset[0m
2026/06/05 16:24:31 [31mNot enough RAM[0m
2026/06/05 16:24:31 goroutine 20 [running]:
advocate/utils/control.printAllGoroutines()
	/home/advocate/Advocate/Experiments/Advocate/advocate/utils/control/utils.go:20 +0x3d
advocate/utils/control.cancelRAM(0x77cd50, 0x77cd48, 0x77cd58)
	/home/advocate/Advocate/Experiments/Advocate/advocate/utils/control/memory.go:109 +0x6e
advocate/utils/control.Supervisor(0x77cd50, 0x77cd48, 0x77cd58)
	/home/advocate/Advocate/Experiments/Advocate/advocate/utils/control/memory.go:79 +0x12f
created by advocate/run.Run in goroutine 1
	/home/advocate/Advocate/Experiments/Advocate/advocate/run/run.go:63 +0x26f

goroutine 1 [runnable]:
advocate/analysis/hb/clock.(*VectorClock).GetValue(...)
	/home/advocate/Advocate/Experiments/Advocate/advocate/analysis/hb/clock/vc.go:97
advocate/analysis/hb/clock.happensBefore(0x22e1bf9331f0, 0x22e1b3b8f210)
	/home/advocate/Advocate/Experiments/Advocate/advocate/analysis/hb/clock/hb.go:27 +0x65
advocate/analysis/hb/clock.GetHappensBefore(0x22e1bf9331f0, 0x22e1b3b8f210)
	/home/advocate/Advocate/Experiments/Advocate/advocate/analysis/hb/clock/hb.go:74 +0x34
advocate/analysis/analysis/scenarios.buildResidualGraph({0x22e1bfb80000, 0x186a2, 0x22e1a601ab68?}, {0x22e1bfd4c000, 0x186a2, 0x1?})
	/home/advocate/Advocate/Experiments/Advocate/advocate/analysis/analysis/scenarios/graph.go:60 +0x49f
advocate/analysis/analysis/scenarios.CheckForUnlockBeforeLock()
	/home/advocate/Advocate/Experiments/Advocate/advocate/analysis/analysis/scenarios/unlockBeforeLock.go:75 +0x2b5
advocate/analysis/analysis.RunHBAnalysis(0x1)
	/home/advocate/Advocate/Experiments/Advocate/advocate/analysis/analysis/analysis.go:262 +0xc9b
advocate/analysis/analysis.RunAnalysis(0x1)
	/home/advocate/Advocate/Experiments/Advocate/advocate/analysis/analysis/analysis.go:63 +0x105
advocate/toolchain.runAnalyzer({0x22e1a6138180, 0x74}, {0x22e1a6138300?, 0x66?}, {0x22e1a6138280, 0x7a}, {0x22e1a6138400, 0x75}, 0x0, {0x22e1a61bec00, ...}, ...)
	/home/advocate/Advocate/Experiments/Advocate/advocate/toolchain/analyzer.go:78 +0x43b
advocate/toolchain.unitTestAnalyzer({0x22e1a637a0e0, 0x66}, {0x760f26?, 0x22e1a600a048?}, 0x0, {0x22e1a61bec00, 0x7e}, {0x22e1a80b1182, 0x13})
	/home/advocate/Advocate/Experiments/Advocate/advocate/toolchain/fullWorkflowUnit.go:619 +0x25c
advocate/toolchain.unitTestFullWorkflow({0x22e1a6088000?, 0x2c}, {0x7ffff78d010d, 0x4c}, 0x1, 0x1, 0x1, {0x22e1a80b1182, 0x13}, {0x22e1a8084d40, ...}, ...)
	/home/advocate/Advocate/Experiments/Advocate/advocate/toolchain/fullWorkflowUnit.go:479 +0x625
advocate/toolchain.runWorkflowUnit({0x7ffff78d010d, 0x4c}, 0x1, 0x1, 0x1, {0x22e1a6138a80, 0x7e}, 0x0, {0x0, 0x0}, ...)
	/home/advocate/Advocate/Experiments/Advocate/advocate/toolchain/fullWorkflowUnit.go:171 +0x1190
advocate/toolchain.Run({0x75dd74, 0x4}, {0x22e1a6138a80, 0x7e}, 0x1, 0x1, 0x1, 0x0, {0x0, 0x0}, ...)
	/home/advocate/Advocate/Experiments/Advocate/advocate/toolchain/toolchain.go:72 +0x389
advocate/fuzzing.runFuzzing({0x22e1a6138a80, 0x7e}, 0x0, 0x31, 0x1)
	/home/advocate/Advocate/Experiments/Advocate/advocate/fuzzing/fuzzing.go:217 +0x57b
advocate/fuzzing.Fuzzing()
	/home/advocate/Advocate/Experiments/Advocate/advocate/fuzzing/fuzzing.go:135 +0xea5
advocate/run.modeFuzzing()
	/home/advocate/Advocate/Experiments/Advocate/advocate/run/modes.go:34 +0x5e
advocate/run.Run()
	/home/advocate/Advocate/Experiments/Advocate/advocate/run/run.go:100 +0x5b5
main.main()
	/home/advocate/Advocate/Experiments/Advocate/advocate/main.go:28 +0x1c
2026/06/05 16:24:41 [33mRAM Reset[0m
2026/06/05 16:24:43 [31mNot enough RAM[0m
2026/06/05 16:24:43 goroutine 20 [running]:
advocate/utils/control.printAllGoroutines()
	/home/advocate/Advocate/Experiments/Advocate/advocate/utils/control/utils.go:20 +0x3d
advocate/utils/control.cancelRAM(0x77cd50, 0x77cd48, 0x77cd58)
	/home/advocate/Advocate/Experiments/Advocate/advocate/utils/control/memory.go:109 +0x6e
advocate/utils/control.Supervisor(0x77cd50, 0x77cd48, 0x77cd58)
	/home/advocate/Advocate/Experiments/Advocate/advocate/utils/control/memory.go:79 +0x12f
created by advocate/run.Run in goroutine 1
	/home/advocate/Advocate/Experiments/Advocate/advocate/run/run.go:63 +0x26f

goroutine 1 [runnable]:
advocate/analysis/hb/clock.(*VectorClock).GetValue(...)
	/home/advocate/Advocate/Experiments/Advocate/advocate/analysis/hb/clock/vc.go:97
advocate/analysis/hb/clock.happensBefore(0x22e1b659c370, 0x22e1b3e24e30)
	/home/advocate/Advocate/Experiments/Advocate/advocate/analysis/hb/clock/hb.go:27 +0x96
advocate/analysis/hb/clock.GetHappensBefore(0x22e1b659c370, 0x22e1b3e24e30)
	/home/advocate/Advocate/Experiments/Advocate/advocate/analysis/hb/clock/hb.go:74 +0x34
advocate/analysis/analysis/scenarios.buildResidualGraph({0x22e1bfb80000, 0x186a2, 0x22e1a601ab68?}, {0x22e1bfd4c000, 0x186a2, 0x1?})
	/home/advocate/Advocate/Experiments/Advocate/advocate/analysis/analysis/scenarios/graph.go:60 +0x49f
advocate/analysis/analysis/scenarios.CheckForUnlockBeforeLock()
	/home/advocate/Advocate/Experiments/Advocate/advocate/analysis/analysis/scenarios/unlockBeforeLock.go:75 +0x2b5
advocate/analysis/analysis.RunHBAnalysis(0x1)
	/home/advocate/Advocate/Experiments/Advocate/advocate/analysis/analysis/analysis.go:262 +0xc9b
advocate/analysis/analysis.RunAnalysis(0x1)
	/home/advocate/Advocate/Experiments/Advocate/advocate/analysis/analysis/analysis.go:63 +0x105
advocate/toolchain.runAnalyzer({0x22e1a6138180, 0x74}, {0x22e1a6138300?, 0x66?}, {0x22e1a6138280, 0x7a}, {0x22e1a6138400, 0x75}, 0x0, {0x22e1a61bec00, ...}, ...)
	/home/advocate/Advocate/Experiments/Advocate/advocate/toolchain/analyzer.go:78 +0x43b
advocate/toolchain.unitTestAnalyzer({0x22e1a637a0e0, 0x66}, {0x760f26?, 0x22e1a600a048?}, 0x0, {0x22e1a61bec00, 0x7e}, {0x22e1a80b1182, 0x13})
	/home/advocate/Advocate/Experiments/Advocate/advocate/toolchain/fullWorkflowUnit.go:619 +0x25c
advocate/toolchain.unitTestFullWorkflow({0x22e1a6088000?, 0x2c}, {0x7ffff78d010d, 0x4c}, 0x1, 0x1, 0x1, {0x22e1a80b1182, 0x13}, {0x22e1a8084d40, ...}, ...)
	/home/advocate/Advocate/Experiments/Advocate/advocate/toolchain/fullWorkflowUnit.go:479 +0x625
advocate/toolchain.runWorkflowUnit({0x7ffff78d010d, 0x4c}, 0x1, 0x1, 0x1, {0x22e1a6138a80, 0x7e}, 0x0, {0x0, 0x0}, ...)
	/home/advocate/Advocate/Experiments/Advocate/advocate/toolchain/fullWorkflowUnit.go:171 +0x1190
advocate/toolchain.Run({0x75dd74, 0x4}, {0x22e1a6138a80, 0x7e}, 0x1, 0x1, 0x1, 0x0, {0x0, 0x0}, ...)
	/home/advocate/Advocate/Experiments/Advocate/advocate/toolchain/toolchain.go:72 +0x389
advocate/fuzzing.runFuzzing({0x22e1a6138a80, 0x7e}, 0x0, 0x31, 0x1)
	/home/advocate/Advocate/Experiments/Advocate/advocate/fuzzing/fuzzing.go:217 +0x57b
advocate/fuzzing.Fuzzing()
	/home/advocate/Advocate/Experiments/Advocate/advocate/fuzzing/fuzzing.go:135 +0xea5
advocate/run.modeFuzzing()
	/home/advocate/Advocate/Experiments/Advocate/advocate/run/modes.go:34 +0x5e
advocate/run.Run()
	/home/advocate/Advocate/Experiments/Advocate/advocate/run/run.go:100 +0x5b5
main.main()
	/home/advocate/Advocate/Experiments/Advocate/advocate/main.go:28 +0x1c
2026/06/05 16:24:54 [31mNot enough RAM[0m
2026/06/05 16:24:54 goroutine 20 [running]:
advocate/utils/control.printAllGoroutines()
	/home/advocate/Advocate/Experiments/Advocate/advocate/utils/control/utils.go:20 +0x3d
advocate/utils/control.cancelRAM(0x77cd50, 0x77cd48, 0x77cd58)
	/home/advocate/Advocate/Experiments/Advocate/advocate/utils/control/memory.go:109 +0x6e
advocate/utils/control.Supervisor(0x77cd50, 0x77cd48, 0x77cd58)
	/home/advocate/Advocate/Experiments/Advocate/advocate/utils/control/memory.go:79 +0x12f
created by advocate/run.Run in goroutine 1
	/home/advocate/Advocate/Experiments/Advocate/advocate/run/run.go:63 +0x26f

goroutine 1 [runnable]:
advocate/analysis/hb/clock.GetHappensBefore(0x22e1b1dc4a50?, 0x22e1b4106df0?)
	/home/advocate/Advocate/Experiments/Advocate/advocate/analysis/hb/clock/hb.go:65 +0x8e
advocate/analysis/analysis/scenarios.buildResidualGraph({0x22e1bfb80000, 0x186a2, 0x22e1a601ab68?}, {0x22e1bfd4c000, 0x186a2, 0x1?})
	/home/advocate/Advocate/Experiments/Advocate/advocate/analysis/analysis/scenarios/graph.go:60 +0x49f
advocate/analysis/analysis/scenarios.CheckForUnlockBeforeLock()
	/home/advocate/Advocate/Experiments/Advocate/advocate/analysis/analysis/scenarios/unlockBeforeLock.go:75 +0x2b5
advocate/analysis/analysis.RunHBAnalysis(0x1)
	/home/advocate/Advocate/Experiments/Advocate/advocate/analysis/analysis/analysis.go:262 +0xc9b
advocate/analysis/analysis.RunAnalysis(0x1)
	/home/advocate/Advocate/Experiments/Advocate/advocate/analysis/analysis/analysis.go:63 +0x105
advocate/toolchain.runAnalyzer({0x22e1a6138180, 0x74}, {0x22e1a6138300?, 0x66?}, {0x22e1a6138280, 0x7a}, {0x22e1a6138400, 0x75}, 0x0, {0x22e1a61bec00, ...}, ...)
	/home/advocate/Advocate/Experiments/Advocate/advocate/toolchain/analyzer.go:78 +0x43b
advocate/toolchain.unitTestAnalyzer({0x22e1a637a0e0, 0x66}, {0x760f26?, 0x22e1a600a048?}, 0x0, {0x22e1a61bec00, 0x7e}, {0x22e1a80b1182, 0x13})
	/home/advocate/Advocate/Experiments/Advocate/advocate/toolchain/fullWorkflowUnit.go:619 +0x25c
advocate/toolchain.unitTestFullWorkflow({0x22e1a6088000?, 0x2c}, {0x7ffff78d010d, 0x4c}, 0x1, 0x1, 0x1, {0x22e1a80b1182, 0x13}, {0x22e1a8084d40, ...}, ...)
	/home/advocate/Advocate/Experiments/Advocate/advocate/toolchain/fullWorkflowUnit.go:479 +0x625
advocate/toolchain.runWorkflowUnit({0x7ffff78d010d, 0x4c}, 0x1, 0x1, 0x1, {0x22e1a6138a80, 0x7e}, 0x0, {0x0, 0x0}, ...)
	/home/advocate/Advocate/Experiments/Advocate/advocate/toolchain/fullWorkflowUnit.go:171 +0x1190
advocate/toolchain.Run({0x75dd74, 0x4}, {0x22e1a6138a80, 0x7e}, 0x1, 0x1, 0x1, 0x0, {0x0, 0x0}, ...)
	/home/advocate/Advocate/Experiments/Advocate/advocate/toolchain/toolchain.go:72 +0x389
advocate/fuzzing.runFuzzing({0x22e1a6138a80, 0x7e}, 0x0, 0x31, 0x1)
	/home/advocate/Advocate/Experiments/Advocate/advocate/fuzzing/fuzzing.go:217 +0x57b
advocate/fuzzing.Fuzzing()
	/home/advocate/Advocate/Experiments/Advocate/advocate/fuzzing/fuzzing.go:135 +0xea5
advocate/run.modeFuzzing()
	/home/advocate/Advocate/Experiments/Advocate/advocate/run/modes.go:34 +0x5e
advocate/run.Run()
	/home/advocate/Advocate/Experiments/Advocate/advocate/run/run.go:100 +0x5b5
main.main()
	/home/advocate/Advocate/Experiments/Advocate/advocate/main.go:28 +0x1c
2026/06/05 16:25:04 [31mNot enough RAM[0m
2026/06/05 16:25:04 goroutine 20 [running]:
advocate/utils/control.printAllGoroutines()
	/home/advocate/Advocate/Experiments/Advocate/advocate/utils/control/utils.go:20 +0x3d
advocate/utils/control.cancelRAM(0x77cd50, 0x77cd48, 0x77cd58)
	/home/advocate/Advocate/Experiments/Advocate/advocate/utils/control/memory.go:109 +0x6e
advocate/utils/control.Supervisor(0x77cd50, 0x77cd48, 0x77cd58)
	/home/advocate/Advocate/Experiments/Advocate/advocate/utils/control/memory.go:79 +0x12f
created by advocate/run.Run in goroutine 1
	/home/advocate/Advocate/Experiments/Advocate/advocate/run/run.go:63 +0x26f

goroutine 1 [runnable]:
advocate/analysis/hb/clock.(*VectorClock).GetValue(...)
	/home/advocate/Advocate/Experiments/Advocate/advocate/analysis/hb/clock/vc.go:97
advocate/analysis/hb/clock.happensBefore(0x22e1b599d350, 0x22e1b4424ad0)
	/home/advocate/Advocate/Experiments/Advocate/advocate/analysis/hb/clock/hb.go:27 +0x96
advocate/analysis/hb/clock.GetHappensBefore(0x22e1b599d350, 0x22e1b4424ad0)
	/home/advocate/Advocate/Experiments/Advocate/advocate/analysis/hb/clock/hb.go:74 +0x34
advocate/analysis/analysis/scenarios.buildResidualGraph({0x22e1bfb80000, 0x186a2, 0x22e1a601ab68?}, {0x22e1bfd4c000, 0x186a2, 0x1?})
	/home/advocate/Advocate/Experiments/Advocate/advocate/analysis/analysis/scenarios/graph.go:60 +0x49f
advocate/analysis/analysis/scenarios.CheckForUnlockBeforeLock()
	/home/advocate/Advocate/Experiments/Advocate/advocate/analysis/analysis/scenarios/unlockBeforeLock.go:75 +0x2b5
advocate/analysis/analysis.RunHBAnalysis(0x1)
	/home/advocate/Advocate/Experiments/Advocate/advocate/analysis/analysis/analysis.go:262 +0xc9b
advocate/analysis/analysis.RunAnalysis(0x1)
	/home/advocate/Advocate/Experiments/Advocate/advocate/analysis/analysis/analysis.go:63 +0x105
advocate/toolchain.runAnalyzer({0x22e1a6138180, 0x74}, {0x22e1a6138300?, 0x66?}, {0x22e1a6138280, 0x7a}, {0x22e1a6138400, 0x75}, 0x0, {0x22e1a61bec00, ...}, ...)
	/home/advocate/Advocate/Experiments/Advocate/advocate/toolchain/analyzer.go:78 +0x43b
advocate/toolchain.unitTestAnalyzer({0x22e1a637a0e0, 0x66}, {0x760f26?, 0x22e1a600a048?}, 0x0, {0x22e1a61bec00, 0x7e}, {0x22e1a80b1182, 0x13})
	/home/advocate/Advocate/Experiments/Advocate/advocate/toolchain/fullWorkflowUnit.go:619 +0x25c
advocate/toolchain.unitTestFullWorkflow({0x22e1a6088000?, 0x2c}, {0x7ffff78d010d, 0x4c}, 0x1, 0x1, 0x1, {0x22e1a80b1182, 0x13}, {0x22e1a8084d40, ...}, ...)
	/home/advocate/Advocate/Experiments/Advocate/advocate/toolchain/fullWorkflowUnit.go:479 +0x625
advocate/toolchain.runWorkflowUnit({0x7ffff78d010d, 0x4c}, 0x1, 0x1, 0x1, {0x22e1a6138a80, 0x7e}, 0x0, {0x0, 0x0}, ...)
	/home/advocate/Advocate/Experiments/Advocate/advocate/toolchain/fullWorkflowUnit.go:171 +0x1190
advocate/toolchain.Run({0x75dd74, 0x4}, {0x22e1a6138a80, 0x7e}, 0x1, 0x1, 0x1, 0x0, {0x0, 0x0}, ...)
	/home/advocate/Advocate/Experiments/Advocate/advocate/toolchain/toolchain.go:72 +0x389
advocate/fuzzing.runFuzzing({0x22e1a6138a80, 0x7e}, 0x0, 0x31, 0x1)
	/home/advocate/Advocate/Experiments/Advocate/advocate/fuzzing/fuzzing.go:217 +0x57b
advocate/fuzzing.Fuzzing()
	/home/advocate/Advocate/Experiments/Advocate/advocate/fuzzing/fuzzing.go:135 +0xea5
advocate/run.modeFuzzing()
	/home/advocate/Advocate/Experiments/Advocate/advocate/run/modes.go:34 +0x5e
advocate/run.Run()
	/home/advocate/Advocate/Experiments/Advocate/advocate/run/run.go:100 +0x5b5
main.main()
	/home/advocate/Advocate/Experiments/Advocate/advocate/main.go:28 +0x1c
2026/06/05 16:25:13 [31mNot enough RAM[0m
2026/06/05 16:25:13 goroutine 20 [running]:
advocate/utils/control.printAllGoroutines()
	/home/advocate/Advocate/Experiments/Advocate/advocate/utils/control/utils.go:20 +0x3d
advocate/utils/control.cancelRAM(0x77cd50, 0x77cd48, 0x77cd58)
	/home/advocate/Advocate/Experiments/Advocate/advocate/utils/control/memory.go:109 +0x6e
advocate/utils/control.Supervisor(0x77cd50, 0x77cd48, 0x77cd58)
	/home/advocate/Advocate/Experiments/Advocate/advocate/utils/control/memory.go:79 +0x12f
created by advocate/run.Run in goroutine 1
	/home/advocate/Advocate/Experiments/Advocate/advocate/run/run.go:63 +0x26f

goroutine 1 [runnable]:
advocate/analysis/hb/clock.GetHappensBefore(0x70dd60?, 0x22e1bbe26c60?)
	/home/advocate/Advocate/Experiments/Advocate/advocate/analysis/hb/clock/hb.go:70 +0x1b
advocate/analysis/analysis/scenarios.buildResidualGraph({0x22e1bfb80000, 0x186a2, 0x22e1a601ab68?}, {0x22e1bfd4c000, 0x186a2, 0x1?})
	/home/advocate/Advocate/Experiments/Advocate/advocate/analysis/analysis/scenarios/graph.go:60 +0x49f
advocate/analysis/analysis/scenarios.CheckForUnlockBeforeLock()
	/home/advocate/Advocate/Experiments/Advocate/advocate/analysis/analysis/scenarios/unlockBeforeLock.go:75 +0x2b5
advocate/analysis/analysis.RunHBAnalysis(0x1)
	/home/advocate/Advocate/Experiments/Advocate/advocate/analysis/analysis/analysis.go:262 +0xc9b
advocate/analysis/analysis.RunAnalysis(0x1)
	/home/advocate/Advocate/Experiments/Advocate/advocate/analysis/analysis/analysis.go:63 +0x105
advocate/toolchain.runAnalyzer({0x22e1a6138180, 0x74}, {0x22e1a6138300?, 0x66?}, {0x22e1a6138280, 0x7a}, {0x22e1a6138400, 0x75}, 0x0, {0x22e1a61bec00, ...}, ...)
	/home/advocate/Advocate/Experiments/Advocate/advocate/toolchain/analyzer.go:78 +0x43b
advocate/toolchain.unitTestAnalyzer({0x22e1a637a0e0, 0x66}, {0x760f26?, 0x22e1a600a048?}, 0x0, {0x22e1a61bec00, 0x7e}, {0x22e1a80b1182, 0x13})
	/home/advocate/Advocate/Experiments/Advocate/advocate/toolchain/fullWorkflowUnit.go:619 +0x25c
advocate/toolchain.unitTestFullWorkflow({0x22e1a6088000?, 0x2c}, {0x7ffff78d010d, 0x4c}, 0x1, 0x1, 0x1, {0x22e1a80b1182, 0x13}, {0x22e1a8084d40, ...}, ...)
	/home/advocate/Advocate/Experiments/Advocate/advocate/toolchain/fullWorkflowUnit.go:479 +0x625
advocate/toolchain.runWorkflowUnit({0x7ffff78d010d, 0x4c}, 0x1, 0x1, 0x1, {0x22e1a6138a80, 0x7e}, 0x0, {0x0, 0x0}, ...)
	/home/advocate/Advocate/Experiments/Advocate/advocate/toolchain/fullWorkflowUnit.go:171 +0x1190
advocate/toolchain.Run({0x75dd74, 0x4}, {0x22e1a6138a80, 0x7e}, 0x1, 0x1, 0x1, 0x0, {0x0, 0x0}, ...)
	/home/advocate/Advocate/Experiments/Advocate/advocate/toolchain/toolchain.go:72 +0x389
advocate/fuzzing.runFuzzing({0x22e1a6138a80, 0x7e}, 0x0, 0x31, 0x1)
	/home/advocate/Advocate/Experiments/Advocate/advocate/fuzzing/fuzzing.go:217 +0x57b
advocate/fuzzing.Fuzzing()
	/home/advocate/Advocate/Experiments/Advocate/advocate/fuzzing/fuzzing.go:135 +0xea5
advocate/run.modeFuzzing()
	/home/advocate/Advocate/Experiments/Advocate/advocate/run/modes.go:34 +0x5e
advocate/run.Run()
	/home/advocate/Advocate/Experiments/Advocate/advocate/run/run.go:100 +0x5b5
main.main()
	/home/advocate/Advocate/Experiments/Advocate/advocate/main.go:28 +0x1c
2026/06/05 16:25:22 [31mNot enough RAM[0m
2026/06/05 16:25:22 goroutine 20 [running]:
advocate/utils/control.printAllGoroutines()
	/home/advocate/Advocate/Experiments/Advocate/advocate/utils/control/utils.go:20 +0x3d
advocate/utils/control.cancelRAM(0x77cd50, 0x77cd48, 0x77cd58)
	/home/advocate/Advocate/Experiments/Advocate/advocate/utils/control/memory.go:109 +0x6e
advocate/utils/control.Supervisor(0x77cd50, 0x77cd48, 0x77cd58)
	/home/advocate/Advocate/Experiments/Advocate/advocate/utils/control/memory.go:79 +0x12f
created by advocate/run.Run in goroutine 1
	/home/advocate/Advocate/Experiments/Advocate/advocate/run/run.go:63 +0x26f

goroutine 1 [runnable]:
advocate/analysis/hb/clock.(*VectorClock).GetValue(...)
	/home/advocate/Advocate/Experiments/Advocate/advocate/analysis/hb/clock/vc.go:97
advocate/analysis/hb/clock.happensBefore(0x22e1b48c7930, 0x22e1b9a6cb90)
	/home/advocate/Advocate/Experiments/Advocate/advocate/analysis/hb/clock/hb.go:29 +0xe6
advocate/analysis/hb/clock.GetHappensBefore(0x22e1b9a6cb90, 0x22e1b48c7930)
	/home/advocate/Advocate/Experiments/Advocate/advocate/analysis/hb/clock/hb.go:77 +0x47
advocate/analysis/analysis/scenarios.buildResidualGraph({0x22e1bfb80000, 0x186a2, 0x22e1a601ab68?}, {0x22e1bfd4c000, 0x186a2, 0x1?})
	/home/advocate/Advocate/Experiments/Advocate/advocate/analysis/analysis/scenarios/graph.go:60 +0x49f
advocate/analysis/analysis/scenarios.CheckForUnlockBeforeLock()
	/home/advocate/Advocate/Experiments/Advocate/advocate/analysis/analysis/scenarios/unlockBeforeLock.go:75 +0x2b5
advocate/analysis/analysis.RunHBAnalysis(0x1)
	/home/advocate/Advocate/Experiments/Advocate/advocate/analysis/analysis/analysis.go:262 +0xc9b
advocate/analysis/analysis.RunAnalysis(0x1)
	/home/advocate/Advocate/Experiments/Advocate/advocate/analysis/analysis/analysis.go:63 +0x105
advocate/toolchain.runAnalyzer({0x22e1a6138180, 0x74}, {0x22e1a6138300?, 0x66?}, {0x22e1a6138280, 0x7a}, {0x22e1a6138400, 0x75}, 0x0, {0x22e1a61bec00, ...}, ...)
	/home/advocate/Advocate/Experiments/Advocate/advocate/toolchain/analyzer.go:78 +0x43b
advocate/toolchain.unitTestAnalyzer({0x22e1a637a0e0, 0x66}, {0x760f26?, 0x22e1a600a048?}, 0x0, {0x22e1a61bec00, 0x7e}, {0x22e1a80b1182, 0x13})
	/home/advocate/Advocate/Experiments/Advocate/advocate/toolchain/fullWorkflowUnit.go:619 +0x25c
advocate/toolchain.unitTestFullWorkflow({0x22e1a6088000?, 0x2c}, {0x7ffff78d010d, 0x4c}, 0x1, 0x1, 0x1, {0x22e1a80b1182, 0x13}, {0x22e1a8084d40, ...}, ...)
	/home/advocate/Advocate/Experiments/Advocate/advocate/toolchain/fullWorkflowUnit.go:479 +0x625
advocate/toolchain.runWorkflowUnit({0x7ffff78d010d, 0x4c}, 0x1, 0x1, 0x1, {0x22e1a6138a80, 0x7e}, 0x0, {0x0, 0x0}, ...)
	/home/advocate/Advocate/Experiments/Advocate/advocate/toolchain/fullWorkflowUnit.go:171 +0x1190
advocate/toolchain.Run({0x75dd74, 0x4}, {0x22e1a6138a80, 0x7e}, 0x1, 0x1, 0x1, 0x0, {0x0, 0x0}, ...)
	/home/advocate/Advocate/Experiments/Advocate/advocate/toolchain/toolchain.go:72 +0x389
advocate/fuzzing.runFuzzing({0x22e1a6138a80, 0x7e}, 0x0, 0x31, 0x1)
	/home/advocate/Advocate/Experiments/Advocate/advocate/fuzzing/fuzzing.go:217 +0x57b
advocate/fuzzing.Fuzzing()
	/home/advocate/Advocate/Experiments/Advocate/advocate/fuzzing/fuzzing.go:135 +0xea5
advocate/run.modeFuzzing()
	/home/advocate/Advocate/Experiments/Advocate/advocate/run/modes.go:34 +0x5e
advocate/run.Run()
	/home/advocate/Advocate/Experiments/Advocate/advocate/run/run.go:100 +0x5b5
main.main()
	/home/advocate/Advocate/Experiments/Advocate/advocate/main.go:28 +0x1c
2026/06/05 16:25:32 [31mNot enough RAM[0m
2026/06/05 16:25:32 goroutine 20 [running]:
advocate/utils/control.printAllGoroutines()
	/home/advocate/Advocate/Experiments/Advocate/advocate/utils/control/utils.go:20 +0x3d
advocate/utils/control.cancelRAM(0x77cd50, 0x77cd48, 0x77cd58)
	/home/advocate/Advocate/Experiments/Advocate/advocate/utils/control/memory.go:109 +0x6e
advocate/utils/control.Supervisor(0x77cd50, 0x77cd48, 0x77cd58)
	/home/advocate/Advocate/Experiments/Advocate/advocate/utils/control/memory.go:79 +0x12f
created by advocate/run.Run in goroutine 1
	/home/advocate/Advocate/Experiments/Advocate/advocate/run/run.go:63 +0x26f

goroutine 1 [runnable]:
advocate/analysis/hb/clock.(*VectorClock).GetValue(...)
	/home/advocate/Advocate/Experiments/Advocate/advocate/analysis/hb/clock/vc.go:97
advocate/analysis/hb/clock.happensBefore(0x22e1b272a9f0, 0x22e1b4b2ac60)
	/home/advocate/Advocate/Experiments/Advocate/advocate/analysis/hb/clock/hb.go:27 +0x96
advocate/analysis/hb/clock.GetHappensBefore(0x22e1b272a9f0, 0x22e1b4b2ac60)
	/home/advocate/Advocate/Experiments/Advocate/advocate/analysis/hb/clock/hb.go:74 +0x34
advocate/analysis/analysis/scenarios.buildResidualGraph({0x22e1bfb80000, 0x186a2, 0x22e1a601ab68?}, {0x22e1bfd4c000, 0x186a2, 0x1?})
	/home/advocate/Advocate/Experiments/Advocate/advocate/analysis/analysis/scenarios/graph.go:60 +0x49f
advocate/analysis/analysis/scenarios.CheckForUnlockBeforeLock()
	/home/advocate/Advocate/Experiments/Advocate/advocate/analysis/analysis/scenarios/unlockBeforeLock.go:75 +0x2b5
advocate/analysis/analysis.RunHBAnalysis(0x1)
	/home/advocate/Advocate/Experiments/Advocate/advocate/analysis/analysis/analysis.go:262 +0xc9b
advocate/analysis/analysis.RunAnalysis(0x1)
	/home/advocate/Advocate/Experiments/Advocate/advocate/analysis/analysis/analysis.go:63 +0x105
advocate/toolchain.runAnalyzer({0x22e1a6138180, 0x74}, {0x22e1a6138300?, 0x66?}, {0x22e1a6138280, 0x7a}, {0x22e1a6138400, 0x75}, 0x0, {0x22e1a61bec00, ...}, ...)
	/home/advocate/Advocate/Experiments/Advocate/advocate/toolchain/analyzer.go:78 +0x43b
advocate/toolchain.unitTestAnalyzer({0x22e1a637a0e0, 0x66}, {0x760f26?, 0x22e1a600a048?}, 0x0, {0x22e1a61bec00, 0x7e}, {0x22e1a80b1182, 0x13})
	/home/advocate/Advocate/Experiments/Advocate/advocate/toolchain/fullWorkflowUnit.go:619 +0x25c
advocate/toolchain.unitTestFullWorkflow({0x22e1a6088000?, 0x2c}, {0x7ffff78d010d, 0x4c}, 0x1, 0x1, 0x1, {0x22e1a80b1182, 0x13}, {0x22e1a8084d40, ...}, ...)
	/home/advocate/Advocate/Experiments/Advocate/advocate/toolchain/fullWorkflowUnit.go:479 +0x625
advocate/toolchain.runWorkflowUnit({0x7ffff78d010d, 0x4c}, 0x1, 0x1, 0x1, {0x22e1a6138a80, 0x7e}, 0x0, {0x0, 0x0}, ...)
	/home/advocate/Advocate/Experiments/Advocate/advocate/toolchain/fullWorkflowUnit.go:171 +0x1190
advocate/toolchain.Run({0x75dd74, 0x4}, {0x22e1a6138a80, 0x7e}, 0x1, 0x1, 0x1, 0x0, {0x0, 0x0}, ...)
	/home/advocate/Advocate/Experiments/Advocate/advocate/toolchain/toolchain.go:72 +0x389
advocate/fuzzing.runFuzzing({0x22e1a6138a80, 0x7e}, 0x0, 0x31, 0x1)
	/home/advocate/Advocate/Experiments/Advocate/advocate/fuzzing/fuzzing.go:217 +0x57b
advocate/fuzzing.Fuzzing()
	/home/advocate/Advocate/Experiments/Advocate/advocate/fuzzing/fuzzing.go:135 +0xea5
advocate/run.modeFuzzing()
	/home/advocate/Advocate/Experiments/Advocate/advocate/run/modes.go:34 +0x5e
advocate/run.Run()
	/home/advocate/Advocate/Experiments/Advocate/advocate/run/run.go:100 +0x5b5
main.main()
	/home/advocate/Advocate/Experiments/Advocate/advocate/main.go:28 +0x1c
2026/06/05 16:25:41 [31mNot enough RAM[0m
2026/06/05 16:25:41 goroutine 20 [running]:
advocate/utils/control.printAllGoroutines()
	/home/advocate/Advocate/Experiments/Advocate/advocate/utils/control/utils.go:20 +0x3d
advocate/utils/control.cancelRAM(0x77cd50, 0x77cd48, 0x77cd58)
	/home/advocate/Advocate/Experiments/Advocate/advocate/utils/control/memory.go:109 +0x6e
advocate/utils/control.Supervisor(0x77cd50, 0x77cd48, 0x77cd58)
	/home/advocate/Advocate/Experiments/Advocate/advocate/utils/control/memory.go:79 +0x12f
created by advocate/run.Run in goroutine 1
	/home/advocate/Advocate/Experiments/Advocate/advocate/run/run.go:63 +0x26f

goroutine 1 [runnable]:
advocate/analysis/hb/clock.(*VectorClock).GetValue(...)
	/home/advocate/Advocate/Experiments/Advocate/advocate/analysis/hb/clock/vc.go:97
advocate/analysis/hb/clock.happensBefore(0x22e1b60ead20, 0x22e1b4ce3a80)
	/home/advocate/Advocate/Experiments/Advocate/advocate/analysis/hb/clock/hb.go:29 +0xe6
advocate/analysis/hb/clock.GetHappensBefore(0x22e1b60ead20, 0x22e1b4ce3a80)
	/home/advocate/Advocate/Experiments/Advocate/advocate/analysis/hb/clock/hb.go:74 +0x34
advocate/analysis/analysis/scenarios.buildResidualGraph({0x22e1bfb80000, 0x186a2, 0x22e1a601ab68?}, {0x22e1bfd4c000, 0x186a2, 0x1?})
	/home/advocate/Advocate/Experiments/Advocate/advocate/analysis/analysis/scenarios/graph.go:60 +0x49f
advocate/analysis/analysis/scenarios.CheckForUnlockBeforeLock()
	/home/advocate/Advocate/Experiments/Advocate/advocate/analysis/analysis/scenarios/unlockBeforeLock.go:75 +0x2b5
advocate/analysis/analysis.RunHBAnalysis(0x1)
	/home/advocate/Advocate/Experiments/Advocate/advocate/analysis/analysis/analysis.go:262 +0xc9b
advocate/analysis/analysis.RunAnalysis(0x1)
	/home/advocate/Advocate/Experiments/Advocate/advocate/analysis/analysis/analysis.go:63 +0x105
advocate/toolchain.runAnalyzer({0x22e1a6138180, 0x74}, {0x22e1a6138300?, 0x66?}, {0x22e1a6138280, 0x7a}, {0x22e1a6138400, 0x75}, 0x0, {0x22e1a61bec00, ...}, ...)
	/home/advocate/Advocate/Experiments/Advocate/advocate/toolchain/analyzer.go:78 +0x43b
advocate/toolchain.unitTestAnalyzer({0x22e1a637a0e0, 0x66}, {0x760f26?, 0x22e1a600a048?}, 0x0, {0x22e1a61bec00, 0x7e}, {0x22e1a80b1182, 0x13})
	/home/advocate/Advocate/Experiments/Advocate/advocate/toolchain/fullWorkflowUnit.go:619 +0x25c
advocate/toolchain.unitTestFullWorkflow({0x22e1a6088000?, 0x2c}, {0x7ffff78d010d, 0x4c}, 0x1, 0x1, 0x1, {0x22e1a80b1182, 0x13}, {0x22e1a8084d40, ...}, ...)
	/home/advocate/Advocate/Experiments/Advocate/advocate/toolchain/fullWorkflowUnit.go:479 +0x625
advocate/toolchain.runWorkflowUnit({0x7ffff78d010d, 0x4c}, 0x1, 0x1, 0x1, {0x22e1a6138a80, 0x7e}, 0x0, {0x0, 0x0}, ...)
	/home/advocate/Advocate/Experiments/Advocate/advocate/toolchain/fullWorkflowUnit.go:171 +0x1190
advocate/toolchain.Run({0x75dd74, 0x4}, {0x22e1a6138a80, 0x7e}, 0x1, 0x1, 0x1, 0x0, {0x0, 0x0}, ...)
	/home/advocate/Advocate/Experiments/Advocate/advocate/toolchain/toolchain.go:72 +0x389
advocate/fuzzing.runFuzzing({0x22e1a6138a80, 0x7e}, 0x0, 0x31, 0x1)
	/home/advocate/Advocate/Experiments/Advocate/advocate/fuzzing/fuzzing.go:217 +0x57b
advocate/fuzzing.Fuzzing()
	/home/advocate/Advocate/Experiments/Advocate/advocate/fuzzing/fuzzing.go:135 +0xea5
advocate/run.modeFuzzing()
	/home/advocate/Advocate/Experiments/Advocate/advocate/run/modes.go:34 +0x5e
advocate/run.Run()
	/home/advocate/Advocate/Experiments/Advocate/advocate/run/run.go:100 +0x5b5
main.main()
	/home/advocate/Advocate/Experiments/Advocate/advocate/main.go:28 +0x1c
2026/06/05 16:25:50 [31mNot enough RAM[0m
2026/06/05 16:25:50 goroutine 20 [running]:
advocate/utils/control.printAllGoroutines()
	/home/advocate/Advocate/Experiments/Advocate/advocate/utils/control/utils.go:20 +0x3d
advocate/utils/control.cancelRAM(0x77cd50, 0x77cd48, 0x77cd58)
	/home/advocate/Advocate/Experiments/Advocate/advocate/utils/control/memory.go:109 +0x6e
advocate/utils/control.Supervisor(0x77cd50, 0x77cd48, 0x77cd58)
	/home/advocate/Advocate/Experiments/Advocate/advocate/utils/control/memory.go:79 +0x12f
created by advocate/run.Run in goroutine 1
	/home/advocate/Advocate/Experiments/Advocate/advocate/run/run.go:63 +0x26f

goroutine 1 [runnable]:
advocate/analysis/hb/clock.(*VectorClock).GetValue(...)
	/home/advocate/Advocate/Experiments/Advocate/advocate/analysis/hb/clock/vc.go:97
advocate/analysis/hb/clock.happensBefore(0x22e1b1864bc0, 0x22e1b5076400)
	/home/advocate/Advocate/Experiments/Advocate/advocate/analysis/hb/clock/hb.go:27 +0x65
advocate/analysis/hb/clock.GetHappensBefore(0x22e1b1864bc0, 0x22e1b5076400)
	/home/advocate/Advocate/Experiments/Advocate/advocate/analysis/hb/clock/hb.go:74 +0x34
advocate/analysis/analysis/scenarios.buildResidualGraph({0x22e1bfb80000, 0x186a2, 0x22e1a601ab68?}, {0x22e1bfd4c000, 0x186a2, 0x1?})
	/home/advocate/Advocate/Experiments/Advocate/advocate/analysis/analysis/scenarios/graph.go:60 +0x49f
advocate/analysis/analysis/scenarios.CheckForUnlockBeforeLock()
	/home/advocate/Advocate/Experiments/Advocate/advocate/analysis/analysis/scenarios/unlockBeforeLock.go:75 +0x2b5
advocate/analysis/analysis.RunHBAnalysis(0x1)
	/home/advocate/Advocate/Experiments/Advocate/advocate/analysis/analysis/analysis.go:262 +0xc9b
advocate/analysis/analysis.RunAnalysis(0x1)
	/home/advocate/Advocate/Experiments/Advocate/advocate/analysis/analysis/analysis.go:63 +0x105
advocate/toolchain.runAnalyzer({0x22e1a6138180, 0x74}, {0x22e1a6138300?, 0x66?}, {0x22e1a6138280, 0x7a}, {0x22e1a6138400, 0x75}, 0x0, {0x22e1a61bec00, ...}, ...)
	/home/advocate/Advocate/Experiments/Advocate/advocate/toolchain/analyzer.go:78 +0x43b
advocate/toolchain.unitTestAnalyzer({0x22e1a637a0e0, 0x66}, {0x760f26?, 0x22e1a600a048?}, 0x0, {0x22e1a61bec00, 0x7e}, {0x22e1a80b1182, 0x13})
	/home/advocate/Advocate/Experiments/Advocate/advocate/toolchain/fullWorkflowUnit.go:619 +0x25c
advocate/toolchain.unitTestFullWorkflow({0x22e1a6088000?, 0x2c}, {0x7ffff78d010d, 0x4c}, 0x1, 0x1, 0x1, {0x22e1a80b1182, 0x13}, {0x22e1a8084d40, ...}, ...)
	/home/advocate/Advocate/Experiments/Advocate/advocate/toolchain/fullWorkflowUnit.go:479 +0x625
advocate/toolchain.runWorkflowUnit({0x7ffff78d010d, 0x4c}, 0x1, 0x1, 0x1, {0x22e1a6138a80, 0x7e}, 0x0, {0x0, 0x0}, ...)
	/home/advocate/Advocate/Experiments/Advocate/advocate/toolchain/fullWorkflowUnit.go:171 +0x1190
advocate/toolchain.Run({0x75dd74, 0x4}, {0x22e1a6138a80, 0x7e}, 0x1, 0x1, 0x1, 0x0, {0x0, 0x0}, ...)
	/home/advocate/Advocate/Experiments/Advocate/advocate/toolchain/toolchain.go:72 +0x389
advocate/fuzzing.runFuzzing({0x22e1a6138a80, 0x7e}, 0x0, 0x31, 0x1)
	/home/advocate/Advocate/Experiments/Advocate/advocate/fuzzing/fuzzing.go:217 +0x57b
advocate/fuzzing.Fuzzing()
	/home/advocate/Advocate/Experiments/Advocate/advocate/fuzzing/fuzzing.go:135 +0xea5
advocate/run.modeFuzzing()
	/home/advocate/Advocate/Experiments/Advocate/advocate/run/modes.go:34 +0x5e
advocate/run.Run()
	/home/advocate/Advocate/Experiments/Advocate/advocate/run/run.go:100 +0x5b5
main.main()
	/home/advocate/Advocate/Experiments/Advocate/advocate/main.go:28 +0x1c
2026/06/05 16:25:59 [31mNot enough RAM[0m
2026/06/05 16:25:59 goroutine 20 [running]:
advocate/utils/control.printAllGoroutines()
	/home/advocate/Advocate/Experiments/Advocate/advocate/utils/control/utils.go:20 +0x3d
advocate/utils/control.cancelRAM(0x77cd50, 0x77cd48, 0x77cd58)
	/home/advocate/Advocate/Experiments/Advocate/advocate/utils/control/memory.go:109 +0x6e
advocate/utils/control.Supervisor(0x77cd50, 0x77cd48, 0x77cd58)
	/home/advocate/Advocate/Experiments/Advocate/advocate/utils/control/memory.go:79 +0x12f
created by advocate/run.Run in goroutine 1
	/home/advocate/Advocate/Experiments/Advocate/advocate/run/run.go:63 +0x26f

goroutine 1 [runnable]:
advocate/analysis/hb/clock.(*VectorClock).GetValue(...)
	/home/advocate/Advocate/Experiments/Advocate/advocate/analysis/hb/clock/vc.go:97
advocate/analysis/hb/clock.happensBefore(0x22e1bf4d0130, 0x22e1b534b7a0)
	/home/advocate/Advocate/Experiments/Advocate/advocate/analysis/hb/clock/hb.go:27 +0x65
advocate/analysis/hb/clock.GetHappensBefore(0x22e1bf4d0130, 0x22e1b534b7a0)
	/home/advocate/Advocate/Experiments/Advocate/advocate/analysis/hb/clock/hb.go:74 +0x34
advocate/analysis/analysis/scenarios.buildResidualGraph({0x22e1bfb80000, 0x186a2, 0x22e1a601ab68?}, {0x22e1bfd4c000, 0x186a2, 0x1?})
	/home/advocate/Advocate/Experiments/Advocate/advocate/analysis/analysis/scenarios/graph.go:60 +0x49f
advocate/analysis/analysis/scenarios.CheckForUnlockBeforeLock()
	/home/advocate/Advocate/Experiments/Advocate/advocate/analysis/analysis/scenarios/unlockBeforeLock.go:75 +0x2b5
advocate/analysis/analysis.RunHBAnalysis(0x1)
	/home/advocate/Advocate/Experiments/Advocate/advocate/analysis/analysis/analysis.go:262 +0xc9b
advocate/analysis/analysis.RunAnalysis(0x1)
	/home/advocate/Advocate/Experiments/Advocate/advocate/analysis/analysis/analysis.go:63 +0x105
advocate/toolchain.runAnalyzer({0x22e1a6138180, 0x74}, {0x22e1a6138300?, 0x66?}, {0x22e1a6138280, 0x7a}, {0x22e1a6138400, 0x75}, 0x0, {0x22e1a61bec00, ...}, ...)
	/home/advocate/Advocate/Experiments/Advocate/advocate/toolchain/analyzer.go:78 +0x43b
advocate/toolchain.unitTestAnalyzer({0x22e1a637a0e0, 0x66}, {0x760f26?, 0x22e1a600a048?}, 0x0, {0x22e1a61bec00, 0x7e}, {0x22e1a80b1182, 0x13})
	/home/advocate/Advocate/Experiments/Advocate/advocate/toolchain/fullWorkflowUnit.go:619 +0x25c
advocate/toolchain.unitTestFullWorkflow({0x22e1a6088000?, 0x2c}, {0x7ffff78d010d, 0x4c}, 0x1, 0x1, 0x1, {0x22e1a80b1182, 0x13}, {0x22e1a8084d40, ...}, ...)
	/home/advocate/Advocate/Experiments/Advocate/advocate/toolchain/fullWorkflowUnit.go:479 +0x625
advocate/toolchain.runWorkflowUnit({0x7ffff78d010d, 0x4c}, 0x1, 0x1, 0x1, {0x22e1a6138a80, 0x7e}, 0x0, {0x0, 0x0}, ...)
	/home/advocate/Advocate/Experiments/Advocate/advocate/toolchain/fullWorkflowUnit.go:171 +0x1190
advocate/toolchain.Run({0x75dd74, 0x4}, {0x22e1a6138a80, 0x7e}, 0x1, 0x1, 0x1, 0x0, {0x0, 0x0}, ...)
	/home/advocate/Advocate/Experiments/Advocate/advocate/toolchain/toolchain.go:72 +0x389
advocate/fuzzing.runFuzzing({0x22e1a6138a80, 0x7e}, 0x0, 0x31, 0x1)
	/home/advocate/Advocate/Experiments/Advocate/advocate/fuzzing/fuzzing.go:217 +0x57b
advocate/fuzzing.Fuzzing()
	/home/advocate/Advocate/Experiments/Advocate/advocate/fuzzing/fuzzing.go:135 +0xea5
advocate/run.modeFuzzing()
	/home/advocate/Advocate/Experiments/Advocate/advocate/run/modes.go:34 +0x5e
advocate/run.Run()
	/home/advocate/Advocate/Experiments/Advocate/advocate/run/run.go:100 +0x5b5
main.main()
	/home/advocate/Advocate/Experiments/Advocate/advocate/main.go:28 +0x1c
2026/06/05 16:26:09 [31mNot enough RAM[0m
2026/06/05 16:26:09 goroutine 20 [running]:
advocate/utils/control.printAllGoroutines()
	/home/advocate/Advocate/Experiments/Advocate/advocate/utils/control/utils.go:20 +0x3d
advocate/utils/control.cancelRAM(0x77cd50, 0x77cd48, 0x77cd58)
	/home/advocate/Advocate/Experiments/Advocate/advocate/utils/control/memory.go:109 +0x6e
advocate/utils/control.Supervisor(0x77cd50, 0x77cd48, 0x77cd58)
	/home/advocate/Advocate/Experiments/Advocate/advocate/utils/control/memory.go:79 +0x12f
created by advocate/run.Run in goroutine 1
	/home/advocate/Advocate/Experiments/Advocate/advocate/run/run.go:63 +0x26f

goroutine 1 [runnable]:
advocate/analysis/hb/clock.(*VectorClock).GetValue(...)
	/home/advocate/Advocate/Experiments/Advocate/advocate/analysis/hb/clock/vc.go:97
advocate/analysis/hb/clock.happensBefore(0x22e1bc3481d0, 0x22e1b563cc40)
	/home/advocate/Advocate/Experiments/Advocate/advocate/analysis/hb/clock/hb.go:27 +0x96
advocate/analysis/hb/clock.GetHappensBefore(0x22e1bc3481d0, 0x22e1b563cc40)
	/home/advocate/Advocate/Experiments/Advocate/advocate/analysis/hb/clock/hb.go:74 +0x34
advocate/analysis/analysis/scenarios.buildResidualGraph({0x22e1bfb80000, 0x186a2, 0x22e1a601ab68?}, {0x22e1bfd4c000, 0x186a2, 0x1?})
	/home/advocate/Advocate/Experiments/Advocate/advocate/analysis/analysis/scenarios/graph.go:60 +0x49f
advocate/analysis/analysis/scenarios.CheckForUnlockBeforeLock()
	/home/advocate/Advocate/Experiments/Advocate/advocate/analysis/analysis/scenarios/unlockBeforeLock.go:75 +0x2b5
advocate/analysis/analysis.RunHBAnalysis(0x1)
	/home/advocate/Advocate/Experiments/Advocate/advocate/analysis/analysis/analysis.go:262 +0xc9b
advocate/analysis/analysis.RunAnalysis(0x1)
	/home/advocate/Advocate/Experiments/Advocate/advocate/analysis/analysis/analysis.go:63 +0x105
advocate/toolchain.runAnalyzer({0x22e1a6138180, 0x74}, {0x22e1a6138300?, 0x66?}, {0x22e1a6138280, 0x7a}, {0x22e1a6138400, 0x75}, 0x0, {0x22e1a61bec00, ...}, ...)
	/home/advocate/Advocate/Experiments/Advocate/advocate/toolchain/analyzer.go:78 +0x43b
advocate/toolchain.unitTestAnalyzer({0x22e1a637a0e0, 0x66}, {0x760f26?, 0x22e1a600a048?}, 0x0, {0x22e1a61bec00, 0x7e}, {0x22e1a80b1182, 0x13})
	/home/advocate/Advocate/Experiments/Advocate/advocate/toolchain/fullWorkflowUnit.go:619 +0x25c
advocate/toolchain.unitTestFullWorkflow({0x22e1a6088000?, 0x2c}, {0x7ffff78d010d, 0x4c}, 0x1, 0x1, 0x1, {0x22e1a80b1182, 0x13}, {0x22e1a8084d40, ...}, ...)
	/home/advocate/Advocate/Experiments/Advocate/advocate/toolchain/fullWorkflowUnit.go:479 +0x625
advocate/toolchain.runWorkflowUnit({0x7ffff78d010d, 0x4c}, 0x1, 0x1, 0x1, {0x22e1a6138a80, 0x7e}, 0x0, {0x0, 0x0}, ...)
	/home/advocate/Advocate/Experiments/Advocate/advocate/toolchain/fullWorkflowUnit.go:171 +0x1190
advocate/toolchain.Run({0x75dd74, 0x4}, {0x22e1a6138a80, 0x7e}, 0x1, 0x1, 0x1, 0x0, {0x0, 0x0}, ...)
	/home/advocate/Advocate/Experiments/Advocate/advocate/toolchain/toolchain.go:72 +0x389
advocate/fuzzing.runFuzzing({0x22e1a6138a80, 0x7e}, 0x0, 0x31, 0x1)
	/home/advocate/Advocate/Experiments/Advocate/advocate/fuzzing/fuzzing.go:217 +0x57b
advocate/fuzzing.Fuzzing()
	/home/advocate/Advocate/Experiments/Advocate/advocate/fuzzing/fuzzing.go:135 +0xea5
advocate/run.modeFuzzing()
	/home/advocate/Advocate/Experiments/Advocate/advocate/run/modes.go:34 +0x5e
advocate/run.Run()
	/home/advocate/Advocate/Experiments/Advocate/advocate/run/run.go:100 +0x5b5
main.main()
	/home/advocate/Advocate/Experiments/Advocate/advocate/main.go:28 +0x1c
2026/06/05 16:26:18 [31mNot enough RAM[0m
2026/06/05 16:26:18 goroutine 20 [running]:
advocate/utils/control.printAllGoroutines()
	/home/advocate/Advocate/Experiments/Advocate/advocate/utils/control/utils.go:20 +0x3d
advocate/utils/control.cancelRAM(0x77cd50, 0x77cd48, 0x77cd58)
	/home/advocate/Advocate/Experiments/Advocate/advocate/utils/control/memory.go:109 +0x6e
advocate/utils/control.Supervisor(0x77cd50, 0x77cd48, 0x77cd58)
	/home/advocate/Advocate/Experiments/Advocate/advocate/utils/control/memory.go:79 +0x12f
created by advocate/run.Run in goroutine 1
	/home/advocate/Advocate/Experiments/Advocate/advocate/run/run.go:63 +0x26f

goroutine 1 [runnable]:
advocate/analysis/hb/clock.(*VectorClock).GetValue(...)
	/home/advocate/Advocate/Experiments/Advocate/advocate/analysis/hb/clock/vc.go:97
advocate/analysis/hb/clock.happensBefore(0x22e1b8b3f680, 0x22e1b587e250)
	/home/advocate/Advocate/Experiments/Advocate/advocate/analysis/hb/clock/hb.go:29 +0x130
advocate/analysis/hb/clock.GetHappensBefore(0x22e1b8b3f680, 0x22e1b587e250)
	/home/advocate/Advocate/Experiments/Advocate/advocate/analysis/hb/clock/hb.go:74 +0x34
advocate/analysis/analysis/scenarios.buildResidualGraph({0x22e1bfb80000, 0x186a2, 0x22e1a601ab68?}, {0x22e1bfd4c000, 0x186a2, 0x1?})
	/home/advocate/Advocate/Experiments/Advocate/advocate/analysis/analysis/scenarios/graph.go:60 +0x49f
advocate/analysis/analysis/scenarios.CheckForUnlockBeforeLock()
	/home/advocate/Advocate/Experiments/Advocate/advocate/analysis/analysis/scenarios/unlockBeforeLock.go:75 +0x2b5
advocate/analysis/analysis.RunHBAnalysis(0x1)
	/home/advocate/Advocate/Experiments/Advocate/advocate/analysis/analysis/analysis.go:262 +0xc9b
advocate/analysis/analysis.RunAnalysis(0x1)
	/home/advocate/Advocate/Experiments/Advocate/advocate/analysis/analysis/analysis.go:63 +0x105
advocate/toolchain.runAnalyzer({0x22e1a6138180, 0x74}, {0x22e1a6138300?, 0x66?}, {0x22e1a6138280, 0x7a}, {0x22e1a6138400, 0x75}, 0x0, {0x22e1a61bec00, ...}, ...)
	/home/advocate/Advocate/Experiments/Advocate/advocate/toolchain/analyzer.go:78 +0x43b
advocate/toolchain.unitTestAnalyzer({0x22e1a637a0e0, 0x66}, {0x760f26?, 0x22e1a600a048?}, 0x0, {0x22e1a61bec00, 0x7e}, {0x22e1a80b1182, 0x13})
	/home/advocate/Advocate/Experiments/Advocate/advocate/toolchain/fullWorkflowUnit.go:619 +0x25c
advocate/toolchain.unitTestFullWorkflow({0x22e1a6088000?, 0x2c}, {0x7ffff78d010d, 0x4c}, 0x1, 0x1, 0x1, {0x22e1a80b1182, 0x13}, {0x22e1a8084d40, ...}, ...)
	/home/advocate/Advocate/Experiments/Advocate/advocate/toolchain/fullWorkflowUnit.go:479 +0x625
advocate/toolchain.runWorkflowUnit({0x7ffff78d010d, 0x4c}, 0x1, 0x1, 0x1, {0x22e1a6138a80, 0x7e}, 0x0, {0x0, 0x0}, ...)
	/home/advocate/Advocate/Experiments/Advocate/advocate/toolchain/fullWorkflowUnit.go:171 +0x1190
advocate/toolchain.Run({0x75dd74, 0x4}, {0x22e1a6138a80, 0x7e}, 0x1, 0x1, 0x1, 0x0, {0x0, 0x0}, ...)
	/home/advocate/Advocate/Experiments/Advocate/advocate/toolchain/toolchain.go:72 +0x389
advocate/fuzzing.runFuzzing({0x22e1a6138a80, 0x7e}, 0x0, 0x31, 0x1)
	/home/advocate/Advocate/Experiments/Advocate/advocate/fuzzing/fuzzing.go:217 +0x57b
advocate/fuzzing.Fuzzing()
	/home/advocate/Advocate/Experiments/Advocate/advocate/fuzzing/fuzzing.go:135 +0xea5
advocate/run.modeFuzzing()
	/home/advocate/Advocate/Experiments/Advocate/advocate/run/modes.go:34 +0x5e
advocate/run.Run()
	/home/advocate/Advocate/Experiments/Advocate/advocate/run/run.go:100 +0x5b5
main.main()
	/home/advocate/Advocate/Experiments/Advocate/advocate/main.go:28 +0x1c
2026/06/05 16:26:27 [31mNot enough RAM[0m
2026/06/05 16:26:27 goroutine 20 [running]:
advocate/utils/control.printAllGoroutines()
	/home/advocate/Advocate/Experiments/Advocate/advocate/utils/control/utils.go:20 +0x3d
advocate/utils/control.cancelRAM(0x77cd50, 0x77cd48, 0x77cd58)
	/home/advocate/Advocate/Experiments/Advocate/advocate/utils/control/memory.go:109 +0x6e
advocate/utils/control.Supervisor(0x77cd50, 0x77cd48, 0x77cd58)
	/home/advocate/Advocate/Experiments/Advocate/advocate/utils/control/memory.go:79 +0x12f
created by advocate/run.Run in goroutine 1
	/home/advocate/Advocate/Experiments/Advocate/advocate/run/run.go:63 +0x26f

goroutine 1 [runnable]:
advocate/analysis/hb/clock.(*VectorClock).GetValue(...)
	/home/advocate/Advocate/Experiments/Advocate/advocate/analysis/hb/clock/vc.go:97
advocate/analysis/hb/clock.happensBefore(0x22e1be957920, 0x22e1b5b13310)
	/home/advocate/Advocate/Experiments/Advocate/advocate/analysis/hb/clock/hb.go:29 +0xe6
advocate/analysis/hb/clock.GetHappensBefore(0x22e1be957920, 0x22e1b5b13310)
	/home/advocate/Advocate/Experiments/Advocate/advocate/analysis/hb/clock/hb.go:74 +0x34
advocate/analysis/analysis/scenarios.buildResidualGraph({0x22e1bfb80000, 0x186a2, 0x22e1a601ab68?}, {0x22e1bfd4c000, 0x186a2, 0x1?})
	/home/advocate/Advocate/Experiments/Advocate/advocate/analysis/analysis/scenarios/graph.go:60 +0x49f
advocate/analysis/analysis/scenarios.CheckForUnlockBeforeLock()
	/home/advocate/Advocate/Experiments/Advocate/advocate/analysis/analysis/scenarios/unlockBeforeLock.go:75 +0x2b5
advocate/analysis/analysis.RunHBAnalysis(0x1)
	/home/advocate/Advocate/Experiments/Advocate/advocate/analysis/analysis/analysis.go:262 +0xc9b
advocate/analysis/analysis.RunAnalysis(0x1)
	/home/advocate/Advocate/Experiments/Advocate/advocate/analysis/analysis/analysis.go:63 +0x105
advocate/toolchain.runAnalyzer({0x22e1a6138180, 0x74}, {0x22e1a6138300?, 0x66?}, {0x22e1a6138280, 0x7a}, {0x22e1a6138400, 0x75}, 0x0, {0x22e1a61bec00, ...}, ...)
	/home/advocate/Advocate/Experiments/Advocate/advocate/toolchain/analyzer.go:78 +0x43b
advocate/toolchain.unitTestAnalyzer({0x22e1a637a0e0, 0x66}, {0x760f26?, 0x22e1a600a048?}, 0x0, {0x22e1a61bec00, 0x7e}, {0x22e1a80b1182, 0x13})
	/home/advocate/Advocate/Experiments/Advocate/advocate/toolchain/fullWorkflowUnit.go:619 +0x25c
advocate/toolchain.unitTestFullWorkflow({0x22e1a6088000?, 0x2c}, {0x7ffff78d010d, 0x4c}, 0x1, 0x1, 0x1, {0x22e1a80b1182, 0x13}, {0x22e1a8084d40, ...}, ...)
	/home/advocate/Advocate/Experiments/Advocate/advocate/toolchain/fullWorkflowUnit.go:479 +0x625
advocate/toolchain.runWorkflowUnit({0x7ffff78d010d, 0x4c}, 0x1, 0x1, 0x1, {0x22e1a6138a80, 0x7e}, 0x0, {0x0, 0x0}, ...)
	/home/advocate/Advocate/Experiments/Advocate/advocate/toolchain/fullWorkflowUnit.go:171 +0x1190
advocate/toolchain.Run({0x75dd74, 0x4}, {0x22e1a6138a80, 0x7e}, 0x1, 0x1, 0x1, 0x0, {0x0, 0x0}, ...)
	/home/advocate/Advocate/Experiments/Advocate/advocate/toolchain/toolchain.go:72 +0x389
advocate/fuzzing.runFuzzing({0x22e1a6138a80, 0x7e}, 0x0, 0x31, 0x1)
	/home/advocate/Advocate/Experiments/Advocate/advocate/fuzzing/fuzzing.go:217 +0x57b
advocate/fuzzing.Fuzzing()
	/home/advocate/Advocate/Experiments/Advocate/advocate/fuzzing/fuzzing.go:135 +0xea5
advocate/run.modeFuzzing()
	/home/advocate/Advocate/Experiments/Advocate/advocate/run/modes.go:34 +0x5e
advocate/run.Run()
	/home/advocate/Advocate/Experiments/Advocate/advocate/run/run.go:100 +0x5b5
main.main()
	/home/advocate/Advocate/Experiments/Advocate/advocate/main.go:28 +0x1c
2026/06/05 16:26:37 [31mNot enough RAM[0m
2026/06/05 16:26:37 goroutine 20 [running]:
advocate/utils/control.printAllGoroutines()
	/home/advocate/Advocate/Experiments/Advocate/advocate/utils/control/utils.go:20 +0x3d
advocate/utils/control.cancelRAM(0x77cd50, 0x77cd48, 0x77cd58)
	/home/advocate/Advocate/Experiments/Advocate/advocate/utils/control/memory.go:109 +0x6e
advocate/utils/control.Supervisor(0x77cd50, 0x77cd48, 0x77cd58)
	/home/advocate/Advocate/Experiments/Advocate/advocate/utils/control/memory.go:79 +0x12f
created by advocate/run.Run in goroutine 1
	/home/advocate/Advocate/Experiments/Advocate/advocate/run/run.go:63 +0x26f

goroutine 1 [runnable]:
advocate/analysis/hb/clock.(*VectorClock).GetValue(...)
	/home/advocate/Advocate/Experiments/Advocate/advocate/analysis/hb/clock/vc.go:97
advocate/analysis/hb/clock.happensBefore(0x22e1bc2a3750, 0x22e1b5dd0be0)
	/home/advocate/Advocate/Experiments/Advocate/advocate/analysis/hb/clock/hb.go:29 +0x130
advocate/analysis/hb/clock.GetHappensBefore(0x22e1bc2a3750, 0x22e1b5dd0be0)
	/home/advocate/Advocate/Experiments/Advocate/advocate/analysis/hb/clock/hb.go:74 +0x34
advocate/analysis/analysis/scenarios.buildResidualGraph({0x22e1bfb80000, 0x186a2, 0x22e1a601ab68?}, {0x22e1bfd4c000, 0x186a2, 0x1?})
	/home/advocate/Advocate/Experiments/Advocate/advocate/analysis/analysis/scenarios/graph.go:60 +0x49f
advocate/analysis/analysis/scenarios.CheckForUnlockBeforeLock()
	/home/advocate/Advocate/Experiments/Advocate/advocate/analysis/analysis/scenarios/unlockBeforeLock.go:75 +0x2b5
advocate/analysis/analysis.RunHBAnalysis(0x1)
	/home/advocate/Advocate/Experiments/Advocate/advocate/analysis/analysis/analysis.go:262 +0xc9b
advocate/analysis/analysis.RunAnalysis(0x1)
	/home/advocate/Advocate/Experiments/Advocate/advocate/analysis/analysis/analysis.go:63 +0x105
advocate/toolchain.runAnalyzer({0x22e1a6138180, 0x74}, {0x22e1a6138300?, 0x66?}, {0x22e1a6138280, 0x7a}, {0x22e1a6138400, 0x75}, 0x0, {0x22e1a61bec00, ...}, ...)
	/home/advocate/Advocate/Experiments/Advocate/advocate/toolchain/analyzer.go:78 +0x43b
advocate/toolchain.unitTestAnalyzer({0x22e1a637a0e0, 0x66}, {0x760f26?, 0x22e1a600a048?}, 0x0, {0x22e1a61bec00, 0x7e}, {0x22e1a80b1182, 0x13})
	/home/advocate/Advocate/Experiments/Advocate/advocate/toolchain/fullWorkflowUnit.go:619 +0x25c
advocate/toolchain.unitTestFullWorkflow({0x22e1a6088000?, 0x2c}, {0x7ffff78d010d, 0x4c}, 0x1, 0x1, 0x1, {0x22e1a80b1182, 0x13}, {0x22e1a8084d40, ...}, ...)
	/home/advocate/Advocate/Experiments/Advocate/advocate/toolchain/fullWorkflowUnit.go:479 +0x625
advocate/toolchain.runWorkflowUnit({0x7ffff78d010d, 0x4c}, 0x1, 0x1, 0x1, {0x22e1a6138a80, 0x7e}, 0x0, {0x0, 0x0}, ...)
	/home/advocate/Advocate/Experiments/Advocate/advocate/toolchain/fullWorkflowUnit.go:171 +0x1190
advocate/toolchain.Run({0x75dd74, 0x4}, {0x22e1a6138a80, 0x7e}, 0x1, 0x1, 0x1, 0x0, {0x0, 0x0}, ...)
	/home/advocate/Advocate/Experiments/Advocate/advocate/toolchain/toolchain.go:72 +0x389
advocate/fuzzing.runFuzzing({0x22e1a6138a80, 0x7e}, 0x0, 0x31, 0x1)
	/home/advocate/Advocate/Experiments/Advocate/advocate/fuzzing/fuzzing.go:217 +0x57b
advocate/fuzzing.Fuzzing()
	/home/advocate/Advocate/Experiments/Advocate/advocate/fuzzing/fuzzing.go:135 +0xea5
advocate/run.modeFuzzing()
	/home/advocate/Advocate/Experiments/Advocate/advocate/run/modes.go:34 +0x5e
advocate/run.Run()
	/home/advocate/Advocate/Experiments/Advocate/advocate/run/run.go:100 +0x5b5
main.main()
	/home/advocate/Advocate/Experiments/Advocate/advocate/main.go:28 +0x1c
2026/06/05 16:26:46 [31mNot enough RAM[0m
2026/06/05 16:26:46 goroutine 20 [running]:
advocate/utils/control.printAllGoroutines()
	/home/advocate/Advocate/Experiments/Advocate/advocate/utils/control/utils.go:20 +0x3d
advocate/utils/control.cancelRAM(0x77cd50, 0x77cd48, 0x77cd58)
	/home/advocate/Advocate/Experiments/Advocate/advocate/utils/control/memory.go:109 +0x6e
advocate/utils/control.Supervisor(0x77cd50, 0x77cd48, 0x77cd58)
	/home/advocate/Advocate/Experiments/Advocate/advocate/utils/control/memory.go:79 +0x12f
created by advocate/run.Run in goroutine 1
	/home/advocate/Advocate/Experiments/Advocate/advocate/run/run.go:63 +0x26f

goroutine 1 [runnable]:
advocate/analysis/hb/clock.(*VectorClock).GetValue(...)
	/home/advocate/Advocate/Experiments/Advocate/advocate/analysis/hb/clock/vc.go:97
advocate/analysis/hb/clock.happensBefore(0x22e1bb31d990, 0x22e1b61721f0)
	/home/advocate/Advocate/Experiments/Advocate/advocate/analysis/hb/clock/hb.go:27 +0x96
advocate/analysis/hb/clock.GetHappensBefore(0x22e1bb31d990, 0x22e1b61721f0)
	/home/advocate/Advocate/Experiments/Advocate/advocate/analysis/hb/clock/hb.go:74 +0x34
advocate/analysis/analysis/scenarios.buildResidualGraph({0x22e1bfb80000, 0x186a2, 0x22e1a601ab68?}, {0x22e1bfd4c000, 0x186a2, 0x1?})
	/home/advocate/Advocate/Experiments/Advocate/advocate/analysis/analysis/scenarios/graph.go:60 +0x49f
advocate/analysis/analysis/scenarios.CheckForUnlockBeforeLock()
	/home/advocate/Advocate/Experiments/Advocate/advocate/analysis/analysis/scenarios/unlockBeforeLock.go:75 +0x2b5
advocate/analysis/analysis.RunHBAnalysis(0x1)
	/home/advocate/Advocate/Experiments/Advocate/advocate/analysis/analysis/analysis.go:262 +0xc9b
advocate/analysis/analysis.RunAnalysis(0x1)
	/home/advocate/Advocate/Experiments/Advocate/advocate/analysis/analysis/analysis.go:63 +0x105
advocate/toolchain.runAnalyzer({0x22e1a6138180, 0x74}, {0x22e1a6138300?, 0x66?}, {0x22e1a6138280, 0x7a}, {0x22e1a6138400, 0x75}, 0x0, {0x22e1a61bec00, ...}, ...)
	/home/advocate/Advocate/Experiments/Advocate/advocate/toolchain/analyzer.go:78 +0x43b
advocate/toolchain.unitTestAnalyzer({0x22e1a637a0e0, 0x66}, {0x760f26?, 0x22e1a600a048?}, 0x0, {0x22e1a61bec00, 0x7e}, {0x22e1a80b1182, 0x13})
	/home/advocate/Advocate/Experiments/Advocate/advocate/toolchain/fullWorkflowUnit.go:619 +0x25c
advocate/toolchain.unitTestFullWorkflow({0x22e1a6088000?, 0x2c}, {0x7ffff78d010d, 0x4c}, 0x1, 0x1, 0x1, {0x22e1a80b1182, 0x13}, {0x22e1a8084d40, ...}, ...)
	/home/advocate/Advocate/Experiments/Advocate/advocate/toolchain/fullWorkflowUnit.go:479 +0x625
advocate/toolchain.runWorkflowUnit({0x7ffff78d010d, 0x4c}, 0x1, 0x1, 0x1, {0x22e1a6138a80, 0x7e}, 0x0, {0x0, 0x0}, ...)
	/home/advocate/Advocate/Experiments/Advocate/advocate/toolchain/fullWorkflowUnit.go:171 +0x1190
advocate/toolchain.Run({0x75dd74, 0x4}, {0x22e1a6138a80, 0x7e}, 0x1, 0x1, 0x1, 0x0, {0x0, 0x0}, ...)
	/home/advocate/Advocate/Experiments/Advocate/advocate/toolchain/toolchain.go:72 +0x389
advocate/fuzzing.runFuzzing({0x22e1a6138a80, 0x7e}, 0x0, 0x31, 0x1)
	/home/advocate/Advocate/Experiments/Advocate/advocate/fuzzing/fuzzing.go:217 +0x57b
advocate/fuzzing.Fuzzing()
	/home/advocate/Advocate/Experiments/Advocate/advocate/fuzzing/fuzzing.go:135 +0xea5
advocate/run.modeFuzzing()
	/home/advocate/Advocate/Experiments/Advocate/advocate/run/modes.go:34 +0x5e
advocate/run.Run()
	/home/advocate/Advocate/Experiments/Advocate/advocate/run/run.go:100 +0x5b5
main.main()
	/home/advocate/Advocate/Experiments/Advocate/advocate/main.go:28 +0x1c
2026/06/05 16:26:55 [31mNot enough RAM[0m
2026/06/05 16:26:55 goroutine 20 [running]:
advocate/utils/control.printAllGoroutines()
	/home/advocate/Advocate/Experiments/Advocate/advocate/utils/control/utils.go:20 +0x3d
advocate/utils/control.cancelRAM(0x77cd50, 0x77cd48, 0x77cd58)
	/home/advocate/Advocate/Experiments/Advocate/advocate/utils/control/memory.go:109 +0x6e
advocate/utils/control.Supervisor(0x77cd50, 0x77cd48, 0x77cd58)
	/home/advocate/Advocate/Experiments/Advocate/advocate/utils/control/memory.go:79 +0x12f
created by advocate/run.Run in goroutine 1
	/home/advocate/Advocate/Experiments/Advocate/advocate/run/run.go:63 +0x26f

goroutine 1 [runnable]:
advocate/analysis/hb/clock.(*VectorClock).GetValue(...)
	/home/advocate/Advocate/Experiments/Advocate/advocate/analysis/hb/clock/vc.go:97
advocate/analysis/hb/clock.happensBefore(0x22e1b63e7850, 0x22e1bb2129e0)
	/home/advocate/Advocate/Experiments/Advocate/advocate/analysis/hb/clock/hb.go:29 +0xe6
advocate/analysis/hb/clock.GetHappensBefore(0x22e1bb2129e0, 0x22e1b63e7850)
	/home/advocate/Advocate/Experiments/Advocate/advocate/analysis/hb/clock/hb.go:77 +0x47
advocate/analysis/analysis/scenarios.buildResidualGraph({0x22e1bfb80000, 0x186a2, 0x22e1a601ab68?}, {0x22e1bfd4c000, 0x186a2, 0x1?})
	/home/advocate/Advocate/Experiments/Advocate/advocate/analysis/analysis/scenarios/graph.go:60 +0x49f
advocate/analysis/analysis/scenarios.CheckForUnlockBeforeLock()
	/home/advocate/Advocate/Experiments/Advocate/advocate/analysis/analysis/scenarios/unlockBeforeLock.go:75 +0x2b5
advocate/analysis/analysis.RunHBAnalysis(0x1)
	/home/advocate/Advocate/Experiments/Advocate/advocate/analysis/analysis/analysis.go:262 +0xc9b
advocate/analysis/analysis.RunAnalysis(0x1)
	/home/advocate/Advocate/Experiments/Advocate/advocate/analysis/analysis/analysis.go:63 +0x105
advocate/toolchain.runAnalyzer({0x22e1a6138180, 0x74}, {0x22e1a6138300?, 0x66?}, {0x22e1a6138280, 0x7a}, {0x22e1a6138400, 0x75}, 0x0, {0x22e1a61bec00, ...}, ...)
	/home/advocate/Advocate/Experiments/Advocate/advocate/toolchain/analyzer.go:78 +0x43b
advocate/toolchain.unitTestAnalyzer({0x22e1a637a0e0, 0x66}, {0x760f26?, 0x22e1a600a048?}, 0x0, {0x22e1a61bec00, 0x7e}, {0x22e1a80b1182, 0x13})
	/home/advocate/Advocate/Experiments/Advocate/advocate/toolchain/fullWorkflowUnit.go:619 +0x25c
advocate/toolchain.unitTestFullWorkflow({0x22e1a6088000?, 0x2c}, {0x7ffff78d010d, 0x4c}, 0x1, 0x1, 0x1, {0x22e1a80b1182, 0x13}, {0x22e1a8084d40, ...}, ...)
	/home/advocate/Advocate/Experiments/Advocate/advocate/toolchain/fullWorkflowUnit.go:479 +0x625
advocate/toolchain.runWorkflowUnit({0x7ffff78d010d, 0x4c}, 0x1, 0x1, 0x1, {0x22e1a6138a80, 0x7e}, 0x0, {0x0, 0x0}, ...)
	/home/advocate/Advocate/Experiments/Advocate/advocate/toolchain/fullWorkflowUnit.go:171 +0x1190
advocate/toolchain.Run({0x75dd74, 0x4}, {0x22e1a6138a80, 0x7e}, 0x1, 0x1, 0x1, 0x0, {0x0, 0x0}, ...)
	/home/advocate/Advocate/Experiments/Advocate/advocate/toolchain/toolchain.go:72 +0x389
advocate/fuzzing.runFuzzing({0x22e1a6138a80, 0x7e}, 0x0, 0x31, 0x1)
	/home/advocate/Advocate/Experiments/Advocate/advocate/fuzzing/fuzzing.go:217 +0x57b
advocate/fuzzing.Fuzzing()
	/home/advocate/Advocate/Experiments/Advocate/advocate/fuzzing/fuzzing.go:135 +0xea5
advocate/run.modeFuzzing()
	/home/advocate/Advocate/Experiments/Advocate/advocate/run/modes.go:34 +0x5e
advocate/run.Run()
	/home/advocate/Advocate/Experiments/Advocate/advocate/run/run.go:100 +0x5b5
main.main()
	/home/advocate/Advocate/Experiments/Advocate/advocate/main.go:28 +0x1c
2026/06/05 16:27:05 [31mNot enough RAM[0m
2026/06/05 16:27:05 goroutine 20 [running]:
advocate/utils/control.printAllGoroutines()
	/home/advocate/Advocate/Experiments/Advocate/advocate/utils/control/utils.go:20 +0x3d
advocate/utils/control.cancelRAM(0x77cd50, 0x77cd48, 0x77cd58)
	/home/advocate/Advocate/Experiments/Advocate/advocate/utils/control/memory.go:109 +0x6e
advocate/utils/control.Supervisor(0x77cd50, 0x77cd48, 0x77cd58)
	/home/advocate/Advocate/Experiments/Advocate/advocate/utils/control/memory.go:79 +0x12f
created by advocate/run.Run in goroutine 1
	/home/advocate/Advocate/Experiments/Advocate/advocate/run/run.go:63 +0x26f

goroutine 1 [runnable]:
advocate/analysis/hb/clock.(*VectorClock).GetValue(...)
	/home/advocate/Advocate/Experiments/Advocate/advocate/analysis/hb/clock/vc.go:97
advocate/analysis/hb/clock.happensBefore(0x22e1b66e2ba0, 0x22e1b89ed9d0)
	/home/advocate/Advocate/Experiments/Advocate/advocate/analysis/hb/clock/hb.go:29 +0xe6
advocate/analysis/hb/clock.GetHappensBefore(0x22e1b89ed9d0, 0x22e1b66e2ba0)
	/home/advocate/Advocate/Experiments/Advocate/advocate/analysis/hb/clock/hb.go:77 +0x47
advocate/analysis/analysis/scenarios.buildResidualGraph({0x22e1bfb80000, 0x186a2, 0x22e1a601ab68?}, {0x22e1bfd4c000, 0x186a2, 0x1?})
	/home/advocate/Advocate/Experiments/Advocate/advocate/analysis/analysis/scenarios/graph.go:60 +0x49f
advocate/analysis/analysis/scenarios.CheckForUnlockBeforeLock()
	/home/advocate/Advocate/Experiments/Advocate/advocate/analysis/analysis/scenarios/unlockBeforeLock.go:75 +0x2b5
advocate/analysis/analysis.RunHBAnalysis(0x1)
	/home/advocate/Advocate/Experiments/Advocate/advocate/analysis/analysis/analysis.go:262 +0xc9b
advocate/analysis/analysis.RunAnalysis(0x1)
	/home/advocate/Advocate/Experiments/Advocate/advocate/analysis/analysis/analysis.go:63 +0x105
advocate/toolchain.runAnalyzer({0x22e1a6138180, 0x74}, {0x22e1a6138300?, 0x66?}, {0x22e1a6138280, 0x7a}, {0x22e1a6138400, 0x75}, 0x0, {0x22e1a61bec00, ...}, ...)
	/home/advocate/Advocate/Experiments/Advocate/advocate/toolchain/analyzer.go:78 +0x43b
advocate/toolchain.unitTestAnalyzer({0x22e1a637a0e0, 0x66}, {0x760f26?, 0x22e1a600a048?}, 0x0, {0x22e1a61bec00, 0x7e}, {0x22e1a80b1182, 0x13})
	/home/advocate/Advocate/Experiments/Advocate/advocate/toolchain/fullWorkflowUnit.go:619 +0x25c
advocate/toolchain.unitTestFullWorkflow({0x22e1a6088000?, 0x2c}, {0x7ffff78d010d, 0x4c}, 0x1, 0x1, 0x1, {0x22e1a80b1182, 0x13}, {0x22e1a8084d40, ...}, ...)
	/home/advocate/Advocate/Experiments/Advocate/advocate/toolchain/fullWorkflowUnit.go:479 +0x625
advocate/toolchain.runWorkflowUnit({0x7ffff78d010d, 0x4c}, 0x1, 0x1, 0x1, {0x22e1a6138a80, 0x7e}, 0x0, {0x0, 0x0}, ...)
	/home/advocate/Advocate/Experiments/Advocate/advocate/toolchain/fullWorkflowUnit.go:171 +0x1190
advocate/toolchain.Run({0x75dd74, 0x4}, {0x22e1a6138a80, 0x7e}, 0x1, 0x1, 0x1, 0x0, {0x0, 0x0}, ...)
	/home/advocate/Advocate/Experiments/Advocate/advocate/toolchain/toolchain.go:72 +0x389
advocate/fuzzing.runFuzzing({0x22e1a6138a80, 0x7e}, 0x0, 0x31, 0x1)
	/home/advocate/Advocate/Experiments/Advocate/advocate/fuzzing/fuzzing.go:217 +0x57b
advocate/fuzzing.Fuzzing()
	/home/advocate/Advocate/Experiments/Advocate/advocate/fuzzing/fuzzing.go:135 +0xea5
advocate/run.modeFuzzing()
	/home/advocate/Advocate/Experiments/Advocate/advocate/run/modes.go:34 +0x5e
advocate/run.Run()
	/home/advocate/Advocate/Experiments/Advocate/advocate/run/run.go:100 +0x5b5
main.main()
	/home/advocate/Advocate/Experiments/Advocate/advocate/main.go:28 +0x1c
2026/06/05 16:27:15 [31mNot enough RAM[0m
2026/06/05 16:27:15 goroutine 20 [running]:
advocate/utils/control.printAllGoroutines()
	/home/advocate/Advocate/Experiments/Advocate/advocate/utils/control/utils.go:20 +0x3d
advocate/utils/control.cancelRAM(0x77cd50, 0x77cd48, 0x77cd58)
	/home/advocate/Advocate/Experiments/Advocate/advocate/utils/control/memory.go:109 +0x6e
advocate/utils/control.Supervisor(0x77cd50, 0x77cd48, 0x77cd58)
	/home/advocate/Advocate/Experiments/Advocate/advocate/utils/control/memory.go:79 +0x12f
created by advocate/run.Run in goroutine 1
	/home/advocate/Advocate/Experiments/Advocate/advocate/run/run.go:63 +0x26f

goroutine 1 [runnable]:
advocate/analysis/hb/clock.(*VectorClock).GetValue(...)
	/home/advocate/Advocate/Experiments/Advocate/advocate/analysis/hb/clock/vc.go:97
advocate/analysis/hb/clock.happensBefore(0x22e1b45319d0, 0x22e1b6a0e9f0)
	/home/advocate/Advocate/Experiments/Advocate/advocate/analysis/hb/clock/hb.go:29 +0x130
advocate/analysis/hb/clock.GetHappensBefore(0x22e1b45319d0, 0x22e1b6a0e9f0)
	/home/advocate/Advocate/Experiments/Advocate/advocate/analysis/hb/clock/hb.go:74 +0x34
advocate/analysis/analysis/scenarios.buildResidualGraph({0x22e1bfb80000, 0x186a2, 0x22e1a601ab68?}, {0x22e1bfd4c000, 0x186a2, 0x1?})
	/home/advocate/Advocate/Experiments/Advocate/advocate/analysis/analysis/scenarios/graph.go:60 +0x49f
advocate/analysis/analysis/scenarios.CheckForUnlockBeforeLock()
	/home/advocate/Advocate/Experiments/Advocate/advocate/analysis/analysis/scenarios/unlockBeforeLock.go:75 +0x2b5
advocate/analysis/analysis.RunHBAnalysis(0x1)
	/home/advocate/Advocate/Experiments/Advocate/advocate/analysis/analysis/analysis.go:262 +0xc9b
advocate/analysis/analysis.RunAnalysis(0x1)
	/home/advocate/Advocate/Experiments/Advocate/advocate/analysis/analysis/analysis.go:63 +0x105
advocate/toolchain.runAnalyzer({0x22e1a6138180, 0x74}, {0x22e1a6138300?, 0x66?}, {0x22e1a6138280, 0x7a}, {0x22e1a6138400, 0x75}, 0x0, {0x22e1a61bec00, ...}, ...)
	/home/advocate/Advocate/Experiments/Advocate/advocate/toolchain/analyzer.go:78 +0x43b
advocate/toolchain.unitTestAnalyzer({0x22e1a637a0e0, 0x66}, {0x760f26?, 0x22e1a600a048?}, 0x0, {0x22e1a61bec00, 0x7e}, {0x22e1a80b1182, 0x13})
	/home/advocate/Advocate/Experiments/Advocate/advocate/toolchain/fullWorkflowUnit.go:619 +0x25c
advocate/toolchain.unitTestFullWorkflow({0x22e1a6088000?, 0x2c}, {0x7ffff78d010d, 0x4c}, 0x1, 0x1, 0x1, {0x22e1a80b1182, 0x13}, {0x22e1a8084d40, ...}, ...)
	/home/advocate/Advocate/Experiments/Advocate/advocate/toolchain/fullWorkflowUnit.go:479 +0x625
advocate/toolchain.runWorkflowUnit({0x7ffff78d010d, 0x4c}, 0x1, 0x1, 0x1, {0x22e1a6138a80, 0x7e}, 0x0, {0x0, 0x0}, ...)
	/home/advocate/Advocate/Experiments/Advocate/advocate/toolchain/fullWorkflowUnit.go:171 +0x1190
advocate/toolchain.Run({0x75dd74, 0x4}, {0x22e1a6138a80, 0x7e}, 0x1, 0x1, 0x1, 0x0, {0x0, 0x0}, ...)
	/home/advocate/Advocate/Experiments/Advocate/advocate/toolchain/toolchain.go:72 +0x389
advocate/fuzzing.runFuzzing({0x22e1a6138a80, 0x7e}, 0x0, 0x31, 0x1)
	/home/advocate/Advocate/Experiments/Advocate/advocate/fuzzing/fuzzing.go:217 +0x57b
advocate/fuzzing.Fuzzing()
	/home/advocate/Advocate/Experiments/Advocate/advocate/fuzzing/fuzzing.go:135 +0xea5
advocate/run.modeFuzzing()
	/home/advocate/Advocate/Experiments/Advocate/advocate/run/modes.go:34 +0x5e
advocate/run.Run()
	/home/advocate/Advocate/Experiments/Advocate/advocate/run/run.go:100 +0x5b5
main.main()
	/home/advocate/Advocate/Experiments/Advocate/advocate/main.go:28 +0x1c
2026/06/05 16:27:25 [31mNot enough RAM[0m
2026/06/05 16:27:25 goroutine 20 [running]:
advocate/utils/control.printAllGoroutines()
	/home/advocate/Advocate/Experiments/Advocate/advocate/utils/control/utils.go:20 +0x3d
advocate/utils/control.cancelRAM(0x77cd50, 0x77cd48, 0x77cd58)
	/home/advocate/Advocate/Experiments/Advocate/advocate/utils/control/memory.go:109 +0x6e
advocate/utils/control.Supervisor(0x77cd50, 0x77cd48, 0x77cd58)
	/home/advocate/Advocate/Experiments/Advocate/advocate/utils/control/memory.go:79 +0x12f
created by advocate/run.Run in goroutine 1
	/home/advocate/Advocate/Experiments/Advocate/advocate/run/run.go:63 +0x26f

goroutine 1 [runnable]:
advocate/analysis/hb/clock.(*VectorClock).GetValue(...)
	/home/advocate/Advocate/Experiments/Advocate/advocate/analysis/hb/clock/vc.go:97
advocate/analysis/hb/clock.happensBefore(0x22e1b33c64f0, 0x22e1b6d14000)
	/home/advocate/Advocate/Experiments/Advocate/advocate/analysis/hb/clock/hb.go:29 +0xe6
advocate/analysis/hb/clock.GetHappensBefore(0x22e1b33c64f0, 0x22e1b6d14000)
	/home/advocate/Advocate/Experiments/Advocate/advocate/analysis/hb/clock/hb.go:74 +0x34
advocate/analysis/analysis/scenarios.buildResidualGraph({0x22e1bfb80000, 0x186a2, 0x22e1a601ab68?}, {0x22e1bfd4c000, 0x186a2, 0x1?})
	/home/advocate/Advocate/Experiments/Advocate/advocate/analysis/analysis/scenarios/graph.go:60 +0x49f
advocate/analysis/analysis/scenarios.CheckForUnlockBeforeLock()
	/home/advocate/Advocate/Experiments/Advocate/advocate/analysis/analysis/scenarios/unlockBeforeLock.go:75 +0x2b5
advocate/analysis/analysis.RunHBAnalysis(0x1)
	/home/advocate/Advocate/Experiments/Advocate/advocate/analysis/analysis/analysis.go:262 +0xc9b
advocate/analysis/analysis.RunAnalysis(0x1)
	/home/advocate/Advocate/Experiments/Advocate/advocate/analysis/analysis/analysis.go:63 +0x105
advocate/toolchain.runAnalyzer({0x22e1a6138180, 0x74}, {0x22e1a6138300?, 0x66?}, {0x22e1a6138280, 0x7a}, {0x22e1a6138400, 0x75}, 0x0, {0x22e1a61bec00, ...}, ...)
	/home/advocate/Advocate/Experiments/Advocate/advocate/toolchain/analyzer.go:78 +0x43b
advocate/toolchain.unitTestAnalyzer({0x22e1a637a0e0, 0x66}, {0x760f26?, 0x22e1a600a048?}, 0x0, {0x22e1a61bec00, 0x7e}, {0x22e1a80b1182, 0x13})
	/home/advocate/Advocate/Experiments/Advocate/advocate/toolchain/fullWorkflowUnit.go:619 +0x25c
advocate/toolchain.unitTestFullWorkflow({0x22e1a6088000?, 0x2c}, {0x7ffff78d010d, 0x4c}, 0x1, 0x1, 0x1, {0x22e1a80b1182, 0x13}, {0x22e1a8084d40, ...}, ...)
	/home/advocate/Advocate/Experiments/Advocate/advocate/toolchain/fullWorkflowUnit.go:479 +0x625
advocate/toolchain.runWorkflowUnit({0x7ffff78d010d, 0x4c}, 0x1, 0x1, 0x1, {0x22e1a6138a80, 0x7e}, 0x0, {0x0, 0x0}, ...)
	/home/advocate/Advocate/Experiments/Advocate/advocate/toolchain/fullWorkflowUnit.go:171 +0x1190
advocate/toolchain.Run({0x75dd74, 0x4}, {0x22e1a6138a80, 0x7e}, 0x1, 0x1, 0x1, 0x0, {0x0, 0x0}, ...)
	/home/advocate/Advocate/Experiments/Advocate/advocate/toolchain/toolchain.go:72 +0x389
advocate/fuzzing.runFuzzing({0x22e1a6138a80, 0x7e}, 0x0, 0x31, 0x1)
	/home/advocate/Advocate/Experiments/Advocate/advocate/fuzzing/fuzzing.go:217 +0x57b
advocate/fuzzing.Fuzzing()
	/home/advocate/Advocate/Experiments/Advocate/advocate/fuzzing/fuzzing.go:135 +0xea5
advocate/run.modeFuzzing()
	/home/advocate/Advocate/Experiments/Advocate/advocate/run/modes.go:34 +0x5e
advocate/run.Run()
	/home/advocate/Advocate/Experiments/Advocate/advocate/run/run.go:100 +0x5b5
main.main()
	/home/advocate/Advocate/Experiments/Advocate/advocate/main.go:28 +0x1c
2026/06/05 16:27:35 [31mNot enough RAM[0m
2026/06/05 16:27:35 goroutine 20 [running]:
advocate/utils/control.printAllGoroutines()
	/home/advocate/Advocate/Experiments/Advocate/advocate/utils/control/utils.go:20 +0x3d
advocate/utils/control.cancelRAM(0x77cd50, 0x77cd48, 0x77cd58)
	/home/advocate/Advocate/Experiments/Advocate/advocate/utils/control/memory.go:109 +0x6e
advocate/utils/control.Supervisor(0x77cd50, 0x77cd48, 0x77cd58)
	/home/advocate/Advocate/Experiments/Advocate/advocate/utils/control/memory.go:79 +0x12f
created by advocate/run.Run in goroutine 1
	/home/advocate/Advocate/Experiments/Advocate/advocate/run/run.go:63 +0x26f

goroutine 1 [runnable]:
advocate/analysis/hb/clock.(*VectorClock).GetValue(...)
	/home/advocate/Advocate/Experiments/Advocate/advocate/analysis/hb/clock/vc.go:97
advocate/analysis/hb/clock.happensBefore(0x22e1b5b7dce0, 0x22e1b6ef5ec0)
	/home/advocate/Advocate/Experiments/Advocate/advocate/analysis/hb/clock/hb.go:27 +0x65
advocate/analysis/hb/clock.GetHappensBefore(0x22e1b5b7dce0, 0x22e1b6ef5ec0)
	/home/advocate/Advocate/Experiments/Advocate/advocate/analysis/hb/clock/hb.go:74 +0x34
advocate/analysis/analysis/scenarios.buildResidualGraph({0x22e1bfb80000, 0x186a2, 0x22e1a601ab68?}, {0x22e1bfd4c000, 0x186a2, 0x1?})
	/home/advocate/Advocate/Experiments/Advocate/advocate/analysis/analysis/scenarios/graph.go:60 +0x49f
advocate/analysis/analysis/scenarios.CheckForUnlockBeforeLock()
	/home/advocate/Advocate/Experiments/Advocate/advocate/analysis/analysis/scenarios/unlockBeforeLock.go:75 +0x2b5
advocate/analysis/analysis.RunHBAnalysis(0x1)
	/home/advocate/Advocate/Experiments/Advocate/advocate/analysis/analysis/analysis.go:262 +0xc9b
advocate/analysis/analysis.RunAnalysis(0x1)
	/home/advocate/Advocate/Experiments/Advocate/advocate/analysis/analysis/analysis.go:63 +0x105
advocate/toolchain.runAnalyzer({0x22e1a6138180, 0x74}, {0x22e1a6138300?, 0x66?}, {0x22e1a6138280, 0x7a}, {0x22e1a6138400, 0x75}, 0x0, {0x22e1a61bec00, ...}, ...)
	/home/advocate/Advocate/Experiments/Advocate/advocate/toolchain/analyzer.go:78 +0x43b
advocate/toolchain.unitTestAnalyzer({0x22e1a637a0e0, 0x66}, {0x760f26?, 0x22e1a600a048?}, 0x0, {0x22e1a61bec00, 0x7e}, {0x22e1a80b1182, 0x13})
	/home/advocate/Advocate/Experiments/Advocate/advocate/toolchain/fullWorkflowUnit.go:619 +0x25c
advocate/toolchain.unitTestFullWorkflow({0x22e1a6088000?, 0x2c}, {0x7ffff78d010d, 0x4c}, 0x1, 0x1, 0x1, {0x22e1a80b1182, 0x13}, {0x22e1a8084d40, ...}, ...)
	/home/advocate/Advocate/Experiments/Advocate/advocate/toolchain/fullWorkflowUnit.go:479 +0x625
advocate/toolchain.runWorkflowUnit({0x7ffff78d010d, 0x4c}, 0x1, 0x1, 0x1, {0x22e1a6138a80, 0x7e}, 0x0, {0x0, 0x0}, ...)
	/home/advocate/Advocate/Experiments/Advocate/advocate/toolchain/fullWorkflowUnit.go:171 +0x1190
advocate/toolchain.Run({0x75dd74, 0x4}, {0x22e1a6138a80, 0x7e}, 0x1, 0x1, 0x1, 0x0, {0x0, 0x0}, ...)
	/home/advocate/Advocate/Experiments/Advocate/advocate/toolchain/toolchain.go:72 +0x389
advocate/fuzzing.runFuzzing({0x22e1a6138a80, 0x7e}, 0x0, 0x31, 0x1)
	/home/advocate/Advocate/Experiments/Advocate/advocate/fuzzing/fuzzing.go:217 +0x57b
advocate/fuzzing.Fuzzing()
	/home/advocate/Advocate/Experiments/Advocate/advocate/fuzzing/fuzzing.go:135 +0xea5
advocate/run.modeFuzzing()
	/home/advocate/Advocate/Experiments/Advocate/advocate/run/modes.go:34 +0x5e
advocate/run.Run()
	/home/advocate/Advocate/Experiments/Advocate/advocate/run/run.go:100 +0x5b5
main.main()
	/home/advocate/Advocate/Experiments/Advocate/advocate/main.go:28 +0x1c
2026/06/05 16:27:46 [31mNot enough RAM[0m
2026/06/05 16:27:46 goroutine 20 [running]:
advocate/utils/control.printAllGoroutines()
	/home/advocate/Advocate/Experiments/Advocate/advocate/utils/control/utils.go:20 +0x3d
advocate/utils/control.cancelRAM(0x77cd50, 0x77cd48, 0x77cd58)
	/home/advocate/Advocate/Experiments/Advocate/advocate/utils/control/memory.go:109 +0x6e
advocate/utils/control.Supervisor(0x77cd50, 0x77cd48, 0x77cd58)
	/home/advocate/Advocate/Experiments/Advocate/advocate/utils/control/memory.go:79 +0x12f
created by advocate/run.Run in goroutine 1
	/home/advocate/Advocate/Experiments/Advocate/advocate/run/run.go:63 +0x26f

goroutine 1 [runnable]:
advocate/analysis/hb/clock.(*VectorClock).GetValue(...)
	/home/advocate/Advocate/Experiments/Advocate/advocate/analysis/hb/clock/vc.go:97
advocate/analysis/hb/clock.happensBefore(0x22e1b5a1a7a0, 0x22e1b727c240)
	/home/advocate/Advocate/Experiments/Advocate/advocate/analysis/hb/clock/hb.go:27 +0x96
advocate/analysis/hb/clock.GetHappensBefore(0x22e1b5a1a7a0, 0x22e1b727c240)
	/home/advocate/Advocate/Experiments/Advocate/advocate/analysis/hb/clock/hb.go:74 +0x34
advocate/analysis/analysis/scenarios.buildResidualGraph({0x22e1bfb80000, 0x186a2, 0x22e1a601ab68?}, {0x22e1bfd4c000, 0x186a2, 0x1?})
	/home/advocate/Advocate/Experiments/Advocate/advocate/analysis/analysis/scenarios/graph.go:60 +0x49f
advocate/analysis/analysis/scenarios.CheckForUnlockBeforeLock()
	/home/advocate/Advocate/Experiments/Advocate/advocate/analysis/analysis/scenarios/unlockBeforeLock.go:75 +0x2b5
advocate/analysis/analysis.RunHBAnalysis(0x1)
	/home/advocate/Advocate/Experiments/Advocate/advocate/analysis/analysis/analysis.go:262 +0xc9b
advocate/analysis/analysis.RunAnalysis(0x1)
	/home/advocate/Advocate/Experiments/Advocate/advocate/analysis/analysis/analysis.go:63 +0x105
advocate/toolchain.runAnalyzer({0x22e1a6138180, 0x74}, {0x22e1a6138300?, 0x66?}, {0x22e1a6138280, 0x7a}, {0x22e1a6138400, 0x75}, 0x0, {0x22e1a61bec00, ...}, ...)
	/home/advocate/Advocate/Experiments/Advocate/advocate/toolchain/analyzer.go:78 +0x43b
advocate/toolchain.unitTestAnalyzer({0x22e1a637a0e0, 0x66}, {0x760f26?, 0x22e1a600a048?}, 0x0, {0x22e1a61bec00, 0x7e}, {0x22e1a80b1182, 0x13})
	/home/advocate/Advocate/Experiments/Advocate/advocate/toolchain/fullWorkflowUnit.go:619 +0x25c
advocate/toolchain.unitTestFullWorkflow({0x22e1a6088000?, 0x2c}, {0x7ffff78d010d, 0x4c}, 0x1, 0x1, 0x1, {0x22e1a80b1182, 0x13}, {0x22e1a8084d40, ...}, ...)
	/home/advocate/Advocate/Experiments/Advocate/advocate/toolchain/fullWorkflowUnit.go:479 +0x625
advocate/toolchain.runWorkflowUnit({0x7ffff78d010d, 0x4c}, 0x1, 0x1, 0x1, {0x22e1a6138a80, 0x7e}, 0x0, {0x0, 0x0}, ...)
	/home/advocate/Advocate/Experiments/Advocate/advocate/toolchain/fullWorkflowUnit.go:171 +0x1190
advocate/toolchain.Run({0x75dd74, 0x4}, {0x22e1a6138a80, 0x7e}, 0x1, 0x1, 0x1, 0x0, {0x0, 0x0}, ...)
	/home/advocate/Advocate/Experiments/Advocate/advocate/toolchain/toolchain.go:72 +0x389
advocate/fuzzing.runFuzzing({0x22e1a6138a80, 0x7e}, 0x0, 0x31, 0x1)
	/home/advocate/Advocate/Experiments/Advocate/advocate/fuzzing/fuzzing.go:217 +0x57b
advocate/fuzzing.Fuzzing()
	/home/advocate/Advocate/Experiments/Advocate/advocate/fuzzing/fuzzing.go:135 +0xea5
advocate/run.modeFuzzing()
	/home/advocate/Advocate/Experiments/Advocate/advocate/run/modes.go:34 +0x5e
advocate/run.Run()
	/home/advocate/Advocate/Experiments/Advocate/advocate/run/run.go:100 +0x5b5
main.main()
	/home/advocate/Advocate/Experiments/Advocate/advocate/main.go:28 +0x1c
2026/06/05 16:27:56 [31mNot enough RAM[0m
2026/06/05 16:27:56 goroutine 20 [running]:
advocate/utils/control.printAllGoroutines()
	/home/advocate/Advocate/Experiments/Advocate/advocate/utils/control/utils.go:20 +0x3d
advocate/utils/control.cancelRAM(0x77cd50, 0x77cd48, 0x77cd58)
	/home/advocate/Advocate/Experiments/Advocate/advocate/utils/control/memory.go:109 +0x6e
advocate/utils/control.Supervisor(0x77cd50, 0x77cd48, 0x77cd58)
	/home/advocate/Advocate/Experiments/Advocate/advocate/utils/control/memory.go:79 +0x12f
created by advocate/run.Run in goroutine 1
	/home/advocate/Advocate/Experiments/Advocate/advocate/run/run.go:63 +0x26f

goroutine 1 [runnable]:
advocate/analysis/hb/clock.(*VectorClock).GetValue(...)
	/home/advocate/Advocate/Experiments/Advocate/advocate/analysis/hb/clock/vc.go:97
advocate/analysis/hb/clock.happensBefore(0x22e1b62ecbd0, 0x22e1b73228f0)
	/home/advocate/Advocate/Experiments/Advocate/advocate/analysis/hb/clock/hb.go:27 +0x96
advocate/analysis/hb/clock.GetHappensBefore(0x22e1b62ecbd0, 0x22e1b73228f0)
	/home/advocate/Advocate/Experiments/Advocate/advocate/analysis/hb/clock/hb.go:74 +0x34
advocate/analysis/analysis/scenarios.buildResidualGraph({0x22e1bfb80000, 0x186a2, 0x22e1a601ab68?}, {0x22e1bfd4c000, 0x186a2, 0x1?})
	/home/advocate/Advocate/Experiments/Advocate/advocate/analysis/analysis/scenarios/graph.go:60 +0x49f
advocate/analysis/analysis/scenarios.CheckForUnlockBeforeLock()
	/home/advocate/Advocate/Experiments/Advocate/advocate/analysis/analysis/scenarios/unlockBeforeLock.go:75 +0x2b5
advocate/analysis/analysis.RunHBAnalysis(0x1)
	/home/advocate/Advocate/Experiments/Advocate/advocate/analysis/analysis/analysis.go:262 +0xc9b
advocate/analysis/analysis.RunAnalysis(0x1)
	/home/advocate/Advocate/Experiments/Advocate/advocate/analysis/analysis/analysis.go:63 +0x105
advocate/toolchain.runAnalyzer({0x22e1a6138180, 0x74}, {0x22e1a6138300?, 0x66?}, {0x22e1a6138280, 0x7a}, {0x22e1a6138400, 0x75}, 0x0, {0x22e1a61bec00, ...}, ...)
	/home/advocate/Advocate/Experiments/Advocate/advocate/toolchain/analyzer.go:78 +0x43b
advocate/toolchain.unitTestAnalyzer({0x22e1a637a0e0, 0x66}, {0x760f26?, 0x22e1a600a048?}, 0x0, {0x22e1a61bec00, 0x7e}, {0x22e1a80b1182, 0x13})
	/home/advocate/Advocate/Experiments/Advocate/advocate/toolchain/fullWorkflowUnit.go:619 +0x25c
advocate/toolchain.unitTestFullWorkflow({0x22e1a6088000?, 0x2c}, {0x7ffff78d010d, 0x4c}, 0x1, 0x1, 0x1, {0x22e1a80b1182, 0x13}, {0x22e1a8084d40, ...}, ...)
	/home/advocate/Advocate/Experiments/Advocate/advocate/toolchain/fullWorkflowUnit.go:479 +0x625
advocate/toolchain.runWorkflowUnit({0x7ffff78d010d, 0x4c}, 0x1, 0x1, 0x1, {0x22e1a6138a80, 0x7e}, 0x0, {0x0, 0x0}, ...)
	/home/advocate/Advocate/Experiments/Advocate/advocate/toolchain/fullWorkflowUnit.go:171 +0x1190
advocate/toolchain.Run({0x75dd74, 0x4}, {0x22e1a6138a80, 0x7e}, 0x1, 0x1, 0x1, 0x0, {0x0, 0x0}, ...)
	/home/advocate/Advocate/Experiments/Advocate/advocate/toolchain/toolchain.go:72 +0x389
advocate/fuzzing.runFuzzing({0x22e1a6138a80, 0x7e}, 0x0, 0x31, 0x1)
	/home/advocate/Advocate/Experiments/Advocate/advocate/fuzzing/fuzzing.go:217 +0x57b
advocate/fuzzing.Fuzzing()
	/home/advocate/Advocate/Experiments/Advocate/advocate/fuzzing/fuzzing.go:135 +0xea5
advocate/run.modeFuzzing()
	/home/advocate/Advocate/Experiments/Advocate/advocate/run/modes.go:34 +0x5e
advocate/run.Run()
	/home/advocate/Advocate/Experiments/Advocate/advocate/run/run.go:100 +0x5b5
main.main()
	/home/advocate/Advocate/Experiments/Advocate/advocate/main.go:28 +0x1c
2026/06/05 16:28:07 [31mNot enough RAM[0m
2026/06/05 16:28:07 goroutine 20 [running]:
advocate/utils/control.printAllGoroutines()
	/home/advocate/Advocate/Experiments/Advocate/advocate/utils/control/utils.go:20 +0x3d
advocate/utils/control.cancelRAM(0x77cd50, 0x77cd48, 0x77cd58)
	/home/advocate/Advocate/Experiments/Advocate/advocate/utils/control/memory.go:109 +0x6e
advocate/utils/control.Supervisor(0x77cd50, 0x77cd48, 0x77cd58)
	/home/advocate/Advocate/Experiments/Advocate/advocate/utils/control/memory.go:79 +0x12f
created by advocate/run.Run in goroutine 1
	/home/advocate/Advocate/Experiments/Advocate/advocate/run/run.go:63 +0x26f

goroutine 1 [runnable]:
advocate/analysis/hb/clock.(*VectorClock).GetValue(...)
	/home/advocate/Advocate/Experiments/Advocate/advocate/analysis/hb/clock/vc.go:97
advocate/analysis/hb/clock.happensBefore(0x22e1bceb51a0, 0x22e1b73ccb70)
	/home/advocate/Advocate/Experiments/Advocate/advocate/analysis/hb/clock/hb.go:27 +0x96
advocate/analysis/hb/clock.GetHappensBefore(0x22e1bceb51a0, 0x22e1b73ccb70)
	/home/advocate/Advocate/Experiments/Advocate/advocate/analysis/hb/clock/hb.go:74 +0x34
advocate/analysis/analysis/scenarios.buildResidualGraph({0x22e1bfb80000, 0x186a2, 0x22e1a601ab68?}, {0x22e1bfd4c000, 0x186a2, 0x1?})
	/home/advocate/Advocate/Experiments/Advocate/advocate/analysis/analysis/scenarios/graph.go:60 +0x49f
advocate/analysis/analysis/scenarios.CheckForUnlockBeforeLock()
	/home/advocate/Advocate/Experiments/Advocate/advocate/analysis/analysis/scenarios/unlockBeforeLock.go:75 +0x2b5
advocate/analysis/analysis.RunHBAnalysis(0x1)
	/home/advocate/Advocate/Experiments/Advocate/advocate/analysis/analysis/analysis.go:262 +0xc9b
advocate/analysis/analysis.RunAnalysis(0x1)
	/home/advocate/Advocate/Experiments/Advocate/advocate/analysis/analysis/analysis.go:63 +0x105
advocate/toolchain.runAnalyzer({0x22e1a6138180, 0x74}, {0x22e1a6138300?, 0x66?}, {0x22e1a6138280, 0x7a}, {0x22e1a6138400, 0x75}, 0x0, {0x22e1a61bec00, ...}, ...)
	/home/advocate/Advocate/Experiments/Advocate/advocate/toolchain/analyzer.go:78 +0x43b
advocate/toolchain.unitTestAnalyzer({0x22e1a637a0e0, 0x66}, {0x760f26?, 0x22e1a600a048?}, 0x0, {0x22e1a61bec00, 0x7e}, {0x22e1a80b1182, 0x13})
	/home/advocate/Advocate/Experiments/Advocate/advocate/toolchain/fullWorkflowUnit.go:619 +0x25c
advocate/toolchain.unitTestFullWorkflow({0x22e1a6088000?, 0x2c}, {0x7ffff78d010d, 0x4c}, 0x1, 0x1, 0x1, {0x22e1a80b1182, 0x13}, {0x22e1a8084d40, ...}, ...)
	/home/advocate/Advocate/Experiments/Advocate/advocate/toolchain/fullWorkflowUnit.go:479 +0x625
advocate/toolchain.runWorkflowUnit({0x7ffff78d010d, 0x4c}, 0x1, 0x1, 0x1, {0x22e1a6138a80, 0x7e}, 0x0, {0x0, 0x0}, ...)
	/home/advocate/Advocate/Experiments/Advocate/advocate/toolchain/fullWorkflowUnit.go:171 +0x1190
advocate/toolchain.Run({0x75dd74, 0x4}, {0x22e1a6138a80, 0x7e}, 0x1, 0x1, 0x1, 0x0, {0x0, 0x0}, ...)
	/home/advocate/Advocate/Experiments/Advocate/advocate/toolchain/toolchain.go:72 +0x389
advocate/fuzzing.runFuzzing({0x22e1a6138a80, 0x7e}, 0x0, 0x31, 0x1)
	/home/advocate/Advocate/Experiments/Advocate/advocate/fuzzing/fuzzing.go:217 +0x57b
advocate/fuzzing.Fuzzing()
	/home/advocate/Advocate/Experiments/Advocate/advocate/fuzzing/fuzzing.go:135 +0xea5
advocate/run.modeFuzzing()
	/home/advocate/Advocate/Experiments/Advocate/advocate/run/modes.go:34 +0x5e
advocate/run.Run()
	/home/advocate/Advocate/Experiments/Advocate/advocate/run/run.go:100 +0x5b5
main.main()
	/home/advocate/Advocate/Experiments/Advocate/advocate/main.go:28 +0x1c
2026/06/05 16:28:19 [31mNot enough RAM[0m
2026/06/05 16:28:19 goroutine 20 [running]:
advocate/utils/control.printAllGoroutines()
	/home/advocate/Advocate/Experiments/Advocate/advocate/utils/control/utils.go:20 +0x3d
advocate/utils/control.cancelRAM(0x77cd50, 0x77cd48, 0x77cd58)
	/home/advocate/Advocate/Experiments/Advocate/advocate/utils/control/memory.go:109 +0x6e
advocate/utils/control.Supervisor(0x77cd50, 0x77cd48, 0x77cd58)
	/home/advocate/Advocate/Experiments/Advocate/advocate/utils/control/memory.go:79 +0x12f
created by advocate/run.Run in goroutine 1
	/home/advocate/Advocate/Experiments/Advocate/advocate/run/run.go:63 +0x26f

goroutine 1 [runnable]:
advocate/analysis/hb/clock.(*VectorClock).GetValue(...)
	/home/advocate/Advocate/Experiments/Advocate/advocate/analysis/hb/clock/vc.go:97
advocate/analysis/hb/clock.happensBefore(0x22e1b74769e0, 0x22e1b8603d90)
	/home/advocate/Advocate/Experiments/Advocate/advocate/analysis/hb/clock/hb.go:27 +0x96
advocate/analysis/hb/clock.GetHappensBefore(0x22e1b8603d90, 0x22e1b74769e0)
	/home/advocate/Advocate/Experiments/Advocate/advocate/analysis/hb/clock/hb.go:77 +0x47
advocate/analysis/analysis/scenarios.buildResidualGraph({0x22e1bfb80000, 0x186a2, 0x22e1a601ab68?}, {0x22e1bfd4c000, 0x186a2, 0x1?})
	/home/advocate/Advocate/Experiments/Advocate/advocate/analysis/analysis/scenarios/graph.go:60 +0x49f
advocate/analysis/analysis/scenarios.CheckForUnlockBeforeLock()
	/home/advocate/Advocate/Experiments/Advocate/advocate/analysis/analysis/scenarios/unlockBeforeLock.go:75 +0x2b5
advocate/analysis/analysis.RunHBAnalysis(0x1)
	/home/advocate/Advocate/Experiments/Advocate/advocate/analysis/analysis/analysis.go:262 +0xc9b
advocate/analysis/analysis.RunAnalysis(0x1)
	/home/advocate/Advocate/Experiments/Advocate/advocate/analysis/analysis/analysis.go:63 +0x105
advocate/toolchain.runAnalyzer({0x22e1a6138180, 0x74}, {0x22e1a6138300?, 0x66?}, {0x22e1a6138280, 0x7a}, {0x22e1a6138400, 0x75}, 0x0, {0x22e1a61bec00, ...}, ...)
	/home/advocate/Advocate/Experiments/Advocate/advocate/toolchain/analyzer.go:78 +0x43b
advocate/toolchain.unitTestAnalyzer({0x22e1a637a0e0, 0x66}, {0x760f26?, 0x22e1a600a048?}, 0x0, {0x22e1a61bec00, 0x7e}, {0x22e1a80b1182, 0x13})
	/home/advocate/Advocate/Experiments/Advocate/advocate/toolchain/fullWorkflowUnit.go:619 +0x25c
advocate/toolchain.unitTestFullWorkflow({0x22e1a6088000?, 0x2c}, {0x7ffff78d010d, 0x4c}, 0x1, 0x1, 0x1, {0x22e1a80b1182, 0x13}, {0x22e1a8084d40, ...}, ...)
	/home/advocate/Advocate/Experiments/Advocate/advocate/toolchain/fullWorkflowUnit.go:479 +0x625
advocate/toolchain.runWorkflowUnit({0x7ffff78d010d, 0x4c}, 0x1, 0x1, 0x1, {0x22e1a6138a80, 0x7e}, 0x0, {0x0, 0x0}, ...)
	/home/advocate/Advocate/Experiments/Advocate/advocate/toolchain/fullWorkflowUnit.go:171 +0x1190
advocate/toolchain.Run({0x75dd74, 0x4}, {0x22e1a6138a80, 0x7e}, 0x1, 0x1, 0x1, 0x0, {0x0, 0x0}, ...)
	/home/advocate/Advocate/Experiments/Advocate/advocate/toolchain/toolchain.go:72 +0x389
advocate/fuzzing.runFuzzing({0x22e1a6138a80, 0x7e}, 0x0, 0x31, 0x1)
	/home/advocate/Advocate/Experiments/Advocate/advocate/fuzzing/fuzzing.go:217 +0x57b
advocate/fuzzing.Fuzzing()
	/home/advocate/Advocate/Experiments/Advocate/advocate/fuzzing/fuzzing.go:135 +0xea5
advocate/run.modeFuzzing()
	/home/advocate/Advocate/Experiments/Advocate/advocate/run/modes.go:34 +0x5e
advocate/run.Run()
	/home/advocate/Advocate/Experiments/Advocate/advocate/run/run.go:100 +0x5b5
main.main()
	/home/advocate/Advocate/Experiments/Advocate/advocate/main.go:28 +0x1c
2026/06/05 16:28:30 [31mNot enough RAM[0m
2026/06/05 16:28:30 goroutine 20 [running]:
advocate/utils/control.printAllGoroutines()
	/home/advocate/Advocate/Experiments/Advocate/advocate/utils/control/utils.go:20 +0x3d
advocate/utils/control.cancelRAM(0x77cd50, 0x77cd48, 0x77cd58)
	/home/advocate/Advocate/Experiments/Advocate/advocate/utils/control/memory.go:109 +0x6e
advocate/utils/control.Supervisor(0x77cd50, 0x77cd48, 0x77cd58)
	/home/advocate/Advocate/Experiments/Advocate/advocate/utils/control/memory.go:79 +0x12f
created by advocate/run.Run in goroutine 1
	/home/advocate/Advocate/Experiments/Advocate/advocate/run/run.go:63 +0x26f

goroutine 1 [runnable]:
advocate/analysis/hb/clock.(*VectorClock).GetValue(...)
	/home/advocate/Advocate/Experiments/Advocate/advocate/analysis/hb/clock/vc.go:97
advocate/analysis/hb/clock.happensBefore(0x22e1b42fd390, 0x22e1b751d200)
	/home/advocate/Advocate/Experiments/Advocate/advocate/analysis/hb/clock/hb.go:27 +0x96
advocate/analysis/hb/clock.GetHappensBefore(0x22e1b42fd390, 0x22e1b751d200)
	/home/advocate/Advocate/Experiments/Advocate/advocate/analysis/hb/clock/hb.go:74 +0x34
advocate/analysis/analysis/scenarios.buildResidualGraph({0x22e1bfb80000, 0x186a2, 0x22e1a601ab68?}, {0x22e1bfd4c000, 0x186a2, 0x1?})
	/home/advocate/Advocate/Experiments/Advocate/advocate/analysis/analysis/scenarios/graph.go:60 +0x49f
advocate/analysis/analysis/scenarios.CheckForUnlockBeforeLock()
	/home/advocate/Advocate/Experiments/Advocate/advocate/analysis/analysis/scenarios/unlockBeforeLock.go:75 +0x2b5
advocate/analysis/analysis.RunHBAnalysis(0x1)
	/home/advocate/Advocate/Experiments/Advocate/advocate/analysis/analysis/analysis.go:262 +0xc9b
advocate/analysis/analysis.RunAnalysis(0x1)
	/home/advocate/Advocate/Experiments/Advocate/advocate/analysis/analysis/analysis.go:63 +0x105
advocate/toolchain.runAnalyzer({0x22e1a6138180, 0x74}, {0x22e1a6138300?, 0x66?}, {0x22e1a6138280, 0x7a}, {0x22e1a6138400, 0x75}, 0x0, {0x22e1a61bec00, ...}, ...)
	/home/advocate/Advocate/Experiments/Advocate/advocate/toolchain/analyzer.go:78 +0x43b
advocate/toolchain.unitTestAnalyzer({0x22e1a637a0e0, 0x66}, {0x760f26?, 0x22e1a600a048?}, 0x0, {0x22e1a61bec00, 0x7e}, {0x22e1a80b1182, 0x13})
	/home/advocate/Advocate/Experiments/Advocate/advocate/toolchain/fullWorkflowUnit.go:619 +0x25c
advocate/toolchain.unitTestFullWorkflow({0x22e1a6088000?, 0x2c}, {0x7ffff78d010d, 0x4c}, 0x1, 0x1, 0x1, {0x22e1a80b1182, 0x13}, {0x22e1a8084d40, ...}, ...)
	/home/advocate/Advocate/Experiments/Advocate/advocate/toolchain/fullWorkflowUnit.go:479 +0x625
advocate/toolchain.runWorkflowUnit({0x7ffff78d010d, 0x4c}, 0x1, 0x1, 0x1, {0x22e1a6138a80, 0x7e}, 0x0, {0x0, 0x0}, ...)
	/home/advocate/Advocate/Experiments/Advocate/advocate/toolchain/fullWorkflowUnit.go:171 +0x1190
advocate/toolchain.Run({0x75dd74, 0x4}, {0x22e1a6138a80, 0x7e}, 0x1, 0x1, 0x1, 0x0, {0x0, 0x0}, ...)
	/home/advocate/Advocate/Experiments/Advocate/advocate/toolchain/toolchain.go:72 +0x389
advocate/fuzzing.runFuzzing({0x22e1a6138a80, 0x7e}, 0x0, 0x31, 0x1)
	/home/advocate/Advocate/Experiments/Advocate/advocate/fuzzing/fuzzing.go:217 +0x57b
advocate/fuzzing.Fuzzing()
	/home/advocate/Advocate/Experiments/Advocate/advocate/fuzzing/fuzzing.go:135 +0xea5
advocate/run.modeFuzzing()
	/home/advocate/Advocate/Experiments/Advocate/advocate/run/modes.go:34 +0x5e
advocate/run.Run()
	/home/advocate/Advocate/Experiments/Advocate/advocate/run/run.go:100 +0x5b5
main.main()
	/home/advocate/Advocate/Experiments/Advocate/advocate/main.go:28 +0x1c
2026/06/05 16:28:40 [31mNot enough RAM[0m
2026/06/05 16:28:40 goroutine 20 [running]:
advocate/utils/control.printAllGoroutines()
	/home/advocate/Advocate/Experiments/Advocate/advocate/utils/control/utils.go:20 +0x3d
advocate/utils/control.cancelRAM(0x77cd50, 0x77cd48, 0x77cd58)
	/home/advocate/Advocate/Experiments/Advocate/advocate/utils/control/memory.go:109 +0x6e
advocate/utils/control.Supervisor(0x77cd50, 0x77cd48, 0x77cd58)
	/home/advocate/Advocate/Experiments/Advocate/advocate/utils/control/memory.go:79 +0x12f
created by advocate/run.Run in goroutine 1
	/home/advocate/Advocate/Experiments/Advocate/advocate/run/run.go:63 +0x26f

goroutine 1 [runnable]:
advocate/analysis/hb/clock.(*VectorClock).GetValue(...)
	/home/advocate/Advocate/Experiments/Advocate/advocate/analysis/hb/clock/vc.go:97
advocate/analysis/hb/clock.happensBefore(0x22e1bc1c92a0, 0x22e1b75c9310)
	/home/advocate/Advocate/Experiments/Advocate/advocate/analysis/hb/clock/hb.go:27 +0x96
advocate/analysis/hb/clock.GetHappensBefore(0x22e1bc1c92a0, 0x22e1b75c9310)
	/home/advocate/Advocate/Experiments/Advocate/advocate/analysis/hb/clock/hb.go:74 +0x34
advocate/analysis/analysis/scenarios.buildResidualGraph({0x22e1bfb80000, 0x186a2, 0x22e1a601ab68?}, {0x22e1bfd4c000, 0x186a2, 0x1?})
	/home/advocate/Advocate/Experiments/Advocate/advocate/analysis/analysis/scenarios/graph.go:60 +0x49f
advocate/analysis/analysis/scenarios.CheckForUnlockBeforeLock()
	/home/advocate/Advocate/Experiments/Advocate/advocate/analysis/analysis/scenarios/unlockBeforeLock.go:75 +0x2b5
advocate/analysis/analysis.RunHBAnalysis(0x1)
	/home/advocate/Advocate/Experiments/Advocate/advocate/analysis/analysis/analysis.go:262 +0xc9b
advocate/analysis/analysis.RunAnalysis(0x1)
	/home/advocate/Advocate/Experiments/Advocate/advocate/analysis/analysis/analysis.go:63 +0x105
advocate/toolchain.runAnalyzer({0x22e1a6138180, 0x74}, {0x22e1a6138300?, 0x66?}, {0x22e1a6138280, 0x7a}, {0x22e1a6138400, 0x75}, 0x0, {0x22e1a61bec00, ...}, ...)
	/home/advocate/Advocate/Experiments/Advocate/advocate/toolchain/analyzer.go:78 +0x43b
advocate/toolchain.unitTestAnalyzer({0x22e1a637a0e0, 0x66}, {0x760f26?, 0x22e1a600a048?}, 0x0, {0x22e1a61bec00, 0x7e}, {0x22e1a80b1182, 0x13})
	/home/advocate/Advocate/Experiments/Advocate/advocate/toolchain/fullWorkflowUnit.go:619 +0x25c
advocate/toolchain.unitTestFullWorkflow({0x22e1a6088000?, 0x2c}, {0x7ffff78d010d, 0x4c}, 0x1, 0x1, 0x1, {0x22e1a80b1182, 0x13}, {0x22e1a8084d40, ...}, ...)
	/home/advocate/Advocate/Experiments/Advocate/advocate/toolchain/fullWorkflowUnit.go:479 +0x625
advocate/toolchain.runWorkflowUnit({0x7ffff78d010d, 0x4c}, 0x1, 0x1, 0x1, {0x22e1a6138a80, 0x7e}, 0x0, {0x0, 0x0}, ...)
	/home/advocate/Advocate/Experiments/Advocate/advocate/toolchain/fullWorkflowUnit.go:171 +0x1190
advocate/toolchain.Run({0x75dd74, 0x4}, {0x22e1a6138a80, 0x7e}, 0x1, 0x1, 0x1, 0x0, {0x0, 0x0}, ...)
	/home/advocate/Advocate/Experiments/Advocate/advocate/toolchain/toolchain.go:72 +0x389
advocate/fuzzing.runFuzzing({0x22e1a6138a80, 0x7e}, 0x0, 0x31, 0x1)
	/home/advocate/Advocate/Experiments/Advocate/advocate/fuzzing/fuzzing.go:217 +0x57b
advocate/fuzzing.Fuzzing()
	/home/advocate/Advocate/Experiments/Advocate/advocate/fuzzing/fuzzing.go:135 +0xea5
advocate/run.modeFuzzing()
	/home/advocate/Advocate/Experiments/Advocate/advocate/run/modes.go:34 +0x5e
advocate/run.Run()
	/home/advocate/Advocate/Experiments/Advocate/advocate/run/run.go:100 +0x5b5
main.main()
	/home/advocate/Advocate/Experiments/Advocate/advocate/main.go:28 +0x1c
2026/06/05 16:28:50 [31mNot enough RAM[0m
2026/06/05 16:28:50 goroutine 20 [running]:
advocate/utils/control.printAllGoroutines()
	/home/advocate/Advocate/Experiments/Advocate/advocate/utils/control/utils.go:20 +0x3d
advocate/utils/control.cancelRAM(0x77cd50, 0x77cd48, 0x77cd58)
	/home/advocate/Advocate/Experiments/Advocate/advocate/utils/control/memory.go:109 +0x6e
advocate/utils/control.Supervisor(0x77cd50, 0x77cd48, 0x77cd58)
	/home/advocate/Advocate/Experiments/Advocate/advocate/utils/control/memory.go:79 +0x12f
created by advocate/run.Run in goroutine 1
	/home/advocate/Advocate/Experiments/Advocate/advocate/run/run.go:63 +0x26f

goroutine 1 [runnable]:
advocate/analysis/hb/clock.(*VectorClock).GetValue(...)
	/home/advocate/Advocate/Experiments/Advocate/advocate/analysis/hb/clock/vc.go:97
advocate/analysis/hb/clock.happensBefore(0x22e1b1f1e430, 0x22e1b766eea0)
	/home/advocate/Advocate/Experiments/Advocate/advocate/analysis/hb/clock/hb.go:27 +0x96
advocate/analysis/hb/clock.GetHappensBefore(0x22e1b1f1e430, 0x22e1b766eea0)
	/home/advocate/Advocate/Experiments/Advocate/advocate/analysis/hb/clock/hb.go:74 +0x34
advocate/analysis/analysis/scenarios.buildResidualGraph({0x22e1bfb80000, 0x186a2, 0x22e1a601ab68?}, {0x22e1bfd4c000, 0x186a2, 0x1?})
	/home/advocate/Advocate/Experiments/Advocate/advocate/analysis/analysis/scenarios/graph.go:60 +0x49f
advocate/analysis/analysis/scenarios.CheckForUnlockBeforeLock()
	/home/advocate/Advocate/Experiments/Advocate/advocate/analysis/analysis/scenarios/unlockBeforeLock.go:75 +0x2b5
advocate/analysis/analysis.RunHBAnalysis(0x1)
	/home/advocate/Advocate/Experiments/Advocate/advocate/analysis/analysis/analysis.go:262 +0xc9b
advocate/analysis/analysis.RunAnalysis(0x1)
	/home/advocate/Advocate/Experiments/Advocate/advocate/analysis/analysis/analysis.go:63 +0x105
advocate/toolchain.runAnalyzer({0x22e1a6138180, 0x74}, {0x22e1a6138300?, 0x66?}, {0x22e1a6138280, 0x7a}, {0x22e1a6138400, 0x75}, 0x0, {0x22e1a61bec00, ...}, ...)
	/home/advocate/Advocate/Experiments/Advocate/advocate/toolchain/analyzer.go:78 +0x43b
advocate/toolchain.unitTestAnalyzer({0x22e1a637a0e0, 0x66}, {0x760f26?, 0x22e1a600a048?}, 0x0, {0x22e1a61bec00, 0x7e}, {0x22e1a80b1182, 0x13})
	/home/advocate/Advocate/Experiments/Advocate/advocate/toolchain/fullWorkflowUnit.go:619 +0x25c
advocate/toolchain.unitTestFullWorkflow({0x22e1a6088000?, 0x2c}, {0x7ffff78d010d, 0x4c}, 0x1, 0x1, 0x1, {0x22e1a80b1182, 0x13}, {0x22e1a8084d40, ...}, ...)
	/home/advocate/Advocate/Experiments/Advocate/advocate/toolchain/fullWorkflowUnit.go:479 +0x625
advocate/toolchain.runWorkflowUnit({0x7ffff78d010d, 0x4c}, 0x1, 0x1, 0x1, {0x22e1a6138a80, 0x7e}, 0x0, {0x0, 0x0}, ...)
	/home/advocate/Advocate/Experiments/Advocate/advocate/toolchain/fullWorkflowUnit.go:171 +0x1190
advocate/toolchain.Run({0x75dd74, 0x4}, {0x22e1a6138a80, 0x7e}, 0x1, 0x1, 0x1, 0x0, {0x0, 0x0}, ...)
	/home/advocate/Advocate/Experiments/Advocate/advocate/toolchain/toolchain.go:72 +0x389
advocate/fuzzing.runFuzzing({0x22e1a6138a80, 0x7e}, 0x0, 0x31, 0x1)
	/home/advocate/Advocate/Experiments/Advocate/advocate/fuzzing/fuzzing.go:217 +0x57b
advocate/fuzzing.Fuzzing()
	/home/advocate/Advocate/Experiments/Advocate/advocate/fuzzing/fuzzing.go:135 +0xea5
advocate/run.modeFuzzing()
	/home/advocate/Advocate/Experiments/Advocate/advocate/run/modes.go:34 +0x5e
advocate/run.Run()
	/home/advocate/Advocate/Experiments/Advocate/advocate/run/run.go:100 +0x5b5
main.main()
	/home/advocate/Advocate/Experiments/Advocate/advocate/main.go:28 +0x1c
2026/06/05 16:29:00 [31mNot enough RAM[0m
2026/06/05 16:29:00 goroutine 20 [running]:
advocate/utils/control.printAllGoroutines()
	/home/advocate/Advocate/Experiments/Advocate/advocate/utils/control/utils.go:20 +0x3d
advocate/utils/control.cancelRAM(0x77cd50, 0x77cd48, 0x77cd58)
	/home/advocate/Advocate/Experiments/Advocate/advocate/utils/control/memory.go:109 +0x6e
advocate/utils/control.Supervisor(0x77cd50, 0x77cd48, 0x77cd58)
	/home/advocate/Advocate/Experiments/Advocate/advocate/utils/control/memory.go:79 +0x12f
created by advocate/run.Run in goroutine 1
	/home/advocate/Advocate/Experiments/Advocate/advocate/run/run.go:63 +0x26f

goroutine 1 [runnable]:
advocate/analysis/hb/clock.(*VectorClock).GetValue(...)
	/home/advocate/Advocate/Experiments/Advocate/advocate/analysis/hb/clock/vc.go:97
advocate/analysis/hb/clock.happensBefore(0x22e1b92e5aa0, 0x22e1b7716a30)
	/home/advocate/Advocate/Experiments/Advocate/advocate/analysis/hb/clock/hb.go:27 +0x96
advocate/analysis/hb/clock.GetHappensBefore(0x22e1b92e5aa0, 0x22e1b7716a30)
	/home/advocate/Advocate/Experiments/Advocate/advocate/analysis/hb/clock/hb.go:74 +0x34
advocate/analysis/analysis/scenarios.buildResidualGraph({0x22e1bfb80000, 0x186a2, 0x22e1a601ab68?}, {0x22e1bfd4c000, 0x186a2, 0x1?})
	/home/advocate/Advocate/Experiments/Advocate/advocate/analysis/analysis/scenarios/graph.go:60 +0x49f
advocate/analysis/analysis/scenarios.CheckForUnlockBeforeLock()
	/home/advocate/Advocate/Experiments/Advocate/advocate/analysis/analysis/scenarios/unlockBeforeLock.go:75 +0x2b5
advocate/analysis/analysis.RunHBAnalysis(0x1)
	/home/advocate/Advocate/Experiments/Advocate/advocate/analysis/analysis/analysis.go:262 +0xc9b
advocate/analysis/analysis.RunAnalysis(0x1)
	/home/advocate/Advocate/Experiments/Advocate/advocate/analysis/analysis/analysis.go:63 +0x105
advocate/toolchain.runAnalyzer({0x22e1a6138180, 0x74}, {0x22e1a6138300?, 0x66?}, {0x22e1a6138280, 0x7a}, {0x22e1a6138400, 0x75}, 0x0, {0x22e1a61bec00, ...}, ...)
	/home/advocate/Advocate/Experiments/Advocate/advocate/toolchain/analyzer.go:78 +0x43b
advocate/toolchain.unitTestAnalyzer({0x22e1a637a0e0, 0x66}, {0x760f26?, 0x22e1a600a048?}, 0x0, {0x22e1a61bec00, 0x7e}, {0x22e1a80b1182, 0x13})
	/home/advocate/Advocate/Experiments/Advocate/advocate/toolchain/fullWorkflowUnit.go:619 +0x25c
advocate/toolchain.unitTestFullWorkflow({0x22e1a6088000?, 0x2c}, {0x7ffff78d010d, 0x4c}, 0x1, 0x1, 0x1, {0x22e1a80b1182, 0x13}, {0x22e1a8084d40, ...}, ...)
	/home/advocate/Advocate/Experiments/Advocate/advocate/toolchain/fullWorkflowUnit.go:479 +0x625
advocate/toolchain.runWorkflowUnit({0x7ffff78d010d, 0x4c}, 0x1, 0x1, 0x1, {0x22e1a6138a80, 0x7e}, 0x0, {0x0, 0x0}, ...)
	/home/advocate/Advocate/Experiments/Advocate/advocate/toolchain/fullWorkflowUnit.go:171 +0x1190
advocate/toolchain.Run({0x75dd74, 0x4}, {0x22e1a6138a80, 0x7e}, 0x1, 0x1, 0x1, 0x0, {0x0, 0x0}, ...)
	/home/advocate/Advocate/Experiments/Advocate/advocate/toolchain/toolchain.go:72 +0x389
advocate/fuzzing.runFuzzing({0x22e1a6138a80, 0x7e}, 0x0, 0x31, 0x1)
	/home/advocate/Advocate/Experiments/Advocate/advocate/fuzzing/fuzzing.go:217 +0x57b
advocate/fuzzing.Fuzzing()
	/home/advocate/Advocate/Experiments/Advocate/advocate/fuzzing/fuzzing.go:135 +0xea5
advocate/run.modeFuzzing()
	/home/advocate/Advocate/Experiments/Advocate/advocate/run/modes.go:34 +0x5e
advocate/run.Run()
	/home/advocate/Advocate/Experiments/Advocate/advocate/run/run.go:100 +0x5b5
main.main()
	/home/advocate/Advocate/Experiments/Advocate/advocate/main.go:28 +0x1c
2026/06/05 16:29:10 [31mNot enough RAM[0m
2026/06/05 16:29:10 goroutine 20 [running]:
advocate/utils/control.printAllGoroutines()
	/home/advocate/Advocate/Experiments/Advocate/advocate/utils/control/utils.go:20 +0x3d
advocate/utils/control.cancelRAM(0x77cd50, 0x77cd48, 0x77cd58)
	/home/advocate/Advocate/Experiments/Advocate/advocate/utils/control/memory.go:109 +0x6e
advocate/utils/control.Supervisor(0x77cd50, 0x77cd48, 0x77cd58)
	/home/advocate/Advocate/Experiments/Advocate/advocate/utils/control/memory.go:79 +0x12f
created by advocate/run.Run in goroutine 1
	/home/advocate/Advocate/Experiments/Advocate/advocate/run/run.go:63 +0x26f

goroutine 1 [runnable]:
advocate/analysis/hb/clock.(*VectorClock).GetValue(...)
	/home/advocate/Advocate/Experiments/Advocate/advocate/analysis/hb/clock/vc.go:97
advocate/analysis/hb/clock.happensBefore(0x22e1ba878c60, 0x22e1b77ab9c0)
	/home/advocate/Advocate/Experiments/Advocate/advocate/analysis/hb/clock/hb.go:27 +0x96
advocate/analysis/hb/clock.GetHappensBefore(0x22e1ba878c60, 0x22e1b77ab9c0)
	/home/advocate/Advocate/Experiments/Advocate/advocate/analysis/hb/clock/hb.go:74 +0x34
advocate/analysis/analysis/scenarios.buildResidualGraph({0x22e1bfb80000, 0x186a2, 0x22e1a601ab68?}, {0x22e1bfd4c000, 0x186a2, 0x1?})
	/home/advocate/Advocate/Experiments/Advocate/advocate/analysis/analysis/scenarios/graph.go:60 +0x49f
advocate/analysis/analysis/scenarios.CheckForUnlockBeforeLock()
	/home/advocate/Advocate/Experiments/Advocate/advocate/analysis/analysis/scenarios/unlockBeforeLock.go:75 +0x2b5
advocate/analysis/analysis.RunHBAnalysis(0x1)
	/home/advocate/Advocate/Experiments/Advocate/advocate/analysis/analysis/analysis.go:262 +0xc9b
advocate/analysis/analysis.RunAnalysis(0x1)
	/home/advocate/Advocate/Experiments/Advocate/advocate/analysis/analysis/analysis.go:63 +0x105
advocate/toolchain.runAnalyzer({0x22e1a6138180, 0x74}, {0x22e1a6138300?, 0x66?}, {0x22e1a6138280, 0x7a}, {0x22e1a6138400, 0x75}, 0x0, {0x22e1a61bec00, ...}, ...)
	/home/advocate/Advocate/Experiments/Advocate/advocate/toolchain/analyzer.go:78 +0x43b
advocate/toolchain.unitTestAnalyzer({0x22e1a637a0e0, 0x66}, {0x760f26?, 0x22e1a600a048?}, 0x0, {0x22e1a61bec00, 0x7e}, {0x22e1a80b1182, 0x13})
	/home/advocate/Advocate/Experiments/Advocate/advocate/toolchain/fullWorkflowUnit.go:619 +0x25c
advocate/toolchain.unitTestFullWorkflow({0x22e1a6088000?, 0x2c}, {0x7ffff78d010d, 0x4c}, 0x1, 0x1, 0x1, {0x22e1a80b1182, 0x13}, {0x22e1a8084d40, ...}, ...)
	/home/advocate/Advocate/Experiments/Advocate/advocate/toolchain/fullWorkflowUnit.go:479 +0x625
advocate/toolchain.runWorkflowUnit({0x7ffff78d010d, 0x4c}, 0x1, 0x1, 0x1, {0x22e1a6138a80, 0x7e}, 0x0, {0x0, 0x0}, ...)
	/home/advocate/Advocate/Experiments/Advocate/advocate/toolchain/fullWorkflowUnit.go:171 +0x1190
advocate/toolchain.Run({0x75dd74, 0x4}, {0x22e1a6138a80, 0x7e}, 0x1, 0x1, 0x1, 0x0, {0x0, 0x0}, ...)
	/home/advocate/Advocate/Experiments/Advocate/advocate/toolchain/toolchain.go:72 +0x389
advocate/fuzzing.runFuzzing({0x22e1a6138a80, 0x7e}, 0x0, 0x31, 0x1)
	/home/advocate/Advocate/Experiments/Advocate/advocate/fuzzing/fuzzing.go:217 +0x57b
advocate/fuzzing.Fuzzing()
	/home/advocate/Advocate/Experiments/Advocate/advocate/fuzzing/fuzzing.go:135 +0xea5
advocate/run.modeFuzzing()
	/home/advocate/Advocate/Experiments/Advocate/advocate/run/modes.go:34 +0x5e
advocate/run.Run()
	/home/advocate/Advocate/Experiments/Advocate/advocate/run/run.go:100 +0x5b5
main.main()
	/home/advocate/Advocate/Experiments/Advocate/advocate/main.go:28 +0x1c
2026/06/05 16:29:19 [31mNot enough RAM[0m
2026/06/05 16:29:19 goroutine 20 [running]:
advocate/utils/control.printAllGoroutines()
	/home/advocate/Advocate/Experiments/Advocate/advocate/utils/control/utils.go:20 +0x3d
advocate/utils/control.cancelRAM(0x77cd50, 0x77cd48, 0x77cd58)
	/home/advocate/Advocate/Experiments/Advocate/advocate/utils/control/memory.go:109 +0x6e
advocate/utils/control.Supervisor(0x77cd50, 0x77cd48, 0x77cd58)
	/home/advocate/Advocate/Experiments/Advocate/advocate/utils/control/memory.go:79 +0x12f
created by advocate/run.Run in goroutine 1
	/home/advocate/Advocate/Experiments/Advocate/advocate/run/run.go:63 +0x26f

goroutine 1 [runnable]:
advocate/analysis/hb/clock.(*VectorClock).GetValue(...)
	/home/advocate/Advocate/Experiments/Advocate/advocate/analysis/hb/clock/vc.go:97
advocate/analysis/hb/clock.happensBefore(0x22e1b784ea30, 0x22e1bac0c010)
	/home/advocate/Advocate/Experiments/Advocate/advocate/analysis/hb/clock/hb.go:27 +0x65
advocate/analysis/hb/clock.GetHappensBefore(0x22e1bac0c010, 0x22e1b784ea30)
	/home/advocate/Advocate/Experiments/Advocate/advocate/analysis/hb/clock/hb.go:77 +0x47
advocate/analysis/analysis/scenarios.buildResidualGraph({0x22e1bfb80000, 0x186a2, 0x22e1a601ab68?}, {0x22e1bfd4c000, 0x186a2, 0x1?})
	/home/advocate/Advocate/Experiments/Advocate/advocate/analysis/analysis/scenarios/graph.go:60 +0x49f
advocate/analysis/analysis/scenarios.CheckForUnlockBeforeLock()
	/home/advocate/Advocate/Experiments/Advocate/advocate/analysis/analysis/scenarios/unlockBeforeLock.go:75 +0x2b5
advocate/analysis/analysis.RunHBAnalysis(0x1)
	/home/advocate/Advocate/Experiments/Advocate/advocate/analysis/analysis/analysis.go:262 +0xc9b
advocate/analysis/analysis.RunAnalysis(0x1)
	/home/advocate/Advocate/Experiments/Advocate/advocate/analysis/analysis/analysis.go:63 +0x105
advocate/toolchain.runAnalyzer({0x22e1a6138180, 0x74}, {0x22e1a6138300?, 0x66?}, {0x22e1a6138280, 0x7a}, {0x22e1a6138400, 0x75}, 0x0, {0x22e1a61bec00, ...}, ...)
	/home/advocate/Advocate/Experiments/Advocate/advocate/toolchain/analyzer.go:78 +0x43b
advocate/toolchain.unitTestAnalyzer({0x22e1a637a0e0, 0x66}, {0x760f26?, 0x22e1a600a048?}, 0x0, {0x22e1a61bec00, 0x7e}, {0x22e1a80b1182, 0x13})
	/home/advocate/Advocate/Experiments/Advocate/advocate/toolchain/fullWorkflowUnit.go:619 +0x25c
advocate/toolchain.unitTestFullWorkflow({0x22e1a6088000?, 0x2c}, {0x7ffff78d010d, 0x4c}, 0x1, 0x1, 0x1, {0x22e1a80b1182, 0x13}, {0x22e1a8084d40, ...}, ...)
	/home/advocate/Advocate/Experiments/Advocate/advocate/toolchain/fullWorkflowUnit.go:479 +0x625
advocate/toolchain.runWorkflowUnit({0x7ffff78d010d, 0x4c}, 0x1, 0x1, 0x1, {0x22e1a6138a80, 0x7e}, 0x0, {0x0, 0x0}, ...)
	/home/advocate/Advocate/Experiments/Advocate/advocate/toolchain/fullWorkflowUnit.go:171 +0x1190
advocate/toolchain.Run({0x75dd74, 0x4}, {0x22e1a6138a80, 0x7e}, 0x1, 0x1, 0x1, 0x0, {0x0, 0x0}, ...)
	/home/advocate/Advocate/Experiments/Advocate/advocate/toolchain/toolchain.go:72 +0x389
advocate/fuzzing.runFuzzing({0x22e1a6138a80, 0x7e}, 0x0, 0x31, 0x1)
	/home/advocate/Advocate/Experiments/Advocate/advocate/fuzzing/fuzzing.go:217 +0x57b
advocate/fuzzing.Fuzzing()
	/home/advocate/Advocate/Experiments/Advocate/advocate/fuzzing/fuzzing.go:135 +0xea5
advocate/run.modeFuzzing()
	/home/advocate/Advocate/Experiments/Advocate/advocate/run/modes.go:34 +0x5e
advocate/run.Run()
	/home/advocate/Advocate/Experiments/Advocate/advocate/run/run.go:100 +0x5b5
main.main()
	/home/advocate/Advocate/Experiments/Advocate/advocate/main.go:28 +0x1c
2026/06/05 16:29:28 [31mNot enough RAM[0m
2026/06/05 16:29:28 goroutine 20 [running]:
advocate/utils/control.printAllGoroutines()
	/home/advocate/Advocate/Experiments/Advocate/advocate/utils/control/utils.go:20 +0x3d
advocate/utils/control.cancelRAM(0x77cd50, 0x77cd48, 0x77cd58)
	/home/advocate/Advocate/Experiments/Advocate/advocate/utils/control/memory.go:109 +0x6e
advocate/utils/control.Supervisor(0x77cd50, 0x77cd48, 0x77cd58)
	/home/advocate/Advocate/Experiments/Advocate/advocate/utils/control/memory.go:79 +0x12f
created by advocate/run.Run in goroutine 1
	/home/advocate/Advocate/Experiments/Advocate/advocate/run/run.go:63 +0x26f

goroutine 1 [runnable]:
advocate/analysis/hb/clock.(*VectorClock).GetValue(...)
	/home/advocate/Advocate/Experiments/Advocate/advocate/analysis/hb/clock/vc.go:97
advocate/analysis/hb/clock.happensBefore(0x22e1b46212c0, 0x22e1b78e5b10)
	/home/advocate/Advocate/Experiments/Advocate/advocate/analysis/hb/clock/hb.go:29 +0xe6
advocate/analysis/hb/clock.GetHappensBefore(0x22e1b46212c0, 0x22e1b78e5b10)
	/home/advocate/Advocate/Experiments/Advocate/advocate/analysis/hb/clock/hb.go:74 +0x34
advocate/analysis/analysis/scenarios.buildResidualGraph({0x22e1bfb80000, 0x186a2, 0x22e1a601ab68?}, {0x22e1bfd4c000, 0x186a2, 0x1?})
	/home/advocate/Advocate/Experiments/Advocate/advocate/analysis/analysis/scenarios/graph.go:60 +0x49f
advocate/analysis/analysis/scenarios.CheckForUnlockBeforeLock()
	/home/advocate/Advocate/Experiments/Advocate/advocate/analysis/analysis/scenarios/unlockBeforeLock.go:75 +0x2b5
advocate/analysis/analysis.RunHBAnalysis(0x1)
	/home/advocate/Advocate/Experiments/Advocate/advocate/analysis/analysis/analysis.go:262 +0xc9b
advocate/analysis/analysis.RunAnalysis(0x1)
	/home/advocate/Advocate/Experiments/Advocate/advocate/analysis/analysis/analysis.go:63 +0x105
advocate/toolchain.runAnalyzer({0x22e1a6138180, 0x74}, {0x22e1a6138300?, 0x66?}, {0x22e1a6138280, 0x7a}, {0x22e1a6138400, 0x75}, 0x0, {0x22e1a61bec00, ...}, ...)
	/home/advocate/Advocate/Experiments/Advocate/advocate/toolchain/analyzer.go:78 +0x43b
advocate/toolchain.unitTestAnalyzer({0x22e1a637a0e0, 0x66}, {0x760f26?, 0x22e1a600a048?}, 0x0, {0x22e1a61bec00, 0x7e}, {0x22e1a80b1182, 0x13})
	/home/advocate/Advocate/Experiments/Advocate/advocate/toolchain/fullWorkflowUnit.go:619 +0x25c
advocate/toolchain.unitTestFullWorkflow({0x22e1a6088000?, 0x2c}, {0x7ffff78d010d, 0x4c}, 0x1, 0x1, 0x1, {0x22e1a80b1182, 0x13}, {0x22e1a8084d40, ...}, ...)
	/home/advocate/Advocate/Experiments/Advocate/advocate/toolchain/fullWorkflowUnit.go:479 +0x625
advocate/toolchain.runWorkflowUnit({0x7ffff78d010d, 0x4c}, 0x1, 0x1, 0x1, {0x22e1a6138a80, 0x7e}, 0x0, {0x0, 0x0}, ...)
	/home/advocate/Advocate/Experiments/Advocate/advocate/toolchain/fullWorkflowUnit.go:171 +0x1190
advocate/toolchain.Run({0x75dd74, 0x4}, {0x22e1a6138a80, 0x7e}, 0x1, 0x1, 0x1, 0x0, {0x0, 0x0}, ...)
	/home/advocate/Advocate/Experiments/Advocate/advocate/toolchain/toolchain.go:72 +0x389
advocate/fuzzing.runFuzzing({0x22e1a6138a80, 0x7e}, 0x0, 0x31, 0x1)
	/home/advocate/Advocate/Experiments/Advocate/advocate/fuzzing/fuzzing.go:217 +0x57b
advocate/fuzzing.Fuzzing()
	/home/advocate/Advocate/Experiments/Advocate/advocate/fuzzing/fuzzing.go:135 +0xea5
advocate/run.modeFuzzing()
	/home/advocate/Advocate/Experiments/Advocate/advocate/run/modes.go:34 +0x5e
advocate/run.Run()
	/home/advocate/Advocate/Experiments/Advocate/advocate/run/run.go:100 +0x5b5
main.main()
	/home/advocate/Advocate/Experiments/Advocate/advocate/main.go:28 +0x1c
2026/06/05 16:29:38 [31mNot enough RAM[0m
2026/06/05 16:29:38 goroutine 20 [running]:
advocate/utils/control.printAllGoroutines()
	/home/advocate/Advocate/Experiments/Advocate/advocate/utils/control/utils.go:20 +0x3d
advocate/utils/control.cancelRAM(0x77cd50, 0x77cd48, 0x77cd58)
	/home/advocate/Advocate/Experiments/Advocate/advocate/utils/control/memory.go:109 +0x6e
advocate/utils/control.Supervisor(0x77cd50, 0x77cd48, 0x77cd58)
	/home/advocate/Advocate/Experiments/Advocate/advocate/utils/control/memory.go:79 +0x12f
created by advocate/run.Run in goroutine 1
	/home/advocate/Advocate/Experiments/Advocate/advocate/run/run.go:63 +0x26f

goroutine 1 [runnable]:
advocate/analysis/hb/clock.(*VectorClock).GetValue(...)
	/home/advocate/Advocate/Experiments/Advocate/advocate/analysis/hb/clock/vc.go:97
advocate/analysis/hb/clock.happensBefore(0x22e1b45b2690, 0x22e1b798a600)
	/home/advocate/Advocate/Experiments/Advocate/advocate/analysis/hb/clock/hb.go:27 +0x96
advocate/analysis/hb/clock.GetHappensBefore(0x22e1b45b2690, 0x22e1b798a600)
	/home/advocate/Advocate/Experiments/Advocate/advocate/analysis/hb/clock/hb.go:74 +0x34
advocate/analysis/analysis/scenarios.buildResidualGraph({0x22e1bfb80000, 0x186a2, 0x22e1a601ab68?}, {0x22e1bfd4c000, 0x186a2, 0x1?})
	/home/advocate/Advocate/Experiments/Advocate/advocate/analysis/analysis/scenarios/graph.go:60 +0x49f
advocate/analysis/analysis/scenarios.CheckForUnlockBeforeLock()
	/home/advocate/Advocate/Experiments/Advocate/advocate/analysis/analysis/scenarios/unlockBeforeLock.go:75 +0x2b5
advocate/analysis/analysis.RunHBAnalysis(0x1)
	/home/advocate/Advocate/Experiments/Advocate/advocate/analysis/analysis/analysis.go:262 +0xc9b
advocate/analysis/analysis.RunAnalysis(0x1)
	/home/advocate/Advocate/Experiments/Advocate/advocate/analysis/analysis/analysis.go:63 +0x105
advocate/toolchain.runAnalyzer({0x22e1a6138180, 0x74}, {0x22e1a6138300?, 0x66?}, {0x22e1a6138280, 0x7a}, {0x22e1a6138400, 0x75}, 0x0, {0x22e1a61bec00, ...}, ...)
	/home/advocate/Advocate/Experiments/Advocate/advocate/toolchain/analyzer.go:78 +0x43b
advocate/toolchain.unitTestAnalyzer({0x22e1a637a0e0, 0x66}, {0x760f26?, 0x22e1a600a048?}, 0x0, {0x22e1a61bec00, 0x7e}, {0x22e1a80b1182, 0x13})
	/home/advocate/Advocate/Experiments/Advocate/advocate/toolchain/fullWorkflowUnit.go:619 +0x25c
advocate/toolchain.unitTestFullWorkflow({0x22e1a6088000?, 0x2c}, {0x7ffff78d010d, 0x4c}, 0x1, 0x1, 0x1, {0x22e1a80b1182, 0x13}, {0x22e1a8084d40, ...}, ...)
	/home/advocate/Advocate/Experiments/Advocate/advocate/toolchain/fullWorkflowUnit.go:479 +0x625
advocate/toolchain.runWorkflowUnit({0x7ffff78d010d, 0x4c}, 0x1, 0x1, 0x1, {0x22e1a6138a80, 0x7e}, 0x0, {0x0, 0x0}, ...)
	/home/advocate/Advocate/Experiments/Advocate/advocate/toolchain/fullWorkflowUnit.go:171 +0x1190
advocate/toolchain.Run({0x75dd74, 0x4}, {0x22e1a6138a80, 0x7e}, 0x1, 0x1, 0x1, 0x0, {0x0, 0x0}, ...)
	/home/advocate/Advocate/Experiments/Advocate/advocate/toolchain/toolchain.go:72 +0x389
advocate/fuzzing.runFuzzing({0x22e1a6138a80, 0x7e}, 0x0, 0x31, 0x1)
	/home/advocate/Advocate/Experiments/Advocate/advocate/fuzzing/fuzzing.go:217 +0x57b
advocate/fuzzing.Fuzzing()
	/home/advocate/Advocate/Experiments/Advocate/advocate/fuzzing/fuzzing.go:135 +0xea5
advocate/run.modeFuzzing()
	/home/advocate/Advocate/Experiments/Advocate/advocate/run/modes.go:34 +0x5e
advocate/run.Run()
	/home/advocate/Advocate/Experiments/Advocate/advocate/run/run.go:100 +0x5b5
main.main()
	/home/advocate/Advocate/Experiments/Advocate/advocate/main.go:28 +0x1c
2026/06/05 16:29:47 [31mNot enough RAM[0m
2026/06/05 16:29:47 goroutine 20 [running]:
advocate/utils/control.printAllGoroutines()
	/home/advocate/Advocate/Experiments/Advocate/advocate/utils/control/utils.go:20 +0x3d
advocate/utils/control.cancelRAM(0x77cd50, 0x77cd48, 0x77cd58)
	/home/advocate/Advocate/Experiments/Advocate/advocate/utils/control/memory.go:109 +0x6e
advocate/utils/control.Supervisor(0x77cd50, 0x77cd48, 0x77cd58)
	/home/advocate/Advocate/Experiments/Advocate/advocate/utils/control/memory.go:79 +0x12f
created by advocate/run.Run in goroutine 1
	/home/advocate/Advocate/Experiments/Advocate/advocate/run/run.go:63 +0x26f

goroutine 1 [runnable]:
advocate/analysis/hb/clock.happensBefore(0x22e1b421c0c0, 0x22e1b7a1f9a0)
	/home/advocate/Advocate/Experiments/Advocate/advocate/analysis/hb/clock/hb.go:24 +0x189
advocate/analysis/hb/clock.GetHappensBefore(0x22e1b421c0c0, 0x22e1b7a1f9a0)
	/home/advocate/Advocate/Experiments/Advocate/advocate/analysis/hb/clock/hb.go:74 +0x34
advocate/analysis/analysis/scenarios.buildResidualGraph({0x22e1bfb80000, 0x186a2, 0x22e1a601ab68?}, {0x22e1bfd4c000, 0x186a2, 0x1?})
	/home/advocate/Advocate/Experiments/Advocate/advocate/analysis/analysis/scenarios/graph.go:60 +0x49f
advocate/analysis/analysis/scenarios.CheckForUnlockBeforeLock()
	/home/advocate/Advocate/Experiments/Advocate/advocate/analysis/analysis/scenarios/unlockBeforeLock.go:75 +0x2b5
advocate/analysis/analysis.RunHBAnalysis(0x1)
	/home/advocate/Advocate/Experiments/Advocate/advocate/analysis/analysis/analysis.go:262 +0xc9b
advocate/analysis/analysis.RunAnalysis(0x1)
	/home/advocate/Advocate/Experiments/Advocate/advocate/analysis/analysis/analysis.go:63 +0x105
advocate/toolchain.runAnalyzer({0x22e1a6138180, 0x74}, {0x22e1a6138300?, 0x66?}, {0x22e1a6138280, 0x7a}, {0x22e1a6138400, 0x75}, 0x0, {0x22e1a61bec00, ...}, ...)
	/home/advocate/Advocate/Experiments/Advocate/advocate/toolchain/analyzer.go:78 +0x43b
advocate/toolchain.unitTestAnalyzer({0x22e1a637a0e0, 0x66}, {0x760f26?, 0x22e1a600a048?}, 0x0, {0x22e1a61bec00, 0x7e}, {0x22e1a80b1182, 0x13})
	/home/advocate/Advocate/Experiments/Advocate/advocate/toolchain/fullWorkflowUnit.go:619 +0x25c
advocate/toolchain.unitTestFullWorkflow({0x22e1a6088000?, 0x2c}, {0x7ffff78d010d, 0x4c}, 0x1, 0x1, 0x1, {0x22e1a80b1182, 0x13}, {0x22e1a8084d40, ...}, ...)
	/home/advocate/Advocate/Experiments/Advocate/advocate/toolchain/fullWorkflowUnit.go:479 +0x625
advocate/toolchain.runWorkflowUnit({0x7ffff78d010d, 0x4c}, 0x1, 0x1, 0x1, {0x22e1a6138a80, 0x7e}, 0x0, {0x0, 0x0}, ...)
	/home/advocate/Advocate/Experiments/Advocate/advocate/toolchain/fullWorkflowUnit.go:171 +0x1190
advocate/toolchain.Run({0x75dd74, 0x4}, {0x22e1a6138a80, 0x7e}, 0x1, 0x1, 0x1, 0x0, {0x0, 0x0}, ...)
	/home/advocate/Advocate/Experiments/Advocate/advocate/toolchain/toolchain.go:72 +0x389
advocate/fuzzing.runFuzzing({0x22e1a6138a80, 0x7e}, 0x0, 0x31, 0x1)
	/home/advocate/Advocate/Experiments/Advocate/advocate/fuzzing/fuzzing.go:217 +0x57b
advocate/fuzzing.Fuzzing()
	/home/advocate/Advocate/Experiments/Advocate/advocate/fuzzing/fuzzing.go:135 +0xea5
advocate/run.modeFuzzing()
	/home/advocate/Advocate/Experiments/Advocate/advocate/run/modes.go:34 +0x5e
advocate/run.Run()
	/home/advocate/Advocate/Experiments/Advocate/advocate/run/run.go:100 +0x5b5
main.main()
	/home/advocate/Advocate/Experiments/Advocate/advocate/main.go:28 +0x1c
2026/06/05 16:29:57 [31mNot enough RAM[0m
2026/06/05 16:29:57 goroutine 20 [running]:
advocate/utils/control.printAllGoroutines()
	/home/advocate/Advocate/Experiments/Advocate/advocate/utils/control/utils.go:20 +0x3d
advocate/utils/control.cancelRAM(0x77cd50, 0x77cd48, 0x77cd58)
	/home/advocate/Advocate/Experiments/Advocate/advocate/utils/control/memory.go:109 +0x6e
advocate/utils/control.Supervisor(0x77cd50, 0x77cd48, 0x77cd58)
	/home/advocate/Advocate/Experiments/Advocate/advocate/utils/control/memory.go:79 +0x12f
created by advocate/run.Run in goroutine 1
	/home/advocate/Advocate/Experiments/Advocate/advocate/run/run.go:63 +0x26f

goroutine 1 [runnable]:
advocate/analysis/hb/clock.(*VectorClock).GetValue(...)
	/home/advocate/Advocate/Experiments/Advocate/advocate/analysis/hb/clock/vc.go:97
advocate/analysis/hb/clock.happensBefore(0x22e1b6908520, 0x22e1b7ac4cd0)
	/home/advocate/Advocate/Experiments/Advocate/advocate/analysis/hb/clock/hb.go:29 +0xe6
advocate/analysis/hb/clock.GetHappensBefore(0x22e1b6908520, 0x22e1b7ac4cd0)
	/home/advocate/Advocate/Experiments/Advocate/advocate/analysis/hb/clock/hb.go:74 +0x34
advocate/analysis/analysis/scenarios.buildResidualGraph({0x22e1bfb80000, 0x186a2, 0x22e1a601ab68?}, {0x22e1bfd4c000, 0x186a2, 0x1?})
	/home/advocate/Advocate/Experiments/Advocate/advocate/analysis/analysis/scenarios/graph.go:60 +0x49f
advocate/analysis/analysis/scenarios.CheckForUnlockBeforeLock()
	/home/advocate/Advocate/Experiments/Advocate/advocate/analysis/analysis/scenarios/unlockBeforeLock.go:75 +0x2b5
advocate/analysis/analysis.RunHBAnalysis(0x1)
	/home/advocate/Advocate/Experiments/Advocate/advocate/analysis/analysis/analysis.go:262 +0xc9b
advocate/analysis/analysis.RunAnalysis(0x1)
	/home/advocate/Advocate/Experiments/Advocate/advocate/analysis/analysis/analysis.go:63 +0x105
advocate/toolchain.runAnalyzer({0x22e1a6138180, 0x74}, {0x22e1a6138300?, 0x66?}, {0x22e1a6138280, 0x7a}, {0x22e1a6138400, 0x75}, 0x0, {0x22e1a61bec00, ...}, ...)
	/home/advocate/Advocate/Experiments/Advocate/advocate/toolchain/analyzer.go:78 +0x43b
advocate/toolchain.unitTestAnalyzer({0x22e1a637a0e0, 0x66}, {0x760f26?, 0x22e1a600a048?}, 0x0, {0x22e1a61bec00, 0x7e}, {0x22e1a80b1182, 0x13})
	/home/advocate/Advocate/Experiments/Advocate/advocate/toolchain/fullWorkflowUnit.go:619 +0x25c
advocate/toolchain.unitTestFullWorkflow({0x22e1a6088000?, 0x2c}, {0x7ffff78d010d, 0x4c}, 0x1, 0x1, 0x1, {0x22e1a80b1182, 0x13}, {0x22e1a8084d40, ...}, ...)
	/home/advocate/Advocate/Experiments/Advocate/advocate/toolchain/fullWorkflowUnit.go:479 +0x625
advocate/toolchain.runWorkflowUnit({0x7ffff78d010d, 0x4c}, 0x1, 0x1, 0x1, {0x22e1a6138a80, 0x7e}, 0x0, {0x0, 0x0}, ...)
	/home/advocate/Advocate/Experiments/Advocate/advocate/toolchain/fullWorkflowUnit.go:171 +0x1190
advocate/toolchain.Run({0x75dd74, 0x4}, {0x22e1a6138a80, 0x7e}, 0x1, 0x1, 0x1, 0x0, {0x0, 0x0}, ...)
	/home/advocate/Advocate/Experiments/Advocate/advocate/toolchain/toolchain.go:72 +0x389
advocate/fuzzing.runFuzzing({0x22e1a6138a80, 0x7e}, 0x0, 0x31, 0x1)
	/home/advocate/Advocate/Experiments/Advocate/advocate/fuzzing/fuzzing.go:217 +0x57b
advocate/fuzzing.Fuzzing()
	/home/advocate/Advocate/Experiments/Advocate/advocate/fuzzing/fuzzing.go:135 +0xea5
advocate/run.modeFuzzing()
	/home/advocate/Advocate/Experiments/Advocate/advocate/run/modes.go:34 +0x5e
advocate/run.Run()
	/home/advocate/Advocate/Experiments/Advocate/advocate/run/run.go:100 +0x5b5
main.main()
	/home/advocate/Advocate/Experiments/Advocate/advocate/main.go:28 +0x1c
2026/06/05 16:30:06 [31mNot enough RAM[0m
2026/06/05 16:30:06 goroutine 20 [running]:
advocate/utils/control.printAllGoroutines()
	/home/advocate/Advocate/Experiments/Advocate/advocate/utils/control/utils.go:20 +0x3d
advocate/utils/control.cancelRAM(0x77cd50, 0x77cd48, 0x77cd58)
	/home/advocate/Advocate/Experiments/Advocate/advocate/utils/control/memory.go:109 +0x6e
advocate/utils/control.Supervisor(0x77cd50, 0x77cd48, 0x77cd58)
	/home/advocate/Advocate/Experiments/Advocate/advocate/utils/control/memory.go:79 +0x12f
created by advocate/run.Run in goroutine 1
	/home/advocate/Advocate/Experiments/Advocate/advocate/run/run.go:63 +0x26f

goroutine 1 [runnable]:
advocate/analysis/hb/clock.(*VectorClock).GetValue(...)
	/home/advocate/Advocate/Experiments/Advocate/advocate/analysis/hb/clock/vc.go:97
advocate/analysis/hb/clock.happensBefore(0x22e1b6beb9f0, 0x22e1b7b53db0)
	/home/advocate/Advocate/Experiments/Advocate/advocate/analysis/hb/clock/hb.go:29 +0xe6
advocate/analysis/hb/clock.GetHappensBefore(0x22e1b6beb9f0, 0x22e1b7b53db0)
	/home/advocate/Advocate/Experiments/Advocate/advocate/analysis/hb/clock/hb.go:74 +0x34
advocate/analysis/analysis/scenarios.buildResidualGraph({0x22e1bfb80000, 0x186a2, 0x22e1a601ab68?}, {0x22e1bfd4c000, 0x186a2, 0x1?})
	/home/advocate/Advocate/Experiments/Advocate/advocate/analysis/analysis/scenarios/graph.go:60 +0x49f
advocate/analysis/analysis/scenarios.CheckForUnlockBeforeLock()
	/home/advocate/Advocate/Experiments/Advocate/advocate/analysis/analysis/scenarios/unlockBeforeLock.go:75 +0x2b5
advocate/analysis/analysis.RunHBAnalysis(0x1)
	/home/advocate/Advocate/Experiments/Advocate/advocate/analysis/analysis/analysis.go:262 +0xc9b
advocate/analysis/analysis.RunAnalysis(0x1)
	/home/advocate/Advocate/Experiments/Advocate/advocate/analysis/analysis/analysis.go:63 +0x105
advocate/toolchain.runAnalyzer({0x22e1a6138180, 0x74}, {0x22e1a6138300?, 0x66?}, {0x22e1a6138280, 0x7a}, {0x22e1a6138400, 0x75}, 0x0, {0x22e1a61bec00, ...}, ...)
	/home/advocate/Advocate/Experiments/Advocate/advocate/toolchain/analyzer.go:78 +0x43b
advocate/toolchain.unitTestAnalyzer({0x22e1a637a0e0, 0x66}, {0x760f26?, 0x22e1a600a048?}, 0x0, {0x22e1a61bec00, 0x7e}, {0x22e1a80b1182, 0x13})
	/home/advocate/Advocate/Experiments/Advocate/advocate/toolchain/fullWorkflowUnit.go:619 +0x25c
advocate/toolchain.unitTestFullWorkflow({0x22e1a6088000?, 0x2c}, {0x7ffff78d010d, 0x4c}, 0x1, 0x1, 0x1, {0x22e1a80b1182, 0x13}, {0x22e1a8084d40, ...}, ...)
	/home/advocate/Advocate/Experiments/Advocate/advocate/toolchain/fullWorkflowUnit.go:479 +0x625
advocate/toolchain.runWorkflowUnit({0x7ffff78d010d, 0x4c}, 0x1, 0x1, 0x1, {0x22e1a6138a80, 0x7e}, 0x0, {0x0, 0x0}, ...)
	/home/advocate/Advocate/Experiments/Advocate/advocate/toolchain/fullWorkflowUnit.go:171 +0x1190
advocate/toolchain.Run({0x75dd74, 0x4}, {0x22e1a6138a80, 0x7e}, 0x1, 0x1, 0x1, 0x0, {0x0, 0x0}, ...)
	/home/advocate/Advocate/Experiments/Advocate/advocate/toolchain/toolchain.go:72 +0x389
advocate/fuzzing.runFuzzing({0x22e1a6138a80, 0x7e}, 0x0, 0x31, 0x1)
	/home/advocate/Advocate/Experiments/Advocate/advocate/fuzzing/fuzzing.go:217 +0x57b
advocate/fuzzing.Fuzzing()
	/home/advocate/Advocate/Experiments/Advocate/advocate/fuzzing/fuzzing.go:135 +0xea5
advocate/run.modeFuzzing()
	/home/advocate/Advocate/Experiments/Advocate/advocate/run/modes.go:34 +0x5e
advocate/run.Run()
	/home/advocate/Advocate/Experiments/Advocate/advocate/run/run.go:100 +0x5b5
main.main()
	/home/advocate/Advocate/Experiments/Advocate/advocate/main.go:28 +0x1c
2026/06/05 16:30:16 [31mNot enough RAM[0m
2026/06/05 16:30:16 goroutine 20 [running]:
advocate/utils/control.printAllGoroutines()
	/home/advocate/Advocate/Experiments/Advocate/advocate/utils/control/utils.go:20 +0x3d
advocate/utils/control.cancelRAM(0x77cd50, 0x77cd48, 0x77cd58)
	/home/advocate/Advocate/Experiments/Advocate/advocate/utils/control/memory.go:109 +0x6e
advocate/utils/control.Supervisor(0x77cd50, 0x77cd48, 0x77cd58)
	/home/advocate/Advocate/Experiments/Advocate/advocate/utils/control/memory.go:79 +0x12f
created by advocate/run.Run in goroutine 1
	/home/advocate/Advocate/Experiments/Advocate/advocate/run/run.go:63 +0x26f

goroutine 1 [runnable]:
advocate/analysis/hb/clock.happensBefore(0x22e1b3b38fd0, 0x22e1b7bff0e0)
	/home/advocate/Advocate/Experiments/Advocate/advocate/analysis/hb/clock/hb.go:24 +0x189
advocate/analysis/hb/clock.GetHappensBefore(0x22e1b3b38fd0, 0x22e1b7bff0e0)
	/home/advocate/Advocate/Experiments/Advocate/advocate/analysis/hb/clock/hb.go:74 +0x34
advocate/analysis/analysis/scenarios.buildResidualGraph({0x22e1bfb80000, 0x186a2, 0x22e1a601ab68?}, {0x22e1bfd4c000, 0x186a2, 0x1?})
	/home/advocate/Advocate/Experiments/Advocate/advocate/analysis/analysis/scenarios/graph.go:60 +0x49f
advocate/analysis/analysis/scenarios.CheckForUnlockBeforeLock()
	/home/advocate/Advocate/Experiments/Advocate/advocate/analysis/analysis/scenarios/unlockBeforeLock.go:75 +0x2b5
advocate/analysis/analysis.RunHBAnalysis(0x1)
	/home/advocate/Advocate/Experiments/Advocate/advocate/analysis/analysis/analysis.go:262 +0xc9b
advocate/analysis/analysis.RunAnalysis(0x1)
	/home/advocate/Advocate/Experiments/Advocate/advocate/analysis/analysis/analysis.go:63 +0x105
advocate/toolchain.runAnalyzer({0x22e1a6138180, 0x74}, {0x22e1a6138300?, 0x66?}, {0x22e1a6138280, 0x7a}, {0x22e1a6138400, 0x75}, 0x0, {0x22e1a61bec00, ...}, ...)
	/home/advocate/Advocate/Experiments/Advocate/advocate/toolchain/analyzer.go:78 +0x43b
advocate/toolchain.unitTestAnalyzer({0x22e1a637a0e0, 0x66}, {0x760f26?, 0x22e1a600a048?}, 0x0, {0x22e1a61bec00, 0x7e}, {0x22e1a80b1182, 0x13})
	/home/advocate/Advocate/Experiments/Advocate/advocate/toolchain/fullWorkflowUnit.go:619 +0x25c
advocate/toolchain.unitTestFullWorkflow({0x22e1a6088000?, 0x2c}, {0x7ffff78d010d, 0x4c}, 0x1, 0x1, 0x1, {0x22e1a80b1182, 0x13}, {0x22e1a8084d40, ...}, ...)
	/home/advocate/Advocate/Experiments/Advocate/advocate/toolchain/fullWorkflowUnit.go:479 +0x625
advocate/toolchain.runWorkflowUnit({0x7ffff78d010d, 0x4c}, 0x1, 0x1, 0x1, {0x22e1a6138a80, 0x7e}, 0x0, {0x0, 0x0}, ...)
	/home/advocate/Advocate/Experiments/Advocate/advocate/toolchain/fullWorkflowUnit.go:171 +0x1190
advocate/toolchain.Run({0x75dd74, 0x4}, {0x22e1a6138a80, 0x7e}, 0x1, 0x1, 0x1, 0x0, {0x0, 0x0}, ...)
	/home/advocate/Advocate/Experiments/Advocate/advocate/toolchain/toolchain.go:72 +0x389
advocate/fuzzing.runFuzzing({0x22e1a6138a80, 0x7e}, 0x0, 0x31, 0x1)
	/home/advocate/Advocate/Experiments/Advocate/advocate/fuzzing/fuzzing.go:217 +0x57b
advocate/fuzzing.Fuzzing()
	/home/advocate/Advocate/Experiments/Advocate/advocate/fuzzing/fuzzing.go:135 +0xea5
advocate/run.modeFuzzing()
	/home/advocate/Advocate/Experiments/Advocate/advocate/run/modes.go:34 +0x5e
advocate/run.Run()
	/home/advocate/Advocate/Experiments/Advocate/advocate/run/run.go:100 +0x5b5
main.main()
	/home/advocate/Advocate/Experiments/Advocate/advocate/main.go:28 +0x1c
2026/06/05 16:30:25 [31mNot enough RAM[0m
2026/06/05 16:30:25 goroutine 20 [running]:
advocate/utils/control.printAllGoroutines()
	/home/advocate/Advocate/Experiments/Advocate/advocate/utils/control/utils.go:20 +0x3d
advocate/utils/control.cancelRAM(0x77cd50, 0x77cd48, 0x77cd58)
	/home/advocate/Advocate/Experiments/Advocate/advocate/utils/control/memory.go:109 +0x6e
advocate/utils/control.Supervisor(0x77cd50, 0x77cd48, 0x77cd58)
	/home/advocate/Advocate/Experiments/Advocate/advocate/utils/control/memory.go:79 +0x12f
created by advocate/run.Run in goroutine 1
	/home/advocate/Advocate/Experiments/Advocate/advocate/run/run.go:63 +0x26f

goroutine 1 [runnable]:
advocate/analysis/hb/clock.(*VectorClock).GetValue(...)
	/home/advocate/Advocate/Experiments/Advocate/advocate/analysis/hb/clock/vc.go:97
advocate/analysis/hb/clock.happensBefore(0x22e1b5960780, 0x22e1b7ca6000)
	/home/advocate/Advocate/Experiments/Advocate/advocate/analysis/hb/clock/hb.go:29 +0xe6
advocate/analysis/hb/clock.GetHappensBefore(0x22e1b5960780, 0x22e1b7ca6000)
	/home/advocate/Advocate/Experiments/Advocate/advocate/analysis/hb/clock/hb.go:74 +0x34
advocate/analysis/analysis/scenarios.buildResidualGraph({0x22e1bfb80000, 0x186a2, 0x22e1a601ab68?}, {0x22e1bfd4c000, 0x186a2, 0x1?})
	/home/advocate/Advocate/Experiments/Advocate/advocate/analysis/analysis/scenarios/graph.go:60 +0x49f
advocate/analysis/analysis/scenarios.CheckForUnlockBeforeLock()
	/home/advocate/Advocate/Experiments/Advocate/advocate/analysis/analysis/scenarios/unlockBeforeLock.go:75 +0x2b5
advocate/analysis/analysis.RunHBAnalysis(0x1)
	/home/advocate/Advocate/Experiments/Advocate/advocate/analysis/analysis/analysis.go:262 +0xc9b
advocate/analysis/analysis.RunAnalysis(0x1)
	/home/advocate/Advocate/Experiments/Advocate/advocate/analysis/analysis/analysis.go:63 +0x105
advocate/toolchain.runAnalyzer({0x22e1a6138180, 0x74}, {0x22e1a6138300?, 0x66?}, {0x22e1a6138280, 0x7a}, {0x22e1a6138400, 0x75}, 0x0, {0x22e1a61bec00, ...}, ...)
	/home/advocate/Advocate/Experiments/Advocate/advocate/toolchain/analyzer.go:78 +0x43b
advocate/toolchain.unitTestAnalyzer({0x22e1a637a0e0, 0x66}, {0x760f26?, 0x22e1a600a048?}, 0x0, {0x22e1a61bec00, 0x7e}, {0x22e1a80b1182, 0x13})
	/home/advocate/Advocate/Experiments/Advocate/advocate/toolchain/fullWorkflowUnit.go:619 +0x25c
advocate/toolchain.unitTestFullWorkflow({0x22e1a6088000?, 0x2c}, {0x7ffff78d010d, 0x4c}, 0x1, 0x1, 0x1, {0x22e1a80b1182, 0x13}, {0x22e1a8084d40, ...}, ...)
	/home/advocate/Advocate/Experiments/Advocate/advocate/toolchain/fullWorkflowUnit.go:479 +0x625
advocate/toolchain.runWorkflowUnit({0x7ffff78d010d, 0x4c}, 0x1, 0x1, 0x1, {0x22e1a6138a80, 0x7e}, 0x0, {0x0, 0x0}, ...)
	/home/advocate/Advocate/Experiments/Advocate/advocate/toolchain/fullWorkflowUnit.go:171 +0x1190
advocate/toolchain.Run({0x75dd74, 0x4}, {0x22e1a6138a80, 0x7e}, 0x1, 0x1, 0x1, 0x0, {0x0, 0x0}, ...)
	/home/advocate/Advocate/Experiments/Advocate/advocate/toolchain/toolchain.go:72 +0x389
advocate/fuzzing.runFuzzing({0x22e1a6138a80, 0x7e}, 0x0, 0x31, 0x1)
	/home/advocate/Advocate/Experiments/Advocate/advocate/fuzzing/fuzzing.go:217 +0x57b
advocate/fuzzing.Fuzzing()
	/home/advocate/Advocate/Experiments/Advocate/advocate/fuzzing/fuzzing.go:135 +0xea5
advocate/run.modeFuzzing()
	/home/advocate/Advocate/Experiments/Advocate/advocate/run/modes.go:34 +0x5e
advocate/run.Run()
	/home/advocate/Advocate/Experiments/Advocate/advocate/run/run.go:100 +0x5b5
main.main()
	/home/advocate/Advocate/Experiments/Advocate/advocate/main.go:28 +0x1c
2026/06/05 16:30:34 [31mNot enough RAM[0m
2026/06/05 16:30:34 goroutine 20 [running]:
advocate/utils/control.printAllGoroutines()
	/home/advocate/Advocate/Experiments/Advocate/advocate/utils/control/utils.go:20 +0x3d
advocate/utils/control.cancelRAM(0x77cd50, 0x77cd48, 0x77cd58)
	/home/advocate/Advocate/Experiments/Advocate/advocate/utils/control/memory.go:109 +0x6e
advocate/utils/control.Supervisor(0x77cd50, 0x77cd48, 0x77cd58)
	/home/advocate/Advocate/Experiments/Advocate/advocate/utils/control/memory.go:79 +0x12f
created by advocate/run.Run in goroutine 1
	/home/advocate/Advocate/Experiments/Advocate/advocate/run/run.go:63 +0x26f

goroutine 1 [runnable]:
advocate/analysis/hb/clock.(*VectorClock).GetValue(...)
	/home/advocate/Advocate/Experiments/Advocate/advocate/analysis/hb/clock/vc.go:97
advocate/analysis/hb/clock.happensBefore(0x22e1b55c1e20, 0x22e1b7d37660)
	/home/advocate/Advocate/Experiments/Advocate/advocate/analysis/hb/clock/hb.go:27 +0x96
advocate/analysis/hb/clock.GetHappensBefore(0x22e1b55c1e20, 0x22e1b7d37660)
	/home/advocate/Advocate/Experiments/Advocate/advocate/analysis/hb/clock/hb.go:74 +0x34
advocate/analysis/analysis/scenarios.buildResidualGraph({0x22e1bfb80000, 0x186a2, 0x22e1a601ab68?}, {0x22e1bfd4c000, 0x186a2, 0x1?})
	/home/advocate/Advocate/Experiments/Advocate/advocate/analysis/analysis/scenarios/graph.go:60 +0x49f
advocate/analysis/analysis/scenarios.CheckForUnlockBeforeLock()
	/home/advocate/Advocate/Experiments/Advocate/advocate/analysis/analysis/scenarios/unlockBeforeLock.go:75 +0x2b5
advocate/analysis/analysis.RunHBAnalysis(0x1)
	/home/advocate/Advocate/Experiments/Advocate/advocate/analysis/analysis/analysis.go:262 +0xc9b
advocate/analysis/analysis.RunAnalysis(0x1)
	/home/advocate/Advocate/Experiments/Advocate/advocate/analysis/analysis/analysis.go:63 +0x105
advocate/toolchain.runAnalyzer({0x22e1a6138180, 0x74}, {0x22e1a6138300?, 0x66?}, {0x22e1a6138280, 0x7a}, {0x22e1a6138400, 0x75}, 0x0, {0x22e1a61bec00, ...}, ...)
	/home/advocate/Advocate/Experiments/Advocate/advocate/toolchain/analyzer.go:78 +0x43b
advocate/toolchain.unitTestAnalyzer({0x22e1a637a0e0, 0x66}, {0x760f26?, 0x22e1a600a048?}, 0x0, {0x22e1a61bec00, 0x7e}, {0x22e1a80b1182, 0x13})
	/home/advocate/Advocate/Experiments/Advocate/advocate/toolchain/fullWorkflowUnit.go:619 +0x25c
advocate/toolchain.unitTestFullWorkflow({0x22e1a6088000?, 0x2c}, {0x7ffff78d010d, 0x4c}, 0x1, 0x1, 0x1, {0x22e1a80b1182, 0x13}, {0x22e1a8084d40, ...}, ...)
	/home/advocate/Advocate/Experiments/Advocate/advocate/toolchain/fullWorkflowUnit.go:479 +0x625
advocate/toolchain.runWorkflowUnit({0x7ffff78d010d, 0x4c}, 0x1, 0x1, 0x1, {0x22e1a6138a80, 0x7e}, 0x0, {0x0, 0x0}, ...)
	/home/advocate/Advocate/Experiments/Advocate/advocate/toolchain/fullWorkflowUnit.go:171 +0x1190
advocate/toolchain.Run({0x75dd74, 0x4}, {0x22e1a6138a80, 0x7e}, 0x1, 0x1, 0x1, 0x0, {0x0, 0x0}, ...)
	/home/advocate/Advocate/Experiments/Advocate/advocate/toolchain/toolchain.go:72 +0x389
advocate/fuzzing.runFuzzing({0x22e1a6138a80, 0x7e}, 0x0, 0x31, 0x1)
	/home/advocate/Advocate/Experiments/Advocate/advocate/fuzzing/fuzzing.go:217 +0x57b
advocate/fuzzing.Fuzzing()
	/home/advocate/Advocate/Experiments/Advocate/advocate/fuzzing/fuzzing.go:135 +0xea5
advocate/run.modeFuzzing()
	/home/advocate/Advocate/Experiments/Advocate/advocate/run/modes.go:34 +0x5e
advocate/run.Run()
	/home/advocate/Advocate/Experiments/Advocate/advocate/run/run.go:100 +0x5b5
main.main()
	/home/advocate/Advocate/Experiments/Advocate/advocate/main.go:28 +0x1c
2026/06/05 16:30:44 [31mNot enough RAM[0m
2026/06/05 16:30:44 goroutine 20 [running]:
advocate/utils/control.printAllGoroutines()
	/home/advocate/Advocate/Experiments/Advocate/advocate/utils/control/utils.go:20 +0x3d
advocate/utils/control.cancelRAM(0x77cd50, 0x77cd48, 0x77cd58)
	/home/advocate/Advocate/Experiments/Advocate/advocate/utils/control/memory.go:109 +0x6e
advocate/utils/control.Supervisor(0x77cd50, 0x77cd48, 0x77cd58)
	/home/advocate/Advocate/Experiments/Advocate/advocate/utils/control/memory.go:79 +0x12f
created by advocate/run.Run in goroutine 1
	/home/advocate/Advocate/Experiments/Advocate/advocate/run/run.go:63 +0x26f

goroutine 1 [runnable]:
advocate/analysis/hb/clock.(*VectorClock).GetValue(...)
	/home/advocate/Advocate/Experiments/Advocate/advocate/analysis/hb/clock/vc.go:97
advocate/analysis/hb/clock.happensBefore(0x22e1bf7d4f60, 0x22e1b7de02c0)
	/home/advocate/Advocate/Experiments/Advocate/advocate/analysis/hb/clock/hb.go:27 +0x65
advocate/analysis/hb/clock.GetHappensBefore(0x22e1bf7d4f60, 0x22e1b7de02c0)
	/home/advocate/Advocate/Experiments/Advocate/advocate/analysis/hb/clock/hb.go:74 +0x34
advocate/analysis/analysis/scenarios.buildResidualGraph({0x22e1bfb80000, 0x186a2, 0x22e1a601ab68?}, {0x22e1bfd4c000, 0x186a2, 0x1?})
	/home/advocate/Advocate/Experiments/Advocate/advocate/analysis/analysis/scenarios/graph.go:60 +0x49f
advocate/analysis/analysis/scenarios.CheckForUnlockBeforeLock()
	/home/advocate/Advocate/Experiments/Advocate/advocate/analysis/analysis/scenarios/unlockBeforeLock.go:75 +0x2b5
advocate/analysis/analysis.RunHBAnalysis(0x1)
	/home/advocate/Advocate/Experiments/Advocate/advocate/analysis/analysis/analysis.go:262 +0xc9b
advocate/analysis/analysis.RunAnalysis(0x1)
	/home/advocate/Advocate/Experiments/Advocate/advocate/analysis/analysis/analysis.go:63 +0x105
advocate/toolchain.runAnalyzer({0x22e1a6138180, 0x74}, {0x22e1a6138300?, 0x66?}, {0x22e1a6138280, 0x7a}, {0x22e1a6138400, 0x75}, 0x0, {0x22e1a61bec00, ...}, ...)
	/home/advocate/Advocate/Experiments/Advocate/advocate/toolchain/analyzer.go:78 +0x43b
advocate/toolchain.unitTestAnalyzer({0x22e1a637a0e0, 0x66}, {0x760f26?, 0x22e1a600a048?}, 0x0, {0x22e1a61bec00, 0x7e}, {0x22e1a80b1182, 0x13})
	/home/advocate/Advocate/Experiments/Advocate/advocate/toolchain/fullWorkflowUnit.go:619 +0x25c
advocate/toolchain.unitTestFullWorkflow({0x22e1a6088000?, 0x2c}, {0x7ffff78d010d, 0x4c}, 0x1, 0x1, 0x1, {0x22e1a80b1182, 0x13}, {0x22e1a8084d40, ...}, ...)
	/home/advocate/Advocate/Experiments/Advocate/advocate/toolchain/fullWorkflowUnit.go:479 +0x625
advocate/toolchain.runWorkflowUnit({0x7ffff78d010d, 0x4c}, 0x1, 0x1, 0x1, {0x22e1a6138a80, 0x7e}, 0x0, {0x0, 0x0}, ...)
	/home/advocate/Advocate/Experiments/Advocate/advocate/toolchain/fullWorkflowUnit.go:171 +0x1190
advocate/toolchain.Run({0x75dd74, 0x4}, {0x22e1a6138a80, 0x7e}, 0x1, 0x1, 0x1, 0x0, {0x0, 0x0}, ...)
	/home/advocate/Advocate/Experiments/Advocate/advocate/toolchain/toolchain.go:72 +0x389
advocate/fuzzing.runFuzzing({0x22e1a6138a80, 0x7e}, 0x0, 0x31, 0x1)
	/home/advocate/Advocate/Experiments/Advocate/advocate/fuzzing/fuzzing.go:217 +0x57b
advocate/fuzzing.Fuzzing()
	/home/advocate/Advocate/Experiments/Advocate/advocate/fuzzing/fuzzing.go:135 +0xea5
advocate/run.modeFuzzing()
	/home/advocate/Advocate/Experiments/Advocate/advocate/run/modes.go:34 +0x5e
advocate/run.Run()
	/home/advocate/Advocate/Experiments/Advocate/advocate/run/run.go:100 +0x5b5
main.main()
	/home/advocate/Advocate/Experiments/Advocate/advocate/main.go:28 +0x1c
2026/06/05 16:30:54 [31mNot enough RAM[0m
2026/06/05 16:30:54 goroutine 20 [running]:
advocate/utils/control.printAllGoroutines()
	/home/advocate/Advocate/Experiments/Advocate/advocate/utils/control/utils.go:20 +0x3d
advocate/utils/control.cancelRAM(0x77cd50, 0x77cd48, 0x77cd58)
	/home/advocate/Advocate/Experiments/Advocate/advocate/utils/control/memory.go:109 +0x6e
advocate/utils/control.Supervisor(0x77cd50, 0x77cd48, 0x77cd58)
	/home/advocate/Advocate/Experiments/Advocate/advocate/utils/control/memory.go:79 +0x12f
created by advocate/run.Run in goroutine 1
	/home/advocate/Advocate/Experiments/Advocate/advocate/run/run.go:63 +0x26f

goroutine 1 [runnable]:
advocate/analysis/hb/clock.(*VectorClock).GetValue(...)
	/home/advocate/Advocate/Experiments/Advocate/advocate/analysis/hb/clock/vc.go:97
advocate/analysis/hb/clock.happensBefore(0x22e1beb1f8c0, 0x22e1b7e71660)
	/home/advocate/Advocate/Experiments/Advocate/advocate/analysis/hb/clock/hb.go:29 +0x130
advocate/analysis/hb/clock.GetHappensBefore(0x22e1beb1f8c0, 0x22e1b7e71660)
	/home/advocate/Advocate/Experiments/Advocate/advocate/analysis/hb/clock/hb.go:74 +0x34
advocate/analysis/analysis/scenarios.buildResidualGraph({0x22e1bfb80000, 0x186a2, 0x22e1a601ab68?}, {0x22e1bfd4c000, 0x186a2, 0x1?})
	/home/advocate/Advocate/Experiments/Advocate/advocate/analysis/analysis/scenarios/graph.go:60 +0x49f
advocate/analysis/analysis/scenarios.CheckForUnlockBeforeLock()
	/home/advocate/Advocate/Experiments/Advocate/advocate/analysis/analysis/scenarios/unlockBeforeLock.go:75 +0x2b5
advocate/analysis/analysis.RunHBAnalysis(0x1)
	/home/advocate/Advocate/Experiments/Advocate/advocate/analysis/analysis/analysis.go:262 +0xc9b
advocate/analysis/analysis.RunAnalysis(0x1)
	/home/advocate/Advocate/Experiments/Advocate/advocate/analysis/analysis/analysis.go:63 +0x105
advocate/toolchain.runAnalyzer({0x22e1a6138180, 0x74}, {0x22e1a6138300?, 0x66?}, {0x22e1a6138280, 0x7a}, {0x22e1a6138400, 0x75}, 0x0, {0x22e1a61bec00, ...}, ...)
	/home/advocate/Advocate/Experiments/Advocate/advocate/toolchain/analyzer.go:78 +0x43b
advocate/toolchain.unitTestAnalyzer({0x22e1a637a0e0, 0x66}, {0x760f26?, 0x22e1a600a048?}, 0x0, {0x22e1a61bec00, 0x7e}, {0x22e1a80b1182, 0x13})
	/home/advocate/Advocate/Experiments/Advocate/advocate/toolchain/fullWorkflowUnit.go:619 +0x25c
advocate/toolchain.unitTestFullWorkflow({0x22e1a6088000?, 0x2c}, {0x7ffff78d010d, 0x4c}, 0x1, 0x1, 0x1, {0x22e1a80b1182, 0x13}, {0x22e1a8084d40, ...}, ...)
	/home/advocate/Advocate/Experiments/Advocate/advocate/toolchain/fullWorkflowUnit.go:479 +0x625
advocate/toolchain.runWorkflowUnit({0x7ffff78d010d, 0x4c}, 0x1, 0x1, 0x1, {0x22e1a6138a80, 0x7e}, 0x0, {0x0, 0x0}, ...)
	/home/advocate/Advocate/Experiments/Advocate/advocate/toolchain/fullWorkflowUnit.go:171 +0x1190
advocate/toolchain.Run({0x75dd74, 0x4}, {0x22e1a6138a80, 0x7e}, 0x1, 0x1, 0x1, 0x0, {0x0, 0x0}, ...)
	/home/advocate/Advocate/Experiments/Advocate/advocate/toolchain/toolchain.go:72 +0x389
advocate/fuzzing.runFuzzing({0x22e1a6138a80, 0x7e}, 0x0, 0x31, 0x1)
	/home/advocate/Advocate/Experiments/Advocate/advocate/fuzzing/fuzzing.go:217 +0x57b
advocate/fuzzing.Fuzzing()
	/home/advocate/Advocate/Experiments/Advocate/advocate/fuzzing/fuzzing.go:135 +0xea5
advocate/run.modeFuzzing()
	/home/advocate/Advocate/Experiments/Advocate/advocate/run/modes.go:34 +0x5e
advocate/run.Run()
	/home/advocate/Advocate/Experiments/Advocate/advocate/run/run.go:100 +0x5b5
main.main()
	/home/advocate/Advocate/Experiments/Advocate/advocate/main.go:28 +0x1c
2026/06/05 16:31:04 [31mNot enough RAM[0m
2026/06/05 16:31:04 goroutine 20 [running]:
advocate/utils/control.printAllGoroutines()
	/home/advocate/Advocate/Experiments/Advocate/advocate/utils/control/utils.go:20 +0x3d
advocate/utils/control.cancelRAM(0x77cd50, 0x77cd48, 0x77cd58)
	/home/advocate/Advocate/Experiments/Advocate/advocate/utils/control/memory.go:109 +0x6e
advocate/utils/control.Supervisor(0x77cd50, 0x77cd48, 0x77cd58)
	/home/advocate/Advocate/Experiments/Advocate/advocate/utils/control/memory.go:79 +0x12f
created by advocate/run.Run in goroutine 1
	/home/advocate/Advocate/Experiments/Advocate/advocate/run/run.go:63 +0x26f

goroutine 1 [runnable]:
advocate/analysis/hb/clock.(*VectorClock).GetValue(...)
	/home/advocate/Advocate/Experiments/Advocate/advocate/analysis/hb/clock/vc.go:97
advocate/analysis/hb/clock.happensBefore(0x22e1b6571500, 0x22e1b7f18990)
	/home/advocate/Advocate/Experiments/Advocate/advocate/analysis/hb/clock/hb.go:27 +0x65
advocate/analysis/hb/clock.GetHappensBefore(0x22e1b6571500, 0x22e1b7f18990)
	/home/advocate/Advocate/Experiments/Advocate/advocate/analysis/hb/clock/hb.go:74 +0x34
advocate/analysis/analysis/scenarios.buildResidualGraph({0x22e1bfb80000, 0x186a2, 0x22e1a601ab68?}, {0x22e1bfd4c000, 0x186a2, 0x1?})
	/home/advocate/Advocate/Experiments/Advocate/advocate/analysis/analysis/scenarios/graph.go:60 +0x49f
advocate/analysis/analysis/scenarios.CheckForUnlockBeforeLock()
	/home/advocate/Advocate/Experiments/Advocate/advocate/analysis/analysis/scenarios/unlockBeforeLock.go:75 +0x2b5
advocate/analysis/analysis.RunHBAnalysis(0x1)
	/home/advocate/Advocate/Experiments/Advocate/advocate/analysis/analysis/analysis.go:262 +0xc9b
advocate/analysis/analysis.RunAnalysis(0x1)
	/home/advocate/Advocate/Experiments/Advocate/advocate/analysis/analysis/analysis.go:63 +0x105
advocate/toolchain.runAnalyzer({0x22e1a6138180, 0x74}, {0x22e1a6138300?, 0x66?}, {0x22e1a6138280, 0x7a}, {0x22e1a6138400, 0x75}, 0x0, {0x22e1a61bec00, ...}, ...)
	/home/advocate/Advocate/Experiments/Advocate/advocate/toolchain/analyzer.go:78 +0x43b
advocate/toolchain.unitTestAnalyzer({0x22e1a637a0e0, 0x66}, {0x760f26?, 0x22e1a600a048?}, 0x0, {0x22e1a61bec00, 0x7e}, {0x22e1a80b1182, 0x13})
	/home/advocate/Advocate/Experiments/Advocate/advocate/toolchain/fullWorkflowUnit.go:619 +0x25c
advocate/toolchain.unitTestFullWorkflow({0x22e1a6088000?, 0x2c}, {0x7ffff78d010d, 0x4c}, 0x1, 0x1, 0x1, {0x22e1a80b1182, 0x13}, {0x22e1a8084d40, ...}, ...)
	/home/advocate/Advocate/Experiments/Advocate/advocate/toolchain/fullWorkflowUnit.go:479 +0x625
advocate/toolchain.runWorkflowUnit({0x7ffff78d010d, 0x4c}, 0x1, 0x1, 0x1, {0x22e1a6138a80, 0x7e}, 0x0, {0x0, 0x0}, ...)
	/home/advocate/Advocate/Experiments/Advocate/advocate/toolchain/fullWorkflowUnit.go:171 +0x1190
advocate/toolchain.Run({0x75dd74, 0x4}, {0x22e1a6138a80, 0x7e}, 0x1, 0x1, 0x1, 0x0, {0x0, 0x0}, ...)
	/home/advocate/Advocate/Experiments/Advocate/advocate/toolchain/toolchain.go:72 +0x389
advocate/fuzzing.runFuzzing({0x22e1a6138a80, 0x7e}, 0x0, 0x31, 0x1)
	/home/advocate/Advocate/Experiments/Advocate/advocate/fuzzing/fuzzing.go:217 +0x57b
advocate/fuzzing.Fuzzing()
	/home/advocate/Advocate/Experiments/Advocate/advocate/fuzzing/fuzzing.go:135 +0xea5
advocate/run.modeFuzzing()
	/home/advocate/Advocate/Experiments/Advocate/advocate/run/modes.go:34 +0x5e
advocate/run.Run()
	/home/advocate/Advocate/Experiments/Advocate/advocate/run/run.go:100 +0x5b5
main.main()
	/home/advocate/Advocate/Experiments/Advocate/advocate/main.go:28 +0x1c
2026/06/05 16:31:14 [31mNot enough RAM[0m
2026/06/05 16:31:14 goroutine 20 [running]:
advocate/utils/control.printAllGoroutines()
	/home/advocate/Advocate/Experiments/Advocate/advocate/utils/control/utils.go:20 +0x3d
advocate/utils/control.cancelRAM(0x77cd50, 0x77cd48, 0x77cd58)
	/home/advocate/Advocate/Experiments/Advocate/advocate/utils/control/memory.go:109 +0x6e
advocate/utils/control.Supervisor(0x77cd50, 0x77cd48, 0x77cd58)
	/home/advocate/Advocate/Experiments/Advocate/advocate/utils/control/memory.go:79 +0x12f
created by advocate/run.Run in goroutine 1
	/home/advocate/Advocate/Experiments/Advocate/advocate/run/run.go:63 +0x26f

goroutine 1 [runnable]:
advocate/analysis/hb/clock.(*VectorClock).GetValue(...)
	/home/advocate/Advocate/Experiments/Advocate/advocate/analysis/hb/clock/vc.go:97
advocate/analysis/hb/clock.happensBefore(0x22e1b65456b0, 0x22e1b7fc2260)
	/home/advocate/Advocate/Experiments/Advocate/advocate/analysis/hb/clock/hb.go:27 +0x96
advocate/analysis/hb/clock.GetHappensBefore(0x22e1b65456b0, 0x22e1b7fc2260)
	/home/advocate/Advocate/Experiments/Advocate/advocate/analysis/hb/clock/hb.go:74 +0x34
advocate/analysis/analysis/scenarios.buildResidualGraph({0x22e1bfb80000, 0x186a2, 0x22e1a601ab68?}, {0x22e1bfd4c000, 0x186a2, 0x1?})
	/home/advocate/Advocate/Experiments/Advocate/advocate/analysis/analysis/scenarios/graph.go:60 +0x49f
advocate/analysis/analysis/scenarios.CheckForUnlockBeforeLock()
	/home/advocate/Advocate/Experiments/Advocate/advocate/analysis/analysis/scenarios/unlockBeforeLock.go:75 +0x2b5
advocate/analysis/analysis.RunHBAnalysis(0x1)
	/home/advocate/Advocate/Experiments/Advocate/advocate/analysis/analysis/analysis.go:262 +0xc9b
advocate/analysis/analysis.RunAnalysis(0x1)
	/home/advocate/Advocate/Experiments/Advocate/advocate/analysis/analysis/analysis.go:63 +0x105
advocate/toolchain.runAnalyzer({0x22e1a6138180, 0x74}, {0x22e1a6138300?, 0x66?}, {0x22e1a6138280, 0x7a}, {0x22e1a6138400, 0x75}, 0x0, {0x22e1a61bec00, ...}, ...)
	/home/advocate/Advocate/Experiments/Advocate/advocate/toolchain/analyzer.go:78 +0x43b
advocate/toolchain.unitTestAnalyzer({0x22e1a637a0e0, 0x66}, {0x760f26?, 0x22e1a600a048?}, 0x0, {0x22e1a61bec00, 0x7e}, {0x22e1a80b1182, 0x13})
	/home/advocate/Advocate/Experiments/Advocate/advocate/toolchain/fullWorkflowUnit.go:619 +0x25c
advocate/toolchain.unitTestFullWorkflow({0x22e1a6088000?, 0x2c}, {0x7ffff78d010d, 0x4c}, 0x1, 0x1, 0x1, {0x22e1a80b1182, 0x13}, {0x22e1a8084d40, ...}, ...)
	/home/advocate/Advocate/Experiments/Advocate/advocate/toolchain/fullWorkflowUnit.go:479 +0x625
advocate/toolchain.runWorkflowUnit({0x7ffff78d010d, 0x4c}, 0x1, 0x1, 0x1, {0x22e1a6138a80, 0x7e}, 0x0, {0x0, 0x0}, ...)
	/home/advocate/Advocate/Experiments/Advocate/advocate/toolchain/fullWorkflowUnit.go:171 +0x1190
advocate/toolchain.Run({0x75dd74, 0x4}, {0x22e1a6138a80, 0x7e}, 0x1, 0x1, 0x1, 0x0, {0x0, 0x0}, ...)
	/home/advocate/Advocate/Experiments/Advocate/advocate/toolchain/toolchain.go:72 +0x389
advocate/fuzzing.runFuzzing({0x22e1a6138a80, 0x7e}, 0x0, 0x31, 0x1)
	/home/advocate/Advocate/Experiments/Advocate/advocate/fuzzing/fuzzing.go:217 +0x57b
advocate/fuzzing.Fuzzing()
	/home/advocate/Advocate/Experiments/Advocate/advocate/fuzzing/fuzzing.go:135 +0xea5
advocate/run.modeFuzzing()
	/home/advocate/Advocate/Experiments/Advocate/advocate/run/modes.go:34 +0x5e
advocate/run.Run()
	/home/advocate/Advocate/Experiments/Advocate/advocate/run/run.go:100 +0x5b5
main.main()
	/home/advocate/Advocate/Experiments/Advocate/advocate/main.go:28 +0x1c
2026/06/05 16:31:24 [31mNot enough RAM[0m
2026/06/05 16:31:24 goroutine 20 [running]:
advocate/utils/control.printAllGoroutines()
	/home/advocate/Advocate/Experiments/Advocate/advocate/utils/control/utils.go:20 +0x3d
advocate/utils/control.cancelRAM(0x77cd50, 0x77cd48, 0x77cd58)
	/home/advocate/Advocate/Experiments/Advocate/advocate/utils/control/memory.go:109 +0x6e
advocate/utils/control.Supervisor(0x77cd50, 0x77cd48, 0x77cd58)
	/home/advocate/Advocate/Experiments/Advocate/advocate/utils/control/memory.go:79 +0x12f
created by advocate/run.Run in goroutine 1
	/home/advocate/Advocate/Experiments/Advocate/advocate/run/run.go:63 +0x26f

goroutine 1 [runnable]:
advocate/analysis/hb/clock.(*VectorClock).GetValue(...)
	/home/advocate/Advocate/Experiments/Advocate/advocate/analysis/hb/clock/vc.go:97
advocate/analysis/hb/clock.happensBefore(0x22e1b3ff96b0, 0x22e1b806e220)
	/home/advocate/Advocate/Experiments/Advocate/advocate/analysis/hb/clock/hb.go:27 +0x96
advocate/analysis/hb/clock.GetHappensBefore(0x22e1b3ff96b0, 0x22e1b806e220)
	/home/advocate/Advocate/Experiments/Advocate/advocate/analysis/hb/clock/hb.go:74 +0x34
advocate/analysis/analysis/scenarios.buildResidualGraph({0x22e1bfb80000, 0x186a2, 0x22e1a601ab68?}, {0x22e1bfd4c000, 0x186a2, 0x1?})
	/home/advocate/Advocate/Experiments/Advocate/advocate/analysis/analysis/scenarios/graph.go:60 +0x49f
advocate/analysis/analysis/scenarios.CheckForUnlockBeforeLock()
	/home/advocate/Advocate/Experiments/Advocate/advocate/analysis/analysis/scenarios/unlockBeforeLock.go:75 +0x2b5
advocate/analysis/analysis.RunHBAnalysis(0x1)
	/home/advocate/Advocate/Experiments/Advocate/advocate/analysis/analysis/analysis.go:262 +0xc9b
advocate/analysis/analysis.RunAnalysis(0x1)
	/home/advocate/Advocate/Experiments/Advocate/advocate/analysis/analysis/analysis.go:63 +0x105
advocate/toolchain.runAnalyzer({0x22e1a6138180, 0x74}, {0x22e1a6138300?, 0x66?}, {0x22e1a6138280, 0x7a}, {0x22e1a6138400, 0x75}, 0x0, {0x22e1a61bec00, ...}, ...)
	/home/advocate/Advocate/Experiments/Advocate/advocate/toolchain/analyzer.go:78 +0x43b
advocate/toolchain.unitTestAnalyzer({0x22e1a637a0e0, 0x66}, {0x760f26?, 0x22e1a600a048?}, 0x0, {0x22e1a61bec00, 0x7e}, {0x22e1a80b1182, 0x13})
	/home/advocate/Advocate/Experiments/Advocate/advocate/toolchain/fullWorkflowUnit.go:619 +0x25c
advocate/toolchain.unitTestFullWorkflow({0x22e1a6088000?, 0x2c}, {0x7ffff78d010d, 0x4c}, 0x1, 0x1, 0x1, {0x22e1a80b1182, 0x13}, {0x22e1a8084d40, ...}, ...)
	/home/advocate/Advocate/Experiments/Advocate/advocate/toolchain/fullWorkflowUnit.go:479 +0x625
advocate/toolchain.runWorkflowUnit({0x7ffff78d010d, 0x4c}, 0x1, 0x1, 0x1, {0x22e1a6138a80, 0x7e}, 0x0, {0x0, 0x0}, ...)
	/home/advocate/Advocate/Experiments/Advocate/advocate/toolchain/fullWorkflowUnit.go:171 +0x1190
advocate/toolchain.Run({0x75dd74, 0x4}, {0x22e1a6138a80, 0x7e}, 0x1, 0x1, 0x1, 0x0, {0x0, 0x0}, ...)
	/home/advocate/Advocate/Experiments/Advocate/advocate/toolchain/toolchain.go:72 +0x389
advocate/fuzzing.runFuzzing({0x22e1a6138a80, 0x7e}, 0x0, 0x31, 0x1)
	/home/advocate/Advocate/Experiments/Advocate/advocate/fuzzing/fuzzing.go:217 +0x57b
advocate/fuzzing.Fuzzing()
	/home/advocate/Advocate/Experiments/Advocate/advocate/fuzzing/fuzzing.go:135 +0xea5
advocate/run.modeFuzzing()
	/home/advocate/Advocate/Experiments/Advocate/advocate/run/modes.go:34 +0x5e
advocate/run.Run()
	/home/advocate/Advocate/Experiments/Advocate/advocate/run/run.go:100 +0x5b5
main.main()
	/home/advocate/Advocate/Experiments/Advocate/advocate/main.go:28 +0x1c
2026/06/05 16:31:35 [31mNot enough RAM[0m
2026/06/05 16:31:35 goroutine 20 [running]:
advocate/utils/control.printAllGoroutines()
	/home/advocate/Advocate/Experiments/Advocate/advocate/utils/control/utils.go:20 +0x3d
advocate/utils/control.cancelRAM(0x77cd50, 0x77cd48, 0x77cd58)
	/home/advocate/Advocate/Experiments/Advocate/advocate/utils/control/memory.go:109 +0x6e
advocate/utils/control.Supervisor(0x77cd50, 0x77cd48, 0x77cd58)
	/home/advocate/Advocate/Experiments/Advocate/advocate/utils/control/memory.go:79 +0x12f
created by advocate/run.Run in goroutine 1
	/home/advocate/Advocate/Experiments/Advocate/advocate/run/run.go:63 +0x26f

goroutine 1 [runnable]:
advocate/analysis/hb/clock.(*VectorClock).GetValue(...)
	/home/advocate/Advocate/Experiments/Advocate/advocate/analysis/hb/clock/vc.go:97
advocate/analysis/hb/clock.happensBefore(0x22e1b2b848c0, 0x22e1b82824a0)
	/home/advocate/Advocate/Experiments/Advocate/advocate/analysis/hb/clock/hb.go:27 +0x96
advocate/analysis/hb/clock.GetHappensBefore(0x22e1b2b848c0, 0x22e1b82824a0)
	/home/advocate/Advocate/Experiments/Advocate/advocate/analysis/hb/clock/hb.go:74 +0x34
advocate/analysis/analysis/scenarios.buildResidualGraph({0x22e1bfb80000, 0x186a2, 0x22e1a601ab68?}, {0x22e1bfd4c000, 0x186a2, 0x1?})
	/home/advocate/Advocate/Experiments/Advocate/advocate/analysis/analysis/scenarios/graph.go:60 +0x49f
advocate/analysis/analysis/scenarios.CheckForUnlockBeforeLock()
	/home/advocate/Advocate/Experiments/Advocate/advocate/analysis/analysis/scenarios/unlockBeforeLock.go:75 +0x2b5
advocate/analysis/analysis.RunHBAnalysis(0x1)
	/home/advocate/Advocate/Experiments/Advocate/advocate/analysis/analysis/analysis.go:262 +0xc9b
advocate/analysis/analysis.RunAnalysis(0x1)
	/home/advocate/Advocate/Experiments/Advocate/advocate/analysis/analysis/analysis.go:63 +0x105
advocate/toolchain.runAnalyzer({0x22e1a6138180, 0x74}, {0x22e1a6138300?, 0x66?}, {0x22e1a6138280, 0x7a}, {0x22e1a6138400, 0x75}, 0x0, {0x22e1a61bec00, ...}, ...)
	/home/advocate/Advocate/Experiments/Advocate/advocate/toolchain/analyzer.go:78 +0x43b
advocate/toolchain.unitTestAnalyzer({0x22e1a637a0e0, 0x66}, {0x760f26?, 0x22e1a600a048?}, 0x0, {0x22e1a61bec00, 0x7e}, {0x22e1a80b1182, 0x13})
	/home/advocate/Advocate/Experiments/Advocate/advocate/toolchain/fullWorkflowUnit.go:619 +0x25c
advocate/toolchain.unitTestFullWorkflow({0x22e1a6088000?, 0x2c}, {0x7ffff78d010d, 0x4c}, 0x1, 0x1, 0x1, {0x22e1a80b1182, 0x13}, {0x22e1a8084d40, ...}, ...)
	/home/advocate/Advocate/Experiments/Advocate/advocate/toolchain/fullWorkflowUnit.go:479 +0x625
advocate/toolchain.runWorkflowUnit({0x7ffff78d010d, 0x4c}, 0x1, 0x1, 0x1, {0x22e1a6138a80, 0x7e}, 0x0, {0x0, 0x0}, ...)
	/home/advocate/Advocate/Experiments/Advocate/advocate/toolchain/fullWorkflowUnit.go:171 +0x1190
advocate/toolchain.Run({0x75dd74, 0x4}, {0x22e1a6138a80, 0x7e}, 0x1, 0x1, 0x1, 0x0, {0x0, 0x0}, ...)
	/home/advocate/Advocate/Experiments/Advocate/advocate/toolchain/toolchain.go:72 +0x389
advocate/fuzzing.runFuzzing({0x22e1a6138a80, 0x7e}, 0x0, 0x31, 0x1)
	/home/advocate/Advocate/Experiments/Advocate/advocate/fuzzing/fuzzing.go:217 +0x57b
advocate/fuzzing.Fuzzing()
	/home/advocate/Advocate/Experiments/Advocate/advocate/fuzzing/fuzzing.go:135 +0xea5
advocate/run.modeFuzzing()
	/home/advocate/Advocate/Experiments/Advocate/advocate/run/modes.go:34 +0x5e
advocate/run.Run()
	/home/advocate/Advocate/Experiments/Advocate/advocate/run/run.go:100 +0x5b5
main.main()
	/home/advocate/Advocate/Experiments/Advocate/advocate/main.go:28 +0x1c
2026/06/05 16:31:46 [31mNot enough RAM[0m
2026/06/05 16:31:46 goroutine 20 [running]:
advocate/utils/control.printAllGoroutines()
	/home/advocate/Advocate/Experiments/Advocate/advocate/utils/control/utils.go:20 +0x3d
advocate/utils/control.cancelRAM(0x77cd50, 0x77cd48, 0x77cd58)
	/home/advocate/Advocate/Experiments/Advocate/advocate/utils/control/memory.go:109 +0x6e
advocate/utils/control.Supervisor(0x77cd50, 0x77cd48, 0x77cd58)
	/home/advocate/Advocate/Experiments/Advocate/advocate/utils/control/memory.go:79 +0x12f
created by advocate/run.Run in goroutine 1
	/home/advocate/Advocate/Experiments/Advocate/advocate/run/run.go:63 +0x26f

goroutine 1 [runnable]:
advocate/analysis/hb/clock.(*VectorClock).GetValue(...)
	/home/advocate/Advocate/Experiments/Advocate/advocate/analysis/hb/clock/vc.go:97
advocate/analysis/hb/clock.happensBefore(0x22e1b63ecfa0, 0x22e1b832cb50)
	/home/advocate/Advocate/Experiments/Advocate/advocate/analysis/hb/clock/hb.go:29 +0x130
advocate/analysis/hb/clock.GetHappensBefore(0x22e1b63ecfa0, 0x22e1b832cb50)
	/home/advocate/Advocate/Experiments/Advocate/advocate/analysis/hb/clock/hb.go:74 +0x34
advocate/analysis/analysis/scenarios.buildResidualGraph({0x22e1bfb80000, 0x186a2, 0x22e1a601ab68?}, {0x22e1bfd4c000, 0x186a2, 0x1?})
	/home/advocate/Advocate/Experiments/Advocate/advocate/analysis/analysis/scenarios/graph.go:60 +0x49f
advocate/analysis/analysis/scenarios.CheckForUnlockBeforeLock()
	/home/advocate/Advocate/Experiments/Advocate/advocate/analysis/analysis/scenarios/unlockBeforeLock.go:75 +0x2b5
advocate/analysis/analysis.RunHBAnalysis(0x1)
	/home/advocate/Advocate/Experiments/Advocate/advocate/analysis/analysis/analysis.go:262 +0xc9b
advocate/analysis/analysis.RunAnalysis(0x1)
	/home/advocate/Advocate/Experiments/Advocate/advocate/analysis/analysis/analysis.go:63 +0x105
advocate/toolchain.runAnalyzer({0x22e1a6138180, 0x74}, {0x22e1a6138300?, 0x66?}, {0x22e1a6138280, 0x7a}, {0x22e1a6138400, 0x75}, 0x0, {0x22e1a61bec00, ...}, ...)
	/home/advocate/Advocate/Experiments/Advocate/advocate/toolchain/analyzer.go:78 +0x43b
advocate/toolchain.unitTestAnalyzer({0x22e1a637a0e0, 0x66}, {0x760f26?, 0x22e1a600a048?}, 0x0, {0x22e1a61bec00, 0x7e}, {0x22e1a80b1182, 0x13})
	/home/advocate/Advocate/Experiments/Advocate/advocate/toolchain/fullWorkflowUnit.go:619 +0x25c
advocate/toolchain.unitTestFullWorkflow({0x22e1a6088000?, 0x2c}, {0x7ffff78d010d, 0x4c}, 0x1, 0x1, 0x1, {0x22e1a80b1182, 0x13}, {0x22e1a8084d40, ...}, ...)
	/home/advocate/Advocate/Experiments/Advocate/advocate/toolchain/fullWorkflowUnit.go:479 +0x625
advocate/toolchain.runWorkflowUnit({0x7ffff78d010d, 0x4c}, 0x1, 0x1, 0x1, {0x22e1a6138a80, 0x7e}, 0x0, {0x0, 0x0}, ...)
	/home/advocate/Advocate/Experiments/Advocate/advocate/toolchain/fullWorkflowUnit.go:171 +0x1190
advocate/toolchain.Run({0x75dd74, 0x4}, {0x22e1a6138a80, 0x7e}, 0x1, 0x1, 0x1, 0x0, {0x0, 0x0}, ...)
	/home/advocate/Advocate/Experiments/Advocate/advocate/toolchain/toolchain.go:72 +0x389
advocate/fuzzing.runFuzzing({0x22e1a6138a80, 0x7e}, 0x0, 0x31, 0x1)
	/home/advocate/Advocate/Experiments/Advocate/advocate/fuzzing/fuzzing.go:217 +0x57b
advocate/fuzzing.Fuzzing()
	/home/advocate/Advocate/Experiments/Advocate/advocate/fuzzing/fuzzing.go:135 +0xea5
advocate/run.modeFuzzing()
	/home/advocate/Advocate/Experiments/Advocate/advocate/run/modes.go:34 +0x5e
advocate/run.Run()
	/home/advocate/Advocate/Experiments/Advocate/advocate/run/run.go:100 +0x5b5
main.main()
	/home/advocate/Advocate/Experiments/Advocate/advocate/main.go:28 +0x1c
2026/06/05 16:31:57 [31mNot enough RAM[0m
2026/06/05 16:31:57 goroutine 20 [running]:
advocate/utils/control.printAllGoroutines()
	/home/advocate/Advocate/Experiments/Advocate/advocate/utils/control/utils.go:20 +0x3d
advocate/utils/control.cancelRAM(0x77cd50, 0x77cd48, 0x77cd58)
	/home/advocate/Advocate/Experiments/Advocate/advocate/utils/control/memory.go:109 +0x6e
advocate/utils/control.Supervisor(0x77cd50, 0x77cd48, 0x77cd58)
	/home/advocate/Advocate/Experiments/Advocate/advocate/utils/control/memory.go:79 +0x12f
created by advocate/run.Run in goroutine 1
	/home/advocate/Advocate/Experiments/Advocate/advocate/run/run.go:63 +0x26f

goroutine 1 [runnable]:
advocate/analysis/hb/clock.(*VectorClock).GetValue(...)
	/home/advocate/Advocate/Experiments/Advocate/advocate/analysis/hb/clock/vc.go:97
advocate/analysis/hb/clock.happensBefore(0x22e1b83d50b0, 0x22e1b9acb0e0)
	/home/advocate/Advocate/Experiments/Advocate/advocate/analysis/hb/clock/hb.go:29 +0x130
advocate/analysis/hb/clock.GetHappensBefore(0x22e1b9acb0e0, 0x22e1b83d50b0)
	/home/advocate/Advocate/Experiments/Advocate/advocate/analysis/hb/clock/hb.go:77 +0x47
advocate/analysis/analysis/scenarios.buildResidualGraph({0x22e1bfb80000, 0x186a2, 0x22e1a601ab68?}, {0x22e1bfd4c000, 0x186a2, 0x1?})
	/home/advocate/Advocate/Experiments/Advocate/advocate/analysis/analysis/scenarios/graph.go:60 +0x49f
advocate/analysis/analysis/scenarios.CheckForUnlockBeforeLock()
	/home/advocate/Advocate/Experiments/Advocate/advocate/analysis/analysis/scenarios/unlockBeforeLock.go:75 +0x2b5
advocate/analysis/analysis.RunHBAnalysis(0x1)
	/home/advocate/Advocate/Experiments/Advocate/advocate/analysis/analysis/analysis.go:262 +0xc9b
advocate/analysis/analysis.RunAnalysis(0x1)
	/home/advocate/Advocate/Experiments/Advocate/advocate/analysis/analysis/analysis.go:63 +0x105
advocate/toolchain.runAnalyzer({0x22e1a6138180, 0x74}, {0x22e1a6138300?, 0x66?}, {0x22e1a6138280, 0x7a}, {0x22e1a6138400, 0x75}, 0x0, {0x22e1a61bec00, ...}, ...)
	/home/advocate/Advocate/Experiments/Advocate/advocate/toolchain/analyzer.go:78 +0x43b
advocate/toolchain.unitTestAnalyzer({0x22e1a637a0e0, 0x66}, {0x760f26?, 0x22e1a600a048?}, 0x0, {0x22e1a61bec00, 0x7e}, {0x22e1a80b1182, 0x13})
	/home/advocate/Advocate/Experiments/Advocate/advocate/toolchain/fullWorkflowUnit.go:619 +0x25c
advocate/toolchain.unitTestFullWorkflow({0x22e1a6088000?, 0x2c}, {0x7ffff78d010d, 0x4c}, 0x1, 0x1, 0x1, {0x22e1a80b1182, 0x13}, {0x22e1a8084d40, ...}, ...)
	/home/advocate/Advocate/Experiments/Advocate/advocate/toolchain/fullWorkflowUnit.go:479 +0x625
advocate/toolchain.runWorkflowUnit({0x7ffff78d010d, 0x4c}, 0x1, 0x1, 0x1, {0x22e1a6138a80, 0x7e}, 0x0, {0x0, 0x0}, ...)
	/home/advocate/Advocate/Experiments/Advocate/advocate/toolchain/fullWorkflowUnit.go:171 +0x1190
advocate/toolchain.Run({0x75dd74, 0x4}, {0x22e1a6138a80, 0x7e}, 0x1, 0x1, 0x1, 0x0, {0x0, 0x0}, ...)
	/home/advocate/Advocate/Experiments/Advocate/advocate/toolchain/toolchain.go:72 +0x389
advocate/fuzzing.runFuzzing({0x22e1a6138a80, 0x7e}, 0x0, 0x31, 0x1)
	/home/advocate/Advocate/Experiments/Advocate/advocate/fuzzing/fuzzing.go:217 +0x57b
advocate/fuzzing.Fuzzing()
	/home/advocate/Advocate/Experiments/Advocate/advocate/fuzzing/fuzzing.go:135 +0xea5
advocate/run.modeFuzzing()
	/home/advocate/Advocate/Experiments/Advocate/advocate/run/modes.go:34 +0x5e
advocate/run.Run()
	/home/advocate/Advocate/Experiments/Advocate/advocate/run/run.go:100 +0x5b5
main.main()
	/home/advocate/Advocate/Experiments/Advocate/advocate/main.go:28 +0x1c
2026/06/05 16:32:09 [31mNot enough RAM[0m
2026/06/05 16:32:09 goroutine 20 [running]:
advocate/utils/control.printAllGoroutines()
	/home/advocate/Advocate/Experiments/Advocate/advocate/utils/control/utils.go:20 +0x3d
advocate/utils/control.cancelRAM(0x77cd50, 0x77cd48, 0x77cd58)
	/home/advocate/Advocate/Experiments/Advocate/advocate/utils/control/memory.go:109 +0x6e
advocate/utils/control.Supervisor(0x77cd50, 0x77cd48, 0x77cd58)
	/home/advocate/Advocate/Experiments/Advocate/advocate/utils/control/memory.go:79 +0x12f
created by advocate/run.Run in goroutine 1
	/home/advocate/Advocate/Experiments/Advocate/advocate/run/run.go:63 +0x26f

goroutine 1 [runnable]:
advocate/analysis/hb/clock.(*VectorClock).GetValue(...)
	/home/advocate/Advocate/Experiments/Advocate/advocate/analysis/hb/clock/vc.go:97
advocate/analysis/hb/clock.happensBefore(0x22e1bd6cd9f0, 0x22e1b847fa20)
	/home/advocate/Advocate/Experiments/Advocate/advocate/analysis/hb/clock/hb.go:27 +0x96
advocate/analysis/hb/clock.GetHappensBefore(0x22e1bd6cd9f0, 0x22e1b847fa20)
	/home/advocate/Advocate/Experiments/Advocate/advocate/analysis/hb/clock/hb.go:74 +0x34
advocate/analysis/analysis/scenarios.buildResidualGraph({0x22e1bfb80000, 0x186a2, 0x22e1a601ab68?}, {0x22e1bfd4c000, 0x186a2, 0x1?})
	/home/advocate/Advocate/Experiments/Advocate/advocate/analysis/analysis/scenarios/graph.go:60 +0x49f
advocate/analysis/analysis/scenarios.CheckForUnlockBeforeLock()
	/home/advocate/Advocate/Experiments/Advocate/advocate/analysis/analysis/scenarios/unlockBeforeLock.go:75 +0x2b5
advocate/analysis/analysis.RunHBAnalysis(0x1)
	/home/advocate/Advocate/Experiments/Advocate/advocate/analysis/analysis/analysis.go:262 +0xc9b
advocate/analysis/analysis.RunAnalysis(0x1)
	/home/advocate/Advocate/Experiments/Advocate/advocate/analysis/analysis/analysis.go:63 +0x105
advocate/toolchain.runAnalyzer({0x22e1a6138180, 0x74}, {0x22e1a6138300?, 0x66?}, {0x22e1a6138280, 0x7a}, {0x22e1a6138400, 0x75}, 0x0, {0x22e1a61bec00, ...}, ...)
	/home/advocate/Advocate/Experiments/Advocate/advocate/toolchain/analyzer.go:78 +0x43b
advocate/toolchain.unitTestAnalyzer({0x22e1a637a0e0, 0x66}, {0x760f26?, 0x22e1a600a048?}, 0x0, {0x22e1a61bec00, 0x7e}, {0x22e1a80b1182, 0x13})
	/home/advocate/Advocate/Experiments/Advocate/advocate/toolchain/fullWorkflowUnit.go:619 +0x25c
advocate/toolchain.unitTestFullWorkflow({0x22e1a6088000?, 0x2c}, {0x7ffff78d010d, 0x4c}, 0x1, 0x1, 0x1, {0x22e1a80b1182, 0x13}, {0x22e1a8084d40, ...}, ...)
	/home/advocate/Advocate/Experiments/Advocate/advocate/toolchain/fullWorkflowUnit.go:479 +0x625
advocate/toolchain.runWorkflowUnit({0x7ffff78d010d, 0x4c}, 0x1, 0x1, 0x1, {0x22e1a6138a80, 0x7e}, 0x0, {0x0, 0x0}, ...)
	/home/advocate/Advocate/Experiments/Advocate/advocate/toolchain/fullWorkflowUnit.go:171 +0x1190
advocate/toolchain.Run({0x75dd74, 0x4}, {0x22e1a6138a80, 0x7e}, 0x1, 0x1, 0x1, 0x0, {0x0, 0x0}, ...)
	/home/advocate/Advocate/Experiments/Advocate/advocate/toolchain/toolchain.go:72 +0x389
advocate/fuzzing.runFuzzing({0x22e1a6138a80, 0x7e}, 0x0, 0x31, 0x1)
	/home/advocate/Advocate/Experiments/Advocate/advocate/fuzzing/fuzzing.go:217 +0x57b
advocate/fuzzing.Fuzzing()
	/home/advocate/Advocate/Experiments/Advocate/advocate/fuzzing/fuzzing.go:135 +0xea5
advocate/run.modeFuzzing()
	/home/advocate/Advocate/Experiments/Advocate/advocate/run/modes.go:34 +0x5e
advocate/run.Run()
	/home/advocate/Advocate/Experiments/Advocate/advocate/run/run.go:100 +0x5b5
main.main()
	/home/advocate/Advocate/Experiments/Advocate/advocate/main.go:28 +0x1c
2026/06/05 16:32:21 [31mNot enough RAM[0m
2026/06/05 16:32:21 goroutine 20 [running]:
advocate/utils/control.printAllGoroutines()
	/home/advocate/Advocate/Experiments/Advocate/advocate/utils/control/utils.go:20 +0x3d
advocate/utils/control.cancelRAM(0x77cd50, 0x77cd48, 0x77cd58)
	/home/advocate/Advocate/Experiments/Advocate/advocate/utils/control/memory.go:109 +0x6e
advocate/utils/control.Supervisor(0x77cd50, 0x77cd48, 0x77cd58)
	/home/advocate/Advocate/Experiments/Advocate/advocate/utils/control/memory.go:79 +0x12f
created by advocate/run.Run in goroutine 1
	/home/advocate/Advocate/Experiments/Advocate/advocate/run/run.go:63 +0x26f

goroutine 1 [runnable]:
advocate/analysis/hb/clock.(*VectorClock).GetValue(...)
	/home/advocate/Advocate/Experiments/Advocate/advocate/analysis/hb/clock/vc.go:97
advocate/analysis/hb/clock.happensBefore(0x22e1b74d5380, 0x22e1b8540340)
	/home/advocate/Advocate/Experiments/Advocate/advocate/analysis/hb/clock/hb.go:27 +0x96
advocate/analysis/hb/clock.GetHappensBefore(0x22e1b74d5380, 0x22e1b8540340)
	/home/advocate/Advocate/Experiments/Advocate/advocate/analysis/hb/clock/hb.go:74 +0x34
advocate/analysis/analysis/scenarios.buildResidualGraph({0x22e1bfb80000, 0x186a2, 0x22e1a601ab68?}, {0x22e1bfd4c000, 0x186a2, 0x1?})
	/home/advocate/Advocate/Experiments/Advocate/advocate/analysis/analysis/scenarios/graph.go:60 +0x49f
advocate/analysis/analysis/scenarios.CheckForUnlockBeforeLock()
	/home/advocate/Advocate/Experiments/Advocate/advocate/analysis/analysis/scenarios/unlockBeforeLock.go:75 +0x2b5
advocate/analysis/analysis.RunHBAnalysis(0x1)
	/home/advocate/Advocate/Experiments/Advocate/advocate/analysis/analysis/analysis.go:262 +0xc9b
advocate/analysis/analysis.RunAnalysis(0x1)
	/home/advocate/Advocate/Experiments/Advocate/advocate/analysis/analysis/analysis.go:63 +0x105
advocate/toolchain.runAnalyzer({0x22e1a6138180, 0x74}, {0x22e1a6138300?, 0x66?}, {0x22e1a6138280, 0x7a}, {0x22e1a6138400, 0x75}, 0x0, {0x22e1a61bec00, ...}, ...)
	/home/advocate/Advocate/Experiments/Advocate/advocate/toolchain/analyzer.go:78 +0x43b
advocate/toolchain.unitTestAnalyzer({0x22e1a637a0e0, 0x66}, {0x760f26?, 0x22e1a600a048?}, 0x0, {0x22e1a61bec00, 0x7e}, {0x22e1a80b1182, 0x13})
	/home/advocate/Advocate/Experiments/Advocate/advocate/toolchain/fullWorkflowUnit.go:619 +0x25c
advocate/toolchain.unitTestFullWorkflow({0x22e1a6088000?, 0x2c}, {0x7ffff78d010d, 0x4c}, 0x1, 0x1, 0x1, {0x22e1a80b1182, 0x13}, {0x22e1a8084d40, ...}, ...)
	/home/advocate/Advocate/Experiments/Advocate/advocate/toolchain/fullWorkflowUnit.go:479 +0x625
advocate/toolchain.runWorkflowUnit({0x7ffff78d010d, 0x4c}, 0x1, 0x1, 0x1, {0x22e1a6138a80, 0x7e}, 0x0, {0x0, 0x0}, ...)
	/home/advocate/Advocate/Experiments/Advocate/advocate/toolchain/fullWorkflowUnit.go:171 +0x1190
advocate/toolchain.Run({0x75dd74, 0x4}, {0x22e1a6138a80, 0x7e}, 0x1, 0x1, 0x1, 0x0, {0x0, 0x0}, ...)
	/home/advocate/Advocate/Experiments/Advocate/advocate/toolchain/toolchain.go:72 +0x389
advocate/fuzzing.runFuzzing({0x22e1a6138a80, 0x7e}, 0x0, 0x31, 0x1)
	/home/advocate/Advocate/Experiments/Advocate/advocate/fuzzing/fuzzing.go:217 +0x57b
advocate/fuzzing.Fuzzing()
	/home/advocate/Advocate/Experiments/Advocate/advocate/fuzzing/fuzzing.go:135 +0xea5
advocate/run.modeFuzzing()
	/home/advocate/Advocate/Experiments/Advocate/advocate/run/modes.go:34 +0x5e
advocate/run.Run()
	/home/advocate/Advocate/Experiments/Advocate/advocate/run/run.go:100 +0x5b5
main.main()
	/home/advocate/Advocate/Experiments/Advocate/advocate/main.go:28 +0x1c
2026/06/05 16:32:32 [31mNot enough RAM[0m
2026/06/05 16:32:32 goroutine 20 [running]:
advocate/utils/control.printAllGoroutines()
	/home/advocate/Advocate/Experiments/Advocate/advocate/utils/control/utils.go:20 +0x3d
advocate/utils/control.cancelRAM(0x77cd50, 0x77cd48, 0x77cd58)
	/home/advocate/Advocate/Experiments/Advocate/advocate/utils/control/memory.go:109 +0x6e
advocate/utils/control.Supervisor(0x77cd50, 0x77cd48, 0x77cd58)
	/home/advocate/Advocate/Experiments/Advocate/advocate/utils/control/memory.go:79 +0x12f
created by advocate/run.Run in goroutine 1
	/home/advocate/Advocate/Experiments/Advocate/advocate/run/run.go:63 +0x26f

goroutine 1 [runnable]:
advocate/analysis/hb/clock.(*VectorClock).GetValue(...)
	/home/advocate/Advocate/Experiments/Advocate/advocate/analysis/hb/clock/vc.go:97
advocate/analysis/hb/clock.happensBefore(0x22e1b3c0a3d0, 0x22e1b85e9680)
	/home/advocate/Advocate/Experiments/Advocate/advocate/analysis/hb/clock/hb.go:27 +0x96
advocate/analysis/hb/clock.GetHappensBefore(0x22e1b3c0a3d0, 0x22e1b85e9680)
	/home/advocate/Advocate/Experiments/Advocate/advocate/analysis/hb/clock/hb.go:74 +0x34
advocate/analysis/analysis/scenarios.buildResidualGraph({0x22e1bfb80000, 0x186a2, 0x22e1a601ab68?}, {0x22e1bfd4c000, 0x186a2, 0x1?})
	/home/advocate/Advocate/Experiments/Advocate/advocate/analysis/analysis/scenarios/graph.go:60 +0x49f
advocate/analysis/analysis/scenarios.CheckForUnlockBeforeLock()
	/home/advocate/Advocate/Experiments/Advocate/advocate/analysis/analysis/scenarios/unlockBeforeLock.go:75 +0x2b5
advocate/analysis/analysis.RunHBAnalysis(0x1)
	/home/advocate/Advocate/Experiments/Advocate/advocate/analysis/analysis/analysis.go:262 +0xc9b
advocate/analysis/analysis.RunAnalysis(0x1)
	/home/advocate/Advocate/Experiments/Advocate/advocate/analysis/analysis/analysis.go:63 +0x105
advocate/toolchain.runAnalyzer({0x22e1a6138180, 0x74}, {0x22e1a6138300?, 0x66?}, {0x22e1a6138280, 0x7a}, {0x22e1a6138400, 0x75}, 0x0, {0x22e1a61bec00, ...}, ...)
	/home/advocate/Advocate/Experiments/Advocate/advocate/toolchain/analyzer.go:78 +0x43b
advocate/toolchain.unitTestAnalyzer({0x22e1a637a0e0, 0x66}, {0x760f26?, 0x22e1a600a048?}, 0x0, {0x22e1a61bec00, 0x7e}, {0x22e1a80b1182, 0x13})
	/home/advocate/Advocate/Experiments/Advocate/advocate/toolchain/fullWorkflowUnit.go:619 +0x25c
advocate/toolchain.unitTestFullWorkflow({0x22e1a6088000?, 0x2c}, {0x7ffff78d010d, 0x4c}, 0x1, 0x1, 0x1, {0x22e1a80b1182, 0x13}, {0x22e1a8084d40, ...}, ...)
	/home/advocate/Advocate/Experiments/Advocate/advocate/toolchain/fullWorkflowUnit.go:479 +0x625
advocate/toolchain.runWorkflowUnit({0x7ffff78d010d, 0x4c}, 0x1, 0x1, 0x1, {0x22e1a6138a80, 0x7e}, 0x0, {0x0, 0x0}, ...)
	/home/advocate/Advocate/Experiments/Advocate/advocate/toolchain/fullWorkflowUnit.go:171 +0x1190
advocate/toolchain.Run({0x75dd74, 0x4}, {0x22e1a6138a80, 0x7e}, 0x1, 0x1, 0x1, 0x0, {0x0, 0x0}, ...)
	/home/advocate/Advocate/Experiments/Advocate/advocate/toolchain/toolchain.go:72 +0x389
advocate/fuzzing.runFuzzing({0x22e1a6138a80, 0x7e}, 0x0, 0x31, 0x1)
	/home/advocate/Advocate/Experiments/Advocate/advocate/fuzzing/fuzzing.go:217 +0x57b
advocate/fuzzing.Fuzzing()
	/home/advocate/Advocate/Experiments/Advocate/advocate/fuzzing/fuzzing.go:135 +0xea5
advocate/run.modeFuzzing()
	/home/advocate/Advocate/Experiments/Advocate/advocate/run/modes.go:34 +0x5e
advocate/run.Run()
	/home/advocate/Advocate/Experiments/Advocate/advocate/run/run.go:100 +0x5b5
main.main()
	/home/advocate/Advocate/Experiments/Advocate/advocate/main.go:28 +0x1c
2026/06/05 16:32:42 [31mNot enough RAM[0m
2026/06/05 16:32:42 goroutine 20 [running]:
advocate/utils/control.printAllGoroutines()
	/home/advocate/Advocate/Experiments/Advocate/advocate/utils/control/utils.go:20 +0x3d
advocate/utils/control.cancelRAM(0x77cd50, 0x77cd48, 0x77cd58)
	/home/advocate/Advocate/Experiments/Advocate/advocate/utils/control/memory.go:109 +0x6e
advocate/utils/control.Supervisor(0x77cd50, 0x77cd48, 0x77cd58)
	/home/advocate/Advocate/Experiments/Advocate/advocate/utils/control/memory.go:79 +0x12f
created by advocate/run.Run in goroutine 1
	/home/advocate/Advocate/Experiments/Advocate/advocate/run/run.go:63 +0x26f

goroutine 1 [runnable]:
advocate/analysis/hb/clock.(*VectorClock).GetValue(...)
	/home/advocate/Advocate/Experiments/Advocate/advocate/analysis/hb/clock/vc.go:97
advocate/analysis/hb/clock.happensBefore(0x22e1b8691640, 0x22e1b9f3abd0)
	/home/advocate/Advocate/Experiments/Advocate/advocate/analysis/hb/clock/hb.go:27 +0x65
advocate/analysis/hb/clock.GetHappensBefore(0x22e1b9f3abd0, 0x22e1b8691640)
	/home/advocate/Advocate/Experiments/Advocate/advocate/analysis/hb/clock/hb.go:77 +0x47
advocate/analysis/analysis/scenarios.buildResidualGraph({0x22e1bfb80000, 0x186a2, 0x22e1a601ab68?}, {0x22e1bfd4c000, 0x186a2, 0x1?})
	/home/advocate/Advocate/Experiments/Advocate/advocate/analysis/analysis/scenarios/graph.go:60 +0x49f
advocate/analysis/analysis/scenarios.CheckForUnlockBeforeLock()
	/home/advocate/Advocate/Experiments/Advocate/advocate/analysis/analysis/scenarios/unlockBeforeLock.go:75 +0x2b5
advocate/analysis/analysis.RunHBAnalysis(0x1)
	/home/advocate/Advocate/Experiments/Advocate/advocate/analysis/analysis/analysis.go:262 +0xc9b
advocate/analysis/analysis.RunAnalysis(0x1)
	/home/advocate/Advocate/Experiments/Advocate/advocate/analysis/analysis/analysis.go:63 +0x105
advocate/toolchain.runAnalyzer({0x22e1a6138180, 0x74}, {0x22e1a6138300?, 0x66?}, {0x22e1a6138280, 0x7a}, {0x22e1a6138400, 0x75}, 0x0, {0x22e1a61bec00, ...}, ...)
	/home/advocate/Advocate/Experiments/Advocate/advocate/toolchain/analyzer.go:78 +0x43b
advocate/toolchain.unitTestAnalyzer({0x22e1a637a0e0, 0x66}, {0x760f26?, 0x22e1a600a048?}, 0x0, {0x22e1a61bec00, 0x7e}, {0x22e1a80b1182, 0x13})
	/home/advocate/Advocate/Experiments/Advocate/advocate/toolchain/fullWorkflowUnit.go:619 +0x25c
advocate/toolchain.unitTestFullWorkflow({0x22e1a6088000?, 0x2c}, {0x7ffff78d010d, 0x4c}, 0x1, 0x1, 0x1, {0x22e1a80b1182, 0x13}, {0x22e1a8084d40, ...}, ...)
	/home/advocate/Advocate/Experiments/Advocate/advocate/toolchain/fullWorkflowUnit.go:479 +0x625
advocate/toolchain.runWorkflowUnit({0x7ffff78d010d, 0x4c}, 0x1, 0x1, 0x1, {0x22e1a6138a80, 0x7e}, 0x0, {0x0, 0x0}, ...)
	/home/advocate/Advocate/Experiments/Advocate/advocate/toolchain/fullWorkflowUnit.go:171 +0x1190
advocate/toolchain.Run({0x75dd74, 0x4}, {0x22e1a6138a80, 0x7e}, 0x1, 0x1, 0x1, 0x0, {0x0, 0x0}, ...)
	/home/advocate/Advocate/Experiments/Advocate/advocate/toolchain/toolchain.go:72 +0x389
advocate/fuzzing.runFuzzing({0x22e1a6138a80, 0x7e}, 0x0, 0x31, 0x1)
	/home/advocate/Advocate/Experiments/Advocate/advocate/fuzzing/fuzzing.go:217 +0x57b
advocate/fuzzing.Fuzzing()
	/home/advocate/Advocate/Experiments/Advocate/advocate/fuzzing/fuzzing.go:135 +0xea5
advocate/run.modeFuzzing()
	/home/advocate/Advocate/Experiments/Advocate/advocate/run/modes.go:34 +0x5e
advocate/run.Run()
	/home/advocate/Advocate/Experiments/Advocate/advocate/run/run.go:100 +0x5b5
main.main()
	/home/advocate/Advocate/Experiments/Advocate/advocate/main.go:28 +0x1c
2026/06/05 16:32:55 [31mNot enough RAM[0m
2026/06/05 16:32:55 goroutine 20 [running]:
advocate/utils/control.printAllGoroutines()
	/home/advocate/Advocate/Experiments/Advocate/advocate/utils/control/utils.go:20 +0x3d
advocate/utils/control.cancelRAM(0x77cd50, 0x77cd48, 0x77cd58)
	/home/advocate/Advocate/Experiments/Advocate/advocate/utils/control/memory.go:109 +0x6e
advocate/utils/control.Supervisor(0x77cd50, 0x77cd48, 0x77cd58)
	/home/advocate/Advocate/Experiments/Advocate/advocate/utils/control/memory.go:79 +0x12f
created by advocate/run.Run in goroutine 1
	/home/advocate/Advocate/Experiments/Advocate/advocate/run/run.go:63 +0x26f

goroutine 1 [runnable]:
advocate/analysis/hb/clock.(*VectorClock).GetValue(...)
	/home/advocate/Advocate/Experiments/Advocate/advocate/analysis/hb/clock/vc.go:97
advocate/analysis/hb/clock.happensBefore(0x22e1b74eee00, 0x22e1b8738800)
	/home/advocate/Advocate/Experiments/Advocate/advocate/analysis/hb/clock/hb.go:27 +0x65
advocate/analysis/hb/clock.GetHappensBefore(0x22e1b74eee00, 0x22e1b8738800)
	/home/advocate/Advocate/Experiments/Advocate/advocate/analysis/hb/clock/hb.go:74 +0x34
advocate/analysis/analysis/scenarios.buildResidualGraph({0x22e1bfb80000, 0x186a2, 0x22e1a601ab68?}, {0x22e1bfd4c000, 0x186a2, 0x1?})
	/home/advocate/Advocate/Experiments/Advocate/advocate/analysis/analysis/scenarios/graph.go:60 +0x49f
advocate/analysis/analysis/scenarios.CheckForUnlockBeforeLock()
	/home/advocate/Advocate/Experiments/Advocate/advocate/analysis/analysis/scenarios/unlockBeforeLock.go:75 +0x2b5
advocate/analysis/analysis.RunHBAnalysis(0x1)
	/home/advocate/Advocate/Experiments/Advocate/advocate/analysis/analysis/analysis.go:262 +0xc9b
advocate/analysis/analysis.RunAnalysis(0x1)
	/home/advocate/Advocate/Experiments/Advocate/advocate/analysis/analysis/analysis.go:63 +0x105
advocate/toolchain.runAnalyzer({0x22e1a6138180, 0x74}, {0x22e1a6138300?, 0x66?}, {0x22e1a6138280, 0x7a}, {0x22e1a6138400, 0x75}, 0x0, {0x22e1a61bec00, ...}, ...)
	/home/advocate/Advocate/Experiments/Advocate/advocate/toolchain/analyzer.go:78 +0x43b
advocate/toolchain.unitTestAnalyzer({0x22e1a637a0e0, 0x66}, {0x760f26?, 0x22e1a600a048?}, 0x0, {0x22e1a61bec00, 0x7e}, {0x22e1a80b1182, 0x13})
	/home/advocate/Advocate/Experiments/Advocate/advocate/toolchain/fullWorkflowUnit.go:619 +0x25c
advocate/toolchain.unitTestFullWorkflow({0x22e1a6088000?, 0x2c}, {0x7ffff78d010d, 0x4c}, 0x1, 0x1, 0x1, {0x22e1a80b1182, 0x13}, {0x22e1a8084d40, ...}, ...)
	/home/advocate/Advocate/Experiments/Advocate/advocate/toolchain/fullWorkflowUnit.go:479 +0x625
advocate/toolchain.runWorkflowUnit({0x7ffff78d010d, 0x4c}, 0x1, 0x1, 0x1, {0x22e1a6138a80, 0x7e}, 0x0, {0x0, 0x0}, ...)
	/home/advocate/Advocate/Experiments/Advocate/advocate/toolchain/fullWorkflowUnit.go:171 +0x1190
advocate/toolchain.Run({0x75dd74, 0x4}, {0x22e1a6138a80, 0x7e}, 0x1, 0x1, 0x1, 0x0, {0x0, 0x0}, ...)
	/home/advocate/Advocate/Experiments/Advocate/advocate/toolchain/toolchain.go:72 +0x389
advocate/fuzzing.runFuzzing({0x22e1a6138a80, 0x7e}, 0x0, 0x31, 0x1)
	/home/advocate/Advocate/Experiments/Advocate/advocate/fuzzing/fuzzing.go:217 +0x57b
advocate/fuzzing.Fuzzing()
	/home/advocate/Advocate/Experiments/Advocate/advocate/fuzzing/fuzzing.go:135 +0xea5
advocate/run.modeFuzzing()
	/home/advocate/Advocate/Experiments/Advocate/advocate/run/modes.go:34 +0x5e
advocate/run.Run()
	/home/advocate/Advocate/Experiments/Advocate/advocate/run/run.go:100 +0x5b5
main.main()
	/home/advocate/Advocate/Experiments/Advocate/advocate/main.go:28 +0x1c
2026/06/05 16:33:05 [31mNot enough RAM[0m
2026/06/05 16:33:05 goroutine 20 [running]:
advocate/utils/control.printAllGoroutines()
	/home/advocate/Advocate/Experiments/Advocate/advocate/utils/control/utils.go:20 +0x3d
advocate/utils/control.cancelRAM(0x77cd50, 0x77cd48, 0x77cd58)
	/home/advocate/Advocate/Experiments/Advocate/advocate/utils/control/memory.go:109 +0x6e
advocate/utils/control.Supervisor(0x77cd50, 0x77cd48, 0x77cd58)
	/home/advocate/Advocate/Experiments/Advocate/advocate/utils/control/memory.go:79 +0x12f
created by advocate/run.Run in goroutine 1
	/home/advocate/Advocate/Experiments/Advocate/advocate/run/run.go:63 +0x26f

goroutine 1 [runnable]:
advocate/analysis/analysis/scenarios.buildResidualGraph({0x22e1bfb80000, 0x186a2, 0x22e1a601ab68?}, {0x22e1bfd4c000, 0x186a2, 0x1?})
	/home/advocate/Advocate/Experiments/Advocate/advocate/analysis/analysis/scenarios/graph.go:61 +0x54f
advocate/analysis/analysis/scenarios.CheckForUnlockBeforeLock()
	/home/advocate/Advocate/Experiments/Advocate/advocate/analysis/analysis/scenarios/unlockBeforeLock.go:75 +0x2b5
advocate/analysis/analysis.RunHBAnalysis(0x1)
	/home/advocate/Advocate/Experiments/Advocate/advocate/analysis/analysis/analysis.go:262 +0xc9b
advocate/analysis/analysis.RunAnalysis(0x1)
	/home/advocate/Advocate/Experiments/Advocate/advocate/analysis/analysis/analysis.go:63 +0x105
advocate/toolchain.runAnalyzer({0x22e1a6138180, 0x74}, {0x22e1a6138300?, 0x66?}, {0x22e1a6138280, 0x7a}, {0x22e1a6138400, 0x75}, 0x0, {0x22e1a61bec00, ...}, ...)
	/home/advocate/Advocate/Experiments/Advocate/advocate/toolchain/analyzer.go:78 +0x43b
advocate/toolchain.unitTestAnalyzer({0x22e1a637a0e0, 0x66}, {0x760f26?, 0x22e1a600a048?}, 0x0, {0x22e1a61bec00, 0x7e}, {0x22e1a80b1182, 0x13})
	/home/advocate/Advocate/Experiments/Advocate/advocate/toolchain/fullWorkflowUnit.go:619 +0x25c
advocate/toolchain.unitTestFullWorkflow({0x22e1a6088000?, 0x2c}, {0x7ffff78d010d, 0x4c}, 0x1, 0x1, 0x1, {0x22e1a80b1182, 0x13}, {0x22e1a8084d40, ...}, ...)
	/home/advocate/Advocate/Experiments/Advocate/advocate/toolchain/fullWorkflowUnit.go:479 +0x625
advocate/toolchain.runWorkflowUnit({0x7ffff78d010d, 0x4c}, 0x1, 0x1, 0x1, {0x22e1a6138a80, 0x7e}, 0x0, {0x0, 0x0}, ...)
	/home/advocate/Advocate/Experiments/Advocate/advocate/toolchain/fullWorkflowUnit.go:171 +0x1190
advocate/toolchain.Run({0x75dd74, 0x4}, {0x22e1a6138a80, 0x7e}, 0x1, 0x1, 0x1, 0x0, {0x0, 0x0}, ...)
	/home/advocate/Advocate/Experiments/Advocate/advocate/toolchain/toolchain.go:72 +0x389
advocate/fuzzing.runFuzzing({0x22e1a6138a80, 0x7e}, 0x0, 0x31, 0x1)
	/home/advocate/Advocate/Experiments/Advocate/advocate/fuzzing/fuzzing.go:217 +0x57b
advocate/fuzzing.Fuzzing()
	/home/advocate/Advocate/Experiments/Advocate/advocate/fuzzing/fuzzing.go:135 +0xea5
advocate/run.modeFuzzing()
	/home/advocate/Advocate/Experiments/Advocate/advocate/run/modes.go:34 +0x5e
advocate/run.Run()
	/home/advocate/Advocate/Experiments/Advocate/advocate/run/run.go:100 +0x5b5
main.main()
	/home/advocate/Advocate/Experiments/Advocate/advocate/main.go:28 +0x1c
2026/06/05 16:33:17 [31mNot enough RAM[0m
2026/06/05 16:33:17 goroutine 20 [running]:
advocate/utils/control.printAllGoroutines()
	/home/advocate/Advocate/Experiments/Advocate/advocate/utils/control/utils.go:20 +0x3d
advocate/utils/control.cancelRAM(0x77cd50, 0x77cd48, 0x77cd58)
	/home/advocate/Advocate/Experiments/Advocate/advocate/utils/control/memory.go:109 +0x6e
advocate/utils/control.Supervisor(0x77cd50, 0x77cd48, 0x77cd58)
	/home/advocate/Advocate/Experiments/Advocate/advocate/utils/control/memory.go:79 +0x12f
created by advocate/run.Run in goroutine 1
	/home/advocate/Advocate/Experiments/Advocate/advocate/run/run.go:63 +0x26f

goroutine 1 [runnable]:
advocate/analysis/hb/clock.(*VectorClock).GetValue(...)
	/home/advocate/Advocate/Experiments/Advocate/advocate/analysis/hb/clock/vc.go:97
advocate/analysis/hb/clock.happensBefore(0x22e1b67241d0, 0x22e1b8875750)
	/home/advocate/Advocate/Experiments/Advocate/advocate/analysis/hb/clock/hb.go:27 +0x96
advocate/analysis/hb/clock.GetHappensBefore(0x22e1b67241d0, 0x22e1b8875750)
	/home/advocate/Advocate/Experiments/Advocate/advocate/analysis/hb/clock/hb.go:74 +0x34
advocate/analysis/analysis/scenarios.buildResidualGraph({0x22e1bfb80000, 0x186a2, 0x22e1a601ab68?}, {0x22e1bfd4c000, 0x186a2, 0x1?})
	/home/advocate/Advocate/Experiments/Advocate/advocate/analysis/analysis/scenarios/graph.go:60 +0x49f
advocate/analysis/analysis/scenarios.CheckForUnlockBeforeLock()
	/home/advocate/Advocate/Experiments/Advocate/advocate/analysis/analysis/scenarios/unlockBeforeLock.go:75 +0x2b5
advocate/analysis/analysis.RunHBAnalysis(0x1)
	/home/advocate/Advocate/Experiments/Advocate/advocate/analysis/analysis/analysis.go:262 +0xc9b
advocate/analysis/analysis.RunAnalysis(0x1)
	/home/advocate/Advocate/Experiments/Advocate/advocate/analysis/analysis/analysis.go:63 +0x105
advocate/toolchain.runAnalyzer({0x22e1a6138180, 0x74}, {0x22e1a6138300?, 0x66?}, {0x22e1a6138280, 0x7a}, {0x22e1a6138400, 0x75}, 0x0, {0x22e1a61bec00, ...}, ...)
	/home/advocate/Advocate/Experiments/Advocate/advocate/toolchain/analyzer.go:78 +0x43b
advocate/toolchain.unitTestAnalyzer({0x22e1a637a0e0, 0x66}, {0x760f26?, 0x22e1a600a048?}, 0x0, {0x22e1a61bec00, 0x7e}, {0x22e1a80b1182, 0x13})
	/home/advocate/Advocate/Experiments/Advocate/advocate/toolchain/fullWorkflowUnit.go:619 +0x25c
advocate/toolchain.unitTestFullWorkflow({0x22e1a6088000?, 0x2c}, {0x7ffff78d010d, 0x4c}, 0x1, 0x1, 0x1, {0x22e1a80b1182, 0x13}, {0x22e1a8084d40, ...}, ...)
	/home/advocate/Advocate/Experiments/Advocate/advocate/toolchain/fullWorkflowUnit.go:479 +0x625
advocate/toolchain.runWorkflowUnit({0x7ffff78d010d, 0x4c}, 0x1, 0x1, 0x1, {0x22e1a6138a80, 0x7e}, 0x0, {0x0, 0x0}, ...)
	/home/advocate/Advocate/Experiments/Advocate/advocate/toolchain/fullWorkflowUnit.go:171 +0x1190
advocate/toolchain.Run({0x75dd74, 0x4}, {0x22e1a6138a80, 0x7e}, 0x1, 0x1, 0x1, 0x0, {0x0, 0x0}, ...)
	/home/advocate/Advocate/Experiments/Advocate/advocate/toolchain/toolchain.go:72 +0x389
advocate/fuzzing.runFuzzing({0x22e1a6138a80, 0x7e}, 0x0, 0x31, 0x1)
	/home/advocate/Advocate/Experiments/Advocate/advocate/fuzzing/fuzzing.go:217 +0x57b
advocate/fuzzing.Fuzzing()
	/home/advocate/Advocate/Experiments/Advocate/advocate/fuzzing/fuzzing.go:135 +0xea5
advocate/run.modeFuzzing()
	/home/advocate/Advocate/Experiments/Advocate/advocate/run/modes.go:34 +0x5e
advocate/run.Run()
	/home/advocate/Advocate/Experiments/Advocate/advocate/run/run.go:100 +0x5b5
main.main()
	/home/advocate/Advocate/Experiments/Advocate/advocate/main.go:28 +0x1c
2026/06/05 16:33:28 [31mNot enough RAM[0m
2026/06/05 16:33:28 goroutine 20 [running]:
advocate/utils/control.printAllGoroutines()
	/home/advocate/Advocate/Experiments/Advocate/advocate/utils/control/utils.go:20 +0x3d
advocate/utils/control.cancelRAM(0x77cd50, 0x77cd48, 0x77cd58)
	/home/advocate/Advocate/Experiments/Advocate/advocate/utils/control/memory.go:109 +0x6e
advocate/utils/control.Supervisor(0x77cd50, 0x77cd48, 0x77cd58)
	/home/advocate/Advocate/Experiments/Advocate/advocate/utils/control/memory.go:79 +0x12f
created by advocate/run.Run in goroutine 1
	/home/advocate/Advocate/Experiments/Advocate/advocate/run/run.go:63 +0x26f

goroutine 1 [runnable]:
advocate/analysis/hb/clock.(*VectorClock).GetValue(...)
	/home/advocate/Advocate/Experiments/Advocate/advocate/analysis/hb/clock/vc.go:97
advocate/analysis/hb/clock.happensBefore(0x22e1bd5c5c00, 0x22e1b891e500)
	/home/advocate/Advocate/Experiments/Advocate/advocate/analysis/hb/clock/hb.go:29 +0x130
advocate/analysis/hb/clock.GetHappensBefore(0x22e1bd5c5c00, 0x22e1b891e500)
	/home/advocate/Advocate/Experiments/Advocate/advocate/analysis/hb/clock/hb.go:74 +0x34
advocate/analysis/analysis/scenarios.buildResidualGraph({0x22e1bfb80000, 0x186a2, 0x22e1a601ab68?}, {0x22e1bfd4c000, 0x186a2, 0x1?})
	/home/advocate/Advocate/Experiments/Advocate/advocate/analysis/analysis/scenarios/graph.go:60 +0x49f
advocate/analysis/analysis/scenarios.CheckForUnlockBeforeLock()
	/home/advocate/Advocate/Experiments/Advocate/advocate/analysis/analysis/scenarios/unlockBeforeLock.go:75 +0x2b5
advocate/analysis/analysis.RunHBAnalysis(0x1)
	/home/advocate/Advocate/Experiments/Advocate/advocate/analysis/analysis/analysis.go:262 +0xc9b
advocate/analysis/analysis.RunAnalysis(0x1)
	/home/advocate/Advocate/Experiments/Advocate/advocate/analysis/analysis/analysis.go:63 +0x105
advocate/toolchain.runAnalyzer({0x22e1a6138180, 0x74}, {0x22e1a6138300?, 0x66?}, {0x22e1a6138280, 0x7a}, {0x22e1a6138400, 0x75}, 0x0, {0x22e1a61bec00, ...}, ...)
	/home/advocate/Advocate/Experiments/Advocate/advocate/toolchain/analyzer.go:78 +0x43b
advocate/toolchain.unitTestAnalyzer({0x22e1a637a0e0, 0x66}, {0x760f26?, 0x22e1a600a048?}, 0x0, {0x22e1a61bec00, 0x7e}, {0x22e1a80b1182, 0x13})
	/home/advocate/Advocate/Experiments/Advocate/advocate/toolchain/fullWorkflowUnit.go:619 +0x25c
advocate/toolchain.unitTestFullWorkflow({0x22e1a6088000?, 0x2c}, {0x7ffff78d010d, 0x4c}, 0x1, 0x1, 0x1, {0x22e1a80b1182, 0x13}, {0x22e1a8084d40, ...}, ...)
	/home/advocate/Advocate/Experiments/Advocate/advocate/toolchain/fullWorkflowUnit.go:479 +0x625
advocate/toolchain.runWorkflowUnit({0x7ffff78d010d, 0x4c}, 0x1, 0x1, 0x1, {0x22e1a6138a80, 0x7e}, 0x0, {0x0, 0x0}, ...)
	/home/advocate/Advocate/Experiments/Advocate/advocate/toolchain/fullWorkflowUnit.go:171 +0x1190
advocate/toolchain.Run({0x75dd74, 0x4}, {0x22e1a6138a80, 0x7e}, 0x1, 0x1, 0x1, 0x0, {0x0, 0x0}, ...)
	/home/advocate/Advocate/Experiments/Advocate/advocate/toolchain/toolchain.go:72 +0x389
advocate/fuzzing.runFuzzing({0x22e1a6138a80, 0x7e}, 0x0, 0x31, 0x1)
	/home/advocate/Advocate/Experiments/Advocate/advocate/fuzzing/fuzzing.go:217 +0x57b
advocate/fuzzing.Fuzzing()
	/home/advocate/Advocate/Experiments/Advocate/advocate/fuzzing/fuzzing.go:135 +0xea5
advocate/run.modeFuzzing()
	/home/advocate/Advocate/Experiments/Advocate/advocate/run/modes.go:34 +0x5e
advocate/run.Run()
	/home/advocate/Advocate/Experiments/Advocate/advocate/run/run.go:100 +0x5b5
main.main()
	/home/advocate/Advocate/Experiments/Advocate/advocate/main.go:28 +0x1c
2026/06/05 16:33:40 [31mNot enough RAM[0m
2026/06/05 16:33:40 goroutine 20 [running]:
advocate/utils/control.printAllGoroutines()
	/home/advocate/Advocate/Experiments/Advocate/advocate/utils/control/utils.go:20 +0x3d
advocate/utils/control.cancelRAM(0x77cd50, 0x77cd48, 0x77cd58)
	/home/advocate/Advocate/Experiments/Advocate/advocate/utils/control/memory.go:109 +0x6e
advocate/utils/control.Supervisor(0x77cd50, 0x77cd48, 0x77cd58)
	/home/advocate/Advocate/Experiments/Advocate/advocate/utils/control/memory.go:79 +0x12f
created by advocate/run.Run in goroutine 1
	/home/advocate/Advocate/Experiments/Advocate/advocate/run/run.go:63 +0x26f

goroutine 1 [runnable]:
advocate/analysis/hb/clock.happensBefore(0x22e1b6859460, 0x22e1b89ab730)
	/home/advocate/Advocate/Experiments/Advocate/advocate/analysis/hb/clock/hb.go:24 +0x189
advocate/analysis/hb/clock.GetHappensBefore(0x22e1b6859460, 0x22e1b89ab730)
	/home/advocate/Advocate/Experiments/Advocate/advocate/analysis/hb/clock/hb.go:74 +0x34
advocate/analysis/analysis/scenarios.buildResidualGraph({0x22e1bfb80000, 0x186a2, 0x22e1a601ab68?}, {0x22e1bfd4c000, 0x186a2, 0x1?})
	/home/advocate/Advocate/Experiments/Advocate/advocate/analysis/analysis/scenarios/graph.go:60 +0x49f
advocate/analysis/analysis/scenarios.CheckForUnlockBeforeLock()
	/home/advocate/Advocate/Experiments/Advocate/advocate/analysis/analysis/scenarios/unlockBeforeLock.go:75 +0x2b5
advocate/analysis/analysis.RunHBAnalysis(0x1)
	/home/advocate/Advocate/Experiments/Advocate/advocate/analysis/analysis/analysis.go:262 +0xc9b
advocate/analysis/analysis.RunAnalysis(0x1)
	/home/advocate/Advocate/Experiments/Advocate/advocate/analysis/analysis/analysis.go:63 +0x105
advocate/toolchain.runAnalyzer({0x22e1a6138180, 0x74}, {0x22e1a6138300?, 0x66?}, {0x22e1a6138280, 0x7a}, {0x22e1a6138400, 0x75}, 0x0, {0x22e1a61bec00, ...}, ...)
	/home/advocate/Advocate/Experiments/Advocate/advocate/toolchain/analyzer.go:78 +0x43b
advocate/toolchain.unitTestAnalyzer({0x22e1a637a0e0, 0x66}, {0x760f26?, 0x22e1a600a048?}, 0x0, {0x22e1a61bec00, 0x7e}, {0x22e1a80b1182, 0x13})
	/home/advocate/Advocate/Experiments/Advocate/advocate/toolchain/fullWorkflowUnit.go:619 +0x25c
advocate/toolchain.unitTestFullWorkflow({0x22e1a6088000?, 0x2c}, {0x7ffff78d010d, 0x4c}, 0x1, 0x1, 0x1, {0x22e1a80b1182, 0x13}, {0x22e1a8084d40, ...}, ...)
	/home/advocate/Advocate/Experiments/Advocate/advocate/toolchain/fullWorkflowUnit.go:479 +0x625
advocate/toolchain.runWorkflowUnit({0x7ffff78d010d, 0x4c}, 0x1, 0x1, 0x1, {0x22e1a6138a80, 0x7e}, 0x0, {0x0, 0x0}, ...)
	/home/advocate/Advocate/Experiments/Advocate/advocate/toolchain/fullWorkflowUnit.go:171 +0x1190
advocate/toolchain.Run({0x75dd74, 0x4}, {0x22e1a6138a80, 0x7e}, 0x1, 0x1, 0x1, 0x0, {0x0, 0x0}, ...)
	/home/advocate/Advocate/Experiments/Advocate/advocate/toolchain/toolchain.go:72 +0x389
advocate/fuzzing.runFuzzing({0x22e1a6138a80, 0x7e}, 0x0, 0x31, 0x1)
	/home/advocate/Advocate/Experiments/Advocate/advocate/fuzzing/fuzzing.go:217 +0x57b
advocate/fuzzing.Fuzzing()
	/home/advocate/Advocate/Experiments/Advocate/advocate/fuzzing/fuzzing.go:135 +0xea5
advocate/run.modeFuzzing()
	/home/advocate/Advocate/Experiments/Advocate/advocate/run/modes.go:34 +0x5e
advocate/run.Run()
	/home/advocate/Advocate/Experiments/Advocate/advocate/run/run.go:100 +0x5b5
main.main()
	/home/advocate/Advocate/Experiments/Advocate/advocate/main.go:28 +0x1c
2026/06/05 16:33:51 [31mNot enough RAM[0m
2026/06/05 16:33:51 goroutine 20 [running]:
advocate/utils/control.printAllGoroutines()
	/home/advocate/Advocate/Experiments/Advocate/advocate/utils/control/utils.go:20 +0x3d
advocate/utils/control.cancelRAM(0x77cd50, 0x77cd48, 0x77cd58)
	/home/advocate/Advocate/Experiments/Advocate/advocate/utils/control/memory.go:109 +0x6e
advocate/utils/control.Supervisor(0x77cd50, 0x77cd48, 0x77cd58)
	/home/advocate/Advocate/Experiments/Advocate/advocate/utils/control/memory.go:79 +0x12f
created by advocate/run.Run in goroutine 1
	/home/advocate/Advocate/Experiments/Advocate/advocate/run/run.go:63 +0x26f

goroutine 1 [runnable]:
advocate/analysis/hb/clock.GetHappensBefore(0x22e1bca8b010?, 0x22e1b8a4de60?)
	/home/advocate/Advocate/Experiments/Advocate/advocate/analysis/hb/clock/hb.go:65 +0x8e
advocate/analysis/analysis/scenarios.buildResidualGraph({0x22e1bfb80000, 0x186a2, 0x22e1a601ab68?}, {0x22e1bfd4c000, 0x186a2, 0x1?})
	/home/advocate/Advocate/Experiments/Advocate/advocate/analysis/analysis/scenarios/graph.go:60 +0x49f
advocate/analysis/analysis/scenarios.CheckForUnlockBeforeLock()
	/home/advocate/Advocate/Experiments/Advocate/advocate/analysis/analysis/scenarios/unlockBeforeLock.go:75 +0x2b5
advocate/analysis/analysis.RunHBAnalysis(0x1)
	/home/advocate/Advocate/Experiments/Advocate/advocate/analysis/analysis/analysis.go:262 +0xc9b
advocate/analysis/analysis.RunAnalysis(0x1)
	/home/advocate/Advocate/Experiments/Advocate/advocate/analysis/analysis/analysis.go:63 +0x105
advocate/toolchain.runAnalyzer({0x22e1a6138180, 0x74}, {0x22e1a6138300?, 0x66?}, {0x22e1a6138280, 0x7a}, {0x22e1a6138400, 0x75}, 0x0, {0x22e1a61bec00, ...}, ...)
	/home/advocate/Advocate/Experiments/Advocate/advocate/toolchain/analyzer.go:78 +0x43b
advocate/toolchain.unitTestAnalyzer({0x22e1a637a0e0, 0x66}, {0x760f26?, 0x22e1a600a048?}, 0x0, {0x22e1a61bec00, 0x7e}, {0x22e1a80b1182, 0x13})
	/home/advocate/Advocate/Experiments/Advocate/advocate/toolchain/fullWorkflowUnit.go:619 +0x25c
advocate/toolchain.unitTestFullWorkflow({0x22e1a6088000?, 0x2c}, {0x7ffff78d010d, 0x4c}, 0x1, 0x1, 0x1, {0x22e1a80b1182, 0x13}, {0x22e1a8084d40, ...}, ...)
	/home/advocate/Advocate/Experiments/Advocate/advocate/toolchain/fullWorkflowUnit.go:479 +0x625
advocate/toolchain.runWorkflowUnit({0x7ffff78d010d, 0x4c}, 0x1, 0x1, 0x1, {0x22e1a6138a80, 0x7e}, 0x0, {0x0, 0x0}, ...)
	/home/advocate/Advocate/Experiments/Advocate/advocate/toolchain/fullWorkflowUnit.go:171 +0x1190
advocate/toolchain.Run({0x75dd74, 0x4}, {0x22e1a6138a80, 0x7e}, 0x1, 0x1, 0x1, 0x0, {0x0, 0x0}, ...)
	/home/advocate/Advocate/Experiments/Advocate/advocate/toolchain/toolchain.go:72 +0x389
advocate/fuzzing.runFuzzing({0x22e1a6138a80, 0x7e}, 0x0, 0x31, 0x1)
	/home/advocate/Advocate/Experiments/Advocate/advocate/fuzzing/fuzzing.go:217 +0x57b
advocate/fuzzing.Fuzzing()
	/home/advocate/Advocate/Experiments/Advocate/advocate/fuzzing/fuzzing.go:135 +0xea5
advocate/run.modeFuzzing()
	/home/advocate/Advocate/Experiments/Advocate/advocate/run/modes.go:34 +0x5e
advocate/run.Run()
	/home/advocate/Advocate/Experiments/Advocate/advocate/run/run.go:100 +0x5b5
main.main()
	/home/advocate/Advocate/Experiments/Advocate/advocate/main.go:28 +0x1c
2026/06/05 16:34:03 [31mNot enough RAM[0m
2026/06/05 16:34:03 goroutine 20 [running]:
advocate/utils/control.printAllGoroutines()
	/home/advocate/Advocate/Experiments/Advocate/advocate/utils/control/utils.go:20 +0x3d
advocate/utils/control.cancelRAM(0x77cd50, 0x77cd48, 0x77cd58)
	/home/advocate/Advocate/Experiments/Advocate/advocate/utils/control/memory.go:109 +0x6e
advocate/utils/control.Supervisor(0x77cd50, 0x77cd48, 0x77cd58)
	/home/advocate/Advocate/Experiments/Advocate/advocate/utils/control/memory.go:79 +0x12f
created by advocate/run.Run in goroutine 1
	/home/advocate/Advocate/Experiments/Advocate/advocate/run/run.go:63 +0x26f

goroutine 1 [runnable]:
advocate/analysis/hb/clock.(*VectorClock).GetValue(...)
	/home/advocate/Advocate/Experiments/Advocate/advocate/analysis/hb/clock/vc.go:97
advocate/analysis/hb/clock.happensBefore(0x22e1be2450e0, 0x22e1b8adfd10)
	/home/advocate/Advocate/Experiments/Advocate/advocate/analysis/hb/clock/hb.go:29 +0xe6
advocate/analysis/hb/clock.GetHappensBefore(0x22e1be2450e0, 0x22e1b8adfd10)
	/home/advocate/Advocate/Experiments/Advocate/advocate/analysis/hb/clock/hb.go:74 +0x34
advocate/analysis/analysis/scenarios.buildResidualGraph({0x22e1bfb80000, 0x186a2, 0x22e1a601ab68?}, {0x22e1bfd4c000, 0x186a2, 0x1?})
	/home/advocate/Advocate/Experiments/Advocate/advocate/analysis/analysis/scenarios/graph.go:60 +0x49f
advocate/analysis/analysis/scenarios.CheckForUnlockBeforeLock()
	/home/advocate/Advocate/Experiments/Advocate/advocate/analysis/analysis/scenarios/unlockBeforeLock.go:75 +0x2b5
advocate/analysis/analysis.RunHBAnalysis(0x1)
	/home/advocate/Advocate/Experiments/Advocate/advocate/analysis/analysis/analysis.go:262 +0xc9b
advocate/analysis/analysis.RunAnalysis(0x1)
	/home/advocate/Advocate/Experiments/Advocate/advocate/analysis/analysis/analysis.go:63 +0x105
advocate/toolchain.runAnalyzer({0x22e1a6138180, 0x74}, {0x22e1a6138300?, 0x66?}, {0x22e1a6138280, 0x7a}, {0x22e1a6138400, 0x75}, 0x0, {0x22e1a61bec00, ...}, ...)
	/home/advocate/Advocate/Experiments/Advocate/advocate/toolchain/analyzer.go:78 +0x43b
advocate/toolchain.unitTestAnalyzer({0x22e1a637a0e0, 0x66}, {0x760f26?, 0x22e1a600a048?}, 0x0, {0x22e1a61bec00, 0x7e}, {0x22e1a80b1182, 0x13})
	/home/advocate/Advocate/Experiments/Advocate/advocate/toolchain/fullWorkflowUnit.go:619 +0x25c
advocate/toolchain.unitTestFullWorkflow({0x22e1a6088000?, 0x2c}, {0x7ffff78d010d, 0x4c}, 0x1, 0x1, 0x1, {0x22e1a80b1182, 0x13}, {0x22e1a8084d40, ...}, ...)
	/home/advocate/Advocate/Experiments/Advocate/advocate/toolchain/fullWorkflowUnit.go:479 +0x625
advocate/toolchain.runWorkflowUnit({0x7ffff78d010d, 0x4c}, 0x1, 0x1, 0x1, {0x22e1a6138a80, 0x7e}, 0x0, {0x0, 0x0}, ...)
	/home/advocate/Advocate/Experiments/Advocate/advocate/toolchain/fullWorkflowUnit.go:171 +0x1190
advocate/toolchain.Run({0x75dd74, 0x4}, {0x22e1a6138a80, 0x7e}, 0x1, 0x1, 0x1, 0x0, {0x0, 0x0}, ...)
	/home/advocate/Advocate/Experiments/Advocate/advocate/toolchain/toolchain.go:72 +0x389
advocate/fuzzing.runFuzzing({0x22e1a6138a80, 0x7e}, 0x0, 0x31, 0x1)
	/home/advocate/Advocate/Experiments/Advocate/advocate/fuzzing/fuzzing.go:217 +0x57b
advocate/fuzzing.Fuzzing()
	/home/advocate/Advocate/Experiments/Advocate/advocate/fuzzing/fuzzing.go:135 +0xea5
advocate/run.modeFuzzing()
	/home/advocate/Advocate/Experiments/Advocate/advocate/run/modes.go:34 +0x5e
advocate/run.Run()
	/home/advocate/Advocate/Experiments/Advocate/advocate/run/run.go:100 +0x5b5
main.main()
	/home/advocate/Advocate/Experiments/Advocate/advocate/main.go:28 +0x1c
2026/06/05 16:34:15 [31mNot enough RAM[0m
2026/06/05 16:34:15 goroutine 20 [running]:
advocate/utils/control.printAllGoroutines()
	/home/advocate/Advocate/Experiments/Advocate/advocate/utils/control/utils.go:20 +0x3d
advocate/utils/control.cancelRAM(0x77cd50, 0x77cd48, 0x77cd58)
	/home/advocate/Advocate/Experiments/Advocate/advocate/utils/control/memory.go:109 +0x6e
advocate/utils/control.Supervisor(0x77cd50, 0x77cd48, 0x77cd58)
	/home/advocate/Advocate/Experiments/Advocate/advocate/utils/control/memory.go:79 +0x12f
created by advocate/run.Run in goroutine 1
	/home/advocate/Advocate/Experiments/Advocate/advocate/run/run.go:63 +0x26f

goroutine 1 [runnable]:
advocate/analysis/hb/clock.(*VectorClock).GetValue(...)
	/home/advocate/Advocate/Experiments/Advocate/advocate/analysis/hb/clock/vc.go:97
advocate/analysis/hb/clock.happensBefore(0x22e1b4760ce0, 0x22e1b8b866b0)
	/home/advocate/Advocate/Experiments/Advocate/advocate/analysis/hb/clock/hb.go:27 +0x52
advocate/analysis/hb/clock.GetHappensBefore(0x22e1b4760ce0, 0x22e1b8b866b0)
	/home/advocate/Advocate/Experiments/Advocate/advocate/analysis/hb/clock/hb.go:74 +0x34
advocate/analysis/analysis/scenarios.buildResidualGraph({0x22e1bfb80000, 0x186a2, 0x22e1a601ab68?}, {0x22e1bfd4c000, 0x186a2, 0x1?})
	/home/advocate/Advocate/Experiments/Advocate/advocate/analysis/analysis/scenarios/graph.go:60 +0x49f
advocate/analysis/analysis/scenarios.CheckForUnlockBeforeLock()
	/home/advocate/Advocate/Experiments/Advocate/advocate/analysis/analysis/scenarios/unlockBeforeLock.go:75 +0x2b5
advocate/analysis/analysis.RunHBAnalysis(0x1)
	/home/advocate/Advocate/Experiments/Advocate/advocate/analysis/analysis/analysis.go:262 +0xc9b
advocate/analysis/analysis.RunAnalysis(0x1)
	/home/advocate/Advocate/Experiments/Advocate/advocate/analysis/analysis/analysis.go:63 +0x105
advocate/toolchain.runAnalyzer({0x22e1a6138180, 0x74}, {0x22e1a6138300?, 0x66?}, {0x22e1a6138280, 0x7a}, {0x22e1a6138400, 0x75}, 0x0, {0x22e1a61bec00, ...}, ...)
	/home/advocate/Advocate/Experiments/Advocate/advocate/toolchain/analyzer.go:78 +0x43b
advocate/toolchain.unitTestAnalyzer({0x22e1a637a0e0, 0x66}, {0x760f26?, 0x22e1a600a048?}, 0x0, {0x22e1a61bec00, 0x7e}, {0x22e1a80b1182, 0x13})
	/home/advocate/Advocate/Experiments/Advocate/advocate/toolchain/fullWorkflowUnit.go:619 +0x25c
advocate/toolchain.unitTestFullWorkflow({0x22e1a6088000?, 0x2c}, {0x7ffff78d010d, 0x4c}, 0x1, 0x1, 0x1, {0x22e1a80b1182, 0x13}, {0x22e1a8084d40, ...}, ...)
	/home/advocate/Advocate/Experiments/Advocate/advocate/toolchain/fullWorkflowUnit.go:479 +0x625
advocate/toolchain.runWorkflowUnit({0x7ffff78d010d, 0x4c}, 0x1, 0x1, 0x1, {0x22e1a6138a80, 0x7e}, 0x0, {0x0, 0x0}, ...)
	/home/advocate/Advocate/Experiments/Advocate/advocate/toolchain/fullWorkflowUnit.go:171 +0x1190
advocate/toolchain.Run({0x75dd74, 0x4}, {0x22e1a6138a80, 0x7e}, 0x1, 0x1, 0x1, 0x0, {0x0, 0x0}, ...)
	/home/advocate/Advocate/Experiments/Advocate/advocate/toolchain/toolchain.go:72 +0x389
advocate/fuzzing.runFuzzing({0x22e1a6138a80, 0x7e}, 0x0, 0x31, 0x1)
	/home/advocate/Advocate/Experiments/Advocate/advocate/fuzzing/fuzzing.go:217 +0x57b
advocate/fuzzing.Fuzzing()
	/home/advocate/Advocate/Experiments/Advocate/advocate/fuzzing/fuzzing.go:135 +0xea5
advocate/run.modeFuzzing()
	/home/advocate/Advocate/Experiments/Advocate/advocate/run/modes.go:34 +0x5e
advocate/run.Run()
	/home/advocate/Advocate/Experiments/Advocate/advocate/run/run.go:100 +0x5b5
main.main()
	/home/advocate/Advocate/Experiments/Advocate/advocate/main.go:28 +0x1c
2026/06/05 16:34:29 [31mNot enough RAM[0m
2026/06/05 16:34:29 goroutine 20 [running]:
advocate/utils/control.printAllGoroutines()
	/home/advocate/Advocate/Experiments/Advocate/advocate/utils/control/utils.go:20 +0x3d
advocate/utils/control.cancelRAM(0x77cd50, 0x77cd48, 0x77cd58)
	/home/advocate/Advocate/Experiments/Advocate/advocate/utils/control/memory.go:109 +0x6e
advocate/utils/control.Supervisor(0x77cd50, 0x77cd48, 0x77cd58)
	/home/advocate/Advocate/Experiments/Advocate/advocate/utils/control/memory.go:79 +0x12f
created by advocate/run.Run in goroutine 1
	/home/advocate/Advocate/Experiments/Advocate/advocate/run/run.go:63 +0x26f

goroutine 1 [runnable]:
advocate/analysis/hb/clock.(*VectorClock).GetValue(...)
	/home/advocate/Advocate/Experiments/Advocate/advocate/analysis/hb/clock/vc.go:97
advocate/analysis/hb/clock.happensBefore(0x22e1bdc2a8e0, 0x22e1b8c2f020)
	/home/advocate/Advocate/Experiments/Advocate/advocate/analysis/hb/clock/hb.go:27 +0x96
advocate/analysis/hb/clock.GetHappensBefore(0x22e1bdc2a8e0, 0x22e1b8c2f020)
	/home/advocate/Advocate/Experiments/Advocate/advocate/analysis/hb/clock/hb.go:74 +0x34
advocate/analysis/analysis/scenarios.buildResidualGraph({0x22e1bfb80000, 0x186a2, 0x22e1a601ab68?}, {0x22e1bfd4c000, 0x186a2, 0x1?})
	/home/advocate/Advocate/Experiments/Advocate/advocate/analysis/analysis/scenarios/graph.go:60 +0x49f
advocate/analysis/analysis/scenarios.CheckForUnlockBeforeLock()
	/home/advocate/Advocate/Experiments/Advocate/advocate/analysis/analysis/scenarios/unlockBeforeLock.go:75 +0x2b5
advocate/analysis/analysis.RunHBAnalysis(0x1)
	/home/advocate/Advocate/Experiments/Advocate/advocate/analysis/analysis/analysis.go:262 +0xc9b
advocate/analysis/analysis.RunAnalysis(0x1)
	/home/advocate/Advocate/Experiments/Advocate/advocate/analysis/analysis/analysis.go:63 +0x105
advocate/toolchain.runAnalyzer({0x22e1a6138180, 0x74}, {0x22e1a6138300?, 0x66?}, {0x22e1a6138280, 0x7a}, {0x22e1a6138400, 0x75}, 0x0, {0x22e1a61bec00, ...}, ...)
	/home/advocate/Advocate/Experiments/Advocate/advocate/toolchain/analyzer.go:78 +0x43b
advocate/toolchain.unitTestAnalyzer({0x22e1a637a0e0, 0x66}, {0x760f26?, 0x22e1a600a048?}, 0x0, {0x22e1a61bec00, 0x7e}, {0x22e1a80b1182, 0x13})
	/home/advocate/Advocate/Experiments/Advocate/advocate/toolchain/fullWorkflowUnit.go:619 +0x25c
advocate/toolchain.unitTestFullWorkflow({0x22e1a6088000?, 0x2c}, {0x7ffff78d010d, 0x4c}, 0x1, 0x1, 0x1, {0x22e1a80b1182, 0x13}, {0x22e1a8084d40, ...}, ...)
	/home/advocate/Advocate/Experiments/Advocate/advocate/toolchain/fullWorkflowUnit.go:479 +0x625
advocate/toolchain.runWorkflowUnit({0x7ffff78d010d, 0x4c}, 0x1, 0x1, 0x1, {0x22e1a6138a80, 0x7e}, 0x0, {0x0, 0x0}, ...)
	/home/advocate/Advocate/Experiments/Advocate/advocate/toolchain/fullWorkflowUnit.go:171 +0x1190
advocate/toolchain.Run({0x75dd74, 0x4}, {0x22e1a6138a80, 0x7e}, 0x1, 0x1, 0x1, 0x0, {0x0, 0x0}, ...)
	/home/advocate/Advocate/Experiments/Advocate/advocate/toolchain/toolchain.go:72 +0x389
advocate/fuzzing.runFuzzing({0x22e1a6138a80, 0x7e}, 0x0, 0x31, 0x1)
	/home/advocate/Advocate/Experiments/Advocate/advocate/fuzzing/fuzzing.go:217 +0x57b
advocate/fuzzing.Fuzzing()
	/home/advocate/Advocate/Experiments/Advocate/advocate/fuzzing/fuzzing.go:135 +0xea5
advocate/run.modeFuzzing()
	/home/advocate/Advocate/Experiments/Advocate/advocate/run/modes.go:34 +0x5e
advocate/run.Run()
	/home/advocate/Advocate/Experiments/Advocate/advocate/run/run.go:100 +0x5b5
main.main()
	/home/advocate/Advocate/Experiments/Advocate/advocate/main.go:28 +0x1c
2026/06/05 16:34:45 [31mNot enough RAM[0m
2026/06/05 16:34:45 goroutine 20 [running]:
advocate/utils/control.printAllGoroutines()
	/home/advocate/Advocate/Experiments/Advocate/advocate/utils/control/utils.go:20 +0x3d
advocate/utils/control.cancelRAM(0x77cd50, 0x77cd48, 0x77cd58)
	/home/advocate/Advocate/Experiments/Advocate/advocate/utils/control/memory.go:109 +0x6e
advocate/utils/control.Supervisor(0x77cd50, 0x77cd48, 0x77cd58)
	/home/advocate/Advocate/Experiments/Advocate/advocate/utils/control/memory.go:79 +0x12f
created by advocate/run.Run in goroutine 1
	/home/advocate/Advocate/Experiments/Advocate/advocate/run/run.go:63 +0x26f

goroutine 1 [runnable]:
advocate/analysis/hb/clock.(*VectorClock).GetValue(...)
	/home/advocate/Advocate/Experiments/Advocate/advocate/analysis/hb/clock/vc.go:97
advocate/analysis/hb/clock.happensBefore(0x22e1b38675d0, 0x22e1b8cee180)
	/home/advocate/Advocate/Experiments/Advocate/advocate/analysis/hb/clock/hb.go:29 +0x130
advocate/analysis/hb/clock.GetHappensBefore(0x22e1b38675d0, 0x22e1b8cee180)
	/home/advocate/Advocate/Experiments/Advocate/advocate/analysis/hb/clock/hb.go:74 +0x34
advocate/analysis/analysis/scenarios.buildResidualGraph({0x22e1bfb80000, 0x186a2, 0x22e1a601ab68?}, {0x22e1bfd4c000, 0x186a2, 0x1?})
	/home/advocate/Advocate/Experiments/Advocate/advocate/analysis/analysis/scenarios/graph.go:60 +0x49f
advocate/analysis/analysis/scenarios.CheckForUnlockBeforeLock()
	/home/advocate/Advocate/Experiments/Advocate/advocate/analysis/analysis/scenarios/unlockBeforeLock.go:75 +0x2b5
advocate/analysis/analysis.RunHBAnalysis(0x1)
	/home/advocate/Advocate/Experiments/Advocate/advocate/analysis/analysis/analysis.go:262 +0xc9b
advocate/analysis/analysis.RunAnalysis(0x1)
	/home/advocate/Advocate/Experiments/Advocate/advocate/analysis/analysis/analysis.go:63 +0x105
advocate/toolchain.runAnalyzer({0x22e1a6138180, 0x74}, {0x22e1a6138300?, 0x66?}, {0x22e1a6138280, 0x7a}, {0x22e1a6138400, 0x75}, 0x0, {0x22e1a61bec00, ...}, ...)
	/home/advocate/Advocate/Experiments/Advocate/advocate/toolchain/analyzer.go:78 +0x43b
advocate/toolchain.unitTestAnalyzer({0x22e1a637a0e0, 0x66}, {0x760f26?, 0x22e1a600a048?}, 0x0, {0x22e1a61bec00, 0x7e}, {0x22e1a80b1182, 0x13})
	/home/advocate/Advocate/Experiments/Advocate/advocate/toolchain/fullWorkflowUnit.go:619 +0x25c
advocate/toolchain.unitTestFullWorkflow({0x22e1a6088000?, 0x2c}, {0x7ffff78d010d, 0x4c}, 0x1, 0x1, 0x1, {0x22e1a80b1182, 0x13}, {0x22e1a8084d40, ...}, ...)
	/home/advocate/Advocate/Experiments/Advocate/advocate/toolchain/fullWorkflowUnit.go:479 +0x625
advocate/toolchain.runWorkflowUnit({0x7ffff78d010d, 0x4c}, 0x1, 0x1, 0x1, {0x22e1a6138a80, 0x7e}, 0x0, {0x0, 0x0}, ...)
	/home/advocate/Advocate/Experiments/Advocate/advocate/toolchain/fullWorkflowUnit.go:171 +0x1190
advocate/toolchain.Run({0x75dd74, 0x4}, {0x22e1a6138a80, 0x7e}, 0x1, 0x1, 0x1, 0x0, {0x0, 0x0}, ...)
	/home/advocate/Advocate/Experiments/Advocate/advocate/toolchain/toolchain.go:72 +0x389
advocate/fuzzing.runFuzzing({0x22e1a6138a80, 0x7e}, 0x0, 0x31, 0x1)
	/home/advocate/Advocate/Experiments/Advocate/advocate/fuzzing/fuzzing.go:217 +0x57b
advocate/fuzzing.Fuzzing()
	/home/advocate/Advocate/Experiments/Advocate/advocate/fuzzing/fuzzing.go:135 +0xea5
advocate/run.modeFuzzing()
	/home/advocate/Advocate/Experiments/Advocate/advocate/run/modes.go:34 +0x5e
advocate/run.Run()
	/home/advocate/Advocate/Experiments/Advocate/advocate/run/run.go:100 +0x5b5
main.main()
	/home/advocate/Advocate/Experiments/Advocate/advocate/main.go:28 +0x1c
2026/06/05 16:35:01 [31mNot enough RAM[0m
2026/06/05 16:35:01 goroutine 20 [running]:
advocate/utils/control.printAllGoroutines()
	/home/advocate/Advocate/Experiments/Advocate/advocate/utils/control/utils.go:20 +0x3d
advocate/utils/control.cancelRAM(0x77cd50, 0x77cd48, 0x77cd58)
	/home/advocate/Advocate/Experiments/Advocate/advocate/utils/control/memory.go:109 +0x6e
advocate/utils/control.Supervisor(0x77cd50, 0x77cd48, 0x77cd58)
	/home/advocate/Advocate/Experiments/Advocate/advocate/utils/control/memory.go:79 +0x12f
created by advocate/run.Run in goroutine 1
	/home/advocate/Advocate/Experiments/Advocate/advocate/run/run.go:63 +0x26f

goroutine 1 [runnable]:
advocate/analysis/hb/clock.(*VectorClock).GetValue(...)
	/home/advocate/Advocate/Experiments/Advocate/advocate/analysis/hb/clock/vc.go:97
advocate/analysis/hb/clock.happensBefore(0x22e1bdb389b0, 0x22e1b8d99350)
	/home/advocate/Advocate/Experiments/Advocate/advocate/analysis/hb/clock/hb.go:29 +0x130
advocate/analysis/hb/clock.GetHappensBefore(0x22e1bdb389b0, 0x22e1b8d99350)
	/home/advocate/Advocate/Experiments/Advocate/advocate/analysis/hb/clock/hb.go:74 +0x34
advocate/analysis/analysis/scenarios.buildResidualGraph({0x22e1bfb80000, 0x186a2, 0x22e1a601ab68?}, {0x22e1bfd4c000, 0x186a2, 0x1?})
	/home/advocate/Advocate/Experiments/Advocate/advocate/analysis/analysis/scenarios/graph.go:60 +0x49f
advocate/analysis/analysis/scenarios.CheckForUnlockBeforeLock()
	/home/advocate/Advocate/Experiments/Advocate/advocate/analysis/analysis/scenarios/unlockBeforeLock.go:75 +0x2b5
advocate/analysis/analysis.RunHBAnalysis(0x1)
	/home/advocate/Advocate/Experiments/Advocate/advocate/analysis/analysis/analysis.go:262 +0xc9b
advocate/analysis/analysis.RunAnalysis(0x1)
	/home/advocate/Advocate/Experiments/Advocate/advocate/analysis/analysis/analysis.go:63 +0x105
advocate/toolchain.runAnalyzer({0x22e1a6138180, 0x74}, {0x22e1a6138300?, 0x66?}, {0x22e1a6138280, 0x7a}, {0x22e1a6138400, 0x75}, 0x0, {0x22e1a61bec00, ...}, ...)
	/home/advocate/Advocate/Experiments/Advocate/advocate/toolchain/analyzer.go:78 +0x43b
advocate/toolchain.unitTestAnalyzer({0x22e1a637a0e0, 0x66}, {0x760f26?, 0x22e1a600a048?}, 0x0, {0x22e1a61bec00, 0x7e}, {0x22e1a80b1182, 0x13})
	/home/advocate/Advocate/Experiments/Advocate/advocate/toolchain/fullWorkflowUnit.go:619 +0x25c
advocate/toolchain.unitTestFullWorkflow({0x22e1a6088000?, 0x2c}, {0x7ffff78d010d, 0x4c}, 0x1, 0x1, 0x1, {0x22e1a80b1182, 0x13}, {0x22e1a8084d40, ...}, ...)
	/home/advocate/Advocate/Experiments/Advocate/advocate/toolchain/fullWorkflowUnit.go:479 +0x625
advocate/toolchain.runWorkflowUnit({0x7ffff78d010d, 0x4c}, 0x1, 0x1, 0x1, {0x22e1a6138a80, 0x7e}, 0x0, {0x0, 0x0}, ...)
	/home/advocate/Advocate/Experiments/Advocate/advocate/toolchain/fullWorkflowUnit.go:171 +0x1190
advocate/toolchain.Run({0x75dd74, 0x4}, {0x22e1a6138a80, 0x7e}, 0x1, 0x1, 0x1, 0x0, {0x0, 0x0}, ...)
	/home/advocate/Advocate/Experiments/Advocate/advocate/toolchain/toolchain.go:72 +0x389
advocate/fuzzing.runFuzzing({0x22e1a6138a80, 0x7e}, 0x0, 0x31, 0x1)
	/home/advocate/Advocate/Experiments/Advocate/advocate/fuzzing/fuzzing.go:217 +0x57b
advocate/fuzzing.Fuzzing()
	/home/advocate/Advocate/Experiments/Advocate/advocate/fuzzing/fuzzing.go:135 +0xea5
advocate/run.modeFuzzing()
	/home/advocate/Advocate/Experiments/Advocate/advocate/run/modes.go:34 +0x5e
advocate/run.Run()
	/home/advocate/Advocate/Experiments/Advocate/advocate/run/run.go:100 +0x5b5
main.main()
	/home/advocate/Advocate/Experiments/Advocate/advocate/main.go:28 +0x1c
2026/06/05 16:35:17 [31mNot enough RAM[0m
2026/06/05 16:35:17 goroutine 20 [running]:
advocate/utils/control.printAllGoroutines()
	/home/advocate/Advocate/Experiments/Advocate/advocate/utils/control/utils.go:20 +0x3d
advocate/utils/control.cancelRAM(0x77cd50, 0x77cd48, 0x77cd58)
	/home/advocate/Advocate/Experiments/Advocate/advocate/utils/control/memory.go:109 +0x6e
advocate/utils/control.Supervisor(0x77cd50, 0x77cd48, 0x77cd58)
	/home/advocate/Advocate/Experiments/Advocate/advocate/utils/control/memory.go:79 +0x12f
created by advocate/run.Run in goroutine 1
	/home/advocate/Advocate/Experiments/Advocate/advocate/run/run.go:63 +0x26f

goroutine 1 [runnable]:
advocate/analysis/hb/clock.(*VectorClock).GetValue(...)
	/home/advocate/Advocate/Experiments/Advocate/advocate/analysis/hb/clock/vc.go:97
advocate/analysis/hb/clock.happensBefore(0x22e1bf4b8f30, 0x22e1b8e5d140)
	/home/advocate/Advocate/Experiments/Advocate/advocate/analysis/hb/clock/hb.go:29 +0x130
advocate/analysis/hb/clock.GetHappensBefore(0x22e1bf4b8f30, 0x22e1b8e5d140)
	/home/advocate/Advocate/Experiments/Advocate/advocate/analysis/hb/clock/hb.go:74 +0x34
advocate/analysis/analysis/scenarios.buildResidualGraph({0x22e1bfb80000, 0x186a2, 0x22e1a601ab68?}, {0x22e1bfd4c000, 0x186a2, 0x1?})
	/home/advocate/Advocate/Experiments/Advocate/advocate/analysis/analysis/scenarios/graph.go:60 +0x49f
advocate/analysis/analysis/scenarios.CheckForUnlockBeforeLock()
	/home/advocate/Advocate/Experiments/Advocate/advocate/analysis/analysis/scenarios/unlockBeforeLock.go:75 +0x2b5
advocate/analysis/analysis.RunHBAnalysis(0x1)
	/home/advocate/Advocate/Experiments/Advocate/advocate/analysis/analysis/analysis.go:262 +0xc9b
advocate/analysis/analysis.RunAnalysis(0x1)
	/home/advocate/Advocate/Experiments/Advocate/advocate/analysis/analysis/analysis.go:63 +0x105
advocate/toolchain.runAnalyzer({0x22e1a6138180, 0x74}, {0x22e1a6138300?, 0x66?}, {0x22e1a6138280, 0x7a}, {0x22e1a6138400, 0x75}, 0x0, {0x22e1a61bec00, ...}, ...)
	/home/advocate/Advocate/Experiments/Advocate/advocate/toolchain/analyzer.go:78 +0x43b
advocate/toolchain.unitTestAnalyzer({0x22e1a637a0e0, 0x66}, {0x760f26?, 0x22e1a600a048?}, 0x0, {0x22e1a61bec00, 0x7e}, {0x22e1a80b1182, 0x13})
	/home/advocate/Advocate/Experiments/Advocate/advocate/toolchain/fullWorkflowUnit.go:619 +0x25c
advocate/toolchain.unitTestFullWorkflow({0x22e1a6088000?, 0x2c}, {0x7ffff78d010d, 0x4c}, 0x1, 0x1, 0x1, {0x22e1a80b1182, 0x13}, {0x22e1a8084d40, ...}, ...)
	/home/advocate/Advocate/Experiments/Advocate/advocate/toolchain/fullWorkflowUnit.go:479 +0x625
advocate/toolchain.runWorkflowUnit({0x7ffff78d010d, 0x4c}, 0x1, 0x1, 0x1, {0x22e1a6138a80, 0x7e}, 0x0, {0x0, 0x0}, ...)
	/home/advocate/Advocate/Experiments/Advocate/advocate/toolchain/fullWorkflowUnit.go:171 +0x1190
advocate/toolchain.Run({0x75dd74, 0x4}, {0x22e1a6138a80, 0x7e}, 0x1, 0x1, 0x1, 0x0, {0x0, 0x0}, ...)
	/home/advocate/Advocate/Experiments/Advocate/advocate/toolchain/toolchain.go:72 +0x389
advocate/fuzzing.runFuzzing({0x22e1a6138a80, 0x7e}, 0x0, 0x31, 0x1)
	/home/advocate/Advocate/Experiments/Advocate/advocate/fuzzing/fuzzing.go:217 +0x57b
advocate/fuzzing.Fuzzing()
	/home/advocate/Advocate/Experiments/Advocate/advocate/fuzzing/fuzzing.go:135 +0xea5
advocate/run.modeFuzzing()
	/home/advocate/Advocate/Experiments/Advocate/advocate/run/modes.go:34 +0x5e
advocate/run.Run()
	/home/advocate/Advocate/Experiments/Advocate/advocate/run/run.go:100 +0x5b5
main.main()
	/home/advocate/Advocate/Experiments/Advocate/advocate/main.go:28 +0x1c
2026/06/05 16:35:34 [31mNot enough RAM[0m
2026/06/05 16:35:34 goroutine 20 [running]:
advocate/utils/control.printAllGoroutines()
	/home/advocate/Advocate/Experiments/Advocate/advocate/utils/control/utils.go:20 +0x3d
advocate/utils/control.cancelRAM(0x77cd50, 0x77cd48, 0x77cd58)
	/home/advocate/Advocate/Experiments/Advocate/advocate/utils/control/memory.go:109 +0x6e
advocate/utils/control.Supervisor(0x77cd50, 0x77cd48, 0x77cd58)
	/home/advocate/Advocate/Experiments/Advocate/advocate/utils/control/memory.go:79 +0x12f
created by advocate/run.Run in goroutine 1
	/home/advocate/Advocate/Experiments/Advocate/advocate/run/run.go:63 +0x26f

goroutine 1 [runnable]:
advocate/analysis/hb/clock.(*VectorClock).GetValue(...)
	/home/advocate/Advocate/Experiments/Advocate/advocate/analysis/hb/clock/vc.go:97
advocate/analysis/hb/clock.happensBefore(0x22e1b4349440, 0x22e1b8f32d60)
	/home/advocate/Advocate/Experiments/Advocate/advocate/analysis/hb/clock/hb.go:27 +0x96
advocate/analysis/hb/clock.GetHappensBefore(0x22e1b4349440, 0x22e1b8f32d60)
	/home/advocate/Advocate/Experiments/Advocate/advocate/analysis/hb/clock/hb.go:74 +0x34
advocate/analysis/analysis/scenarios.buildResidualGraph({0x22e1bfb80000, 0x186a2, 0x22e1a601ab68?}, {0x22e1bfd4c000, 0x186a2, 0x1?})
	/home/advocate/Advocate/Experiments/Advocate/advocate/analysis/analysis/scenarios/graph.go:60 +0x49f
advocate/analysis/analysis/scenarios.CheckForUnlockBeforeLock()
	/home/advocate/Advocate/Experiments/Advocate/advocate/analysis/analysis/scenarios/unlockBeforeLock.go:75 +0x2b5
advocate/analysis/analysis.RunHBAnalysis(0x1)
	/home/advocate/Advocate/Experiments/Advocate/advocate/analysis/analysis/analysis.go:262 +0xc9b
advocate/analysis/analysis.RunAnalysis(0x1)
	/home/advocate/Advocate/Experiments/Advocate/advocate/analysis/analysis/analysis.go:63 +0x105
advocate/toolchain.runAnalyzer({0x22e1a6138180, 0x74}, {0x22e1a6138300?, 0x66?}, {0x22e1a6138280, 0x7a}, {0x22e1a6138400, 0x75}, 0x0, {0x22e1a61bec00, ...}, ...)
	/home/advocate/Advocate/Experiments/Advocate/advocate/toolchain/analyzer.go:78 +0x43b
advocate/toolchain.unitTestAnalyzer({0x22e1a637a0e0, 0x66}, {0x760f26?, 0x22e1a600a048?}, 0x0, {0x22e1a61bec00, 0x7e}, {0x22e1a80b1182, 0x13})
	/home/advocate/Advocate/Experiments/Advocate/advocate/toolchain/fullWorkflowUnit.go:619 +0x25c
advocate/toolchain.unitTestFullWorkflow({0x22e1a6088000?, 0x2c}, {0x7ffff78d010d, 0x4c}, 0x1, 0x1, 0x1, {0x22e1a80b1182, 0x13}, {0x22e1a8084d40, ...}, ...)
	/home/advocate/Advocate/Experiments/Advocate/advocate/toolchain/fullWorkflowUnit.go:479 +0x625
advocate/toolchain.runWorkflowUnit({0x7ffff78d010d, 0x4c}, 0x1, 0x1, 0x1, {0x22e1a6138a80, 0x7e}, 0x0, {0x0, 0x0}, ...)
	/home/advocate/Advocate/Experiments/Advocate/advocate/toolchain/fullWorkflowUnit.go:171 +0x1190
advocate/toolchain.Run({0x75dd74, 0x4}, {0x22e1a6138a80, 0x7e}, 0x1, 0x1, 0x1, 0x0, {0x0, 0x0}, ...)
	/home/advocate/Advocate/Experiments/Advocate/advocate/toolchain/toolchain.go:72 +0x389
advocate/fuzzing.runFuzzing({0x22e1a6138a80, 0x7e}, 0x0, 0x31, 0x1)
	/home/advocate/Advocate/Experiments/Advocate/advocate/fuzzing/fuzzing.go:217 +0x57b
advocate/fuzzing.Fuzzing()
	/home/advocate/Advocate/Experiments/Advocate/advocate/fuzzing/fuzzing.go:135 +0xea5
advocate/run.modeFuzzing()
	/home/advocate/Advocate/Experiments/Advocate/advocate/run/modes.go:34 +0x5e
advocate/run.Run()
	/home/advocate/Advocate/Experiments/Advocate/advocate/run/run.go:100 +0x5b5
main.main()
	/home/advocate/Advocate/Experiments/Advocate/advocate/main.go:28 +0x1c
